split,pair_id,candidate_class,pred_class,correct,active_units_count,top_units,top_values
train,v5bpair_00000,suelo_urbano,suelo_urbano,True,122,"568,3,26,899,4,411,350,288,379,140,5,375","0.579369,0.552085,0.528016,0.523801,0.503936,0.447698,0.435531,0.424782,0.418298,0.414911,0.405107,0.401368"
train,v5bpair_00001,vegetacion_densa,vegetacion_densa,True,122,"269,519,981,961,879,279,270,477,275,822,219,674","0.281131,0.268369,0.262030,0.257718,0.234689,0.222791,0.217142,0.214156,0.210348,0.206910,0.206483,0.204370"
train,v5bpair_00002,contaminacion_alta_SO2,contaminacion_alta_SO2,True,122,"711,1,476,692,758,1019,422,191,386,432,510,49","0.321720,0.312698,0.270380,0.257433,0.242355,0.234107,0.228245,0.222424,0.222033,0.220710,0.217873,0.214063"
train,v5bpair_00003,contaminacion_alta_SO2,contaminacion_alta_SO2,True,122,"998,49,904,496,945,721,903,1003,772,437,593,248","0.358043,0.344344,0.334002,0.254524,0.247430,0.235531,0.234686,0.231957,0.230351,0.229565,0.226836,0.224233"
train,v5bpair_00006,suelo_urbano,suelo_urbano,True,122,"350,4,541,5,3,745,669,899,562,317,703,411","0.337683,0.295815,0.266034,0.260103,0.256760,0.255621,0.225952,0.220480,0.219037,0.216848,0.215728,0.212912"
train,v5bpair_00007,ozono_anomalo,ozono_anomalo,True,122,"251,218,836,323,350,541,377,745,262,926,270,477","0.332408,0.306394,0.278885,0.277195,0.248235,0.236462,0.215660,0.213068,0.212995,0.205549,0.204170,0.202794"
train,v5bpair_00010,ozono_anomalo,ozono_anomalo,True,122,"541,606,182,669,270,5,388,652,1014,293,1000,402","0.341875,0.319519,0.298223,0.293009,0.267780,0.258517,0.249830,0.246705,0.231987,0.225418,0.224450,0.221252"
train,v5bpair_00012,ozono_anomalo,ozono_anomalo,True,122,"1,323,519,270,432,660,691,218,566,762,531,222","0.349529,0.304195,0.296226,0.292080,0.272552,0.247305,0.246934,0.227595,0.225444,0.223354,0.219003,0.214232"
train,v5bpair_00013,vegetacion_densa,vegetacion_densa,True,122,"524,721,897,275,848,346,952,269,98,606,463,660","0.258620,0.253327,0.252061,0.239316,0.227489,0.224667,0.222798,0.217565,0.212902,0.202501,0.199442,0.198566"
train,v5bpair_00014,contaminacion_alta_NO2,contaminacion_alta_NO2,True,122,"127,699,201,80,198,367,285,903,603,612,541,974","0.249552,0.230955,0.216975,0.209713,0.202686,0.194733,0.190648,0.187743,0.183504,0.180355,0.179364,0.174822"
train,v5bpair_00015,vegetacion_densa,vegetacion_densa,True,122,"674,961,127,568,998,524,374,229,375,915,275,612","0.340179,0.315024,0.306443,0.301437,0.263081,0.254364,0.250226,0.240767,0.235090,0.224564,0.221864,0.219037"
train,v5bpair_00017,ozono_anomalo,ozono_anomalo,True,122,"669,566,660,605,29,269,830,624,546,182,980,905","0.276371,0.275496,0.269584,0.247346,0.228371,0.227521,0.222460,0.214706,0.210606,0.209619,0.208861,0.207910"
train,v5bpair_00018,contaminacion_alta_SO2,contaminacion_alta_SO2,True,122,"711,1,692,661,603,758,809,1019,566,757,422,909","0.349743,0.281590,0.239621,0.224327,0.221677,0.214743,0.214546,0.198003,0.181085,0.177912,0.177462,0.174910"
train,v5bpair_00019,contaminacion_alta_NO2,contaminacion_alta_NO2,True,122,"262,350,442,367,834,576,228,618,745,571,1006,929","0.202875,0.202049,0.197602,0.196485,0.190093,0.184290,0.177054,0.175008,0.173626,0.169081,0.160088,0.159738"
train,v5bpair_00020,suelo_urbano,suelo_urbano,True,122,"568,899,4,379,3,397,26,861,350,5,652,288","0.623593,0.520875,0.430025,0.419435,0.411466,0.402386,0.400446,0.397320,0.393920,0.388736,0.386672,0.381552"
train,v5bpair_00021,suelo_urbano,suelo_urbano,True,122,"568,288,379,3,899,652,928,26,956,4,140,397","0.744737,0.615872,0.598338,0.555316,0.551750,0.545741,0.536342,0.507323,0.500613,0.460608,0.460050,0.444040"
train,v5bpair_00022,suelo_urbano,suelo_urbano,True,122,"928,3,288,568,652,26,379,5,899,442,350,913","0.879843,0.871814,0.853933,0.827444,0.761915,0.742529,0.732099,0.629778,0.624185,0.613916,0.606995,0.604552"
train,v5bpair_00023,vegetacion_densa,vegetacion_densa,True,122,"524,275,346,952,269,612,747,721,432,463,583,204","0.272206,0.264573,0.244071,0.236402,0.217596,0.212152,0.196153,0.194565,0.188742,0.185943,0.181441,0.175112"
train,v5bpair_00025,contaminacion_alta_SO2,contaminacion_alta_SO2,True,122,"49,709,485,600,904,989,971,998,837,711,580,936","0.248527,0.246330,0.236178,0.205288,0.194562,0.177903,0.174235,0.171270,0.170955,0.167844,0.166529,0.166141"
train,v5bpair_00026,vegetacion_densa,vegetacion_densa,True,122,"269,674,204,961,275,524,291,229,566,605,270,88","0.403923,0.343634,0.335580,0.332850,0.324835,0.313894,0.311736,0.304584,0.295863,0.286297,0.277337,0.269001"
train,v5bpair_00027,vegetacion_densa,vegetacion_densa,True,122,"275,612,674,374,488,296,961,194,706,837,441,524","0.280950,0.276683,0.243287,0.239159,0.226639,0.222812,0.209142,0.208224,0.207534,0.206140,0.205348,0.202035"
train,v5bpair_00028,vegetacion_densa,vegetacion_densa,True,122,"568,524,275,127,674,583,229,976,1008,269,961,612","0.349271,0.327685,0.299959,0.299915,0.284005,0.278141,0.262248,0.258865,0.251710,0.249410,0.242232,0.235443"
train,v5bpair_00030,suelo_urbano,suelo_urbano,True,122,"568,288,928,3,379,652,26,899,5,956,53,442","0.756001,0.671278,0.667298,0.658830,0.658615,0.638953,0.561849,0.556234,0.517191,0.497125,0.496811,0.483118"
train,v5bpair_00031,ozono_anomalo,ozono_anomalo,True,122,"1,98,669,323,660,213,864,151,36,906,408,827","0.215197,0.211624,0.192090,0.181519,0.179609,0.171682,0.165477,0.161672,0.159695,0.157911,0.155362,0.153528"
train,v5bpair_00032,vegetacion_densa,vegetacion_densa,True,122,"674,568,605,612,275,837,524,915,441,335,650,355","0.350404,0.314176,0.313778,0.303129,0.295824,0.293663,0.281332,0.276267,0.265274,0.261075,0.249195,0.241486"
train,v5bpair_00034,contaminacion_alta_NO2,contaminacion_alta_NO2,True,122,"127,4,819,112,175,729,603,745,686,485,442,830","0.205934,0.202898,0.186103,0.184246,0.173776,0.161959,0.160633,0.154443,0.152457,0.152235,0.150125,0.148107"
train,v5bpair_00035,contaminacion_alta_SO2,contaminacion_alta_SO2,True,122,"904,998,903,711,49,837,635,259,386,432,709,721","0.298805,0.260448,0.250533,0.231100,0.229264,0.217773,0.217418,0.217143,0.202780,0.201114,0.191834,0.189574"
train,v5bpair_00038,suelo_urbano,suelo_urbano,True,122,"350,442,703,265,541,156,5,700,345,899,409,816","0.222624,0.220347,0.217044,0.215497,0.196882,0.192296,0.181522,0.156920,0.149808,0.145791,0.144527,0.140595"
train,v5bpair_00039,contaminacion_alta_NO2,contaminacion_alta_NO2,True,122,"4,538,745,669,845,127,53,106,541,883,377,327","0.251231,0.233509,0.229608,0.211808,0.210084,0.208428,0.203024,0.202281,0.189481,0.187887,0.178122,0.164079"
train,v5bpair_00040,vegetacion_densa,vegetacion_densa,True,122,"961,269,275,612,238,551,204,805,996,981,219,524","0.338912,0.334064,0.296711,0.250651,0.247916,0.243859,0.225151,0.221046,0.218814,0.218393,0.211013,0.205367"
train,v5bpair_00041,contaminacion_alta_SO2,contaminacion_alta_SO2,True,122,"49,709,580,841,711,510,485,386,945,489,457,848","0.369000,0.287127,0.243908,0.241761,0.233189,0.228479,0.208114,0.203744,0.203279,0.199254,0.196128,0.195486"
train,v5bpair_00042,vegetacion_densa,vegetacion_densa,True,122,"660,204,981,524,127,275,70,519,674,879,374,463","0.253973,0.249134,0.246166,0.231091,0.216814,0.215606,0.210891,0.205432,0.201692,0.196360,0.190429,0.186645"
train,v5bpair_00044,suelo_urbano,suelo_urbano,True,122,"652,265,317,350,713,3,5,582,8,343,442,988","0.294566,0.268965,0.264636,0.247682,0.242778,0.240502,0.237233,0.222289,0.213467,0.206028,0.206026,0.203206"
train,v5bpair_00045,contaminacion_alta_SO2,contaminacion_alta_SO2,True,122,"711,386,600,903,635,148,692,269,605,535,998,763","0.235083,0.220921,0.216646,0.201164,0.200923,0.189804,0.181256,0.179148,0.169312,0.161569,0.161363,0.157132"
train,v5bpair_00046,contaminacion_alta_SO2,contaminacion_alta_SO2,True,122,"692,711,1019,63,1,791,269,321,904,472,386,10","0.279045,0.239090,0.206236,0.199919,0.199915,0.190937,0.187366,0.185786,0.183117,0.181188,0.179209,0.176146"
train,v5bpair_00047,contaminacion_alta_SO2,contaminacion_alta_SO2,True,122,"49,904,709,998,903,510,837,476,945,167,580,496","0.367889,0.323088,0.285682,0.255471,0.253501,0.250145,0.248798,0.238272,0.236904,0.227129,0.221135,0.210130"
train,v5bpair_00048,ozono_anomalo,ozono_anomalo,True,122,"1,606,541,711,692,265,455,519,669,946,960,465","0.313947,0.307333,0.282548,0.266229,0.259769,0.258854,0.254052,0.248915,0.242981,0.216140,0.212807,0.205563"
train,v5bpair_00051,contaminacion_alta_SO2,ozono_anomalo,False,122,"1,29,566,1019,809,692,833,269,432,909,830,605","0.382572,0.360428,0.358008,0.323082,0.297757,0.297636,0.295659,0.274953,0.266360,0.253863,0.248567,0.247846"
train,v5bpair_00052,suelo_urbano,suelo_urbano,True,122,"568,288,928,652,899,379,3,26,956,524,5,397","0.771744,0.680181,0.621170,0.573613,0.566152,0.565351,0.562649,0.558694,0.551192,0.518139,0.492356,0.473409"
train,v5bpair_00053,vegetacion_densa,vegetacion_densa,True,122,"269,291,568,655,583,650,238,375,277,898,355,229","0.358771,0.346950,0.326880,0.300331,0.299146,0.298575,0.289653,0.269278,0.259482,0.256436,0.255457,0.249362"
train,v5bpair_00054,contaminacion_alta_SO2,contaminacion_alta_SO2,True,122,"711,603,485,127,1006,976,112,269,415,321,830,238","0.254510,0.207390,0.191777,0.180717,0.179718,0.176827,0.171294,0.171261,0.170566,0.161634,0.149381,0.148528"
train,v5bpair_00057,contaminacion_alta_SO2,contaminacion_alta_SO2,True,122,"566,1019,1,692,422,841,605,860,445,432,386,791","0.426393,0.405997,0.380560,0.339357,0.338839,0.278111,0.277717,0.277579,0.256003,0.253741,0.240608,0.222135"
train,v5bpair_00059,suelo_urbano,suelo_urbano,True,122,"568,3,5,928,652,288,747,379,442,524,956,913","0.454839,0.439674,0.423586,0.413405,0.392031,0.383545,0.383447,0.380370,0.362784,0.359981,0.347859,0.345172"
train,v5bpair_00063,contaminacion_alta_NO2,contaminacion_alta_NO2,True,122,"367,262,630,220,591,152,350,745,836,323,530,618","0.278341,0.270556,0.250458,0.232935,0.228163,0.224469,0.224083,0.211827,0.203370,0.198343,0.183154,0.181180"
train,v5bpair_00064,ozono_anomalo,contaminacion_alta_SO2,False,122,"711,1019,566,809,692,1,582,432,422,106,588,603","0.363877,0.274886,0.262098,0.246040,0.238837,0.236038,0.216315,0.210770,0.198863,0.191585,0.187844,0.186632"
train,v5bpair_00066,contaminacion_alta_SO2,contaminacion_alta_SO2,True,122,"238,635,786,709,600,574,429,711,659,205,480,704","0.282783,0.263321,0.257055,0.253489,0.242821,0.242771,0.237175,0.230770,0.222551,0.213146,0.212319,0.209079"
train,v5bpair_00067,suelo_urbano,suelo_urbano,True,122,"568,288,899,26,3,4,928,652,956,140,442,5","0.847501,0.666502,0.664446,0.610903,0.596220,0.590622,0.575251,0.555963,0.537651,0.521658,0.521567,0.518801"
train,v5bpair_00069,contaminacion_alta_NO2,contaminacion_alta_NO2,True,122,"367,712,622,251,541,262,896,106,868,220,377,591","0.259903,0.225139,0.216920,0.212938,0.211632,0.204791,0.196553,0.191500,0.186166,0.185101,0.184585,0.180121"
train,v5bpair_00071,ozono_anomalo,ozono_anomalo,True,122,"46,432,218,390,151,624,270,974,615,566,706,251","0.252495,0.249389,0.240240,0.206555,0.197423,0.196371,0.194879,0.191263,0.191041,0.184624,0.183482,0.179244"
train,v5bpair_00073,contaminacion_alta_NO2,contaminacion_alta_NO2,True,122,"80,201,1017,904,959,127,654,277,903,541,515,870","0.191388,0.190137,0.189300,0.182004,0.170677,0.163994,0.158558,0.152157,0.149869,0.146416,0.144420,0.144189"
train,v5bpair_00074,ozono_anomalo,ozono_anomalo,True,122,"43,974,46,1000,566,432,706,593,151,546,296,170","0.316183,0.300200,0.276841,0.261205,0.248301,0.235582,0.232633,0.221988,0.219035,0.215033,0.210559,0.209368"
train,v5bpair_00075,vegetacion_densa,vegetacion_densa,True,122,"269,612,674,524,275,961,568,88,583,655,650,605","0.441141,0.430869,0.429008,0.409202,0.400066,0.397394,0.393266,0.371519,0.358915,0.356917,0.348896,0.342731"
train,v5bpair_00076,ozono_anomalo,ozono_anomalo,True,122,"432,251,974,390,46,218,566,541,477,201,624,415","0.271766,0.252186,0.251461,0.248249,0.243039,0.208010,0.195118,0.190013,0.189402,0.186987,0.181275,0.178722"
train,v5bpair_00078,contaminacion_alta_SO2,contaminacion_alta_SO2,True,122,"530,998,485,321,780,758,191,1,709,213,513,248","0.289965,0.267275,0.236211,0.232755,0.216670,0.206550,0.206455,0.192867,0.191073,0.189260,0.187865,0.186936"
train,v5bpair_00079,suelo_urbano,suelo_urbano,True,122,"442,350,669,5,156,899,317,262,265,3,618,787","0.353405,0.329191,0.275913,0.261807,0.245517,0.243840,0.237123,0.235012,0.228324,0.224288,0.219121,0.218389"
train,v5bpair_00080,suelo_urbano,suelo_urbano,True,122,"928,3,652,568,379,288,5,53,442,317,956,913","0.741520,0.693780,0.651500,0.648998,0.607099,0.604373,0.543337,0.517776,0.504840,0.501485,0.499436,0.480881"
train,v5bpair_00081,contaminacion_alta_NO2,contaminacion_alta_NO2,True,122,"998,530,417,591,485,618,359,593,544,1012,973,335","0.218318,0.212894,0.204011,0.184904,0.184780,0.172620,0.172320,0.165541,0.154598,0.143873,0.142168,0.141951"
train,v5bpair_00082,contaminacion_alta_NO2,contaminacion_alta_NO2,True,122,"367,834,630,883,220,868,1012,708,819,323,591,602","0.265330,0.200980,0.197352,0.194762,0.187848,0.187826,0.186427,0.185461,0.185421,0.178270,0.177622,0.174688"
train,v5bpair_00083,ozono_anomalo,ozono_anomalo,True,122,"606,669,182,660,323,388,804,49,270,5,1014,580","0.335368,0.320322,0.319068,0.277918,0.260954,0.257313,0.222806,0.218807,0.218083,0.214594,0.208785,0.205009"
train,v5bpair_00085,contaminacion_alta_NO2,contaminacion_alta_NO2,True,122,"4,350,220,262,1012,618,787,819,782,317,745,367","0.236472,0.234823,0.211467,0.203162,0.200555,0.196020,0.180744,0.169322,0.167949,0.167134,0.162682,0.160580"
train,v5bpair_00087,suelo_urbano,suelo_urbano,True,122,"350,568,692,652,711,883,223,196,803,606,61,5","0.225748,0.215645,0.211066,0.209832,0.206624,0.203905,0.191526,0.189425,0.183441,0.181600,0.177242,0.174479"
train,v5bpair_00088,ozono_anomalo,ozono_anomalo,True,122,"1,251,841,606,745,909,287,692,757,182,660,379","0.355409,0.274898,0.272899,0.257418,0.239487,0.233488,0.228929,0.223154,0.222970,0.222806,0.219766,0.214167"
train,v5bpair_00089,suelo_urbano,suelo_urbano,True,122,"3,568,652,928,26,288,379,5,442,899,140,350","0.695695,0.672525,0.629362,0.627450,0.588882,0.574657,0.558958,0.500579,0.479519,0.466791,0.462799,0.457632"
train,v5bpair_00090,suelo_urbano,suelo_urbano,True,122,"3,568,288,652,899,379,5,26,928,397,747,861","0.598022,0.559840,0.508551,0.507926,0.497867,0.496159,0.487401,0.465525,0.456761,0.414296,0.409849,0.404754"
train,v5bpair_00091,contaminacion_alta_NO2,contaminacion_alta_NO2,True,122,"262,350,367,618,787,815,4,819,836,745,968,220","0.282672,0.263870,0.256118,0.238306,0.202318,0.200337,0.199561,0.199046,0.196385,0.191902,0.190302,0.187836"
train,v5bpair_00092,contaminacion_alta_NO2,contaminacion_alta_NO2,True,122,"819,591,189,262,926,228,787,630,275,834,190,618","0.193906,0.189669,0.177748,0.166269,0.159292,0.147453,0.145813,0.145400,0.144517,0.143465,0.143126,0.139720"
train,v5bpair_00093,vegetacion_densa,vegetacion_densa,True,122,"961,204,127,367,612,708,613,269,524,583,229,134","0.277945,0.259983,0.231007,0.229792,0.222259,0.217593,0.204766,0.202832,0.188998,0.179017,0.178385,0.177689"
train,v5bpair_00094,suelo_urbano,suelo_urbano,True,122,"568,288,928,3,899,26,652,5,956,379,442,397","0.714024,0.630556,0.589540,0.583871,0.553646,0.540442,0.539777,0.527249,0.508421,0.491541,0.464317,0.463898"
train,v5bpair_00095,contaminacion_alta_SO2,contaminacion_alta_SO2,True,122,"49,904,711,709,485,61,837,786,75,989,998,457","0.336242,0.261337,0.251002,0.237558,0.230893,0.205530,0.203646,0.195536,0.181194,0.180377,0.177525,0.168316"
train,v5bpair_00097,contaminacion_alta_NO2,contaminacion_alta_NO2,True,122,"262,618,350,630,787,819,591,836,834,367,577,651","0.343361,0.301944,0.291445,0.261213,0.237548,0.230948,0.213602,0.208397,0.205192,0.202739,0.186931,0.186830"
train,v5bpair_00099,contaminacion_alta_SO2,contaminacion_alta_SO2,True,122,"711,635,600,61,147,758,709,903,101,480,843,432","0.210909,0.210302,0.209405,0.196420,0.196371,0.189213,0.186917,0.185281,0.179352,0.176099,0.174406,0.169646"
train,v5bpair_00101,ozono_anomalo,ozono_anomalo,True,122,"269,830,204,974,692,531,541,432,566,747,415,270","0.255476,0.252695,0.250846,0.240501,0.227215,0.215839,0.211238,0.210721,0.210071,0.209578,0.205562,0.204720"
train,v5bpair_00102,suelo_urbano,suelo_urbano,True,122,"568,288,3,928,652,26,379,899,5,524,53,210","0.653880,0.632286,0.628049,0.627370,0.604347,0.597293,0.570494,0.507588,0.483257,0.477334,0.475877,0.460324"
train,v5bpair_00104,contaminacion_alta_SO2,contaminacion_alta_SO2,True,122,"480,786,635,600,837,332,830,709,485,61,291,711","0.215234,0.210019,0.204824,0.203911,0.201904,0.191980,0.190259,0.188222,0.182849,0.175953,0.166729,0.161892"
train,v5bpair_00105,contaminacion_alta_NO2,contaminacion_alta_NO2,True,122,"262,618,630,819,651,1012,350,417,591,787,4,713","0.226908,0.221030,0.215470,0.204841,0.197810,0.195466,0.194250,0.172394,0.169238,0.166158,0.159273,0.159183"
train,v5bpair_00108,contaminacion_alta_NO2,contaminacion_alta_NO2,True,122,"4,745,175,541,127,686,603,112,415,220,685,819","0.284475,0.278862,0.257413,0.251793,0.242314,0.238570,0.236382,0.213755,0.206803,0.200357,0.194886,0.192835"
train,v5bpair_00109,ozono_anomalo,ozono_anomalo,True,122,"660,669,182,1,692,98,251,974,388,990,1019,377","0.327957,0.297946,0.263063,0.262440,0.256143,0.241639,0.225995,0.215868,0.213660,0.212327,0.210711,0.205627"
train,v5bpair_00110,contaminacion_alta_SO2,contaminacion_alta_SO2,True,122,"711,49,61,332,75,248,837,709,457,600,758,635","0.337757,0.293561,0.287781,0.275172,0.245790,0.241085,0.224752,0.213236,0.211666,0.204586,0.203726,0.203713"
train,v5bpair_00112,ozono_anomalo,ozono_anomalo,True,122,"1,692,201,432,422,531,270,251,865,909,258,711","0.293556,0.250305,0.237298,0.200664,0.198132,0.196787,0.190597,0.190414,0.188953,0.185470,0.179672,0.176092"
train,v5bpair_00113,contaminacion_alta_NO2,contaminacion_alta_NO2,True,122,"367,591,262,158,819,576,630,417,429,220,787,156","0.253446,0.246334,0.243610,0.240013,0.232092,0.211272,0.203003,0.196618,0.194145,0.187017,0.177889,0.174930"
train,v5bpair_00114,contaminacion_alta_NO2,contaminacion_alta_NO2,True,122,"262,618,350,998,651,113,834,630,591,705,950,787","0.188952,0.181083,0.167486,0.160835,0.160088,0.156076,0.154238,0.141058,0.138201,0.137566,0.137132,0.132383"
train,v5bpair_00115,contaminacion_alta_SO2,contaminacion_alta_SO2,True,122,"791,534,532,600,709,837,61,786,332,711,650,904","0.243746,0.215046,0.212953,0.209183,0.205181,0.197772,0.189826,0.183628,0.177880,0.173793,0.173138,0.163836"
train,v5bpair_00117,contaminacion_alta_NO2,contaminacion_alta_NO2,True,122,"262,220,156,819,564,815,618,367,745,868,703,350","0.266684,0.243803,0.231943,0.225652,0.206140,0.202611,0.201092,0.200640,0.194106,0.191980,0.185187,0.173103"
train,v5bpair_00119,suelo_urbano,suelo_urbano,True,122,"568,899,713,4,861,982,657,1002,1012,956,442,350","0.464694,0.424431,0.381505,0.369522,0.322387,0.313587,0.312585,0.311187,0.310593,0.300972,0.293031,0.283503"
train,v5bpair_00120,suelo_urbano,suelo_urbano,True,122,"3,562,541,4,350,552,442,928,140,969,568,773","0.329874,0.275446,0.249438,0.246947,0.242428,0.232919,0.231866,0.220085,0.219744,0.218866,0.217709,0.213490"
train,v5bpair_00121,vegetacion_densa,vegetacion_densa,True,122,"76,691,517,848,650,255,706,46,905,612,624,896","0.306125,0.276720,0.271316,0.237524,0.230891,0.224901,0.224282,0.221382,0.220894,0.216522,0.204634,0.196260"
train,v5bpair_00122,vegetacion_densa,vegetacion_densa,True,122,"269,524,270,346,204,275,961,612,1,432,681,605","0.251072,0.222839,0.222784,0.222319,0.220912,0.216556,0.211016,0.207342,0.187753,0.186491,0.179465,0.179005"
train,v5bpair_00123,contaminacion_alta_SO2,contaminacion_alta_SO2,True,122,"711,758,1,998,603,909,422,757,692,588,841,111","0.281792,0.252361,0.245726,0.236493,0.229878,0.228045,0.212898,0.208223,0.207997,0.205781,0.202784,0.202188"
train,v5bpair_00124,contaminacion_alta_NO2,contaminacion_alta_NO2,True,122,"883,118,1006,745,442,106,618,603,926,112,703,600","0.274160,0.244000,0.235074,0.231334,0.220924,0.207816,0.185986,0.184660,0.175431,0.174146,0.173074,0.171802"
train,v5bpair_00126,vegetacion_densa,vegetacion_densa,True,122,"568,275,269,674,524,355,915,219,898,981,194,204","0.351186,0.331984,0.309855,0.299503,0.287380,0.286984,0.284686,0.279920,0.279220,0.268883,0.263776,0.241833"
train,v5bpair_00129,contaminacion_alta_SO2,contaminacion_alta_SO2,True,122,"485,998,321,530,191,758,359,780,772,833,513,220","0.222485,0.211320,0.211287,0.209350,0.188805,0.188746,0.173451,0.172210,0.170621,0.157041,0.156788,0.155661"
train,v5bpair_00130,vegetacion_densa,vegetacion_densa,True,122,"269,275,612,650,524,830,904,566,837,88,1021,291","0.274239,0.265395,0.233839,0.229216,0.223872,0.217480,0.216101,0.204176,0.201075,0.198443,0.191462,0.189098"
train,v5bpair_00131,contaminacion_alta_NO2,contaminacion_alta_SO2,False,122,"600,332,998,545,220,118,1006,758,367,1009,659,158","0.293015,0.260735,0.229804,0.229649,0.216278,0.209136,0.206578,0.203769,0.200705,0.195396,0.187865,0.186308"
train,v5bpair_00133,vegetacion_densa,vegetacion_densa,True,122,"976,269,961,127,229,877,654,612,529,643,534,204","0.220781,0.215977,0.213906,0.211710,0.208812,0.200438,0.197919,0.195161,0.184827,0.179511,0.178275,0.177544"
train,v5bpair_00134,contaminacion_alta_SO2,contaminacion_alta_SO2,True,122,"998,692,903,848,14,386,1,259,320,711,705,846","0.261052,0.230271,0.199034,0.195357,0.190197,0.185071,0.184204,0.178619,0.169510,0.166748,0.163098,0.160568"
train,v5bpair_00135,contaminacion_alta_NO2,contaminacion_alta_NO2,True,122,"127,541,974,763,106,80,223,836,1006,603,280,429","0.210600,0.206225,0.198961,0.194957,0.182242,0.177412,0.176879,0.176766,0.169663,0.165043,0.162016,0.161734"
train,v5bpair_00136,contaminacion_alta_SO2,contaminacion_alta_SO2,True,122,"49,904,848,945,998,711,791,770,432,167,692,837","0.308171,0.258019,0.230393,0.211449,0.203158,0.196219,0.190936,0.187804,0.187192,0.185959,0.179156,0.176221"
train,v5bpair_00137,contaminacion_alta_SO2,contaminacion_alta_SO2,True,122,"485,780,758,998,530,513,321,220,191,23,554,772","0.277094,0.256289,0.256223,0.242274,0.231014,0.225046,0.224568,0.213118,0.209011,0.207031,0.199479,0.193168"
train,v5bpair_00138,suelo_urbano,suelo_urbano,True,122,"899,568,657,861,4,3,350,442,1008,409,713,652","0.340705,0.334818,0.286969,0.263741,0.260429,0.258602,0.249150,0.248434,0.244223,0.241370,0.231659,0.227032"
train,v5bpair_00140,suelo_urbano,suelo_urbano,True,122,"652,53,5,3,568,375,541,379,442,913,265,26","0.309518,0.299321,0.276753,0.269504,0.249874,0.249464,0.233829,0.229270,0.224400,0.215753,0.212072,0.210317"
train,v5bpair_00143,contaminacion_alta_NO2,contaminacion_alta_NO2,True,122,"262,367,541,600,251,429,834,377,357,708,836,156","0.259963,0.251454,0.248195,0.217410,0.206745,0.197753,0.186181,0.176240,0.176177,0.168445,0.167282,0.167170"
train,v5bpair_00144,contaminacion_alta_SO2,contaminacion_alta_SO2,True,122,"566,758,903,998,711,1019,809,422,692,33,605,1018","0.284738,0.249256,0.236230,0.231015,0.218601,0.210545,0.207254,0.203398,0.201980,0.196918,0.189389,0.187697"
train,v5bpair_00145,vegetacion_densa,vegetacion_densa,True,122,"275,981,674,566,961,524,381,612,188,374,488,269","0.275416,0.251284,0.239420,0.226796,0.219876,0.211149,0.211059,0.206171,0.205946,0.204638,0.199860,0.190050"
train,v5bpair_00146,ozono_anomalo,ozono_anomalo,True,122,"669,660,98,408,317,265,151,182,323,703,239,906","0.301484,0.265119,0.247525,0.243079,0.217998,0.214462,0.211717,0.194079,0.193808,0.192541,0.192263,0.190195"
train,v5bpair_00147,suelo_urbano,suelo_urbano,True,122,"3,618,454,1017,411,332,652,515,899,713,63,913","0.299767,0.268096,0.251964,0.243265,0.241433,0.234733,0.234143,0.234011,0.210885,0.207960,0.206837,0.201197"
train,v5bpair_00148,contaminacion_alta_SO2,contaminacion_alta_SO2,True,122,"456,269,566,830,617,1019,513,583,321,846,238,721","0.253776,0.234201,0.220551,0.197746,0.197720,0.182053,0.181715,0.179789,0.168286,0.163506,0.159310,0.159079"
train,v5bpair_00149,ozono_anomalo,ozono_anomalo,True,122,"669,1,692,566,1019,321,830,270,432,188,269,773","0.308239,0.273820,0.273144,0.257874,0.255107,0.252186,0.242751,0.239229,0.236915,0.229967,0.224226,0.222264"
train,v5bpair_00151,vegetacion_densa,vegetacion_densa,True,122,"612,275,488,674,706,524,374,961,76,43,915,959","0.265647,0.248780,0.242695,0.226837,0.213165,0.212792,0.204291,0.202730,0.199307,0.197096,0.189534,0.186359"
train,v5bpair_00154,contaminacion_alta_SO2,contaminacion_alta_SO2,True,122,"321,485,444,974,786,132,998,971,513,758,1018,830","0.264516,0.215274,0.196394,0.193336,0.188152,0.181674,0.180850,0.178888,0.178151,0.176251,0.170993,0.170399"
train,v5bpair_00155,vegetacion_densa,vegetacion_densa,True,122,"654,148,291,277,204,229,877,961,996,269,76,133","0.272921,0.271337,0.248646,0.247399,0.247383,0.236494,0.224084,0.219567,0.216046,0.213963,0.195888,0.189162"
train,v5bpair_00156,suelo_urbano,suelo_urbano,True,122,"899,568,713,265,5,350,703,3,442,815,411,379","0.264224,0.245069,0.232394,0.215084,0.211228,0.210913,0.200556,0.199303,0.195672,0.183454,0.173873,0.167172"
train,v5bpair_00157,contaminacion_alta_NO2,contaminacion_alta_NO2,True,122,"541,836,335,538,106,974,936,685,1006,191,980,4","0.245959,0.197046,0.189783,0.186380,0.180964,0.179388,0.178768,0.175619,0.174204,0.173837,0.166779,0.164174"
train,v5bpair_00158,contaminacion_alta_SO2,contaminacion_alta_SO2,True,122,"711,758,635,709,809,600,167,49,998,510,770,903","0.204002,0.202679,0.197395,0.194740,0.189600,0.186427,0.182640,0.176214,0.173537,0.171463,0.171069,0.167578"
train,v5bpair_00161,contaminacion_alta_SO2,contaminacion_alta_SO2,True,122,"485,600,709,429,758,23,49,513,332,780,248,786","0.269467,0.268406,0.259134,0.240095,0.239092,0.216569,0.209195,0.206567,0.206015,0.204490,0.198562,0.197980"
train,v5bpair_00162,suelo_urbano,suelo_urbano,True,122,"568,899,379,4,3,713,652,350,442,140,26,861","0.508000,0.441358,0.439875,0.427517,0.379749,0.353048,0.346697,0.344195,0.337235,0.330864,0.330278,0.324103"
train,v5bpair_00163,vegetacion_densa,vegetacion_densa,True,122,"612,961,269,524,650,996,275,127,981,605,270,583","0.402610,0.399953,0.384921,0.354083,0.349558,0.347778,0.332989,0.309305,0.309057,0.307532,0.306297,0.301605"
train,v5bpair_00165,contaminacion_alta_NO2,contaminacion_alta_NO2,True,122,"262,350,220,618,4,367,591,836,819,745,782,787","0.245488,0.229606,0.228277,0.204083,0.201267,0.197299,0.193542,0.179021,0.174213,0.162956,0.162087,0.161960"
train,v5bpair_00166,vegetacion_densa,vegetacion_densa,True,122,"346,961,275,14,269,583,39,805,134,848,162,816","0.300494,0.235865,0.222895,0.222841,0.217473,0.215565,0.206761,0.195761,0.193243,0.192245,0.191213,0.190382"
train,v5bpair_00167,suelo_urbano,suelo_urbano,True,122,"350,265,5,454,1017,582,669,3,900,718,442,294","0.238289,0.238123,0.228578,0.209887,0.205436,0.204175,0.200155,0.193475,0.191490,0.179713,0.177177,0.171812"
train,v5bpair_00170,contaminacion_alta_NO2,contaminacion_alta_NO2,True,122,"262,220,367,630,350,868,815,745,836,622,618,442","0.257921,0.254817,0.253104,0.239840,0.233189,0.231067,0.223297,0.222501,0.217938,0.215570,0.190749,0.187049"
train,v5bpair_00171,suelo_urbano,suelo_urbano,True,122,"899,534,442,713,5,140,568,411,816,959,621,524","0.263330,0.221839,0.221535,0.219199,0.210076,0.204885,0.203093,0.192849,0.190858,0.190079,0.189156,0.183833"
train,v5bpair_00174,contaminacion_alta_NO2,contaminacion_alta_NO2,True,122,"618,350,262,651,317,950,4,819,731,787,472,815","0.270470,0.253134,0.222288,0.208974,0.203039,0.202298,0.184167,0.174910,0.168067,0.162989,0.156516,0.156461"
train,v5bpair_00176,suelo_urbano,suelo_urbano,True,122,"899,711,379,568,655,158,675,1008,815,279,535,375","0.262081,0.242648,0.226908,0.214155,0.209184,0.204783,0.198272,0.196304,0.188502,0.185997,0.185024,0.184474"
train,v5bpair_00177,ozono_anomalo,ozono_anomalo,True,122,"251,1,606,531,432,46,163,711,455,653,390,213","0.344856,0.336723,0.298433,0.273802,0.264268,0.216812,0.215532,0.214703,0.214653,0.211505,0.210985,0.210663"
train,v5bpair_00181,contaminacion_alta_SO2,contaminacion_alta_SO2,True,122,"49,711,1,510,692,841,904,772,709,476,167,837","0.311484,0.298498,0.279706,0.264873,0.247807,0.235683,0.211890,0.209098,0.207016,0.204169,0.194797,0.194555"
train,v5bpair_00182,contaminacion_alta_NO2,contaminacion_alta_NO2,True,122,"618,819,262,417,350,787,1012,4,591,815,220,731","0.233421,0.226589,0.221931,0.209333,0.197680,0.197279,0.189317,0.179229,0.176234,0.168919,0.157199,0.156912"
train,v5bpair_00183,contaminacion_alta_NO2,contaminacion_alta_NO2,True,122,"367,220,417,262,442,834,591,703,819,651,429,754","0.174303,0.169666,0.164925,0.161659,0.160680,0.158450,0.156360,0.147960,0.144199,0.142955,0.140527,0.140462"
train,v5bpair_00184,vegetacion_densa,vegetacion_densa,True,122,"204,524,277,269,88,612,275,463,961,229,568,654","0.296386,0.264217,0.258006,0.253245,0.237547,0.237478,0.235031,0.233964,0.228310,0.200891,0.194630,0.193284"
train,v5bpair_00186,suelo_urbano,suelo_urbano,True,122,"350,552,26,3,899,61,4,442,776,692,978,156","0.259481,0.242920,0.234864,0.226830,0.220943,0.209945,0.206721,0.199390,0.187996,0.187656,0.186970,0.186759"
train,v5bpair_00188,suelo_urbano,suelo_urbano,True,122,"4,3,745,568,442,350,928,26,140,379,53,899","0.382639,0.340910,0.317365,0.317064,0.315598,0.314357,0.303128,0.301696,0.291627,0.287250,0.281866,0.278822"
train,v5bpair_00190,contaminacion_alta_SO2,contaminacion_alta_SO2,True,122,"758,600,485,429,843,709,367,513,936,836,857,248","0.280771,0.272039,0.251755,0.215601,0.207512,0.204030,0.200615,0.194300,0.193380,0.189906,0.186417,0.183558"
train,v5bpair_00192,vegetacion_densa,vegetacion_densa,True,122,"568,674,605,566,269,441,524,219,583,956,275,488","0.328578,0.303537,0.298525,0.293880,0.284111,0.280725,0.264175,0.260703,0.257587,0.252063,0.243482,0.232280"
train,v5bpair_00193,vegetacion_densa,vegetacion_densa,True,122,"275,650,524,568,981,612,194,204,392,219,961,674","0.337185,0.308471,0.280509,0.268553,0.266404,0.266237,0.263531,0.259077,0.256989,0.254238,0.251722,0.250824"
train,v5bpair_00195,contaminacion_alta_NO2,contaminacion_alta_NO2,True,122,"335,745,998,685,757,191,600,915,660,1,537,936","0.237580,0.208985,0.204053,0.202195,0.200553,0.188102,0.183451,0.178298,0.173941,0.167739,0.165088,0.164226"
train,v5bpair_00196,suelo_urbano,suelo_urbano,True,122,"568,711,899,140,5,61,442,4,650,552,112,332","0.276880,0.248751,0.227048,0.220350,0.200124,0.196953,0.190566,0.183464,0.173359,0.172072,0.171041,0.166044"
train,v5bpair_00197,contaminacion_alta_NO2,contaminacion_alta_NO2,True,122,"4,538,335,1006,187,541,568,704,326,618,974,694","0.291544,0.211078,0.207267,0.206253,0.184967,0.184428,0.171519,0.167989,0.167355,0.166999,0.163854,0.163000"
train,v5bpair_00198,ozono_anomalo,ozono_anomalo,True,122,"606,669,978,98,541,660,5,864,251,1,270,773","0.303529,0.251473,0.234594,0.226988,0.220960,0.220530,0.218744,0.214439,0.208723,0.208496,0.202523,0.195617"
train,v5bpair_00200,suelo_urbano,suelo_urbano,True,122,"568,3,379,26,288,928,652,913,5,899,140,956","0.939444,0.893060,0.760836,0.759670,0.722663,0.700137,0.692683,0.634228,0.627378,0.620358,0.591011,0.589223"
train,v5bpair_00202,contaminacion_alta_SO2,contaminacion_alta_SO2,True,122,"332,998,426,786,23,758,485,711,841,709,158,63","0.247142,0.221737,0.221536,0.211557,0.209238,0.198795,0.197670,0.187682,0.174445,0.173767,0.173263,0.169713"
train,v5bpair_00204,suelo_urbano,suelo_urbano,True,122,"928,288,3,568,379,652,26,53,5,913,956,442","0.766660,0.765245,0.761808,0.741907,0.706883,0.686494,0.627368,0.594528,0.588805,0.583538,0.557198,0.548145"
train,v5bpair_00206,contaminacion_alta_NO2,contaminacion_alta_NO2,True,122,"745,262,158,4,646,442,883,156,703,926,220,980","0.246539,0.233134,0.227507,0.212540,0.191016,0.190065,0.187687,0.179561,0.178900,0.178541,0.164609,0.158050"
train,v5bpair_00207,ozono_anomalo,ozono_anomalo,True,122,"669,906,151,190,691,98,408,836,317,323,974,265","0.249334,0.201549,0.196214,0.195701,0.190829,0.189239,0.183116,0.180717,0.179935,0.164382,0.163703,0.163056"
train,v5bpair_00208,contaminacion_alta_SO2,contaminacion_alta_NO2,False,122,"321,961,855,593,998,708,763,362,962,37,603,819","0.218712,0.202181,0.198254,0.187085,0.184701,0.182881,0.181462,0.172689,0.163892,0.163561,0.159565,0.159460"
train,v5bpair_00209,ozono_anomalo,ozono_anomalo,True,122,"323,669,896,530,321,37,265,52,282,745,660,220","0.283213,0.272642,0.250524,0.237167,0.220851,0.219674,0.218832,0.218028,0.213033,0.209549,0.203677,0.203160"
train,v5bpair_00211,suelo_urbano,suelo_urbano,True,122,"3,568,652,928,288,26,379,5,140,53,913,442","0.785847,0.774868,0.724967,0.705537,0.689526,0.658831,0.639800,0.578694,0.546704,0.545310,0.536840,0.527947"
train,v5bpair_00212,ozono_anomalo,ozono_anomalo,True,122,"323,265,1,379,424,652,251,519,545,900,201,350","0.273238,0.257503,0.248280,0.245587,0.242301,0.235812,0.229388,0.222959,0.204905,0.203782,0.191751,0.191297"
train,v5bpair_00214,contaminacion_alta_NO2,contaminacion_alta_NO2,True,122,"321,530,359,429,417,591,52,593,485,868,705,770","0.265669,0.224628,0.212993,0.208483,0.202835,0.197324,0.197165,0.195995,0.185555,0.184689,0.176146,0.171795"
train,v5bpair_00215,contaminacion_alta_SO2,contaminacion_alta_SO2,True,122,"1019,721,359,269,869,321,711,605,566,903,476,934","0.290585,0.278435,0.261260,0.259840,0.248970,0.244513,0.239251,0.228534,0.215743,0.210631,0.207461,0.202486"
train,v5bpair_00216,vegetacion_densa,vegetacion_densa,True,122,"335,269,770,674,14,589,532,275,961,403,860,346","0.257720,0.252954,0.246324,0.244911,0.229190,0.220188,0.218430,0.218401,0.216987,0.211414,0.207712,0.206156"
train,v5bpair_00217,contaminacion_alta_SO2,contaminacion_alta_SO2,True,122,"711,1,758,998,692,485,709,386,989,167,422,75","0.213112,0.195141,0.195068,0.185395,0.181508,0.169535,0.166318,0.164168,0.154026,0.152660,0.150711,0.149821"
train,v5bpair_00218,vegetacion_densa,vegetacion_densa,True,122,"269,346,524,335,674,568,650,275,532,981,898,88","0.389903,0.383944,0.371735,0.363443,0.361962,0.325262,0.321515,0.320847,0.317293,0.315176,0.297733,0.290549"
train,v5bpair_00220,vegetacion_densa,vegetacion_densa,True,122,"275,269,981,219,776,961,612,524,805,279,674,441","0.458692,0.413281,0.395005,0.393013,0.376826,0.367120,0.356147,0.355975,0.344980,0.341128,0.335793,0.322920"
train,v5bpair_00221,suelo_urbano,suelo_urbano,True,122,"568,928,379,3,899,288,652,26,4,524,956,5","0.670157,0.554100,0.551633,0.533498,0.530696,0.526003,0.482977,0.463826,0.452393,0.434538,0.424232,0.422416"
train,v5bpair_00222,ozono_anomalo,ozono_anomalo,True,122,"1,541,606,323,251,757,182,836,528,467,960,350","0.304390,0.278720,0.271995,0.261625,0.250379,0.235718,0.227828,0.197623,0.190351,0.189746,0.188145,0.185947"
train,v5bpair_00224,contaminacion_alta_NO2,contaminacion_alta_NO2,True,122,"618,819,262,630,591,417,350,1012,367,156,815,472","0.298087,0.294782,0.289741,0.266726,0.260743,0.255634,0.245279,0.236754,0.226715,0.226152,0.224032,0.221871"
train,v5bpair_00226,contaminacion_alta_NO2,contaminacion_alta_NO2,True,122,"80,127,201,603,285,699,974,909,708,336,321,106","0.248121,0.232632,0.199403,0.193603,0.189043,0.186642,0.177141,0.170910,0.170832,0.167140,0.158756,0.154660"
train,v5bpair_00227,contaminacion_alta_NO2,contaminacion_alta_NO2,True,122,"262,591,220,926,745,350,836,323,152,618,417,669","0.217656,0.202196,0.195427,0.189810,0.189655,0.187464,0.187098,0.180263,0.164729,0.163496,0.159765,0.158399"
train,v5bpair_00228,vegetacion_densa,vegetacion_densa,True,122,"291,961,148,133,229,877,996,158,127,959,324,238","0.326178,0.307942,0.291656,0.282273,0.261592,0.247205,0.242855,0.242492,0.240491,0.232857,0.232331,0.231540"
train,v5bpair_00229,vegetacion_densa,vegetacion_densa,True,122,"46,432,961,148,1000,133,76,127,291,204,654,270","0.233849,0.217724,0.203183,0.192554,0.192169,0.191834,0.191655,0.185405,0.179307,0.178886,0.176875,0.176611"
train,v5bpair_00230,suelo_urbano,suelo_urbano,True,122,"568,3,379,26,652,899,5,4,928,956,140,861","0.534589,0.470372,0.448716,0.435134,0.421157,0.420725,0.384332,0.375546,0.357398,0.355100,0.353510,0.347798"
train,v5bpair_00232,ozono_anomalo,ozono_anomalo,True,122,"1000,606,5,652,473,545,34,541,465,615,970,703","0.238697,0.215166,0.214651,0.212548,0.210485,0.204566,0.196227,0.195317,0.184791,0.184277,0.173282,0.173015"
train,v5bpair_00233,suelo_urbano,suelo_urbano,True,122,"568,375,350,899,711,379,409,442,618,861,140,147","0.254508,0.252067,0.236699,0.231676,0.228238,0.222809,0.207409,0.204223,0.196189,0.195778,0.193834,0.187483"
train,v5bpair_00234,suelo_urbano,suelo_urbano,True,122,"568,379,5,288,3,747,928,652,913,442,956,776","0.449460,0.445795,0.425843,0.420500,0.403137,0.373903,0.367984,0.360059,0.359341,0.350560,0.333939,0.329961"
train,v5bpair_00235,suelo_urbano,suelo_urbano,True,122,"379,652,913,4,568,322,3,899,657,391,53,1008","0.300788,0.265574,0.241172,0.226494,0.213087,0.201266,0.199552,0.194843,0.190861,0.189718,0.188633,0.185935"
train,v5bpair_00236,vegetacion_densa,vegetacion_densa,True,122,"961,269,275,681,589,674,1018,323,188,865,708,229","0.230883,0.222696,0.211735,0.198675,0.197956,0.180243,0.178643,0.174045,0.173372,0.172512,0.170864,0.170762"
train,v5bpair_00237,vegetacion_densa,vegetacion_densa,True,122,"961,650,269,204,877,981,238,432,229,279,996,380","0.260874,0.260415,0.251795,0.244847,0.243640,0.243569,0.234050,0.231979,0.224865,0.218560,0.210134,0.197203"
train,v5bpair_00239,vegetacion_densa,vegetacion_densa,True,122,"269,275,14,898,605,335,534,915,88,674,650,961","0.358274,0.343787,0.295277,0.288771,0.282296,0.267574,0.259930,0.255523,0.255436,0.254638,0.249755,0.242394"
train,v5bpair_00240,ozono_anomalo,ozono_anomalo,True,122,"182,669,1,323,660,251,317,265,541,978,282,239","0.263298,0.261436,0.253077,0.252246,0.251601,0.245384,0.235024,0.227541,0.207096,0.206534,0.201307,0.199175"
train,v5bpair_00241,suelo_urbano,suelo_urbano,True,122,"568,899,3,379,652,524,956,288,4,26,861,928","0.575971,0.434371,0.421715,0.407926,0.401408,0.396725,0.395889,0.390640,0.387506,0.387232,0.376517,0.356702"
train,v5bpair_00242,ozono_anomalo,ozono_anomalo,True,122,"251,218,541,106,836,519,323,455,201,1,477,703","0.300127,0.287523,0.282842,0.256913,0.251033,0.249895,0.244141,0.242345,0.233292,0.233025,0.227309,0.223300"
train,v5bpair_00243,contaminacion_alta_NO2,contaminacion_alta_NO2,True,122,"158,1006,367,819,335,618,832,620,745,133,926,600","0.207771,0.202098,0.175060,0.173702,0.159027,0.158606,0.156343,0.155625,0.152472,0.151125,0.151047,0.150737"
train,v5bpair_00244,contaminacion_alta_SO2,contaminacion_alta_SO2,True,122,"692,1,711,989,1019,432,75,49,530,61,474,63","0.343322,0.335744,0.292898,0.258684,0.244169,0.235470,0.234631,0.231011,0.222530,0.217271,0.212294,0.209124"
train,v5bpair_00247,suelo_urbano,suelo_urbano,True,122,"5,3,379,288,442,568,747,652,524,928,350,397","0.337899,0.302722,0.296946,0.291193,0.286732,0.286669,0.284397,0.274077,0.264105,0.261528,0.260650,0.258914"
train,v5bpair_00248,suelo_urbano,suelo_urbano,True,122,"3,568,899,288,379,928,5,350,26,652,397,442","0.672290,0.659274,0.619243,0.585222,0.566400,0.548167,0.545949,0.540315,0.530341,0.520080,0.476213,0.466682"
train,v5bpair_00251,contaminacion_alta_NO2,contaminacion_alta_NO2,True,122,"600,618,904,950,692,791,332,4,472,704,541,262","0.342589,0.323014,0.296506,0.272363,0.268227,0.264970,0.261959,0.240412,0.233742,0.218452,0.212737,0.210035"
train,v5bpair_00252,vegetacion_densa,vegetacion_densa,True,122,"524,335,346,39,905,135,583,456,848,534,805,617","0.223185,0.214116,0.207921,0.205248,0.201405,0.200293,0.200016,0.196319,0.195419,0.186301,0.179967,0.179118"
train,v5bpair_00253,ozono_anomalo,ozono_anomalo,True,122,"251,566,182,1019,660,606,388,990,377,323,865,669","0.281099,0.271535,0.239537,0.225261,0.202113,0.200896,0.199713,0.196921,0.192770,0.187686,0.177238,0.173205"
train,v5bpair_00254,suelo_urbano,suelo_urbano,True,122,"928,3,652,288,568,379,5,26,442,913,251,520","0.714345,0.694743,0.643693,0.613315,0.575311,0.561879,0.512737,0.497225,0.492122,0.490677,0.477190,0.472002"
train,v5bpair_00255,suelo_urbano,suelo_urbano,True,122,"568,3,288,899,26,379,5,928,652,4,397,861","0.661599,0.628310,0.577192,0.542608,0.527898,0.524185,0.511256,0.498014,0.492579,0.482000,0.462575,0.441973"
train,v5bpair_00256,contaminacion_alta_SO2,contaminacion_alta_SO2,True,122,"530,998,1,213,758,191,780,321,411,485,909,841","0.218082,0.206761,0.200864,0.190514,0.187590,0.186841,0.185334,0.179257,0.179247,0.178827,0.170605,0.168187"
train,v5bpair_00258,suelo_urbano,suelo_urbano,True,122,"568,899,442,4,713,815,535,375,140,409,657,747","0.304990,0.267338,0.266686,0.251350,0.242631,0.223434,0.221270,0.219390,0.218459,0.210776,0.207201,0.204312"
train,v5bpair_00260,suelo_urbano,suelo_urbano,True,122,"265,442,713,156,1012,806,190,959,350,162,786,119","0.271118,0.241594,0.228075,0.219270,0.201990,0.200228,0.198614,0.198518,0.197322,0.192634,0.189072,0.188907"
train,v5bpair_00261,contaminacion_alta_NO2,contaminacion_alta_SO2,False,122,"332,1006,600,118,959,620,426,618,133,654,158,576","0.287880,0.264105,0.252598,0.251980,0.222319,0.219052,0.215772,0.214881,0.212276,0.209168,0.208141,0.203147"
train,v5bpair_00262,contaminacion_alta_SO2,contaminacion_alta_SO2,True,122,"903,386,711,432,422,843,998,989,476,617,49,1","0.251195,0.235837,0.216648,0.209913,0.207078,0.190808,0.189423,0.184131,0.182380,0.175404,0.175356,0.172173"
train,v5bpair_00263,suelo_urbano,suelo_urbano,True,122,"389,379,350,568,652,913,4,265,5,978,756,375","0.277167,0.257690,0.251366,0.243936,0.237769,0.234540,0.234403,0.229247,0.227751,0.213267,0.212343,0.210677"
train,v5bpair_00264,vegetacion_densa,vegetacion_densa,True,122,"650,275,210,290,463,355,374,612,897,346,981,194","0.249803,0.236255,0.217356,0.209028,0.202276,0.201575,0.200181,0.196209,0.191975,0.191258,0.189649,0.189206"
train,v5bpair_00265,suelo_urbano,suelo_urbano,True,122,"3,379,568,411,652,140,899,317,5,4,956,442","0.465375,0.365538,0.365008,0.327432,0.327249,0.313989,0.309220,0.299703,0.299084,0.293596,0.290829,0.288545"
train,v5bpair_00267,contaminacion_alta_NO2,contaminacion_alta_NO2,True,122,"618,262,819,350,787,1012,630,4,834,367,600,591","0.300600,0.296462,0.270983,0.266482,0.258419,0.236046,0.226439,0.209199,0.206395,0.204130,0.202792,0.201808"
train,v5bpair_00271,contaminacion_alta_NO2,contaminacion_alta_NO2,True,122,"745,926,262,220,883,417,158,646,980,377,591,703","0.333820,0.280974,0.257352,0.247038,0.240155,0.226496,0.223363,0.222043,0.220544,0.217073,0.213800,0.210376"
train,v5bpair_00272,contaminacion_alta_SO2,contaminacion_alta_SO2,True,122,"1,321,758,530,49,191,704,936,709,770,91,998","0.256445,0.249583,0.242059,0.238141,0.213166,0.212105,0.204104,0.197021,0.192140,0.188492,0.186675,0.179762"
train,v5bpair_00273,vegetacion_densa,vegetacion_densa,True,122,"127,612,959,654,363,148,566,961,432,568,269,1000","0.225966,0.188603,0.179681,0.173979,0.170816,0.169179,0.168694,0.167606,0.165793,0.158182,0.157731,0.155145"
train,v5bpair_00274,ozono_anomalo,ozono_anomalo,True,122,"606,830,269,711,692,773,444,541,747,8,978,270","0.282060,0.272845,0.249850,0.235787,0.226673,0.225621,0.222649,0.209647,0.206641,0.199324,0.197116,0.192126"
train,v5bpair_00275,vegetacion_densa,vegetacion_densa,True,122,"269,711,432,229,270,1,692,346,275,360,961,605","0.265576,0.241225,0.201676,0.193210,0.188990,0.185845,0.182155,0.180601,0.170042,0.168898,0.166418,0.162618"
train,v5bpair_00276,vegetacion_densa,vegetacion_densa,True,122,"275,612,837,650,374,848,49,706,915,721,674,524","0.357412,0.286273,0.263406,0.263177,0.260501,0.244136,0.241886,0.238435,0.231431,0.229416,0.228817,0.226356"
train,v5bpair_00278,contaminacion_alta_SO2,contaminacion_alta_SO2,True,122,"248,91,786,758,485,554,640,411,530,705,238,513","0.255542,0.224393,0.217518,0.217012,0.213992,0.208814,0.208513,0.203101,0.198150,0.197412,0.196353,0.193207"
train,v5bpair_00279,vegetacion_densa,vegetacion_densa,True,122,"269,711,204,996,432,639,275,961,229,708,681,1","0.209053,0.203143,0.198920,0.168975,0.167549,0.165339,0.160672,0.158793,0.158614,0.154588,0.153448,0.149490"
train,v5bpair_00281,vegetacion_densa,vegetacion_densa,True,122,"568,956,190,127,524,290,275,612,959,883,976,674","0.300207,0.279226,0.255401,0.242827,0.239489,0.226700,0.223741,0.222865,0.219887,0.218162,0.212451,0.208100"
train,v5bpair_00282,vegetacion_densa,vegetacion_densa,True,122,"269,524,583,275,729,605,650,534,612,127,566,210","0.290734,0.246304,0.245254,0.218175,0.214320,0.214221,0.210286,0.209755,0.201942,0.201800,0.200710,0.197092"
train,v5bpair_00283,ozono_anomalo,ozono_anomalo,True,122,"606,1,841,669,864,323,182,660,98,1014,541,388","0.278398,0.263847,0.246978,0.229413,0.227779,0.227054,0.225811,0.219767,0.203178,0.203125,0.180748,0.179479"
train,v5bpair_00284,contaminacion_alta_NO2,contaminacion_alta_NO2,True,122,"127,998,335,903,603,42,757,15,974,336,80,422","0.268086,0.242836,0.229551,0.228535,0.219805,0.207999,0.198200,0.191477,0.186642,0.185259,0.174558,0.173076"
train,v5bpair_00285,ozono_anomalo,ozono_anomalo,True,122,"660,947,275,323,1,477,706,76,519,587,381,691","0.308443,0.296705,0.291597,0.286137,0.284139,0.273731,0.266005,0.255719,0.249210,0.248382,0.234977,0.229913"
train,v5bpair_00286,contaminacion_alta_NO2,contaminacion_alta_NO2,True,122,"106,377,660,883,838,367,685,926,127,703,669,541","0.206266,0.196676,0.192079,0.190761,0.178428,0.178205,0.177037,0.172257,0.170350,0.166711,0.164604,0.160109"
train,v5bpair_00288,contaminacion_alta_NO2,contaminacion_alta_NO2,True,122,"603,1006,883,80,127,367,763,106,422,708,600,133","0.272736,0.269528,0.244892,0.243088,0.242123,0.206737,0.195844,0.184993,0.181136,0.171988,0.170746,0.169877"
train,v5bpair_00290,contaminacion_alta_SO2,contaminacion_alta_SO2,True,122,"1019,711,49,1,635,402,489,692,661,936,61,841","0.280393,0.262454,0.255636,0.233239,0.224459,0.220914,0.219623,0.214149,0.211035,0.210044,0.209855,0.202919"
train,v5bpair_00291,suelo_urbano,suelo_urbano,True,122,"411,3,343,621,265,442,713,899,317,988,5,508","0.305627,0.286189,0.286000,0.272954,0.258758,0.248410,0.238738,0.229287,0.225655,0.224112,0.218218,0.213281"
train,v5bpair_00292,contaminacion_alta_NO2,contaminacion_alta_NO2,True,122,"367,262,630,564,600,745,591,37,220,156,429,834","0.339118,0.319616,0.279047,0.262486,0.258029,0.227815,0.226071,0.218886,0.216616,0.212661,0.207207,0.206899"
train,v5bpair_00297,vegetacion_densa,vegetacion_densa,True,122,"275,961,981,204,612,674,127,279,926,229,477,706","0.346016,0.336850,0.319767,0.313150,0.293648,0.279395,0.275748,0.262067,0.255943,0.254926,0.254338,0.252403"
train,v5bpair_00300,contaminacion_alta_SO2,contaminacion_alta_SO2,True,122,"711,903,386,692,1,1019,422,709,432,566,974,605","0.219466,0.202605,0.195479,0.189396,0.177960,0.177234,0.176424,0.166236,0.166133,0.160637,0.156912,0.154058"
train,v5bpair_00301,contaminacion_alta_SO2,contaminacion_alta_SO2,True,122,"711,386,617,692,49,998,147,566,837,848,791,259","0.272865,0.257930,0.228530,0.219296,0.213377,0.197360,0.190419,0.183554,0.180174,0.179792,0.174900,0.173909"
train,v5bpair_00302,vegetacion_densa,vegetacion_densa,True,122,"14,269,692,346,583,204,148,88,10,270,860,605","0.339929,0.310707,0.293962,0.281808,0.236867,0.225849,0.198252,0.197505,0.194343,0.194208,0.191454,0.190809"
train,v5bpair_00303,suelo_urbano,suelo_urbano,True,122,"3,379,913,568,265,389,652,411,53,337,856,4","0.312093,0.294796,0.284409,0.274043,0.224466,0.221132,0.218944,0.210805,0.205318,0.203203,0.188452,0.186996"
train,v5bpair_00304,contaminacion_alta_SO2,contaminacion_alta_SO2,True,122,"772,386,721,432,692,989,726,431,711,952,617,531","0.249426,0.228680,0.227826,0.226900,0.209479,0.209181,0.207745,0.205864,0.204160,0.201039,0.199798,0.197898"
train,v5bpair_00306,vegetacion_densa,vegetacion_densa,True,122,"816,346,135,612,275,463,134,524,747,374,148,292","0.229803,0.221226,0.199418,0.197651,0.177284,0.176450,0.175345,0.174777,0.174613,0.170958,0.169406,0.167499"
train,v5bpair_00307,suelo_urbano,suelo_urbano,True,122,"3,899,568,524,265,562,747,856,379,5,756,442","0.305445,0.296580,0.289423,0.251757,0.244456,0.242457,0.232015,0.219687,0.208740,0.208625,0.207640,0.205785"
train,v5bpair_00308,ozono_anomalo,ozono_anomalo,True,122,"691,76,517,546,706,323,46,587,1,833,896,477","0.331905,0.327220,0.288603,0.273462,0.270682,0.250604,0.245055,0.234176,0.233753,0.223254,0.222670,0.221909"
train,v5bpair_00309,contaminacion_alta_SO2,contaminacion_alta_SO2,True,122,"711,269,758,692,1,1018,909,554,180,220,321,998","0.316807,0.227062,0.205979,0.200277,0.191904,0.180394,0.178518,0.174939,0.167977,0.166575,0.163079,0.156953"
train,v5bpair_00310,contaminacion_alta_SO2,contaminacion_alta_SO2,True,122,"904,704,770,61,75,91,63,49,945,530,321,193","0.256081,0.227898,0.222430,0.216026,0.214876,0.213409,0.211784,0.205311,0.198823,0.193370,0.193123,0.190812"
train,v5bpair_00311,vegetacion_densa,vegetacion_densa,True,122,"961,355,654,229,169,76,877,275,805,324,14,180","0.247126,0.217089,0.216098,0.211733,0.210698,0.200406,0.198731,0.197952,0.195660,0.187254,0.186618,0.185516"
train,v5bpair_00312,contaminacion_alta_SO2,ozono_anomalo,False,122,"321,1,359,530,660,546,191,432,998,833,587,909","0.274064,0.267392,0.241325,0.211056,0.208085,0.201687,0.198155,0.197243,0.186936,0.182742,0.181958,0.177820"
train,v5bpair_00314,suelo_urbano,suelo_urbano,True,122,"4,568,562,350,899,291,3,830,355,713,442,855","0.225753,0.204985,0.199914,0.188949,0.184379,0.179415,0.179349,0.174005,0.167831,0.161442,0.161155,0.155974"
train,v5bpair_00316,ozono_anomalo,ozono_anomalo,True,122,"251,541,218,606,455,519,432,960,974,145,46,201","0.321236,0.313450,0.245502,0.240739,0.240331,0.237813,0.226545,0.223697,0.217359,0.209477,0.206847,0.195456"
train,v5bpair_00317,ozono_anomalo,ozono_anomalo,True,122,"773,1,270,974,692,541,830,201,432,269,606,747","0.278606,0.273694,0.266862,0.255446,0.238644,0.230481,0.222535,0.199322,0.199069,0.197370,0.185060,0.180714"
train,v5bpair_00318,contaminacion_alta_NO2,contaminacion_alta_NO2,True,122,"350,262,4,618,819,156,564,630,787,1012,815,409","0.327057,0.305508,0.288891,0.288359,0.263774,0.235755,0.235700,0.218367,0.217464,0.215182,0.202817,0.202210"
train,v5bpair_00320,suelo_urbano,suelo_urbano,True,122,"928,568,3,288,652,379,26,913,53,5,140,956","0.719950,0.717174,0.698922,0.674852,0.653288,0.627036,0.577196,0.540147,0.528403,0.525080,0.491474,0.487054"
train,v5bpair_00322,ozono_anomalo,ozono_anomalo,True,122,"377,745,323,251,978,1,541,566,606,669,53,660","0.281329,0.264738,0.260219,0.257853,0.257171,0.254769,0.243048,0.242754,0.235013,0.229193,0.227920,0.226357"
train,v5bpair_00324,ozono_anomalo,ozono_anomalo,True,122,"432,692,415,269,1019,46,270,711,402,974,830,531","0.369541,0.341044,0.296021,0.291279,0.279541,0.276855,0.275275,0.273100,0.271668,0.242748,0.241740,0.241256"
train,v5bpair_00325,vegetacion_densa,vegetacion_densa,True,122,"269,346,583,650,961,534,456,635,39,148,681,180","0.318446,0.267102,0.266360,0.263022,0.261375,0.251801,0.244257,0.238550,0.236702,0.228943,0.227414,0.227259"
train,v5bpair_00327,vegetacion_densa,vegetacion_densa,True,122,"654,148,961,133,291,277,996,229,169,579,324,468","0.324511,0.314862,0.302738,0.301400,0.293961,0.277326,0.266660,0.259103,0.252461,0.237610,0.228960,0.228270"
train,v5bpair_00328,contaminacion_alta_NO2,contaminacion_alta_NO2,True,122,"262,591,350,220,367,745,815,868,630,323,836,417","0.316139,0.260837,0.222472,0.222177,0.213098,0.207832,0.201733,0.197356,0.197177,0.190958,0.188524,0.186487"
train,v5bpair_00329,contaminacion_alta_NO2,contaminacion_alta_NO2,True,122,"600,1006,118,618,576,332,158,620,819,387,335,367","0.321239,0.311520,0.293277,0.264966,0.264145,0.258716,0.257242,0.241930,0.234831,0.228513,0.218931,0.214617"
train,v5bpair_00331,ozono_anomalo,ozono_anomalo,True,122,"660,669,323,213,530,321,317,265,282,408,1,8","0.261315,0.250522,0.228460,0.219538,0.216577,0.209375,0.208157,0.207312,0.202979,0.196098,0.190294,0.188943"
train,v5bpair_00332,vegetacion_densa,vegetacion_densa,True,122,"335,275,998,971,721,374,441,904,959,210,14,346","0.309875,0.257438,0.235620,0.228143,0.226511,0.223928,0.223266,0.218182,0.215966,0.215853,0.212871,0.212589"
train,v5bpair_00333,suelo_urbano,suelo_urbano,True,122,"568,265,713,190,275,856,1002,815,749,787,956,409","0.239941,0.208104,0.191772,0.181535,0.178275,0.174108,0.171444,0.170447,0.170191,0.166574,0.163793,0.156125"
train,v5bpair_00335,suelo_urbano,suelo_urbano,True,122,"3,4,568,928,350,652,899,442,140,747,5,562","0.464988,0.393447,0.380794,0.378203,0.368131,0.342720,0.340416,0.318240,0.304339,0.294202,0.294046,0.291419"
train,v5bpair_00336,contaminacion_alta_NO2,contaminacion_alta_NO2,True,122,"883,127,367,669,603,600,757,674,108,763,708,1012","0.251114,0.238773,0.237371,0.236052,0.227596,0.209514,0.192359,0.186668,0.183546,0.174790,0.174718,0.174101"
train,v5bpair_00337,contaminacion_alta_NO2,contaminacion_alta_NO2,True,122,"660,745,262,488,530,198,685,323,377,239,594,130","0.275033,0.254485,0.218037,0.184601,0.182107,0.180292,0.179835,0.177821,0.174501,0.169750,0.168281,0.164931"
train,v5bpair_00338,ozono_anomalo,ozono_anomalo,True,122,"251,531,1,692,270,606,432,773,582,660,960,672","0.230194,0.213902,0.213226,0.211479,0.210243,0.203416,0.203185,0.200346,0.178192,0.176489,0.176272,0.173421"
train,v5bpair_00340,contaminacion_alta_NO2,contaminacion_alta_NO2,True,122,"262,367,541,442,497,708,152,836,654,350,669,857","0.214266,0.190575,0.184081,0.168285,0.165994,0.163452,0.159508,0.157593,0.148967,0.148277,0.144539,0.141164"
train,v5bpair_00342,suelo_urbano,suelo_urbano,True,122,"928,3,379,288,652,568,442,5,520,747,913,251","0.571037,0.535184,0.494915,0.493721,0.453173,0.450238,0.444790,0.408938,0.405931,0.404186,0.400539,0.396492"
train,v5bpair_00343,suelo_urbano,suelo_urbano,True,122,"928,568,3,288,652,5,379,899,26,350,442,397","0.699993,0.698202,0.684693,0.660301,0.658810,0.579490,0.572238,0.559309,0.557779,0.530753,0.504336,0.494476"
train,v5bpair_00344,suelo_urbano,suelo_urbano,True,122,"568,3,288,928,652,26,379,5,913,899,140,956","0.747656,0.745948,0.702468,0.691240,0.680265,0.647726,0.641500,0.569852,0.540580,0.523640,0.520138,0.501269"
train,v5bpair_00345,suelo_urbano,suelo_urbano,True,122,"4,568,3,899,350,26,956,288,140,442,652,411","0.525919,0.504269,0.452853,0.428489,0.404844,0.383908,0.380640,0.373034,0.372519,0.372395,0.359403,0.343793"
train,v5bpair_00353,suelo_urbano,suelo_urbano,True,122,"568,5,3,4,899,288,861,956,411,442,747,26","0.564620,0.467944,0.464866,0.447593,0.435175,0.420382,0.408177,0.382667,0.380384,0.378443,0.372917,0.370839"
train,v5bpair_00356,ozono_anomalo,ozono_anomalo,True,122,"974,830,163,773,444,606,541,182,692,745,377,532","0.259209,0.251735,0.250858,0.246592,0.234981,0.203210,0.200118,0.191330,0.189057,0.188890,0.183265,0.181094"
train,v5bpair_00358,ozono_anomalo,ozono_anomalo,True,122,"1,432,251,455,46,531,691,606,390,270,201,541","0.281119,0.278225,0.274430,0.260207,0.230168,0.225679,0.225586,0.216510,0.212511,0.206746,0.202856,0.201055"
train,v5bpair_00361,suelo_urbano,suelo_urbano,True,122,"265,568,350,4,3,8,956,928,411,913,317,5","0.275626,0.213785,0.212999,0.209576,0.206460,0.200773,0.200216,0.195317,0.194342,0.193091,0.192505,0.191418"
train,v5bpair_00362,suelo_urbano,suelo_urbano,True,122,"568,3,928,379,288,652,5,26,913,747,524,956","0.648510,0.643891,0.624860,0.607467,0.601329,0.595529,0.549106,0.485321,0.482037,0.467797,0.451998,0.438182"
train,v5bpair_00363,vegetacion_densa,vegetacion_densa,True,122,"432,275,650,204,794,524,390,194,648,779,981,277","0.238575,0.231453,0.229770,0.216375,0.211426,0.210204,0.209279,0.208475,0.201413,0.188306,0.185014,0.183459"
train,v5bpair_00364,suelo_urbano,suelo_urbano,True,122,"180,713,568,899,1017,322,959,806,249,998,265,544","0.261542,0.261053,0.256329,0.236773,0.211664,0.208647,0.196835,0.193221,0.192425,0.190468,0.186599,0.178878"
train,v5bpair_00365,suelo_urbano,suelo_urbano,True,122,"3,652,5,899,350,265,745,317,379,582,900,713","0.317213,0.299090,0.250185,0.246295,0.244036,0.231132,0.226630,0.221451,0.218576,0.212191,0.201651,0.196717"
train,v5bpair_00366,contaminacion_alta_NO2,contaminacion_alta_NO2,True,122,"819,367,630,836,350,787,576,262,618,591,800,49","0.224947,0.222106,0.210700,0.203162,0.185665,0.180165,0.177401,0.175517,0.171815,0.156067,0.152747,0.143259"
train,v5bpair_00367,ozono_anomalo,ozono_anomalo,True,122,"1,660,692,251,390,566,672,531,669,711,98,29","0.372982,0.281405,0.271713,0.266406,0.220935,0.220382,0.214538,0.208153,0.206603,0.201361,0.200868,0.200808"
train,v5bpair_00368,contaminacion_alta_NO2,contaminacion_alta_NO2,True,122,"367,576,335,712,158,819,1006,105,618,4,883,23","0.215907,0.180507,0.176848,0.175830,0.170289,0.168369,0.162961,0.162424,0.161520,0.156949,0.151289,0.149489"
train,v5bpair_00369,vegetacion_densa,vegetacion_densa,True,122,"269,674,583,612,346,270,403,524,88,275,204,961","0.435118,0.390663,0.355521,0.305804,0.301724,0.295042,0.291237,0.280579,0.279190,0.278376,0.276520,0.276023"
train,v5bpair_00370,contaminacion_alta_NO2,contaminacion_alta_NO2,True,122,"904,488,4,915,998,580,674,219,112,198,945,187","0.301812,0.261760,0.257596,0.254463,0.240710,0.239807,0.218326,0.212071,0.198742,0.190696,0.187061,0.185016"
train,v5bpair_00372,suelo_urbano,suelo_urbano,True,122,"568,379,3,899,4,652,5,288,956,442,397,928","0.505357,0.446581,0.439149,0.432579,0.398181,0.373134,0.365794,0.361680,0.349742,0.346061,0.330886,0.324355"
train,v5bpair_00374,suelo_urbano,suelo_urbano,True,122,"568,928,288,3,652,379,5,26,899,442,397,350","0.637623,0.618533,0.610968,0.599200,0.558458,0.541073,0.533781,0.503044,0.495744,0.454304,0.438819,0.436621"
train,v5bpair_00376,vegetacion_densa,vegetacion_densa,True,122,"269,961,650,976,605,204,583,275,981,568,612,566","0.407044,0.349086,0.311794,0.297364,0.297174,0.274553,0.272908,0.271626,0.266504,0.255408,0.253238,0.251383"
train,v5bpair_00379,contaminacion_alta_NO2,contaminacion_alta_NO2,True,122,"998,834,417,651,113,198,591,894,593,73,412,819","0.235012,0.189206,0.163930,0.161902,0.158393,0.154885,0.154787,0.154667,0.154431,0.150471,0.149592,0.148014"
train,v5bpair_00381,vegetacion_densa,vegetacion_densa,True,122,"650,612,655,238,275,291,269,819,830,837,794,805","0.292652,0.290964,0.282015,0.263871,0.258085,0.239365,0.237431,0.233297,0.210119,0.208944,0.205709,0.200677"
train,v5bpair_00382,suelo_urbano,suelo_urbano,True,122,"190,265,345,409,749,76,544,119,713,806,101,808","0.259564,0.233588,0.215485,0.214713,0.212610,0.206508,0.181465,0.178671,0.178357,0.172106,0.167956,0.166567"
train,v5bpair_00383,suelo_urbano,suelo_urbano,True,122,"442,959,350,711,429,5,238,375,718,3,899,379","0.252445,0.207712,0.201668,0.198515,0.196244,0.187240,0.179988,0.174868,0.174802,0.172400,0.171978,0.160918"
train,v5bpair_00386,suelo_urbano,suelo_urbano,True,122,"928,568,3,288,652,379,899,26,5,442,350,397","0.729670,0.712622,0.704321,0.678324,0.651208,0.631742,0.603180,0.599299,0.578521,0.545739,0.529998,0.504947"
train,v5bpair_00387,suelo_urbano,suelo_urbano,True,122,"568,928,288,3,652,379,26,5,899,4,140,956","0.746735,0.647868,0.604581,0.593418,0.590606,0.557528,0.541617,0.495295,0.485205,0.482797,0.480276,0.469083"
train,v5bpair_00388,contaminacion_alta_SO2,contaminacion_alta_SO2,True,122,"711,386,566,147,903,617,721,432,1,998,772,791","0.312011,0.287180,0.267264,0.239011,0.234842,0.210362,0.208027,0.203058,0.200016,0.196981,0.194604,0.194111"
train,v5bpair_00389,suelo_urbano,suelo_urbano,True,122,"568,379,3,288,928,899,652,5,442,26,4,350","0.529551,0.518714,0.500179,0.464351,0.443606,0.443472,0.436516,0.418705,0.401949,0.384298,0.379669,0.370971"
train,v5bpair_00390,ozono_anomalo,ozono_anomalo,True,122,"606,182,660,864,1,978,588,711,386,98,692,251","0.330097,0.316952,0.275481,0.259651,0.257260,0.256870,0.225676,0.217811,0.213725,0.213145,0.210299,0.203310"
train,v5bpair_00392,vegetacion_densa,vegetacion_densa,True,122,"269,961,204,270,275,291,830,605,996,229,277,148","0.392844,0.311190,0.306892,0.289067,0.284231,0.279924,0.276298,0.261685,0.260955,0.254981,0.241997,0.238653"
train,v5bpair_00393,contaminacion_alta_SO2,contaminacion_alta_SO2,True,122,"1,1019,692,321,711,476,841,758,432,191,530,422","0.404219,0.337819,0.316666,0.297004,0.283016,0.259228,0.240672,0.240470,0.238309,0.234632,0.227173,0.221403"
train,v5bpair_00394,vegetacion_densa,vegetacion_densa,True,122,"961,374,981,229,127,519,70,674,133,204,762,612","0.272003,0.247989,0.246016,0.242663,0.242518,0.228342,0.221391,0.211142,0.204099,0.195912,0.194738,0.187577"
train,v5bpair_00396,contaminacion_alta_NO2,contaminacion_alta_NO2,True,122,"591,787,819,367,220,630,345,190,485,429,998,359","0.173236,0.172540,0.169777,0.167955,0.161055,0.152886,0.142139,0.141563,0.140628,0.139481,0.135128,0.134974"
train,v5bpair_00397,vegetacion_densa,vegetacion_densa,True,122,"269,583,534,346,617,635,655,711,605,675,14,135","0.349550,0.322077,0.281219,0.277923,0.240724,0.239610,0.234258,0.226945,0.222861,0.215740,0.210555,0.210494"
train,v5bpair_00401,contaminacion_alta_SO2,contaminacion_alta_SO2,True,122,"711,692,1,61,530,758,588,191,269,1019,841,496","0.342817,0.282394,0.237267,0.213079,0.200591,0.197769,0.192585,0.190662,0.189090,0.187342,0.178251,0.175798"
train,v5bpair_00402,vegetacion_densa,vegetacion_densa,True,122,"390,229,654,251,204,524,379,194,277,568,463,392","0.236059,0.221247,0.215370,0.209968,0.205788,0.201950,0.193603,0.192807,0.186292,0.179474,0.175947,0.168162"
train,v5bpair_00407,contaminacion_alta_SO2,contaminacion_alta_SO2,True,122,"180,998,860,758,485,23,359,429,426,346,14,618","0.187009,0.186621,0.175135,0.173245,0.166459,0.156397,0.153928,0.153025,0.150127,0.147892,0.143241,0.143013"
train,v5bpair_00408,contaminacion_alta_NO2,contaminacion_alta_NO2,True,122,"262,350,618,591,836,819,367,152,815,745,630,782","0.333534,0.309856,0.256485,0.220222,0.216571,0.205528,0.205519,0.205305,0.204437,0.199839,0.199450,0.197605"
train,v5bpair_00409,vegetacion_densa,vegetacion_densa,True,122,"612,275,524,204,981,270,269,672,961,300,776,307","0.383999,0.367919,0.349274,0.335201,0.315192,0.309745,0.305953,0.282897,0.279761,0.274826,0.268503,0.253333"
train,v5bpair_00410,suelo_urbano,suelo_urbano,True,122,"442,411,621,713,350,632,669,5,618,888,317,418","0.289872,0.277105,0.259391,0.239278,0.235984,0.231472,0.228075,0.218298,0.215206,0.214624,0.209239,0.206926"
train,v5bpair_00411,contaminacion_alta_SO2,contaminacion_alta_SO2,True,122,"904,259,14,692,998,269,860,848,952,605,437,1019","0.256081,0.216420,0.206566,0.203766,0.193611,0.188207,0.177287,0.166123,0.165264,0.164703,0.155970,0.155499"
train,v5bpair_00412,suelo_urbano,suelo_urbano,True,122,"568,787,861,4,899,1002,409,140,190,583,794,956","0.253720,0.219403,0.217392,0.216109,0.215894,0.203736,0.201784,0.197932,0.189582,0.188177,0.183460,0.182878"
train,v5bpair_00413,contaminacion_alta_NO2,contaminacion_alta_NO2,True,122,"367,591,787,220,541,630,350,262,198,213,836,834","0.252831,0.240294,0.207431,0.200194,0.198624,0.198113,0.191379,0.190627,0.173432,0.159912,0.157830,0.156404"
train,v5bpair_00414,ozono_anomalo,ozono_anomalo,True,122,"1,660,519,323,566,667,691,390,692,669,432,416","0.380411,0.359149,0.272198,0.258686,0.251722,0.233771,0.231016,0.216519,0.210018,0.208924,0.204754,0.199584"
train,v5bpair_00415,ozono_anomalo,ozono_anomalo,True,122,"606,541,1,182,455,251,317,711,566,978,692,408","0.327610,0.324608,0.310617,0.281910,0.263608,0.263559,0.255272,0.255163,0.252515,0.247209,0.240670,0.233888"
train,v5bpair_00416,contaminacion_alta_NO2,ozono_anomalo,False,122,"541,367,630,836,323,622,350,220,270,262,32,606","0.241967,0.238846,0.221294,0.202551,0.201643,0.193979,0.188398,0.185188,0.183504,0.173968,0.173498,0.171257"
train,v5bpair_00417,suelo_urbano,suelo_urbano,True,122,"568,379,899,3,861,26,397,776,524,288,652,956","0.568043,0.440798,0.434265,0.427252,0.399464,0.398551,0.358382,0.356654,0.355991,0.355397,0.352949,0.346362"
train,v5bpair_00418,ozono_anomalo,ozono_anomalo,True,122,"830,432,270,978,269,606,974,444,415,566,870,773","0.238888,0.231919,0.228479,0.228210,0.224533,0.210994,0.204578,0.200168,0.195445,0.195381,0.194288,0.189565"
train,v5bpair_00419,vegetacion_densa,vegetacion_densa,True,122,"612,524,566,275,269,674,605,971,770,374,961,729","0.331704,0.314050,0.304678,0.278176,0.272249,0.259549,0.234993,0.233761,0.221982,0.219937,0.218658,0.212733"
train,v5bpair_00420,contaminacion_alta_NO2,contaminacion_alta_NO2,True,122,"591,618,220,819,530,417,787,424,815,23,426,294","0.207470,0.192874,0.190672,0.178782,0.177673,0.158958,0.158926,0.151710,0.150189,0.149174,0.148674,0.142253"
train,v5bpair_00422,contaminacion_alta_NO2,contaminacion_alta_NO2,True,122,"367,262,630,836,600,152,429,745,350,591,787,896","0.256498,0.246284,0.220854,0.210380,0.207744,0.204026,0.190300,0.188132,0.171790,0.166809,0.164368,0.164149"
train,v5bpair_00423,contaminacion_alta_SO2,contaminacion_alta_SO2,True,122,"530,220,758,780,424,600,841,213,321,998,248,1","0.219515,0.219282,0.215353,0.206653,0.206559,0.205424,0.200338,0.196683,0.193392,0.185751,0.184328,0.181866"
train,v5bpair_00424,suelo_urbano,suelo_urbano,True,122,"379,568,913,3,652,350,899,265,5,956,713,389","0.284873,0.282738,0.269982,0.262109,0.226868,0.218652,0.214024,0.206429,0.197378,0.196399,0.191574,0.187919"
train,v5bpair_00425,suelo_urbano,suelo_urbano,True,122,"606,692,442,265,554,711,541,1,411,929,532,332","0.253636,0.249730,0.242916,0.236875,0.236658,0.227095,0.211824,0.206679,0.198033,0.197349,0.186668,0.182409"
train,v5bpair_00426,suelo_urbano,suelo_urbano,True,122,"692,397,618,350,294,711,472,791,3,950,481,442","0.390009,0.311096,0.302164,0.286698,0.268524,0.266797,0.256997,0.253436,0.252788,0.229175,0.227578,0.224830"
train,v5bpair_00429,vegetacion_densa,vegetacion_densa,True,122,"269,524,374,981,441,392,219,568,674,488,898,204","0.305614,0.269247,0.238855,0.231620,0.214814,0.212593,0.212427,0.210131,0.207544,0.205688,0.204128,0.203956"
train,v5bpair_00430,ozono_anomalo,ozono_anomalo,True,122,"46,432,170,974,151,566,325,1000,836,624,830,650","0.302780,0.290491,0.269231,0.243869,0.227640,0.221335,0.217452,0.214120,0.211903,0.207151,0.206837,0.204252"
train,v5bpair_00431,contaminacion_alta_NO2,contaminacion_alta_NO2,True,122,"220,198,894,275,392,181,158,591,191,151,787,998","0.188285,0.172797,0.167056,0.156322,0.145570,0.143442,0.137008,0.133238,0.129859,0.127239,0.126739,0.126445"
train,v5bpair_00432,contaminacion_alta_SO2,contaminacion_alta_SO2,True,122,"786,600,574,101,709,480,877,959,63,515,904,635","0.243250,0.218218,0.208293,0.202481,0.194056,0.190726,0.186304,0.183749,0.178612,0.174477,0.174373,0.169521"
train,v5bpair_00435,ozono_anomalo,ozono_anomalo,True,122,"321,669,182,1,974,411,390,444,692,98,541,879","0.233188,0.230544,0.218321,0.217119,0.206931,0.187129,0.179439,0.177121,0.170241,0.169713,0.168902,0.166947"
train,v5bpair_00436,suelo_urbano,suelo_urbano,True,122,"3,568,4,350,928,265,913,899,618,5,1002,379","0.303313,0.286331,0.250631,0.230186,0.227944,0.225474,0.220129,0.214529,0.212136,0.204868,0.201288,0.198552"
train,v5bpair_00437,contaminacion_alta_SO2,contaminacion_alta_SO2,True,122,"998,758,600,422,692,386,617,1,903,757,1019,846","0.286379,0.238569,0.225648,0.219889,0.218685,0.216320,0.207469,0.207117,0.200604,0.199766,0.199700,0.193589"
train,v5bpair_00440,suelo_urbano,suelo_urbano,True,122,"288,568,3,928,747,379,26,899,5,583,4,652","0.576809,0.534727,0.530132,0.513331,0.471339,0.468458,0.448812,0.448030,0.447605,0.437768,0.429656,0.418193"
train,v5bpair_00441,ozono_anomalo,ozono_anomalo,True,122,"606,692,251,8,773,531,444,711,270,1,747,411","0.365383,0.317963,0.313420,0.277621,0.269516,0.268372,0.261063,0.252608,0.239874,0.231441,0.220428,0.208023"
train,v5bpair_00442,contaminacion_alta_NO2,contaminacion_alta_NO2,True,122,"262,618,630,913,220,564,37,367,350,883,600,591","0.222553,0.183165,0.182930,0.180718,0.179566,0.175916,0.170898,0.168887,0.159447,0.157508,0.155455,0.148874"
train,v5bpair_00443,vegetacion_densa,vegetacion_densa,True,122,"269,961,275,583,981,996,300,674,291,568,148,204","0.388153,0.351969,0.350361,0.349698,0.335706,0.326306,0.316536,0.314855,0.314244,0.311480,0.311364,0.310322"
train,v5bpair_00444,contaminacion_alta_NO2,contaminacion_alta_NO2,True,122,"591,819,112,915,961,834,220,488,269,674,279,392","0.285944,0.267530,0.238781,0.236039,0.235554,0.202975,0.202388,0.191107,0.188111,0.187612,0.187488,0.184122"
train,v5bpair_00445,suelo_urbano,suelo_urbano,True,122,"3,568,26,53,379,288,928,5,652,956,913,442","0.587219,0.560934,0.535921,0.524592,0.506935,0.502591,0.494571,0.469462,0.445931,0.435314,0.435189,0.417382"
train,v5bpair_00446,suelo_urbano,suelo_urbano,True,122,"288,928,3,568,652,379,5,26,956,53,913,442","0.786942,0.778059,0.762280,0.760237,0.702267,0.673486,0.611602,0.592817,0.568023,0.550632,0.548648,0.533737"
train,v5bpair_00448,suelo_urbano,suelo_urbano,True,122,"568,3,928,288,379,652,26,899,5,956,53,442","0.784560,0.772892,0.752512,0.735574,0.696595,0.694196,0.634906,0.564094,0.560011,0.523875,0.517733,0.515714"
train,v5bpair_00449,vegetacion_densa,vegetacion_densa,True,122,"269,961,291,612,275,204,277,981,583,229,127,270","0.332543,0.284355,0.279196,0.252929,0.251204,0.242938,0.224434,0.223185,0.216369,0.214595,0.209205,0.198022"
train,v5bpair_00451,contaminacion_alta_SO2,ozono_anomalo,False,122,"566,809,860,1,692,269,1019,617,841,220,445,909","0.352164,0.338003,0.320270,0.316090,0.313766,0.279658,0.277514,0.268767,0.267113,0.263626,0.252527,0.248125"
train,v5bpair_00452,contaminacion_alta_NO2,contaminacion_alta_NO2,True,122,"265,913,998,530,926,213,417,220,158,191,321,189","0.169570,0.154077,0.149933,0.149506,0.146959,0.143994,0.143992,0.142423,0.142232,0.136586,0.127442,0.120708"
train,v5bpair_00454,ozono_anomalo,ozono_anomalo,True,122,"1000,580,269,403,341,543,830,270,566,605,49,34","0.388696,0.320413,0.314389,0.313847,0.294547,0.288737,0.267681,0.267097,0.266355,0.258162,0.256898,0.236441"
train,v5bpair_00455,suelo_urbano,suelo_urbano,True,122,"568,5,913,411,632,756,375,1012,190,888,442,713","0.280790,0.229748,0.229513,0.226870,0.224844,0.216336,0.212460,0.206102,0.205063,0.202393,0.196508,0.190623"
train,v5bpair_00456,vegetacion_densa,vegetacion_densa,True,122,"148,375,127,959,654,961,291,229,613,568,603,249","0.268851,0.255951,0.241150,0.230514,0.229522,0.226656,0.214814,0.209069,0.202715,0.196139,0.185089,0.182669"
train,v5bpair_00460,ozono_anomalo,ozono_anomalo,True,122,"323,1,270,519,251,660,762,218,961,566,416,5","0.295853,0.294926,0.274468,0.255164,0.241605,0.226398,0.219900,0.212010,0.203479,0.200759,0.198807,0.193771"
train,v5bpair_00462,contaminacion_alta_NO2,contaminacion_alta_NO2,True,122,"350,262,323,152,745,630,367,220,8,5,883,327","0.261489,0.235811,0.224852,0.211713,0.209508,0.198090,0.194824,0.194076,0.189823,0.189533,0.188385,0.180821"
train,v5bpair_00463,ozono_anomalo,ozono_anomalo,True,122,"1,1019,692,711,227,909,599,841,377,270,669,188","0.269546,0.267981,0.264278,0.233243,0.231166,0.223555,0.219201,0.213752,0.211454,0.210510,0.206417,0.203867"
train,v5bpair_00464,contaminacion_alta_NO2,contaminacion_alta_NO2,True,122,"367,23,712,600,158,377,883,515,834,591,220,105","0.321164,0.271896,0.266915,0.259787,0.251838,0.248448,0.245161,0.231884,0.222985,0.215433,0.212543,0.210473"
train,v5bpair_00465,ozono_anomalo,ozono_anomalo,True,122,"251,606,270,377,949,323,879,532,182,388,379,961","0.286698,0.262029,0.234766,0.210999,0.196288,0.187241,0.183069,0.179369,0.179037,0.178385,0.177554,0.174951"
train,v5bpair_00466,contaminacion_alta_SO2,contaminacion_alta_SO2,True,122,"530,248,998,780,213,758,600,220,23,1,321,513","0.249610,0.235654,0.228832,0.220375,0.198361,0.189844,0.185104,0.181468,0.175553,0.173374,0.171486,0.169269"
train,v5bpair_00467,suelo_urbano,suelo_urbano,True,122,"568,3,379,288,928,5,652,442,913,53,747,956","0.527009,0.526295,0.520353,0.515347,0.489461,0.468434,0.462474,0.426854,0.422781,0.393523,0.389242,0.385805"
train,v5bpair_00468,contaminacion_alta_SO2,contaminacion_alta_SO2,True,122,"1,998,758,617,692,711,780,456,1018,909,23,489","0.296627,0.240012,0.239102,0.231228,0.225990,0.225368,0.208773,0.207051,0.204438,0.203255,0.198880,0.195885"
train,v5bpair_00470,contaminacion_alta_NO2,contaminacion_alta_NO2,True,122,"883,708,206,367,422,903,739,201,613,603,80,209","0.347007,0.280039,0.270908,0.263462,0.262863,0.255968,0.243800,0.240025,0.239081,0.238322,0.235364,0.231374"
train,v5bpair_00471,suelo_urbano,suelo_urbano,True,122,"4,3,652,568,317,442,411,379,5,928,53,350","0.430140,0.352960,0.341552,0.321749,0.317221,0.285455,0.259024,0.252472,0.251455,0.247550,0.232801,0.229884"
train,v5bpair_00472,contaminacion_alta_SO2,contaminacion_alta_SO2,True,122,"711,692,432,705,530,1,269,61,606,346,386,402","0.227731,0.222830,0.215082,0.182768,0.176901,0.174328,0.173955,0.172374,0.156092,0.147748,0.146562,0.146378"
train,v5bpair_00473,contaminacion_alta_SO2,contaminacion_alta_SO2,True,122,"709,49,600,998,711,332,786,758,945,91,704,936","0.427476,0.426211,0.424741,0.389150,0.372497,0.351661,0.340571,0.331318,0.328078,0.320474,0.315845,0.314401"
train,v5bpair_00477,contaminacion_alta_NO2,contaminacion_alta_NO2,True,122,"704,541,145,285,429,904,903,336,974,742,600,739","0.366259,0.312675,0.252795,0.238152,0.237446,0.235844,0.227972,0.215315,0.211932,0.211393,0.207265,0.207035"
train,v5bpair_00478,contaminacion_alta_SO2,contaminacion_alta_SO2,True,122,"23,600,101,332,220,105,711,692,757,426,325,758","0.237392,0.205553,0.203761,0.189199,0.188782,0.179796,0.179051,0.171514,0.166544,0.166362,0.157160,0.150285"
train,v5bpair_00479,contaminacion_alta_SO2,contaminacion_alta_SO2,True,122,"23,1,513,220,530,780,213,692,367,426,424,989","0.260132,0.257757,0.218320,0.217994,0.209576,0.208944,0.202953,0.202005,0.188200,0.186819,0.182971,0.182883"
train,v5bpair_00480,vegetacion_densa,vegetacion_densa,True,122,"524,275,612,229,204,270,568,605,300,674,379,981","0.358181,0.348139,0.321941,0.310057,0.298289,0.282003,0.279172,0.277424,0.273251,0.272553,0.270309,0.264863"
train,v5bpair_00483,vegetacion_densa,vegetacion_densa,True,122,"961,269,169,279,291,275,996,805,148,981,650,583","0.289297,0.283247,0.273794,0.260424,0.255179,0.252234,0.248873,0.239999,0.235142,0.233448,0.226777,0.225012"
train,v5bpair_00485,ozono_anomalo,ozono_anomalo,True,122,"606,432,251,1,390,747,974,532,802,166,218,467","0.278072,0.269314,0.248199,0.227047,0.219986,0.214852,0.200957,0.199872,0.194155,0.182161,0.179965,0.179940"
train,v5bpair_00488,vegetacion_densa,vegetacion_densa,True,122,"568,275,524,706,229,961,915,612,551,654,269,194","0.317468,0.271392,0.266748,0.257226,0.255277,0.250178,0.248456,0.246690,0.243123,0.240794,0.237221,0.234102"
train,v5bpair_00489,contaminacion_alta_SO2,contaminacion_alta_SO2,True,122,"998,692,1,617,758,386,566,321,711,600,1019,426","0.258936,0.249099,0.236446,0.227693,0.217608,0.217485,0.205136,0.204345,0.202034,0.199733,0.196301,0.194760"
train,v5bpair_00490,contaminacion_alta_SO2,contaminacion_alta_SO2,True,122,"1,321,998,758,711,909,248,213,390,757,1018,780","0.248288,0.225182,0.213437,0.179908,0.176953,0.175569,0.166120,0.161093,0.160631,0.159493,0.158638,0.154861"
train,v5bpair_00491,suelo_urbano,suelo_urbano,True,122,"3,928,568,652,288,379,26,5,913,53,350,442","0.796548,0.753103,0.732392,0.725514,0.720033,0.694787,0.652261,0.569606,0.560570,0.557796,0.552001,0.542500"
train,v5bpair_00492,vegetacion_densa,vegetacion_densa,True,122,"238,269,275,837,524,612,88,961,568,898,346,674","0.267624,0.261230,0.250419,0.245572,0.240804,0.226414,0.224557,0.220568,0.218425,0.217250,0.215263,0.210015"
train,v5bpair_00493,vegetacion_densa,vegetacion_densa,True,122,"275,848,346,612,524,583,456,905,617,335,204,134","0.232423,0.225032,0.224512,0.222399,0.217484,0.205476,0.203479,0.197171,0.196463,0.189578,0.184354,0.180851"
train,v5bpair_00494,vegetacion_densa,vegetacion_densa,True,122,"961,76,275,706,229,279,169,819,269,190,133,1008","0.268461,0.266276,0.260345,0.253018,0.221707,0.209315,0.199889,0.199362,0.198365,0.187920,0.187229,0.182697"
train,v5bpair_00495,contaminacion_alta_SO2,contaminacion_alta_SO2,True,122,"711,692,1019,1,588,61,63,269,432,530,841,492","0.304480,0.270200,0.249917,0.246533,0.246081,0.234447,0.227778,0.223271,0.206150,0.190368,0.190194,0.186806"
train,v5bpair_00497,contaminacion_alta_NO2,contaminacion_alta_NO2,True,122,"603,757,127,708,80,855,105,42,15,422,1,201","0.306374,0.230398,0.218762,0.204680,0.192802,0.192597,0.189649,0.181207,0.180856,0.179402,0.172396,0.171565"
train,v5bpair_00499,suelo_urbano,suelo_urbano,True,122,"913,568,4,379,3,265,600,389,652,350,899,375","0.258512,0.248746,0.233372,0.221860,0.213035,0.212194,0.212183,0.202442,0.197661,0.190710,0.181768,0.175741"
train,v5bpair_00500,contaminacion_alta_SO2,contaminacion_alta_SO2,True,122,"998,904,772,709,485,1003,191,554,848,758,705,49","0.292504,0.232254,0.230718,0.223705,0.216856,0.179948,0.176725,0.170754,0.170314,0.169877,0.162182,0.155110"
train,v5bpair_00501,vegetacion_densa,vegetacion_densa,True,122,"76,650,517,848,691,706,905,612,534,255,805,961","0.318262,0.239694,0.239364,0.237881,0.235429,0.234686,0.223473,0.219800,0.218295,0.208924,0.202892,0.199349"
train,v5bpair_00502,ozono_anomalo,ozono_anomalo,True,122,"1,692,519,606,251,323,660,422,416,865,388,804","0.329517,0.277197,0.273094,0.271548,0.253368,0.252600,0.243715,0.235558,0.234789,0.225340,0.223386,0.213166"
train,v5bpair_00503,contaminacion_alta_NO2,contaminacion_alta_NO2,True,122,"367,262,156,429,564,834,630,350,591,868,576,277","0.348759,0.341101,0.293775,0.272596,0.265862,0.259333,0.240170,0.237799,0.233889,0.232337,0.231530,0.207146"
train,v5bpair_00504,contaminacion_alta_SO2,contaminacion_alta_SO2,True,122,"49,904,580,770,945,998,709,496,971,476,837,167","0.365522,0.320147,0.267378,0.260609,0.253748,0.246798,0.236757,0.218483,0.213822,0.212547,0.212338,0.210317"
train,v5bpair_00506,contaminacion_alta_NO2,contaminacion_alta_NO2,True,122,"758,600,415,998,332,4,1006,903,16,336,913,544","0.214577,0.209119,0.161956,0.160072,0.145462,0.145429,0.143567,0.139349,0.138615,0.138434,0.138243,0.136166"
train,v5bpair_00507,contaminacion_alta_SO2,contaminacion_alta_SO2,True,122,"432,1,1019,566,617,422,757,269,846,603,692,763","0.202106,0.191851,0.190550,0.187382,0.181305,0.170751,0.170343,0.169982,0.161751,0.158290,0.157538,0.154975"
train,v5bpair_00508,contaminacion_alta_SO2,contaminacion_alta_SO2,True,122,"600,786,332,709,132,704,485,904,49,457,61,998","0.388779,0.381008,0.341635,0.338951,0.334606,0.309329,0.286140,0.280706,0.268404,0.266648,0.264462,0.257995"
train,v5bpair_00509,vegetacion_densa,vegetacion_densa,True,122,"346,335,747,971,8,269,674,275,441,39,524,776","0.312842,0.261927,0.239812,0.238019,0.231837,0.224981,0.222376,0.216533,0.208647,0.208644,0.208546,0.207294"
train,v5bpair_00511,contaminacion_alta_SO2,contaminacion_alta_SO2,True,122,"49,709,758,945,476,704,75,485,936,770,496,841","0.337732,0.270233,0.235719,0.213484,0.209820,0.209657,0.209489,0.207162,0.206290,0.205881,0.201582,0.199120"
train,v5bpair_00512,vegetacion_densa,vegetacion_densa,True,122,"961,269,275,605,279,674,915,981,566,204,639,477","0.330477,0.299194,0.268046,0.262522,0.256048,0.249424,0.244850,0.240031,0.233784,0.230191,0.229479,0.219721"
train,v5bpair_00514,suelo_urbano,suelo_urbano,True,122,"3,5,265,968,618,350,713,8,1012,652,442,411","0.246436,0.228902,0.217591,0.214601,0.212291,0.206611,0.199181,0.192053,0.188118,0.187735,0.185886,0.184026"
train,v5bpair_00515,contaminacion_alta_SO2,contaminacion_alta_SO2,True,122,"485,635,422,600,603,42,830,1003,777,855,33,321","0.246220,0.223558,0.190240,0.179987,0.178947,0.177213,0.175333,0.174865,0.171289,0.169638,0.165670,0.164960"
train,v5bpair_00516,contaminacion_alta_NO2,contaminacion_alta_NO2,True,122,"262,836,732,367,220,926,819,669,630,591,4,198","0.154140,0.154120,0.153696,0.148342,0.148251,0.143044,0.140414,0.140205,0.139106,0.137587,0.135771,0.132775"
train,v5bpair_00517,contaminacion_alta_SO2,contaminacion_alta_SO2,True,122,"617,432,422,476,711,1,721,998,386,692,772,710","0.226601,0.222369,0.222095,0.202775,0.196351,0.194340,0.190108,0.188297,0.184421,0.182365,0.182085,0.181922"
train,v5bpair_00518,vegetacion_densa,vegetacion_densa,True,122,"837,650,374,269,432,88,624,204,706,524,238,49","0.200484,0.198559,0.195727,0.188267,0.180439,0.174283,0.173959,0.173898,0.170613,0.169195,0.165075,0.164458"
train,v5bpair_00521,suelo_urbano,suelo_urbano,True,122,"738,618,705,888,713,651,442,950,1012,998,265,350","0.221181,0.218335,0.212946,0.211435,0.207519,0.200373,0.190273,0.190152,0.182629,0.182545,0.179551,0.178138"
train,v5bpair_00522,suelo_urbano,suelo_urbano,True,122,"928,3,288,652,379,568,5,442,317,747,228,26","0.706666,0.680197,0.677144,0.584327,0.581699,0.580060,0.572006,0.521309,0.495180,0.490664,0.485922,0.484953"
train,v5bpair_00523,ozono_anomalo,ozono_anomalo,True,122,"541,974,46,669,685,836,703,908,149,873,706,660","0.305815,0.303915,0.295630,0.256743,0.245356,0.233185,0.227875,0.226009,0.224357,0.222989,0.218043,0.216695"
train,v5bpair_00524,ozono_anomalo,ozono_anomalo,True,122,"444,251,53,532,227,978,909,188,379,711,377,639","0.285196,0.275011,0.259753,0.249751,0.227596,0.224615,0.218536,0.216283,0.212706,0.207820,0.205280,0.204219"
train,v5bpair_00529,contaminacion_alta_SO2,contaminacion_alta_SO2,True,122,"772,529,1003,989,29,1,617,692,73,726,721,474","0.214082,0.202304,0.198899,0.192891,0.190616,0.187819,0.187376,0.178943,0.173270,0.172095,0.171308,0.168548"
train,v5bpair_00530,vegetacion_densa,vegetacion_densa,True,122,"269,830,583,961,605,204,346,524,88,39,33,674","0.372649,0.304310,0.292863,0.275388,0.269835,0.240465,0.230911,0.222448,0.213120,0.211533,0.206718,0.202908"
train,v5bpair_00531,contaminacion_alta_NO2,contaminacion_alta_NO2,True,122,"603,127,855,883,708,909,1006,105,961,106,757,745","0.237931,0.231475,0.185543,0.182586,0.181431,0.178167,0.176938,0.176811,0.171771,0.171479,0.169919,0.168563"
train,v5bpair_00533,vegetacion_densa,vegetacion_densa,True,122,"346,961,335,269,877,635,355,532,998,324,959,162","0.264366,0.261745,0.234502,0.228529,0.223970,0.220506,0.212310,0.198775,0.198044,0.196508,0.196420,0.189364"
train,v5bpair_00535,suelo_urbano,suelo_urbano,True,122,"379,652,3,337,389,265,913,93,1012,899,322,369","0.318859,0.309284,0.300770,0.274965,0.271303,0.260890,0.257765,0.243935,0.240544,0.240012,0.225886,0.225322"
train,v5bpair_00536,vegetacion_densa,vegetacion_densa,True,122,"275,524,204,335,269,674,229,127,374,346,612,981","0.342027,0.327142,0.311897,0.263896,0.248522,0.247185,0.243423,0.230728,0.229185,0.224383,0.223208,0.213861"
train,v5bpair_00537,suelo_urbano,suelo_urbano,True,122,"442,816,140,190,759,669,956,787,899,713,1002,657","0.219318,0.206154,0.199360,0.191553,0.163787,0.156739,0.156622,0.156310,0.155512,0.155019,0.144779,0.141699"
train,v5bpair_00538,suelo_urbano,suelo_urbano,True,122,"711,3,350,978,554,294,411,5,899,26,606,541","0.308317,0.305906,0.296865,0.276233,0.271947,0.267953,0.266341,0.260611,0.258631,0.257528,0.255089,0.251314"
train,v5bpair_00540,vegetacion_densa,vegetacion_densa,True,122,"269,229,961,996,219,275,583,148,215,524,589,674","0.368607,0.310220,0.302974,0.287521,0.281072,0.270516,0.268657,0.266911,0.256809,0.243246,0.241746,0.240721"
train,v5bpair_00541,suelo_urbano,suelo_urbano,True,122,"568,288,3,379,928,652,26,899,5,913,956,4","0.749014,0.704951,0.642370,0.632043,0.617822,0.605696,0.576695,0.535622,0.524452,0.516680,0.503006,0.476520"
train,v5bpair_00542,contaminacion_alta_SO2,contaminacion_alta_SO2,True,122,"758,841,1,485,709,530,476,711,554,818,191,49","0.257391,0.241780,0.237773,0.232346,0.226451,0.217136,0.213033,0.208904,0.201990,0.195070,0.194108,0.190825"
train,v5bpair_00543,contaminacion_alta_SO2,contaminacion_alta_SO2,True,122,"269,692,456,386,830,617,1003,485,711,431,721,605","0.202159,0.191908,0.186848,0.176720,0.173102,0.172191,0.169786,0.163551,0.161466,0.159115,0.155146,0.153421"
train,v5bpair_00544,vegetacion_densa,vegetacion_densa,True,122,"269,961,291,905,589,534,605,583,88,148,238,805","0.390648,0.285250,0.274124,0.266351,0.256625,0.253220,0.253164,0.252928,0.244130,0.242162,0.230773,0.224184"
train,v5bpair_00545,suelo_urbano,suelo_urbano,True,122,"568,288,3,26,928,379,652,899,956,5,4,140","0.782445,0.705599,0.666567,0.638250,0.636213,0.616598,0.612598,0.577497,0.548977,0.516887,0.512238,0.511692"
train,v5bpair_00546,contaminacion_alta_SO2,contaminacion_alta_SO2,True,122,"530,321,248,780,37,758,359,337,213,1018,23,591","0.370870,0.327681,0.269445,0.248958,0.248181,0.227717,0.226515,0.226162,0.226133,0.225313,0.221767,0.217317"
train,v5bpair_00547,contaminacion_alta_SO2,contaminacion_alta_SO2,True,122,"711,485,390,709,321,248,998,554,411,877,496,89","0.249309,0.192393,0.186036,0.181810,0.178712,0.176286,0.174701,0.161331,0.160515,0.152675,0.152551,0.152478"
train,v5bpair_00548,contaminacion_alta_SO2,ozono_anomalo,False,122,"1,692,269,830,422,29,809,1019,432,681,566,66","0.353874,0.307129,0.286878,0.254477,0.253994,0.249068,0.247680,0.233963,0.227754,0.224845,0.223120,0.221117"
train,v5bpair_00549,contaminacion_alta_SO2,contaminacion_alta_SO2,True,122,"600,49,457,904,998,61,945,711,4,704,936,841","0.307063,0.291252,0.280262,0.274928,0.274560,0.264121,0.261387,0.239518,0.233095,0.232385,0.227305,0.227270"
train,v5bpair_00550,ozono_anomalo,ozono_anomalo,True,122,"151,974,46,541,251,455,163,432,218,836,390,960","0.328978,0.325676,0.321896,0.301597,0.281379,0.276787,0.270055,0.268510,0.257555,0.255661,0.246009,0.242374"
train,v5bpair_00551,vegetacion_densa,vegetacion_densa,True,122,"204,277,524,654,961,996,269,624,681,148,229,275","0.330545,0.307631,0.276585,0.256426,0.242597,0.238203,0.224451,0.222208,0.220727,0.212214,0.211711,0.209742"
train,v5bpair_00552,ozono_anomalo,ozono_anomalo,True,122,"46,151,566,432,833,908,43,974,1,218,455,546","0.273844,0.263882,0.249770,0.238230,0.235255,0.230802,0.225214,0.219810,0.218771,0.218339,0.200593,0.199755"
train,v5bpair_00554,contaminacion_alta_SO2,contaminacion_alta_SO2,True,122,"456,692,848,617,726,583,903,1019,346,1,476,29","0.228866,0.216762,0.216334,0.208420,0.203590,0.201329,0.201178,0.200179,0.195480,0.194903,0.191167,0.184555"
train,v5bpair_00558,suelo_urbano,suelo_urbano,True,122,"652,3,389,379,713,5,913,369,1017,265,667,93","0.274590,0.273456,0.266720,0.248608,0.236024,0.233513,0.220757,0.215006,0.211187,0.207341,0.203693,0.195865"
train,v5bpair_00560,contaminacion_alta_NO2,contaminacion_alta_NO2,True,122,"417,158,220,819,593,754,618,1012,926,156,600,262","0.301609,0.238676,0.236285,0.225101,0.205367,0.199479,0.197083,0.193324,0.187916,0.185029,0.184593,0.178289"
train,v5bpair_00561,contaminacion_alta_NO2,contaminacion_alta_NO2,True,122,"974,66,903,42,201,757,239,321,855,1001,660,335","0.217291,0.192360,0.189375,0.185560,0.185126,0.176989,0.175138,0.166585,0.164966,0.164156,0.161362,0.159185"
train,v5bpair_00565,contaminacion_alta_NO2,contaminacion_alta_NO2,True,122,"262,350,618,819,4,1012,630,591,731,782,367,787","0.296617,0.264872,0.256368,0.239870,0.214981,0.210288,0.206964,0.202765,0.198275,0.197958,0.194951,0.192296"
train,v5bpair_00566,contaminacion_alta_SO2,contaminacion_alta_SO2,True,122,"23,332,711,426,600,545,998,158,485,758,472,220","0.265942,0.253971,0.229404,0.227361,0.223749,0.215444,0.208043,0.197966,0.195477,0.189011,0.188500,0.182442"
train,v5bpair_00567,ozono_anomalo,ozono_anomalo,True,122,"1,432,1019,270,402,415,541,252,692,711,974,566","0.254970,0.241607,0.225071,0.213669,0.209747,0.208114,0.204328,0.200718,0.200714,0.198079,0.193153,0.191423"
train,v5bpair_00568,ozono_anomalo,ozono_anomalo,True,122,"974,541,415,830,836,293,624,432,606,804,870,182","0.269280,0.258767,0.237083,0.229953,0.210412,0.205961,0.201851,0.198578,0.189064,0.182113,0.179119,0.175470"
train,v5bpair_00569,ozono_anomalo,ozono_anomalo,True,122,"1,660,669,321,1019,377,974,182,546,833,692,98","0.360947,0.353762,0.335799,0.266678,0.253899,0.248638,0.236200,0.234444,0.234363,0.228897,0.224716,0.222971"
train,v5bpair_00571,contaminacion_alta_NO2,contaminacion_alta_NO2,True,122,"127,220,819,133,158,571,23,961,377,251,579,926","0.217605,0.208066,0.194179,0.186819,0.165725,0.163604,0.161791,0.157507,0.155302,0.152482,0.146710,0.145013"
train,v5bpair_00572,vegetacion_densa,vegetacion_densa,True,122,"612,674,127,961,524,204,275,981,488,566,374,229","0.279640,0.271881,0.269160,0.255038,0.250668,0.249330,0.231156,0.230494,0.229668,0.228987,0.227387,0.223029"
train,v5bpair_00573,suelo_urbano,suelo_urbano,True,122,"711,532,61,4,727,552,568,251,5,411,223,397","0.299441,0.285977,0.259214,0.229573,0.229508,0.227416,0.222695,0.220791,0.209952,0.209842,0.202880,0.191939"
train,v5bpair_00574,contaminacion_alta_NO2,contaminacion_alta_NO2,True,122,"600,544,359,699,998,429,868,618,158,345,220,367","0.214131,0.197313,0.196791,0.187996,0.182797,0.180830,0.174910,0.171867,0.171451,0.170063,0.166473,0.165948"
train,v5bpair_00577,contaminacion_alta_SO2,contaminacion_alta_SO2,True,122,"711,1,709,758,998,569,841,554,780,23,510,419","0.297338,0.278646,0.260434,0.255703,0.243258,0.233714,0.225684,0.220196,0.218419,0.217733,0.209430,0.207211"
train,v5bpair_00578,contaminacion_alta_NO2,contaminacion_alta_NO2,True,122,"367,836,220,262,745,151,429,321,181,758,896,815","0.192674,0.181108,0.175310,0.167254,0.166050,0.154225,0.151273,0.149389,0.146676,0.142814,0.141554,0.136391"
train,v5bpair_00581,ozono_anomalo,ozono_anomalo,True,122,"836,46,170,960,151,76,843,432,440,467,218,857","0.230954,0.229662,0.218334,0.206885,0.199352,0.189693,0.189261,0.185969,0.176411,0.175292,0.174003,0.167455"
train,v5bpair_00584,vegetacion_densa,vegetacion_densa,True,122,"524,275,612,269,961,204,346,335,210,532,270,674","0.377152,0.367293,0.365013,0.359167,0.354626,0.318040,0.310225,0.292197,0.287150,0.282670,0.280949,0.276314"
train,v5bpair_00585,contaminacion_alta_SO2,contaminacion_alta_SO2,True,122,"692,711,1,726,856,998,220,675,213,617,417,269","0.274280,0.265282,0.232411,0.202963,0.199155,0.196228,0.193757,0.189244,0.187173,0.184700,0.180773,0.179143"
train,v5bpair_00586,contaminacion_alta_SO2,contaminacion_alta_SO2,True,122,"269,1019,432,711,692,270,61,605,99,167,841,422","0.341001,0.266994,0.247683,0.241572,0.239889,0.231134,0.230041,0.226102,0.208375,0.201961,0.198065,0.198022"
train,v5bpair_00588,contaminacion_alta_NO2,contaminacion_alta_NO2,True,122,"4,745,127,600,915,488,112,187,945,220,566,392","0.311823,0.281095,0.258770,0.200308,0.198674,0.191775,0.189461,0.179110,0.177655,0.172261,0.171554,0.171126"
train,v5bpair_00589,vegetacion_densa,vegetacion_densa,True,122,"291,269,277,961,996,204,583,148,981,275,53,524","0.384915,0.375573,0.351600,0.350701,0.333518,0.332506,0.323081,0.298993,0.294014,0.293296,0.287244,0.265309"
train,v5bpair_00591,contaminacion_alta_SO2,contaminacion_alta_SO2,True,122,"692,711,791,386,61,431,989,617,224,600,269,618","0.280964,0.277171,0.259086,0.246558,0.235394,0.231794,0.209035,0.202075,0.199148,0.194797,0.193207,0.192607"
train,v5bpair_00592,contaminacion_alta_NO2,contaminacion_alta_NO2,True,122,"1006,926,53,703,980,745,961,763,603,220,106,673","0.296962,0.262112,0.249678,0.246997,0.240945,0.240550,0.211954,0.205355,0.204618,0.199930,0.197174,0.196685"
train,v5bpair_00594,contaminacion_alta_SO2,contaminacion_alta_SO2,True,122,"23,711,786,692,998,600,332,485,709,426,1,515","0.253604,0.234435,0.218019,0.208538,0.205425,0.204577,0.200392,0.192719,0.191625,0.189278,0.176667,0.169192"
train,v5bpair_00595,vegetacion_densa,vegetacion_densa,True,122,"346,269,14,961,134,275,270,692,860,747,393,952","0.278996,0.261467,0.222784,0.218552,0.209568,0.206837,0.202505,0.200908,0.199147,0.193866,0.189125,0.185423"
train,v5bpair_00596,contaminacion_alta_NO2,contaminacion_alta_NO2,True,122,"618,417,651,819,113,350,787,442,481,950,294,262","0.251439,0.223172,0.221995,0.217679,0.208432,0.205998,0.200163,0.194752,0.194058,0.187814,0.180857,0.176136"
train,v5bpair_00598,contaminacion_alta_NO2,contaminacion_alta_NO2,True,122,"745,220,708,600,158,883,367,108,127,754,323,202","0.246603,0.243222,0.210890,0.200884,0.199057,0.184578,0.178388,0.152895,0.150572,0.150057,0.149469,0.148579"
train,v5bpair_00599,contaminacion_alta_NO2,contaminacion_alta_NO2,True,122,"904,488,392,112,568,837,127,259,674,374,495,571","0.243363,0.238966,0.233524,0.230404,0.220376,0.216597,0.211934,0.210061,0.209340,0.209051,0.206542,0.199553"
train,v5bpair_00600,ozono_anomalo,ozono_anomalo,True,122,"1,270,422,323,566,201,660,669,606,841,692,182","0.293862,0.259907,0.255018,0.247799,0.239086,0.226190,0.215069,0.210240,0.205156,0.196496,0.194866,0.188295"
train,v5bpair_00601,ozono_anomalo,ozono_anomalo,True,122,"974,773,870,541,1,270,432,692,182,444,669,691","0.307539,0.300685,0.283808,0.279607,0.279009,0.259332,0.254510,0.242817,0.223239,0.220593,0.217201,0.210580"
train,v5bpair_00605,contaminacion_alta_SO2,contaminacion_alta_SO2,True,122,"711,1019,269,692,167,791,510,721,386,905,476,472","0.293033,0.283298,0.246376,0.211575,0.209360,0.198586,0.195419,0.187362,0.184415,0.180568,0.179329,0.179088"
train,v5bpair_00606,vegetacion_densa,vegetacion_densa,True,122,"650,463,612,532,210,524,275,127,981,290,204,961","0.246754,0.225973,0.190664,0.188172,0.184624,0.184372,0.183948,0.181630,0.180952,0.179508,0.175669,0.171263"
train,v5bpair_00607,ozono_anomalo,ozono_anomalo,True,122,"251,669,270,660,323,606,1,531,960,432,218,541","0.257318,0.248829,0.234476,0.233198,0.229440,0.226763,0.219579,0.215189,0.207207,0.205182,0.204820,0.198280"
train,v5bpair_00608,vegetacion_densa,vegetacion_densa,True,122,"961,180,568,899,269,229,654,148,976,877,603,524","0.302297,0.287839,0.286418,0.234948,0.233677,0.232160,0.231715,0.231679,0.230637,0.225832,0.225183,0.225050"
train,v5bpair_00609,contaminacion_alta_SO2,contaminacion_alta_SO2,True,122,"49,904,837,709,476,998,432,259,945,132,786,485","0.269059,0.240617,0.222768,0.205555,0.203170,0.191805,0.185145,0.183851,0.180608,0.175145,0.174684,0.169738"
train,v5bpair_00610,contaminacion_alta_SO2,contaminacion_alta_SO2,True,122,"711,269,566,809,485,758,33,220,605,635,830,819","0.285752,0.279447,0.269399,0.265641,0.264295,0.264045,0.223935,0.223219,0.219503,0.206017,0.204942,0.196140"
train,v5bpair_00612,contaminacion_alta_SO2,contaminacion_alta_SO2,True,122,"711,809,1019,566,422,757,635,605,603,432,692,269","0.267931,0.222079,0.204804,0.204547,0.186684,0.185168,0.179923,0.172021,0.168070,0.166843,0.165854,0.163788"
train,v5bpair_00615,suelo_urbano,suelo_urbano,True,122,"442,251,582,899,652,379,317,411,5,606,942,391","0.237823,0.231688,0.230051,0.221915,0.217441,0.198599,0.193431,0.189970,0.185525,0.180007,0.175848,0.174000"
train,v5bpair_00616,contaminacion_alta_SO2,contaminacion_alta_SO2,True,122,"711,791,49,61,692,75,496,618,704,770,332,904","0.294040,0.271834,0.264904,0.262538,0.250391,0.235598,0.228378,0.222573,0.219059,0.213425,0.213206,0.205694"
train,v5bpair_00617,contaminacion_alta_SO2,contaminacion_alta_SO2,True,122,"998,248,711,904,332,75,49,485,554,841,91,709","0.307217,0.304972,0.297486,0.294157,0.270192,0.257612,0.256389,0.253736,0.246511,0.235550,0.235424,0.232154"
train,v5bpair_00618,contaminacion_alta_SO2,ozono_anomalo,False,122,"1,704,692,711,541,432,974,422,1019,280,285,191","0.299166,0.255456,0.246742,0.244607,0.244418,0.230491,0.213293,0.192415,0.191761,0.185931,0.181998,0.181083"
train,v5bpair_00620,vegetacion_densa,vegetacion_densa,True,122,"275,374,822,524,612,961,981,819,88,674,290,346","0.284790,0.266220,0.245019,0.229853,0.225689,0.220549,0.214855,0.211863,0.207987,0.205943,0.204727,0.197190"
train,v5bpair_00621,vegetacion_densa,vegetacion_densa,True,122,"269,674,275,961,612,88,981,524,996,576,219,605","0.445867,0.440079,0.421842,0.406296,0.384174,0.370588,0.358739,0.341126,0.327005,0.319868,0.317233,0.315374"
train,v5bpair_00622,suelo_urbano,suelo_urbano,True,122,"568,26,899,3,288,379,652,4,928,5,140,956","0.795274,0.620815,0.618844,0.616872,0.605910,0.551438,0.534374,0.533537,0.503932,0.500828,0.497323,0.494252"
train,v5bpair_00623,contaminacion_alta_NO2,contaminacion_alta_NO2,True,122,"429,442,959,133,158,377,541,620,106,836,708,350","0.193167,0.185510,0.183138,0.173256,0.158759,0.153707,0.153626,0.152492,0.152118,0.149638,0.143028,0.138295"
train,v5bpair_00625,ozono_anomalo,ozono_anomalo,True,122,"1,566,669,660,251,390,692,879,606,711,287,182","0.255033,0.243742,0.241068,0.227058,0.221515,0.219572,0.217721,0.216454,0.215171,0.213187,0.212836,0.203051"
train,v5bpair_00626,suelo_urbano,suelo_urbano,True,122,"3,652,379,928,568,26,5,53,288,442,350,552","0.667887,0.562324,0.558951,0.550264,0.542693,0.541719,0.485579,0.444418,0.432334,0.431021,0.424331,0.412189"
train,v5bpair_00628,contaminacion_alta_NO2,contaminacion_alta_NO2,True,122,"367,618,819,262,350,630,544,815,787,190,265,409","0.207624,0.206372,0.205608,0.199978,0.199199,0.190052,0.187318,0.183957,0.182598,0.170132,0.168718,0.166931"
train,v5bpair_00629,contaminacion_alta_SO2,contaminacion_alta_SO2,True,122,"711,791,692,758,566,49,952,1018,422,167,617,476","0.241618,0.213341,0.206535,0.184544,0.183418,0.180862,0.180360,0.171138,0.169071,0.166019,0.161765,0.158719"
train,v5bpair_00630,contaminacion_alta_SO2,contaminacion_alta_SO2,True,122,"49,904,709,711,770,259,721,485,837,786,75,998","0.289195,0.280493,0.269315,0.264094,0.243634,0.233811,0.222050,0.214997,0.212947,0.204755,0.200380,0.199115"
train,v5bpair_00631,suelo_urbano,suelo_urbano,True,122,"4,3,568,53,379,928,26,745,350,288,913,652","0.504412,0.491122,0.477014,0.476384,0.444729,0.427823,0.402868,0.390803,0.388333,0.367929,0.359040,0.355254"
train,v5bpair_00634,ozono_anomalo,ozono_anomalo,True,122,"692,747,1,46,531,960,251,432,455,974,201,346","0.271004,0.256105,0.253902,0.252845,0.251479,0.248067,0.245717,0.234854,0.227399,0.218470,0.215566,0.211958"
train,v5bpair_00635,contaminacion_alta_SO2,contaminacion_alta_SO2,True,122,"600,49,711,758,998,841,332,945,457,704,422,843","0.388826,0.386597,0.337657,0.322217,0.307345,0.292963,0.292365,0.284855,0.267469,0.265467,0.260357,0.253214"
train,v5bpair_00636,ozono_anomalo,ozono_anomalo,True,122,"1,606,978,692,974,182,239,251,660,444,711,541","0.334936,0.313029,0.288701,0.278979,0.274775,0.267173,0.263657,0.259822,0.258210,0.246817,0.242438,0.237346"
train,v5bpair_00637,ozono_anomalo,ozono_anomalo,True,122,"1,251,323,432,270,865,708,201,711,606,106,946","0.270942,0.255463,0.205900,0.205311,0.196104,0.190116,0.183707,0.183350,0.180268,0.176174,0.175498,0.174207"
train,v5bpair_00639,vegetacion_densa,vegetacion_densa,True,122,"346,583,837,524,269,605,534,355,681,830,612,143","0.257522,0.242949,0.215259,0.211850,0.208843,0.205164,0.204730,0.197627,0.197233,0.192368,0.189535,0.187819"
train,v5bpair_00640,vegetacion_densa,vegetacion_densa,True,122,"568,674,229,162,269,654,148,77,583,146,913,961","0.253032,0.206552,0.206111,0.204858,0.204769,0.172996,0.170553,0.168478,0.167602,0.163279,0.162815,0.159362"
train,v5bpair_00641,suelo_urbano,suelo_urbano,True,122,"140,442,568,913,3,652,53,379,4,956,228,928","0.391902,0.377863,0.369008,0.368487,0.352515,0.348984,0.340817,0.329014,0.316769,0.302732,0.298704,0.293731"
train,v5bpair_00643,vegetacion_densa,vegetacion_densa,True,122,"269,961,981,275,650,279,837,605,88,612,219,674","0.313301,0.309923,0.288051,0.273473,0.237611,0.237203,0.235448,0.234351,0.223024,0.220861,0.218914,0.215516"
train,v5bpair_00645,suelo_urbano,suelo_urbano,True,122,"711,692,568,552,379,3,582,747,899,956,390,583","0.345819,0.344176,0.315309,0.280206,0.277946,0.262289,0.253486,0.249015,0.243562,0.230117,0.226696,0.221450"
train,v5bpair_00647,suelo_urbano,suelo_urbano,True,122,"379,442,913,3,652,140,568,228,899,53,26,375","0.264115,0.262547,0.250456,0.243819,0.242343,0.236327,0.231924,0.229854,0.224529,0.216377,0.213495,0.209657"
train,v5bpair_00649,ozono_anomalo,ozono_anomalo,True,122,"583,269,830,1000,270,204,50,29,415,377,978,402","0.300500,0.292714,0.286030,0.276782,0.272158,0.260180,0.231471,0.214961,0.208541,0.206220,0.195505,0.195102"
train,v5bpair_00651,ozono_anomalo,ozono_anomalo,True,122,"669,323,182,350,745,377,660,317,541,5,408,836","0.335295,0.322953,0.313611,0.307662,0.302234,0.296427,0.289807,0.288204,0.279889,0.274676,0.259276,0.250811"
train,v5bpair_00652,contaminacion_alta_NO2,contaminacion_alta_NO2,True,122,"201,367,66,974,903,541,773,422,106,1,538,708","0.225638,0.218199,0.215675,0.213626,0.209894,0.195074,0.192007,0.175319,0.172694,0.172114,0.171191,0.154256"
train,v5bpair_00653,contaminacion_alta_NO2,contaminacion_alta_NO2,True,122,"591,630,262,819,618,815,429,417,158,350,834,367","0.264957,0.261827,0.214526,0.211274,0.209367,0.201803,0.191755,0.182783,0.179974,0.177889,0.176201,0.173189"
train,v5bpair_00655,suelo_urbano,suelo_urbano,True,122,"265,713,317,350,5,196,411,1012,988,815,8,652","0.299568,0.277254,0.235617,0.234442,0.226269,0.216254,0.212809,0.204102,0.203637,0.202515,0.199136,0.198454"
train,v5bpair_00657,vegetacion_densa,vegetacion_densa,True,122,"269,961,201,204,229,692,524,148,612,589,583,654","0.214440,0.210181,0.202806,0.200660,0.197545,0.195488,0.187383,0.186994,0.177931,0.176784,0.174908,0.172628"
train,v5bpair_00658,contaminacion_alta_NO2,contaminacion_alta_NO2,True,122,"262,367,836,220,630,591,265,429,213,76,190,350","0.169046,0.167004,0.166609,0.164766,0.150503,0.149465,0.146734,0.144606,0.141332,0.141221,0.140264,0.139053"
train,v5bpair_00659,vegetacion_densa,vegetacion_densa,True,122,"127,612,674,568,961,374,463,275,441,898,335,162","0.336387,0.328341,0.295997,0.290215,0.281971,0.276301,0.265323,0.260384,0.248358,0.235259,0.233654,0.232310"
train,v5bpair_00660,contaminacion_alta_NO2,contaminacion_alta_NO2,True,122,"367,745,262,156,220,836,350,630,442,703,541,548","0.276498,0.258467,0.247532,0.245075,0.233334,0.214012,0.213611,0.204058,0.201077,0.197290,0.186202,0.185616"
train,v5bpair_00663,ozono_anomalo,ozono_anomalo,True,122,"1,660,98,182,606,692,669,444,251,541,974,411","0.327454,0.326503,0.315037,0.314732,0.298622,0.278009,0.273439,0.261784,0.246242,0.239883,0.238537,0.234900"
train,v5bpair_00664,ozono_anomalo,ozono_anomalo,True,122,"1,692,606,1019,29,531,422,711,566,8,841,726","0.455454,0.438285,0.274774,0.269295,0.260290,0.243786,0.238811,0.237945,0.231780,0.229269,0.225852,0.219474"
train,v5bpair_00667,ozono_anomalo,ozono_anomalo,True,122,"29,691,974,546,541,669,612,660,773,463,896,210","0.270318,0.248083,0.244791,0.243168,0.230054,0.228812,0.224502,0.221786,0.207090,0.201079,0.197985,0.197454"
train,v5bpair_00668,ozono_anomalo,ozono_anomalo,True,122,"1,660,606,265,541,978,251,182,317,23,424,323","0.274642,0.237020,0.230745,0.214072,0.212464,0.202763,0.201673,0.183270,0.180388,0.180228,0.178287,0.177046"
train,v5bpair_00669,contaminacion_alta_NO2,contaminacion_alta_NO2,True,122,"600,618,998,350,265,544,417,950,713,705,1012,180","0.208157,0.191013,0.178948,0.170448,0.169843,0.160451,0.159966,0.146804,0.142092,0.141457,0.138374,0.138090"
train,v5bpair_00670,contaminacion_alta_NO2,contaminacion_alta_NO2,True,122,"220,429,367,868,591,630,815,600,758,544,359,618","0.263279,0.223072,0.214627,0.213736,0.208632,0.205457,0.197693,0.197153,0.179652,0.179190,0.174547,0.172682"
train,v5bpair_00673,contaminacion_alta_NO2,contaminacion_alta_NO2,True,122,"158,819,998,220,485,275,706,877,180,417,959,926","0.201613,0.181126,0.166984,0.165833,0.156940,0.153536,0.152790,0.147380,0.144820,0.143124,0.139639,0.138878"
train,v5bpair_00674,contaminacion_alta_NO2,contaminacion_alta_NO2,True,122,"118,1006,576,1012,883,158,929,618,335,834,620,959","0.299140,0.268241,0.262697,0.249911,0.234330,0.229331,0.223800,0.217126,0.214492,0.213421,0.210336,0.205024"
train,v5bpair_00675,contaminacion_alta_SO2,contaminacion_alta_SO2,True,122,"277,324,238,291,654,648,1017,837,63,262,14,269","0.289397,0.287958,0.275779,0.272752,0.267061,0.246750,0.231988,0.227591,0.218831,0.204986,0.201804,0.201381"
train,v5bpair_00680,ozono_anomalo,ozono_anomalo,True,122,"541,251,182,606,974,455,1,669,98,960,946,317","0.403560,0.345016,0.336087,0.336045,0.327924,0.315686,0.310902,0.308886,0.302520,0.288837,0.282961,0.274933"
train,v5bpair_00683,vegetacion_densa,vegetacion_densa,True,122,"612,269,583,204,148,961,229,162,275,88,291,605","0.318547,0.313137,0.308435,0.301765,0.285452,0.279167,0.272965,0.271505,0.258859,0.256613,0.253833,0.249640"
train,v5bpair_00685,contaminacion_alta_NO2,contaminacion_alta_NO2,True,122,"42,903,422,603,998,757,915,974,699,600,909,66","0.270250,0.253302,0.247990,0.239277,0.239221,0.238393,0.212749,0.208332,0.207239,0.203107,0.202627,0.184867"
train,v5bpair_00686,vegetacion_densa,vegetacion_densa,True,122,"612,14,346,275,463,961,524,162,674,654,251,127","0.269227,0.242721,0.229705,0.226946,0.224245,0.221619,0.207708,0.202712,0.196781,0.195404,0.190157,0.188723"
train,v5bpair_00687,contaminacion_alta_SO2,contaminacion_alta_SO2,True,122,"758,772,530,485,780,513,220,414,23,321,191,998","0.238970,0.210419,0.209410,0.197074,0.195576,0.195509,0.194616,0.189713,0.184346,0.178536,0.178077,0.169152"
train,v5bpair_00688,ozono_anomalo,ozono_anomalo,True,122,"1,660,669,239,692,321,974,201,530,879,191,66","0.437741,0.377071,0.350895,0.265427,0.251819,0.246977,0.243135,0.234345,0.230839,0.228949,0.227968,0.227937"
train,v5bpair_00690,vegetacion_densa,vegetacion_densa,True,122,"269,204,524,275,981,229,583,961,463,605,270,612","0.376109,0.323346,0.279985,0.259528,0.255249,0.250430,0.239971,0.221125,0.207932,0.206907,0.205623,0.196200"
train,v5bpair_00691,ozono_anomalo,ozono_anomalo,True,122,"947,660,275,587,477,1,917,76,546,323,706,530","0.289860,0.283455,0.254908,0.254169,0.252896,0.252636,0.246222,0.239442,0.238136,0.236420,0.229100,0.228149"
train,v5bpair_00692,contaminacion_alta_SO2,contaminacion_alta_SO2,True,122,"711,603,566,1,692,661,758,887,809,757,220,422","0.278526,0.278035,0.246785,0.215750,0.209592,0.206168,0.204245,0.200573,0.197883,0.193145,0.190882,0.182139"
train,v5bpair_00693,suelo_urbano,suelo_urbano,True,122,"568,26,899,3,4,350,861,379,5,375,397,140","0.646442,0.608795,0.598388,0.555378,0.533092,0.500943,0.494877,0.446641,0.427864,0.427675,0.426829,0.415426"
train,v5bpair_00694,ozono_anomalo,ozono_anomalo,True,122,"692,188,182,444,711,1,909,411,29,3,379,66","0.305008,0.294194,0.288741,0.271907,0.267906,0.266219,0.262399,0.257266,0.256171,0.251005,0.240213,0.240049"
train,v5bpair_00695,contaminacion_alta_SO2,contaminacion_alta_SO2,True,122,"711,692,269,432,416,1019,810,379,476,524,552,639","0.261110,0.230371,0.210152,0.190739,0.187673,0.184282,0.180162,0.176741,0.175856,0.161667,0.161134,0.160121"
train,v5bpair_00696,vegetacion_densa,vegetacion_densa,True,122,"612,524,568,650,204,275,655,374,355,837,794,392","0.313369,0.252733,0.248269,0.243862,0.243249,0.232933,0.225735,0.212093,0.204962,0.201045,0.197793,0.196262"
train,v5bpair_00699,suelo_urbano,suelo_urbano,True,122,"190,350,787,4,618,442,657,651,713,759,317,1012","0.303451,0.294900,0.263822,0.259150,0.248948,0.237290,0.234592,0.234025,0.224586,0.224178,0.217422,0.212547"
train,v5bpair_00700,contaminacion_alta_NO2,contaminacion_alta_NO2,True,122,"262,429,868,367,591,52,218,350,530,323,896,220","0.251794,0.245217,0.212593,0.195940,0.189736,0.178166,0.177076,0.173273,0.172663,0.166483,0.162314,0.162104"
train,v5bpair_00705,contaminacion_alta_NO2,contaminacion_alta_NO2,True,122,"429,541,765,37,708,133,622,323,262,505,669,455","0.238087,0.199707,0.169457,0.158008,0.156668,0.155348,0.149770,0.149626,0.146919,0.140949,0.139526,0.139097"
train,v5bpair_00708,contaminacion_alta_SO2,contaminacion_alta_SO2,True,122,"49,709,758,476,903,998,485,837,554,600,492,566","0.272222,0.263028,0.233909,0.220159,0.214308,0.210324,0.208234,0.202751,0.202399,0.200064,0.182251,0.180671"
train,v5bpair_00709,contaminacion_alta_SO2,contaminacion_alta_SO2,True,122,"101,600,375,379,127,105,1006,220,758,426,332,711","0.252323,0.215834,0.186106,0.182957,0.181035,0.179570,0.177943,0.176346,0.170418,0.167096,0.161293,0.160513"
train,v5bpair_00710,ozono_anomalo,ozono_anomalo,True,122,"1,432,270,747,974,606,541,669,531,692,98,269","0.270476,0.269851,0.258588,0.241743,0.237922,0.231397,0.222929,0.213341,0.207584,0.203329,0.198177,0.195476"
train,v5bpair_00711,ozono_anomalo,ozono_anomalo,True,122,"606,978,588,1,780,841,836,773,8,692,711,270","0.311010,0.310505,0.282145,0.277957,0.245064,0.234546,0.233335,0.214830,0.214699,0.212544,0.207376,0.205283"
train,v5bpair_00712,contaminacion_alta_NO2,contaminacion_alta_NO2,True,122,"367,220,323,883,745,630,350,548,37,591,602,317","0.274603,0.256066,0.253147,0.251274,0.243868,0.225868,0.216694,0.212601,0.198755,0.195294,0.190534,0.185536"
train,v5bpair_00713,vegetacion_densa,vegetacion_densa,True,122,"961,215,877,996,148,269,277,534,380,291,654,643","0.347058,0.328188,0.280991,0.271208,0.254251,0.251845,0.223657,0.217807,0.215638,0.215603,0.213419,0.204699"
train,v5bpair_00714,contaminacion_alta_NO2,contaminacion_alta_NO2,True,122,"541,974,739,704,285,145,49,642,580,80,259,336","0.273804,0.270435,0.257165,0.237546,0.234200,0.222571,0.222081,0.206163,0.203351,0.202143,0.198021,0.195267"
train,v5bpair_00715,contaminacion_alta_NO2,contaminacion_alta_NO2,True,122,"262,417,618,819,350,787,591,1012,926,815,651,220","0.260773,0.241947,0.227384,0.204918,0.192058,0.187807,0.187328,0.185160,0.157459,0.156821,0.148884,0.148801"
train,v5bpair_00716,suelo_urbano,suelo_urbano,True,122,"3,928,379,568,652,288,26,5,53,442,913,350","0.713514,0.674495,0.625139,0.616499,0.614387,0.586489,0.540721,0.539966,0.510818,0.488030,0.481156,0.468105"
train,v5bpair_00717,contaminacion_alta_NO2,contaminacion_alta_NO2,True,122,"618,417,819,262,530,591,787,926,669,220,189,350","0.213934,0.202987,0.188681,0.185490,0.173369,0.172548,0.170664,0.168588,0.164154,0.146709,0.145955,0.145820"
train,v5bpair_00718,ozono_anomalo,contaminacion_alta_SO2,False,122,"711,1019,566,1,692,809,603,422,432,909,269,588","0.354996,0.338600,0.323487,0.310931,0.291391,0.261381,0.247314,0.246155,0.244604,0.231913,0.231707,0.225894"
train,v5bpair_00720,contaminacion_alta_SO2,contaminacion_alta_SO2,True,122,"711,709,692,49,1019,259,510,386,904,704,321,485","0.307379,0.270442,0.267994,0.253212,0.249329,0.241313,0.240844,0.239434,0.233845,0.226528,0.222849,0.222392"
train,v5bpair_00721,suelo_urbano,suelo_urbano,True,122,"568,928,379,288,3,652,899,5,26,956,442,53","0.711127,0.669449,0.648895,0.647640,0.625812,0.577728,0.517178,0.511978,0.506502,0.483407,0.476097,0.472961"
train,v5bpair_00722,suelo_urbano,suelo_urbano,True,122,"265,343,317,3,713,350,411,899,568,5,442,345","0.243865,0.235959,0.219955,0.215008,0.211085,0.192627,0.190869,0.188861,0.188448,0.180245,0.171830,0.162650"
train,v5bpair_00723,vegetacion_densa,vegetacion_densa,True,122,"976,229,961,568,655,650,127,269,374,612,529,654","0.276716,0.232075,0.221749,0.211550,0.211218,0.201193,0.198967,0.195548,0.195323,0.194580,0.192229,0.191362"
train,v5bpair_00724,suelo_urbano,suelo_urbano,True,122,"568,26,379,3,53,442,140,899,4,375,652,350","0.534314,0.515577,0.462493,0.434859,0.423104,0.420245,0.417067,0.400102,0.374466,0.370689,0.365921,0.343850"
train,v5bpair_00725,contaminacion_alta_NO2,contaminacion_alta_NO2,True,122,"220,262,819,367,913,3,228,417,591,630,745,618","0.221396,0.194828,0.193357,0.191040,0.185163,0.173158,0.173141,0.171763,0.168340,0.161905,0.154873,0.149561"
train,v5bpair_00727,suelo_urbano,suelo_urbano,True,122,"350,618,4,317,713,731,899,787,5,265,411,3","0.299990,0.271910,0.264491,0.237541,0.212991,0.212147,0.206978,0.205274,0.203223,0.200663,0.200186,0.192993"
train,v5bpair_00729,vegetacion_densa,vegetacion_densa,True,122,"127,961,534,162,229,579,169,375,877,1017,251,1006","0.254979,0.240043,0.232727,0.229358,0.223739,0.221651,0.215936,0.209009,0.205560,0.203762,0.194897,0.188282"
train,v5bpair_00730,contaminacion_alta_NO2,contaminacion_alta_NO2,True,122,"669,262,926,323,660,220,417,321,745,282,377,408","0.255073,0.245348,0.235455,0.232973,0.226004,0.224150,0.220931,0.220393,0.214248,0.199195,0.192923,0.188816"
train,v5bpair_00732,vegetacion_densa,vegetacion_densa,True,122,"269,534,655,275,219,650,961,674,605,898,568,583","0.369592,0.343823,0.323025,0.319085,0.316162,0.311083,0.307072,0.303901,0.299278,0.262004,0.255649,0.251180"
train,v5bpair_00733,contaminacion_alta_SO2,contaminacion_alta_SO2,True,122,"692,1019,791,711,1,269,904,14,510,989,167,476","0.347723,0.284277,0.275568,0.273031,0.256730,0.239955,0.229685,0.227405,0.206125,0.200816,0.198182,0.197756"
train,v5bpair_00736,contaminacion_alta_SO2,contaminacion_alta_SO2,True,122,"711,1019,566,1,692,809,603,422,432,909,269,588","0.354996,0.338600,0.323487,0.310931,0.291391,0.261381,0.247314,0.246155,0.244604,0.231913,0.231707,0.225894"
train,v5bpair_00737,contaminacion_alta_SO2,contaminacion_alta_SO2,True,122,"758,23,220,530,998,780,485,1,711,424,321,591","0.226281,0.217697,0.214432,0.213304,0.212246,0.188418,0.184296,0.182849,0.177309,0.176518,0.173252,0.156063"
train,v5bpair_00740,contaminacion_alta_NO2,contaminacion_alta_NO2,True,122,"350,669,454,429,323,5,442,294,582,718,868,417","0.265923,0.210574,0.208142,0.206249,0.188813,0.188467,0.178603,0.177990,0.172891,0.169076,0.168552,0.167185"
train,v5bpair_00744,suelo_urbano,suelo_urbano,True,122,"4,568,442,3,652,140,379,913,899,228,53,956","0.342817,0.341272,0.339839,0.324628,0.307216,0.307207,0.306913,0.278266,0.254914,0.254023,0.253202,0.238455"
train,v5bpair_00745,contaminacion_alta_NO2,contaminacion_alta_NO2,True,122,"541,367,423,127,293,291,429,739,836,133,201,974","0.270839,0.266493,0.204061,0.192752,0.191661,0.184494,0.181081,0.178543,0.176705,0.174692,0.173464,0.172364"
train,v5bpair_00746,contaminacion_alta_SO2,contaminacion_alta_SO2,True,122,"603,269,321,1,711,692,605,1019,566,757,961,202","0.218422,0.210776,0.201292,0.197010,0.194567,0.191735,0.177260,0.177185,0.173870,0.170968,0.159535,0.158468"
train,v5bpair_00749,suelo_urbano,suelo_urbano,True,122,"568,956,4,899,140,913,3,442,379,652,350,756","0.455208,0.372326,0.363586,0.354410,0.352526,0.342719,0.329430,0.319591,0.313347,0.298176,0.290665,0.289694"
train,v5bpair_00751,contaminacion_alta_SO2,contaminacion_alta_SO2,True,122,"711,791,49,709,510,191,692,936,758,75,386,770","0.296552,0.251310,0.234685,0.224703,0.221587,0.217185,0.216462,0.206575,0.204756,0.202431,0.198339,0.197591"
train,v5bpair_00752,vegetacion_densa,vegetacion_densa,True,122,"961,269,275,204,612,277,229,952,524,583,346,88","0.279260,0.263467,0.255975,0.239049,0.232298,0.218027,0.215057,0.206662,0.198246,0.192668,0.192189,0.191515"
train,v5bpair_00753,vegetacion_densa,vegetacion_densa,True,122,"905,635,49,770,135,485,805,75,517,650,848,534","0.253336,0.243542,0.236142,0.221938,0.220095,0.201365,0.178453,0.175377,0.173965,0.170262,0.170084,0.168566"
train,v5bpair_00754,ozono_anomalo,ozono_anomalo,True,122,"669,541,1,974,388,201,960,606,182,432,323,402","0.290665,0.265227,0.228498,0.221723,0.220686,0.211795,0.210458,0.205561,0.204818,0.194298,0.185723,0.184053"
train,v5bpair_00755,contaminacion_alta_SO2,contaminacion_alta_SO2,True,122,"220,780,758,23,530,248,513,213,321,424,1018,37","0.265407,0.262484,0.238475,0.235130,0.228454,0.216584,0.214455,0.210909,0.205177,0.197766,0.192347,0.184950"
train,v5bpair_00756,contaminacion_alta_NO2,ozono_anomalo,False,122,"660,377,201,541,669,990,978,321,270,538,974,293","0.292366,0.288093,0.280413,0.262416,0.259286,0.236741,0.221561,0.220198,0.218409,0.212006,0.200749,0.199715"
train,v5bpair_00757,vegetacion_densa,vegetacion_densa,True,122,"650,275,269,605,204,898,279,981,655,961,837,219","0.351828,0.341621,0.287581,0.280285,0.280281,0.258065,0.257283,0.254717,0.248792,0.248514,0.245415,0.242111"
train,v5bpair_00758,contaminacion_alta_NO2,contaminacion_alta_NO2,True,122,"745,4,350,915,674,335,836,548,904,685,618,879","0.267550,0.238013,0.237462,0.225324,0.212179,0.207076,0.184016,0.182730,0.179122,0.166134,0.162033,0.159053"
train,v5bpair_00759,contaminacion_alta_SO2,contaminacion_alta_SO2,True,122,"661,1019,1,711,692,456,841,457,566,905,269,167","0.222056,0.221189,0.201943,0.195202,0.188302,0.184270,0.183525,0.182636,0.179584,0.173817,0.173487,0.168597"
train,v5bpair_00760,contaminacion_alta_NO2,contaminacion_alta_NO2,True,122,"591,367,158,220,429,834,630,819,23,815,262,868","0.277760,0.262997,0.237834,0.234135,0.217236,0.216508,0.215531,0.213463,0.205194,0.190077,0.188127,0.187618"
train,v5bpair_00761,vegetacion_densa,vegetacion_densa,True,122,"275,650,194,524,612,961,794,605,568,915,204,674","0.362549,0.342000,0.313545,0.302420,0.284578,0.272764,0.271025,0.270918,0.268213,0.259851,0.259474,0.254921"
train,v5bpair_00762,ozono_anomalo,ozono_anomalo,True,122,"46,432,541,974,960,606,251,1,836,218,106,650","0.322513,0.316475,0.290517,0.268509,0.266456,0.249070,0.248833,0.230125,0.223971,0.220073,0.216488,0.195089"
train,v5bpair_00763,contaminacion_alta_NO2,contaminacion_alta_NO2,True,122,"618,262,350,904,630,782,651,317,819,4,152,731","0.239310,0.229683,0.212310,0.194423,0.182773,0.179804,0.178106,0.175026,0.170294,0.162081,0.161343,0.161146"
train,v5bpair_00764,suelo_urbano,suelo_urbano,True,122,"928,3,288,652,568,26,5,379,442,913,867,53","0.639031,0.585732,0.561637,0.551754,0.539336,0.482017,0.478928,0.476911,0.473610,0.468761,0.447534,0.445694"
train,v5bpair_00769,contaminacion_alta_NO2,contaminacion_alta_NO2,True,122,"367,836,600,541,151,429,697,685,485,538,974,262","0.282192,0.264954,0.245916,0.241910,0.231728,0.231258,0.227962,0.209944,0.206272,0.204948,0.202231,0.199834"
train,v5bpair_00771,contaminacion_alta_SO2,contaminacion_alta_SO2,True,122,"711,709,757,23,485,554,426,600,492,692,936,929","0.266244,0.225388,0.218268,0.214026,0.210806,0.210235,0.206491,0.198743,0.194921,0.178590,0.175596,0.164050"
train,v5bpair_00772,contaminacion_alta_SO2,contaminacion_alta_SO2,True,122,"711,709,600,422,1,692,758,998,635,909,386,757","0.318780,0.254072,0.253110,0.241560,0.237937,0.234233,0.226950,0.210411,0.195359,0.190988,0.190763,0.189887"
train,v5bpair_00776,vegetacion_densa,vegetacion_densa,True,122,"291,269,612,275,229,605,961,681,830,148,650,898","0.294046,0.285086,0.277612,0.261498,0.257584,0.252042,0.247779,0.241531,0.216038,0.211465,0.196050,0.194459"
train,v5bpair_00778,suelo_urbano,suelo_urbano,True,122,"568,379,140,899,288,442,652,3,956,265,4,375","0.436967,0.385544,0.373470,0.332279,0.329264,0.323929,0.319109,0.316004,0.310779,0.303825,0.299119,0.292132"
train,v5bpair_00779,contaminacion_alta_NO2,contaminacion_alta_NO2,True,122,"127,541,415,830,603,112,974,1006,4,745,182,187","0.228987,0.168616,0.159888,0.153549,0.153123,0.152987,0.140272,0.136847,0.133545,0.133205,0.130301,0.129855"
train,v5bpair_00780,contaminacion_alta_NO2,contaminacion_alta_NO2,True,122,"367,998,151,220,23,485,708,758,600,321,709,158","0.230335,0.188113,0.181833,0.179503,0.177854,0.175717,0.165664,0.165661,0.164252,0.152838,0.151753,0.151548"
train,v5bpair_00781,ozono_anomalo,ozono_anomalo,True,122,"660,182,669,323,990,377,882,98,228,978,239,317","0.296800,0.244241,0.241892,0.240431,0.219237,0.207418,0.203580,0.201164,0.195935,0.195432,0.194737,0.189252"
train,v5bpair_00782,contaminacion_alta_NO2,contaminacion_alta_NO2,True,122,"819,998,591,417,158,220,618,633,913,367,275,23","0.237694,0.224142,0.209749,0.209499,0.207227,0.201848,0.183922,0.183110,0.181799,0.173404,0.171494,0.164006"
train,v5bpair_00783,contaminacion_alta_SO2,contaminacion_alta_SO2,True,122,"23,709,998,600,554,485,1018,513,386,711,571,248","0.293591,0.270529,0.268599,0.267789,0.228901,0.228277,0.209240,0.206625,0.205506,0.204651,0.200709,0.198097"
train,v5bpair_00785,ozono_anomalo,ozono_anomalo,True,122,"1,669,692,182,606,566,377,841,388,323,978,350","0.357995,0.336547,0.319123,0.303611,0.281556,0.265499,0.265165,0.242872,0.242134,0.238868,0.233650,0.226855"
train,v5bpair_00786,suelo_urbano,suelo_urbano,True,122,"355,1008,379,262,350,568,913,265,882,652,409,442","0.231372,0.231200,0.218771,0.211095,0.207168,0.201596,0.196315,0.191409,0.189500,0.186546,0.184198,0.182780"
train,v5bpair_00787,vegetacion_densa,vegetacion_densa,True,122,"830,204,269,612,674,277,605,681,133,229,566,148","0.242206,0.239609,0.238058,0.211883,0.211278,0.201893,0.192022,0.190220,0.190122,0.185511,0.179161,0.174689"
train,v5bpair_00793,suelo_urbano,suelo_urbano,True,122,"711,411,442,61,454,618,978,3,942,496,532,692","0.286954,0.285571,0.259808,0.256658,0.234613,0.223121,0.218178,0.198702,0.189733,0.179756,0.177590,0.176729"
train,v5bpair_00795,vegetacion_densa,vegetacion_densa,True,122,"346,534,135,905,456,39,805,961,269,848,616,681","0.279386,0.261674,0.254907,0.252547,0.236304,0.227447,0.227193,0.218552,0.217564,0.208044,0.203779,0.201543"
train,v5bpair_00796,suelo_urbano,suelo_urbano,True,122,"3,411,343,265,669,317,899,5,713,621,988,140","0.289372,0.255146,0.253333,0.240318,0.232254,0.220434,0.215380,0.206092,0.201735,0.194973,0.192387,0.187355"
train,v5bpair_00797,vegetacion_densa,vegetacion_densa,True,122,"269,275,674,961,219,898,524,88,589,346,981,612","0.494330,0.419185,0.365425,0.341795,0.328379,0.320182,0.309092,0.308483,0.301252,0.295921,0.291942,0.286771"
train,v5bpair_00798,contaminacion_alta_NO2,contaminacion_alta_NO2,True,122,"359,787,190,429,618,367,417,630,651,591,345,409","0.197140,0.185720,0.172721,0.170681,0.169050,0.162983,0.150090,0.149247,0.149136,0.147776,0.147655,0.144981"
train,v5bpair_00801,ozono_anomalo,ozono_anomalo,True,122,"323,182,317,745,606,660,669,652,1,265,220,3","0.327024,0.277538,0.272818,0.242964,0.240366,0.233091,0.229494,0.227261,0.225725,0.223549,0.213837,0.209693"
train,v5bpair_00802,suelo_urbano,suelo_urbano,True,122,"899,600,63,568,375,3,1012,140,544,758,496,442","0.286420,0.242312,0.237639,0.228013,0.227833,0.227692,0.224865,0.209245,0.199774,0.199445,0.199105,0.196954"
train,v5bpair_00803,suelo_urbano,suelo_urbano,True,122,"713,4,3,140,899,350,343,317,621,562,988,1012","0.239986,0.238152,0.233434,0.229107,0.222958,0.199267,0.195725,0.194333,0.193494,0.186436,0.185724,0.184613"
train,v5bpair_00804,contaminacion_alta_NO2,contaminacion_alta_NO2,True,122,"904,201,974,145,541,182,745,377,827,4,538,106","0.227071,0.223622,0.214021,0.207302,0.195170,0.193080,0.179738,0.177600,0.176408,0.171919,0.171593,0.170367"
train,v5bpair_00805,contaminacion_alta_NO2,contaminacion_alta_NO2,True,122,"915,745,220,998,367,674,544,265,667,868,1012,350","0.238819,0.227393,0.209299,0.198736,0.198350,0.198052,0.192292,0.182648,0.179825,0.179745,0.179426,0.179122"
train,v5bpair_00808,contaminacion_alta_NO2,contaminacion_alta_SO2,False,122,"603,111,887,855,220,763,961,20,600,709,757,998","0.331489,0.279904,0.276927,0.273092,0.268522,0.247595,0.246725,0.236879,0.230794,0.227544,0.225422,0.223929"
train,v5bpair_00810,contaminacion_alta_NO2,contaminacion_alta_NO2,True,122,"541,4,248,538,660,600,377,106,577,640,669,622","0.271110,0.231895,0.215735,0.209387,0.205913,0.203846,0.199382,0.194159,0.189869,0.188445,0.186453,0.183712"
train,v5bpair_00811,vegetacion_densa,vegetacion_densa,True,122,"819,269,961,612,204,605,88,275,830,39,255,624","0.268921,0.266506,0.260156,0.247503,0.234816,0.232985,0.226242,0.221026,0.217865,0.212069,0.201814,0.196481"
train,v5bpair_00812,contaminacion_alta_SO2,contaminacion_alta_SO2,True,122,"758,998,23,220,485,1,1018,780,530,321,191,860","0.272855,0.249600,0.244216,0.237490,0.211429,0.208055,0.197698,0.197263,0.189430,0.187366,0.181845,0.179235"
train,v5bpair_00814,contaminacion_alta_NO2,contaminacion_alta_NO2,True,122,"541,127,669,488,538,904,745,974,201,423,4,252","0.275427,0.199438,0.195122,0.190372,0.189750,0.188292,0.182491,0.181787,0.180559,0.167281,0.165016,0.160772"
train,v5bpair_00815,suelo_urbano,suelo_urbano,True,122,"711,26,61,758,375,600,140,899,5,568,49,53","0.357770,0.330489,0.297600,0.296816,0.284381,0.271689,0.265878,0.259019,0.255205,0.245623,0.239626,0.237896"
train,v5bpair_00816,contaminacion_alta_NO2,contaminacion_alta_NO2,True,122,"600,515,635,883,709,998,367,959,332,633,536,1006","0.287530,0.264357,0.255624,0.248765,0.234137,0.228761,0.227648,0.219044,0.217977,0.214254,0.212705,0.204308"
train,v5bpair_00817,vegetacion_densa,vegetacion_densa,True,122,"269,612,275,346,830,952,143,650,816,210,193,837","0.209129,0.199396,0.199131,0.194449,0.188778,0.185346,0.174060,0.173919,0.166018,0.154866,0.154705,0.150395"
train,v5bpair_00819,contaminacion_alta_NO2,contaminacion_alta_NO2,True,122,"819,190,544,367,787,409,618,998,220,591,158,651","0.181461,0.173574,0.171702,0.165215,0.153723,0.150150,0.149214,0.145623,0.142605,0.142429,0.141057,0.140893"
train,v5bpair_00822,ozono_anomalo,ozono_anomalo,True,122,"669,270,830,660,1,269,583,29,377,978,566,1019","0.296683,0.294573,0.277546,0.253088,0.237790,0.236780,0.229610,0.214768,0.213044,0.207265,0.203457,0.203070"
train,v5bpair_00823,contaminacion_alta_NO2,contaminacion_alta_NO2,True,122,"712,367,600,23,515,158,591,883,127,576,105,819","0.286177,0.258292,0.246913,0.240062,0.225159,0.223822,0.200961,0.200907,0.198979,0.198887,0.197325,0.194048"
train,v5bpair_00824,contaminacion_alta_SO2,contaminacion_alta_SO2,True,122,"23,220,367,591,758,998,780,429,513,600,1018,545","0.296573,0.278212,0.275872,0.255577,0.236161,0.213307,0.213091,0.205029,0.203860,0.201338,0.193659,0.192852"
train,v5bpair_00827,vegetacion_densa,vegetacion_densa,True,122,"674,219,269,524,275,335,612,961,534,617,441,346","0.346932,0.335986,0.334439,0.332494,0.323036,0.320244,0.320037,0.303333,0.287889,0.282667,0.282328,0.260041"
train,v5bpair_00829,vegetacion_densa,vegetacion_densa,True,122,"269,961,346,674,335,534,617,566,127,219,524,355","0.268909,0.255900,0.253586,0.249635,0.235557,0.217450,0.209425,0.207297,0.199232,0.198584,0.198065,0.194663"
train,v5bpair_00830,ozono_anomalo,ozono_anomalo,True,122,"1,606,251,692,757,541,424,455,960,879,432,323","0.378163,0.312806,0.302997,0.237811,0.236670,0.224128,0.220451,0.216917,0.215274,0.212487,0.206224,0.203645"
train,v5bpair_00831,contaminacion_alta_SO2,contaminacion_alta_SO2,True,122,"580,269,113,605,259,593,566,584,341,987,1000,432","0.289034,0.263276,0.251353,0.234840,0.220741,0.220600,0.218402,0.212372,0.201754,0.198571,0.195968,0.192904"
train,v5bpair_00833,vegetacion_densa,vegetacion_densa,True,122,"269,605,275,204,524,566,229,432,612,650,583,961","0.401307,0.365213,0.340659,0.316734,0.310914,0.287911,0.275943,0.263603,0.257844,0.256530,0.252772,0.245667"
train,v5bpair_00834,contaminacion_alta_NO2,contaminacion_alta_NO2,True,122,"220,367,158,576,23,377,600,745,108,712,834,591","0.258375,0.249114,0.237781,0.232092,0.228232,0.228025,0.226712,0.225258,0.215595,0.193827,0.192301,0.189532"
train,v5bpair_00835,contaminacion_alta_SO2,contaminacion_alta_SO2,True,122,"1,1019,758,711,692,566,422,841,909,191,49,809","0.338043,0.309671,0.307695,0.299953,0.282585,0.278683,0.261053,0.237064,0.231064,0.228405,0.217445,0.217089"
train,v5bpair_00837,ozono_anomalo,ozono_anomalo,True,122,"182,669,974,321,1000,660,546,980,978,566,624,830","0.271034,0.268359,0.267808,0.245488,0.241200,0.226350,0.214278,0.188015,0.187272,0.187012,0.183233,0.176856"
train,v5bpair_00838,vegetacion_densa,vegetacion_densa,True,122,"335,210,534,998,275,961,674,346,971,566,39,374","0.284750,0.245492,0.225472,0.220897,0.211206,0.204099,0.202941,0.199331,0.190512,0.188318,0.183265,0.182814"
train,v5bpair_00839,ozono_anomalo,ozono_anomalo,True,122,"323,660,669,182,541,377,317,350,408,745,1,606","0.372674,0.369654,0.341687,0.331396,0.325683,0.294368,0.286592,0.281575,0.277173,0.272652,0.266028,0.265466"
train,v5bpair_00843,ozono_anomalo,ozono_anomalo,True,122,"251,379,442,228,669,415,703,913,978,313,323,541","0.190612,0.187012,0.175320,0.170106,0.167667,0.166222,0.156719,0.153951,0.152024,0.146304,0.144289,0.141018"
train,v5bpair_00846,suelo_urbano,suelo_urbano,True,122,"568,3,379,26,913,899,652,861,375,140,524,4","0.570721,0.496678,0.495346,0.439728,0.400386,0.388589,0.379019,0.374744,0.372897,0.368084,0.349957,0.336206"
train,v5bpair_00848,vegetacion_densa,vegetacion_densa,True,122,"961,204,269,275,229,794,612,981,568,524,877,639","0.280183,0.245700,0.238872,0.230223,0.216008,0.207204,0.201219,0.196398,0.186332,0.179125,0.177766,0.172661"
train,v5bpair_00849,contaminacion_alta_NO2,contaminacion_alta_NO2,True,122,"974,106,838,423,127,732,830,686,269,541,175,600","0.204450,0.195289,0.190701,0.190093,0.183328,0.178079,0.177753,0.174427,0.168525,0.166856,0.155416,0.155284"
train,v5bpair_00852,suelo_urbano,suelo_urbano,True,122,"568,379,3,928,288,652,5,4,26,899,442,350","0.593805,0.562749,0.560407,0.559957,0.523859,0.523613,0.472032,0.463064,0.436989,0.435147,0.428357,0.427637"
train,v5bpair_00853,contaminacion_alta_SO2,contaminacion_alta_SO2,True,122,"721,772,617,386,566,791,147,711,903,432,49,837","0.229426,0.218562,0.216817,0.202555,0.198646,0.180164,0.177330,0.175992,0.174490,0.172371,0.170987,0.167629"
train,v5bpair_00855,ozono_anomalo,ozono_anomalo,True,122,"669,541,106,270,1,974,546,377,182,660,29,201","0.321731,0.293781,0.267658,0.258321,0.258208,0.257531,0.240120,0.232097,0.218432,0.217090,0.216954,0.201499"
train,v5bpair_00856,contaminacion_alta_SO2,contaminacion_alta_SO2,True,122,"429,101,763,277,291,573,147,877,711,204,205,635","0.240896,0.236080,0.232434,0.215370,0.214470,0.211491,0.210505,0.192428,0.191487,0.186424,0.184450,0.180865"
train,v5bpair_00858,suelo_urbano,suelo_urbano,True,122,"568,3,379,288,652,928,899,26,5,524,397,583","0.553436,0.470336,0.470142,0.417877,0.412436,0.402136,0.389198,0.384471,0.375685,0.374765,0.361906,0.351478"
train,v5bpair_00859,suelo_urbano,suelo_urbano,True,122,"568,3,928,379,288,26,956,652,5,913,375,53","0.784919,0.624717,0.573312,0.570530,0.553476,0.552379,0.529818,0.492866,0.492239,0.486147,0.477260,0.474168"
train,v5bpair_00860,contaminacion_alta_NO2,contaminacion_alta_NO2,True,122,"367,745,262,868,156,576,622,220,819,8,277,630","0.277939,0.238400,0.233469,0.232428,0.212698,0.196808,0.195027,0.189840,0.182525,0.182145,0.182073,0.176501"
train,v5bpair_00861,suelo_urbano,suelo_urbano,True,122,"928,3,652,288,568,379,26,5,442,913,53,867","0.839822,0.784245,0.732562,0.731713,0.731407,0.662468,0.615038,0.599640,0.541417,0.535829,0.520968,0.520206"
train,v5bpair_00862,contaminacion_alta_SO2,contaminacion_alta_SO2,True,122,"603,111,887,855,220,763,961,20,600,709,757,998","0.331489,0.279904,0.276927,0.273092,0.268522,0.247595,0.246725,0.236879,0.230794,0.227544,0.225422,0.223929"
train,v5bpair_00863,suelo_urbano,suelo_urbano,True,122,"568,26,899,4,3,350,140,861,652,375,288,928","0.651427,0.567180,0.566349,0.556238,0.511783,0.487709,0.481962,0.472643,0.412995,0.405676,0.401958,0.391438"
train,v5bpair_00867,suelo_urbano,suelo_urbano,True,122,"568,288,652,928,3,5,379,524,26,350,397,956","0.499865,0.494345,0.453802,0.445770,0.444921,0.421703,0.417936,0.408521,0.383737,0.362706,0.355132,0.351898"
train,v5bpair_00869,suelo_urbano,suelo_urbano,True,122,"53,379,93,5,883,375,652,228,745,913,265,669","0.286783,0.269017,0.264959,0.253815,0.246243,0.240954,0.234448,0.230337,0.228722,0.224787,0.217615,0.215615"
train,v5bpair_00870,vegetacion_densa,vegetacion_densa,True,122,"612,681,830,650,269,635,655,534,375,210,135,291","0.219601,0.216770,0.200563,0.188602,0.184707,0.183715,0.182372,0.178688,0.165651,0.161194,0.158161,0.155922"
train,v5bpair_00871,contaminacion_alta_SO2,contaminacion_alta_SO2,True,122,"49,711,709,758,600,998,945,422,485,936,332,457","0.297505,0.278079,0.275884,0.275807,0.272229,0.253902,0.225146,0.221855,0.220609,0.219076,0.215384,0.212238"
train,v5bpair_00872,contaminacion_alta_SO2,contaminacion_alta_SO2,True,122,"711,794,375,390,147,386,180,89,786,213,568,101","0.183996,0.182521,0.176147,0.170762,0.167120,0.166774,0.158567,0.157929,0.151440,0.149261,0.149084,0.148496"
train,v5bpair_00873,vegetacion_densa,vegetacion_densa,True,122,"568,674,956,583,269,605,375,1008,275,204,355,729","0.401720,0.356733,0.325138,0.323272,0.311932,0.308256,0.307511,0.305516,0.305513,0.289168,0.286121,0.285806"
train,v5bpair_00874,contaminacion_alta_NO2,contaminacion_alta_NO2,True,122,"367,76,961,275,198,706,819,630,576,624,477,708","0.251900,0.248165,0.236076,0.228382,0.224487,0.223774,0.213181,0.209651,0.207836,0.189023,0.187922,0.185319"
train,v5bpair_00876,contaminacion_alta_NO2,contaminacion_alta_NO2,True,122,"429,359,868,998,367,591,485,220,787,758,417,158","0.201020,0.181697,0.169815,0.164665,0.164586,0.163896,0.151079,0.150308,0.150082,0.147085,0.143819,0.143489"
train,v5bpair_00878,vegetacion_densa,vegetacion_densa,True,122,"269,204,275,961,583,524,566,617,39,608,605,830","0.299813,0.263668,0.255619,0.242898,0.221511,0.217468,0.215938,0.213158,0.206695,0.187907,0.186006,0.181441"
train,v5bpair_00879,contaminacion_alta_NO2,contaminacion_alta_NO2,True,122,"591,220,367,787,815,868,359,198,350,530,412,342","0.204638,0.200714,0.183848,0.181603,0.177324,0.174057,0.171112,0.159452,0.143312,0.143259,0.141073,0.140220"
train,v5bpair_00885,ozono_anomalo,ozono_anomalo,True,122,"660,251,323,8,667,582,865,182,841,377,317,411","0.204416,0.192979,0.188399,0.172111,0.172051,0.166122,0.165465,0.165047,0.162814,0.159003,0.157771,0.156301"
train,v5bpair_00887,contaminacion_alta_SO2,contaminacion_alta_SO2,True,122,"530,23,220,591,780,513,367,1,424,213,758,998","0.291539,0.273128,0.265161,0.238086,0.229524,0.225483,0.221830,0.210066,0.208898,0.198386,0.194790,0.192751"
train,v5bpair_00890,suelo_urbano,suelo_urbano,True,122,"3,568,379,899,4,26,652,928,5,288,442,913","0.575522,0.567739,0.535967,0.477734,0.460329,0.428935,0.427600,0.413654,0.412113,0.406159,0.404656,0.403014"
train,v5bpair_00891,ozono_anomalo,ozono_anomalo,True,122,"1,692,606,488,422,201,674,251,582,519,265,182","0.319799,0.246822,0.216217,0.215155,0.213522,0.211056,0.210911,0.205600,0.204893,0.199379,0.198855,0.198333"
train,v5bpair_00892,contaminacion_alta_SO2,contaminacion_alta_SO2,True,122,"711,429,709,635,432,485,49,476,46,809,147,758","0.256190,0.253709,0.230821,0.226406,0.218018,0.213951,0.211112,0.190051,0.186597,0.183715,0.182819,0.181962"
train,v5bpair_00895,suelo_urbano,suelo_urbano,True,122,"568,288,3,928,26,899,5,379,652,442,397,350","0.691276,0.634614,0.610407,0.591247,0.581261,0.556073,0.545897,0.526125,0.510556,0.509910,0.499387,0.498034"
train,v5bpair_00897,vegetacion_densa,vegetacion_densa,True,122,"275,961,269,229,612,805,291,238,14,583,576,76","0.369662,0.329035,0.305182,0.294154,0.268675,0.265541,0.260393,0.241247,0.240090,0.236757,0.233877,0.232304"
train,v5bpair_00898,contaminacion_alta_SO2,contaminacion_alta_SO2,True,122,"49,971,1003,489,709,711,457,386,770,485,635,816","0.225033,0.211396,0.196215,0.191006,0.184222,0.179776,0.178141,0.175981,0.173022,0.171403,0.170313,0.167235"
train,v5bpair_00899,contaminacion_alta_SO2,contaminacion_alta_SO2,True,122,"332,1006,600,118,959,620,426,618,133,654,158,576","0.287880,0.264105,0.252598,0.251980,0.222319,0.219052,0.215772,0.214881,0.212276,0.209168,0.208141,0.203147"
train,v5bpair_00900,contaminacion_alta_NO2,contaminacion_alta_NO2,True,122,"819,834,262,544,591,429,630,158,367,1012,600,618","0.249100,0.249004,0.226406,0.224926,0.221590,0.219091,0.217483,0.212210,0.211754,0.206624,0.190948,0.181732"
train,v5bpair_00903,ozono_anomalo,ozono_anomalo,True,122,"432,46,974,170,151,1000,543,514,624,566,460,946","0.297151,0.296011,0.260965,0.255745,0.229379,0.222671,0.202873,0.201103,0.191446,0.186695,0.186003,0.184721"
train,v5bpair_00904,vegetacion_densa,vegetacion_densa,True,122,"275,981,204,551,392,706,961,524,269,837,88,194","0.311706,0.255267,0.252280,0.252016,0.231658,0.226295,0.225021,0.220419,0.219224,0.216870,0.214453,0.212890"
train,v5bpair_00906,vegetacion_densa,vegetacion_densa,True,122,"534,711,269,566,275,375,617,605,612,127,655,639","0.258304,0.253051,0.240916,0.226446,0.223887,0.217539,0.207706,0.203551,0.201696,0.199098,0.197928,0.188677"
train,v5bpair_00907,contaminacion_alta_NO2,contaminacion_alta_NO2,True,122,"541,350,704,685,703,415,37,836,600,321,262,618","0.286978,0.264791,0.253917,0.233526,0.222837,0.211007,0.206006,0.201153,0.197890,0.196034,0.195633,0.192457"
train,v5bpair_00909,vegetacion_densa,vegetacion_densa,True,122,"612,269,210,346,650,143,88,655,952,524,534,275","0.303992,0.293231,0.277201,0.269718,0.267369,0.265569,0.255120,0.254022,0.235666,0.229222,0.223695,0.221543"
train,v5bpair_00910,suelo_urbano,suelo_urbano,True,122,"568,3,928,288,652,379,913,5,956,53,442,524","0.599486,0.551422,0.547280,0.545338,0.516651,0.510105,0.480045,0.477072,0.466163,0.452849,0.448521,0.418418"
train,v5bpair_00911,vegetacion_densa,vegetacion_densa,True,122,"269,961,605,568,655,229,375,534,219,711,634,674","0.289144,0.255427,0.251616,0.244562,0.236863,0.235518,0.224010,0.219666,0.217060,0.216396,0.198462,0.197641"
train,v5bpair_00912,contaminacion_alta_NO2,contaminacion_alta_NO2,True,122,"488,904,113,929,112,466,392,463,580,495,374,568","0.274689,0.229102,0.216070,0.203636,0.202510,0.197760,0.195602,0.190889,0.185831,0.179152,0.171950,0.170110"
train,v5bpair_00913,contaminacion_alta_SO2,contaminacion_alta_SO2,True,122,"780,758,36,998,841,367,530,857,191,709,213,1018","0.204293,0.203928,0.198719,0.193978,0.185277,0.183098,0.176242,0.174591,0.170560,0.169672,0.168425,0.168122"
train,v5bpair_00915,suelo_urbano,suelo_urbano,True,122,"711,552,4,568,791,692,350,5,433,294,397,532","0.292455,0.274479,0.247581,0.243894,0.242527,0.236029,0.232764,0.224918,0.222542,0.220684,0.213649,0.213156"
train,v5bpair_00916,contaminacion_alta_SO2,contaminacion_alta_SO2,True,122,"600,332,635,480,367,75,262,248,837,133,375,63","0.371688,0.314540,0.290470,0.243522,0.241787,0.233260,0.220994,0.220157,0.210062,0.208839,0.207395,0.204487"
train,v5bpair_00917,ozono_anomalo,ozono_anomalo,True,122,"251,270,532,432,323,269,519,672,1019,606,926,711","0.270744,0.254378,0.249207,0.242763,0.241006,0.225828,0.211695,0.211494,0.206633,0.206523,0.193728,0.191460"
train,v5bpair_00918,ozono_anomalo,ozono_anomalo,True,122,"541,773,745,270,980,182,444,415,669,612,8,424","0.252848,0.248977,0.233837,0.222263,0.221142,0.205572,0.200945,0.197815,0.195041,0.194032,0.192474,0.189845"
train,v5bpair_00920,vegetacion_densa,vegetacion_densa,True,122,"346,269,583,275,524,270,747,692,617,675,605,456","0.338589,0.307153,0.306781,0.267640,0.256232,0.252055,0.238592,0.222335,0.214077,0.200300,0.195296,0.194475"
train,v5bpair_00923,suelo_urbano,suelo_urbano,True,122,"389,568,711,913,4,5,1012,196,265,369,61,411","0.349917,0.311276,0.283096,0.268539,0.234040,0.231089,0.231085,0.226120,0.225700,0.224316,0.223110,0.222453"
train,v5bpair_00924,ozono_anomalo,ozono_anomalo,True,122,"182,566,978,711,606,541,49,660,669,323,422,757","0.263923,0.259651,0.252236,0.241962,0.236632,0.231022,0.221685,0.210532,0.201570,0.199236,0.191527,0.183512"
train,v5bpair_00926,contaminacion_alta_NO2,contaminacion_alta_NO2,True,122,"417,819,220,926,669,442,834,262,158,321,189,618","0.238673,0.184501,0.180045,0.176845,0.171056,0.161677,0.157038,0.156557,0.154359,0.153715,0.146501,0.145719"
train,v5bpair_00927,contaminacion_alta_NO2,contaminacion_alta_NO2,True,122,"819,618,262,834,815,367,591,220,1012,787,350,417","0.234978,0.227383,0.204678,0.196591,0.186650,0.179930,0.174307,0.173932,0.172625,0.167818,0.158854,0.156214"
train,v5bpair_00928,ozono_anomalo,ozono_anomalo,True,122,"1,660,566,692,606,269,390,251,29,98,531,444","0.334348,0.290066,0.279943,0.261433,0.258224,0.256725,0.252528,0.245685,0.243249,0.241374,0.238743,0.234415"
train,v5bpair_00931,vegetacion_densa,vegetacion_densa,True,122,"269,635,961,650,681,238,612,534,39,493,485,180","0.247004,0.245432,0.232163,0.220788,0.220135,0.215850,0.209248,0.209192,0.209071,0.200306,0.195648,0.194149"
train,v5bpair_00932,contaminacion_alta_SO2,contaminacion_alta_SO2,True,122,"635,600,49,485,650,429,709,786,480,593,711,147","0.273081,0.254557,0.254334,0.247028,0.246924,0.223962,0.220284,0.220168,0.213999,0.212055,0.200613,0.197817"
train,v5bpair_00933,vegetacion_densa,vegetacion_densa,True,122,"346,848,269,275,456,805,905,583,39,617,534,711","0.342252,0.318767,0.263235,0.251256,0.239292,0.237893,0.236190,0.227538,0.223182,0.218564,0.218435,0.203727"
train,v5bpair_00934,suelo_urbano,suelo_urbano,True,122,"265,389,379,568,140,375,756,956,913,147,1002,998","0.230224,0.224958,0.215245,0.202780,0.188547,0.179855,0.172889,0.166195,0.166166,0.158064,0.156036,0.155935"
train,v5bpair_00935,contaminacion_alta_SO2,contaminacion_alta_SO2,True,122,"530,248,705,321,110,485,758,429,359,191,411,37","0.253414,0.204745,0.204502,0.193965,0.190621,0.186533,0.175833,0.173151,0.169651,0.168810,0.167081,0.165164"
train,v5bpair_00936,vegetacion_densa,vegetacion_densa,True,122,"269,583,830,961,605,148,655,650,976,996,291,681","0.523668,0.389313,0.385430,0.330429,0.328302,0.321149,0.320871,0.312862,0.310022,0.302057,0.294428,0.288058"
train,v5bpair_00938,contaminacion_alta_SO2,contaminacion_alta_SO2,True,122,"711,49,904,692,936,709,1019,1,770,600,841,63","0.317326,0.296646,0.293833,0.284963,0.284760,0.268334,0.263327,0.261319,0.259624,0.255567,0.249903,0.249764"
train,v5bpair_00939,contaminacion_alta_SO2,contaminacion_alta_SO2,True,122,"758,600,367,262,61,63,857,332,834,843,220,708","0.250171,0.233640,0.178366,0.175816,0.168738,0.167091,0.166207,0.161096,0.155207,0.151385,0.150417,0.145795"
train,v5bpair_00940,vegetacion_densa,vegetacion_densa,True,122,"981,269,275,961,279,204,524,88,996,346,674,612","0.472054,0.467284,0.410809,0.350823,0.350571,0.327796,0.327633,0.317690,0.313320,0.308143,0.303327,0.300942"
train,v5bpair_00942,contaminacion_alta_SO2,contaminacion_alta_SO2,True,122,"485,63,998,830,600,758,711,321,238,554,457,269","0.281507,0.247169,0.245847,0.225261,0.223158,0.222665,0.216653,0.211883,0.201638,0.193613,0.190965,0.187637"
train,v5bpair_00943,contaminacion_alta_NO2,contaminacion_alta_NO2,True,122,"127,593,43,904,974,998,699,612,689,336,374,259","0.210148,0.208933,0.202799,0.195737,0.190169,0.179597,0.175581,0.168651,0.162428,0.161422,0.157565,0.153362"
train,v5bpair_00944,contaminacion_alta_NO2,contaminacion_alta_NO2,True,122,"926,220,819,998,127,763,745,749,603,758,321,909","0.205934,0.184539,0.177922,0.174118,0.171290,0.169316,0.167294,0.162673,0.162203,0.159611,0.157181,0.156587"
train,v5bpair_00945,contaminacion_alta_SO2,contaminacion_alta_SO2,True,122,"711,49,709,191,1,936,485,692,848,496,91,75","0.295272,0.274040,0.255442,0.209802,0.206699,0.200657,0.194786,0.192330,0.192330,0.192033,0.184771,0.183706"
train,v5bpair_00946,contaminacion_alta_NO2,contaminacion_alta_NO2,True,122,"580,198,904,113,947,392,388,275,219,4,495,612","0.230847,0.208911,0.201879,0.181105,0.171155,0.170954,0.164021,0.163343,0.162101,0.159182,0.155779,0.155387"
train,v5bpair_00948,vegetacion_densa,vegetacion_densa,True,122,"612,275,290,346,650,524,837,463,655,681,721,747","0.248085,0.243761,0.216946,0.207968,0.205830,0.197517,0.196568,0.196525,0.194290,0.186975,0.186184,0.186174"
train,v5bpair_00949,suelo_urbano,suelo_urbano,True,122,"3,928,288,652,568,379,26,5,913,442,53,867","0.837310,0.763879,0.744830,0.700962,0.699017,0.679494,0.678020,0.567991,0.563756,0.560010,0.550835,0.539247"
train,v5bpair_00950,vegetacion_densa,vegetacion_densa,True,122,"346,275,269,524,961,747,583,229,981,612,88,335","0.293295,0.253125,0.243683,0.225941,0.205067,0.203396,0.192654,0.179549,0.174628,0.172178,0.166824,0.165567"
train,v5bpair_00952,contaminacion_alta_NO2,contaminacion_alta_NO2,True,122,"591,367,913,630,262,220,819,323,564,417,198,429","0.249485,0.201914,0.197595,0.196936,0.187785,0.184695,0.175969,0.174896,0.163120,0.159618,0.158166,0.154397"
train,v5bpair_00954,contaminacion_alta_NO2,contaminacion_alta_NO2,True,122,"262,577,541,703,564,156,409,152,704,350,836,685","0.307960,0.281236,0.256863,0.251270,0.247902,0.247401,0.230041,0.225336,0.222379,0.216354,0.211503,0.208401"
train,v5bpair_00956,vegetacion_densa,vegetacion_densa,True,122,"346,335,848,275,39,961,210,612,14,15,180,374","0.310798,0.217349,0.216540,0.207472,0.200559,0.200433,0.196049,0.191962,0.188036,0.186870,0.186860,0.185254"
train,v5bpair_00958,suelo_urbano,suelo_urbano,True,122,"4,568,745,140,350,53,3,899,228,956,442,335","0.373698,0.365620,0.297696,0.267248,0.253264,0.253223,0.244878,0.242799,0.242450,0.240352,0.238448,0.228616"
train,v5bpair_00959,contaminacion_alta_SO2,contaminacion_alta_SO2,True,122,"709,49,600,711,496,61,618,770,510,936,758,485","0.293608,0.289599,0.273260,0.264989,0.254844,0.254356,0.253198,0.252584,0.249841,0.242236,0.240363,0.239755"
train,v5bpair_00960,suelo_urbano,suelo_urbano,True,122,"568,899,4,26,3,442,379,350,5,1012,861,140","0.535819,0.520111,0.429214,0.395671,0.389135,0.386121,0.355476,0.353981,0.337745,0.337249,0.336229,0.316081"
train,v5bpair_00963,contaminacion_alta_SO2,contaminacion_alta_SO2,True,122,"530,772,513,485,989,998,848,705,414,23,758,431","0.197542,0.196234,0.191859,0.191238,0.190429,0.186954,0.175514,0.165213,0.164968,0.160396,0.155216,0.155003"
train,v5bpair_00965,ozono_anomalo,ozono_anomalo,True,122,"182,660,239,532,251,377,98,978,528,947,566,974","0.337638,0.304250,0.283018,0.269778,0.263539,0.260963,0.256754,0.255236,0.249320,0.248730,0.234122,0.226738"
train,v5bpair_00967,contaminacion_alta_NO2,contaminacion_alta_NO2,True,122,"745,712,883,118,220,600,105,158,782,618,576,108","0.288220,0.244709,0.235539,0.224748,0.223620,0.188470,0.187855,0.186721,0.184764,0.184609,0.183841,0.180943"
train,v5bpair_00968,ozono_anomalo,ozono_anomalo,True,122,"606,978,773,541,747,270,692,552,8,444,711,182","0.328542,0.326511,0.305175,0.300359,0.280097,0.274891,0.264289,0.257880,0.255309,0.237383,0.224380,0.216618"
train,v5bpair_00969,contaminacion_alta_NO2,contaminacion_alta_NO2,True,122,"262,367,836,630,323,745,377,883,152,669,697,703","0.339946,0.297032,0.293565,0.253022,0.236829,0.235864,0.235159,0.223412,0.211605,0.204917,0.194236,0.192506"
train,v5bpair_00970,contaminacion_alta_NO2,contaminacion_alta_NO2,True,122,"868,705,904,359,618,998,903,950,915,367,869,198","0.189337,0.160975,0.159303,0.158437,0.158223,0.149071,0.144259,0.142651,0.141503,0.133560,0.130786,0.130160"
train,v5bpair_00973,contaminacion_alta_NO2,contaminacion_alta_NO2,True,122,"323,262,377,745,591,660,282,669,883,220,926,819","0.246031,0.231124,0.230840,0.219926,0.216049,0.215502,0.213205,0.212141,0.210456,0.209432,0.206988,0.195876"
train,v5bpair_00974,vegetacion_densa,vegetacion_densa,True,122,"269,275,674,219,335,524,534,650,605,961,981,898","0.497211,0.395633,0.386228,0.385659,0.382499,0.368065,0.360886,0.350248,0.346861,0.333680,0.328035,0.323988"
train,v5bpair_00975,suelo_urbano,suelo_urbano,True,122,"568,379,3,53,288,928,26,913,652,524,867,442","0.571695,0.569854,0.539310,0.496630,0.489642,0.480940,0.478790,0.443645,0.442648,0.439306,0.406138,0.393067"
train,v5bpair_00976,contaminacion_alta_NO2,contaminacion_alta_NO2,True,122,"367,262,429,156,541,600,442,350,515,697,564,37","0.206667,0.204742,0.200949,0.166949,0.166613,0.157848,0.157356,0.153669,0.152149,0.148685,0.143225,0.141540"
train,v5bpair_00977,contaminacion_alta_NO2,contaminacion_alta_NO2,True,122,"669,377,538,106,883,782,66,367,660,307,191,832","0.196359,0.190650,0.186217,0.178447,0.155626,0.149523,0.146278,0.144042,0.143734,0.137404,0.133754,0.132953"
train,v5bpair_00979,contaminacion_alta_NO2,contaminacion_alta_NO2,True,122,"541,904,669,974,903,423,439,201,429,704,106,390","0.218359,0.188366,0.164153,0.158609,0.154760,0.151476,0.147358,0.145834,0.140377,0.130755,0.130568,0.127742"
train,v5bpair_00981,contaminacion_alta_SO2,contaminacion_alta_SO2,True,122,"711,238,291,429,49,147,61,635,650,837,205,830","0.259812,0.253180,0.220084,0.207029,0.202897,0.202112,0.191927,0.190830,0.186902,0.185247,0.183058,0.177191"
train,v5bpair_00983,vegetacion_densa,vegetacion_densa,True,122,"269,674,204,612,187,534,961,583,524,229,88,270","0.391180,0.346250,0.341486,0.311472,0.305748,0.305039,0.303432,0.278518,0.277928,0.273437,0.267822,0.266945"
train,v5bpair_00984,vegetacion_densa,vegetacion_densa,True,122,"524,612,269,566,568,210,346,674,655,275,956,971","0.398401,0.351520,0.340072,0.321516,0.309399,0.303402,0.292729,0.283629,0.282197,0.275862,0.275261,0.267045"
train,v5bpair_00985,contaminacion_alta_SO2,contaminacion_alta_SO2,True,122,"635,617,711,603,661,386,600,887,566,763,422,220","0.318929,0.276279,0.247950,0.246016,0.244707,0.243081,0.235134,0.221104,0.220877,0.210940,0.205973,0.204352"
train,v5bpair_00987,ozono_anomalo,ozono_anomalo,True,122,"1,251,606,711,841,389,757,692,416,660,317,411","0.354846,0.352207,0.329552,0.317769,0.306387,0.276698,0.269331,0.268208,0.257302,0.249234,0.245580,0.244430"
train,v5bpair_00988,suelo_urbano,suelo_urbano,True,122,"568,928,3,288,652,379,5,899,26,956,442,4","0.731534,0.697727,0.693177,0.640530,0.620554,0.595505,0.543746,0.536693,0.531289,0.505749,0.489395,0.481508"
train,v5bpair_00989,contaminacion_alta_NO2,contaminacion_alta_NO2,True,122,"834,262,819,618,417,158,787,591,429,180,1012,350","0.238173,0.235504,0.231659,0.226638,0.218606,0.193769,0.190829,0.182088,0.181284,0.180405,0.178431,0.174029"
train,v5bpair_00990,suelo_urbano,suelo_urbano,True,122,"379,265,3,411,652,713,568,1012,899,67,942,322","0.333536,0.315545,0.294432,0.264697,0.249409,0.244834,0.241146,0.232794,0.226109,0.221965,0.219517,0.218303"
train,v5bpair_00991,suelo_urbano,suelo_urbano,True,122,"442,140,899,568,3,429,711,375,913,758,379,1008","0.215249,0.208238,0.192152,0.191524,0.184697,0.180705,0.179448,0.179187,0.178784,0.165817,0.163945,0.159009"
train,v5bpair_00992,contaminacion_alta_NO2,contaminacion_alta_NO2,True,122,"618,819,262,472,834,591,399,220,815,998,367,350","0.242277,0.240110,0.228238,0.208672,0.193147,0.176368,0.171733,0.166531,0.162820,0.159418,0.158648,0.158575"
train,v5bpair_00994,vegetacion_densa,vegetacion_densa,True,122,"650,612,291,655,517,794,830,837,325,275,635,148","0.289811,0.268207,0.259495,0.251468,0.234344,0.225281,0.223400,0.208678,0.193015,0.191593,0.187798,0.182901"
train,v5bpair_00995,contaminacion_alta_SO2,contaminacion_alta_SO2,True,122,"49,593,485,635,709,904,786,650,132,61,837,476","0.284948,0.269172,0.245663,0.234641,0.232621,0.212821,0.211202,0.209411,0.205510,0.201750,0.200646,0.200272"
train,v5bpair_00996,contaminacion_alta_SO2,contaminacion_alta_SO2,True,122,"1,692,711,530,848,998,75,49,772,14,386,1018","0.278815,0.246875,0.227801,0.225442,0.220764,0.217847,0.206204,0.196063,0.194318,0.191812,0.186912,0.179416"
train,v5bpair_00997,ozono_anomalo,ozono_anomalo,True,122,"251,974,541,390,411,163,606,432,960,106,415,532","0.250895,0.243261,0.221654,0.219201,0.197560,0.195711,0.194721,0.185716,0.185443,0.170717,0.166001,0.165696"
train,v5bpair_00998,vegetacion_densa,vegetacion_densa,True,122,"674,269,204,229,961,605,981,729,148,524,583,275","0.297966,0.270985,0.251936,0.247468,0.245593,0.239566,0.228992,0.224441,0.221030,0.218972,0.217380,0.213057"
train,v5bpair_00999,contaminacion_alta_SO2,contaminacion_alta_SO2,True,122,"711,692,61,269,998,837,830,952,492,346,474,721","0.215734,0.211690,0.200485,0.186186,0.163147,0.160389,0.158327,0.151927,0.150728,0.149154,0.139396,0.139089"
train,v5bpair_01001,ozono_anomalo,ozono_anomalo,True,122,"606,830,974,541,692,182,432,660,444,1,402,270","0.283287,0.246905,0.244066,0.242282,0.237237,0.235489,0.225429,0.219985,0.212237,0.198971,0.190500,0.189704"
train,v5bpair_01002,vegetacion_densa,vegetacion_densa,True,122,"612,674,568,275,204,524,269,952,956,187,14,729","0.300554,0.282823,0.269230,0.260313,0.256477,0.251897,0.249357,0.230005,0.213946,0.200298,0.188223,0.185421"
train,v5bpair_01003,contaminacion_alta_SO2,contaminacion_alta_NO2,False,122,"600,515,635,883,709,998,367,959,332,633,536,1006","0.287530,0.264357,0.255624,0.248765,0.234137,0.228761,0.227648,0.219044,0.217977,0.214254,0.212705,0.204308"
train,v5bpair_01004,contaminacion_alta_NO2,contaminacion_alta_NO2,True,122,"591,220,265,359,189,530,323,429,868,926,191,321","0.172912,0.161631,0.159953,0.153469,0.147941,0.146218,0.146064,0.144745,0.140588,0.139742,0.137468,0.135009"
train,v5bpair_01006,suelo_urbano,suelo_urbano,True,122,"568,288,379,5,652,3,928,956,53,913,776,442","0.513361,0.474003,0.466713,0.457798,0.441907,0.437897,0.437164,0.396938,0.390541,0.388973,0.383688,0.379924"
train,v5bpair_01008,contaminacion_alta_SO2,contaminacion_alta_SO2,True,122,"711,321,998,566,1019,635,269,485,600,758,617,605","0.271128,0.255230,0.248603,0.229517,0.222922,0.210897,0.210517,0.207769,0.204120,0.199276,0.197172,0.191727"
train,v5bpair_01009,contaminacion_alta_SO2,contaminacion_alta_SO2,True,122,"711,758,661,708,603,422,80,1019,635,1,909,566","0.302766,0.252346,0.244864,0.244808,0.244406,0.235051,0.209325,0.202457,0.201249,0.196957,0.189471,0.189372"
train,v5bpair_01010,ozono_anomalo,contaminacion_alta_SO2,False,122,"566,1019,1,692,422,841,605,860,445,432,386,791","0.426393,0.405997,0.380560,0.339357,0.338839,0.278111,0.277717,0.277579,0.256003,0.253741,0.240608,0.222135"
train,v5bpair_01011,contaminacion_alta_NO2,contaminacion_alta_NO2,True,122,"367,323,262,630,201,220,37,773,896,293,704,708","0.258067,0.223751,0.211229,0.188167,0.184026,0.177603,0.168060,0.167374,0.166472,0.165743,0.165466,0.165094"
train,v5bpair_01012,contaminacion_alta_NO2,contaminacion_alta_NO2,True,122,"367,600,1006,23,158,429,332,515,834,545,336,708","0.268107,0.244822,0.211524,0.203810,0.203383,0.196149,0.194214,0.181663,0.175941,0.170935,0.166749,0.164056"
train,v5bpair_01015,contaminacion_alta_SO2,contaminacion_alta_SO2,True,122,"692,711,998,269,422,14,904,49,1019,635,485,869","0.203733,0.192295,0.187118,0.185377,0.181054,0.178903,0.177089,0.175968,0.175133,0.174986,0.169338,0.167306"
train,v5bpair_01017,ozono_anomalo,ozono_anomalo,True,122,"830,541,269,270,692,360,432,773,415,711,552,531","0.313978,0.265587,0.254751,0.252849,0.234608,0.232937,0.232523,0.232294,0.225031,0.210906,0.204990,0.201797"
train,v5bpair_01019,contaminacion_alta_NO2,contaminacion_alta_NO2,True,122,"541,819,606,127,669,546,686,29,1,442,463,732","0.198510,0.180170,0.170544,0.165092,0.158848,0.156948,0.155541,0.154057,0.153617,0.151173,0.149135,0.147852"
train,v5bpair_01021,contaminacion_alta_NO2,contaminacion_alta_NO2,True,122,"870,133,1000,1006,620,959,106,293,883,1003,158,34","0.209156,0.207078,0.196216,0.187878,0.183834,0.182670,0.180802,0.157651,0.156828,0.151740,0.149411,0.147916"
train,v5bpair_01024,suelo_urbano,suelo_urbano,True,122,"3,928,288,652,379,568,5,26,317,442,747,350","0.612095,0.588645,0.582138,0.563417,0.542900,0.520958,0.514101,0.466506,0.461928,0.452059,0.442353,0.431170"
train,v5bpair_01025,vegetacion_densa,vegetacion_densa,True,122,"269,14,275,583,346,270,204,961,531,612,291,355","0.389607,0.358596,0.304603,0.278726,0.260108,0.239733,0.219449,0.217440,0.216995,0.215528,0.214560,0.197662"
train,v5bpair_01026,contaminacion_alta_NO2,contaminacion_alta_NO2,True,122,"541,703,350,156,836,669,367,745,538,439,548,201","0.283383,0.220504,0.217787,0.200276,0.198695,0.192986,0.187466,0.179996,0.169276,0.168904,0.162842,0.160439"
train,v5bpair_01031,suelo_urbano,suelo_urbano,True,122,"5,652,606,541,350,265,747,442,669,317,3,899","0.329541,0.307092,0.304044,0.297593,0.275073,0.236652,0.223054,0.210289,0.206168,0.196592,0.185635,0.185336"
train,v5bpair_01033,contaminacion_alta_NO2,contaminacion_alta_NO2,True,122,"262,367,350,868,622,745,591,204,830,156,37,564","0.346336,0.298874,0.296236,0.263484,0.256337,0.255788,0.237085,0.224293,0.222873,0.221688,0.214543,0.210626"
train,v5bpair_01034,suelo_urbano,suelo_urbano,True,122,"928,3,379,288,652,568,350,26,442,5,899,524","0.578754,0.565359,0.544170,0.542900,0.530206,0.524586,0.518183,0.510903,0.494440,0.474911,0.448054,0.438528"
train,v5bpair_01035,contaminacion_alta_SO2,contaminacion_alta_SO2,True,122,"1019,692,711,269,422,830,758,605,202,566,1,510","0.289861,0.282771,0.257622,0.249405,0.217980,0.216938,0.208791,0.199673,0.188922,0.188280,0.182802,0.180822"
train,v5bpair_01037,ozono_anomalo,ozono_anomalo,True,122,"182,830,377,321,415,53,974,444,745,669,541,29","0.321293,0.308751,0.289399,0.267028,0.258921,0.257569,0.254203,0.251940,0.246323,0.242657,0.231009,0.230413"
train,v5bpair_01038,vegetacion_densa,vegetacion_densa,True,122,"346,583,143,14,39,534,961,269,816,905,568,848","0.296717,0.266553,0.212252,0.203106,0.190849,0.185571,0.182471,0.182384,0.177858,0.177683,0.176178,0.175981"
train,v5bpair_01039,ozono_anomalo,ozono_anomalo,True,122,"251,1,163,323,218,519,541,455,432,477,106,606","0.313584,0.280357,0.261316,0.260267,0.252079,0.247740,0.238112,0.231807,0.231084,0.228007,0.217604,0.217561"
train,v5bpair_01040,contaminacion_alta_SO2,contaminacion_alta_SO2,True,122,"1,841,711,1019,758,660,566,692,936,998,757,1018","0.369760,0.287878,0.259945,0.259108,0.253556,0.247247,0.235779,0.235388,0.232945,0.231760,0.230560,0.225302"
train,v5bpair_01041,ozono_anomalo,ozono_anomalo,True,122,"270,251,606,1,773,747,541,531,692,201,455,8","0.281323,0.279818,0.275015,0.271413,0.259210,0.252371,0.247242,0.246100,0.218720,0.216137,0.207912,0.201991"
train,v5bpair_01042,ozono_anomalo,ozono_anomalo,True,122,"265,669,408,745,323,1,660,317,282,8,239,191","0.356325,0.342308,0.331341,0.309952,0.278202,0.264461,0.259502,0.255996,0.253858,0.242096,0.235107,0.228115"
train,v5bpair_01045,vegetacion_densa,vegetacion_densa,True,122,"49,848,905,612,650,837,135,681,275,655,517,346","0.279858,0.243092,0.239609,0.237370,0.229860,0.210674,0.208809,0.207602,0.206391,0.196009,0.193713,0.191099"
train,v5bpair_01046,suelo_urbano,suelo_urbano,True,122,"3,652,928,568,288,379,26,5,350,140,442,913","0.670974,0.636982,0.631978,0.590965,0.581354,0.554778,0.537522,0.490363,0.461532,0.452720,0.452529,0.447968"
train,v5bpair_01047,ozono_anomalo,ozono_anomalo,True,122,"566,809,860,1,692,269,1019,617,841,220,445,909","0.352164,0.338003,0.320270,0.316090,0.313766,0.279658,0.277514,0.268767,0.267113,0.263626,0.252527,0.248125"
train,v5bpair_01048,vegetacion_densa,vegetacion_densa,True,122,"14,269,335,346,650,143,605,612,88,961,204,952","0.297767,0.283313,0.283081,0.274896,0.253889,0.238734,0.234820,0.232656,0.230003,0.213208,0.212236,0.210745"
train,v5bpair_01049,contaminacion_alta_NO2,contaminacion_alta_NO2,True,122,"915,904,745,998,370,1005,868,4,220,879,731,5","0.301863,0.269174,0.256130,0.250235,0.212039,0.205518,0.203884,0.202613,0.196097,0.191040,0.187753,0.185334"
train,v5bpair_01050,ozono_anomalo,ozono_anomalo,True,122,"606,541,323,960,1,350,836,317,265,218,669,882","0.274135,0.244383,0.242787,0.235562,0.229529,0.225473,0.222081,0.211677,0.209080,0.207935,0.207662,0.204221"
train,v5bpair_01052,vegetacion_densa,vegetacion_densa,True,122,"269,612,432,976,643,650,390,147,961,277,672,566","0.233936,0.231311,0.225592,0.225026,0.210239,0.209123,0.202333,0.201239,0.200545,0.197121,0.195186,0.194772"
train,v5bpair_01053,ozono_anomalo,ozono_anomalo,True,122,"711,606,692,978,182,98,432,541,411,660,386,960","0.355348,0.352398,0.268152,0.248499,0.230547,0.227593,0.219554,0.215923,0.215856,0.206342,0.205528,0.201834"
train,v5bpair_01054,contaminacion_alta_SO2,contaminacion_alta_SO2,True,122,"386,692,432,566,711,617,791,903,1019,1,269,721","0.285534,0.281493,0.249801,0.241426,0.233138,0.225747,0.208226,0.208145,0.204794,0.202622,0.185072,0.182667"
train,v5bpair_01055,contaminacion_alta_NO2,contaminacion_alta_NO2,True,122,"262,350,367,745,220,836,819,630,151,591,618,577","0.278997,0.259356,0.221279,0.214470,0.211879,0.206911,0.200852,0.196192,0.188645,0.186793,0.186781,0.185592"
train,v5bpair_01056,contaminacion_alta_SO2,contaminacion_alta_SO2,True,122,"269,830,321,711,583,605,485,415,33,220,593,635","0.267668,0.229185,0.208592,0.199134,0.195130,0.184806,0.170761,0.155022,0.150820,0.149836,0.148672,0.148133"
train,v5bpair_01057,contaminacion_alta_NO2,contaminacion_alta_NO2,True,122,"883,1003,904,600,472,834,929,571,259,959,277,935","0.195377,0.194742,0.194433,0.188245,0.184142,0.181858,0.174737,0.172182,0.169627,0.166111,0.163316,0.162664"
train,v5bpair_01058,ozono_anomalo,ozono_anomalo,True,122,"1,669,691,974,660,612,323,270,566,338,833,29","0.372102,0.297686,0.286253,0.279523,0.235926,0.235511,0.230482,0.221916,0.218069,0.214847,0.212507,0.211997"
train,v5bpair_01059,vegetacion_densa,vegetacion_densa,True,122,"346,335,275,456,524,583,961,39,14,269,210,959","0.289087,0.260982,0.221831,0.210945,0.210608,0.207506,0.203110,0.187846,0.186948,0.185396,0.183748,0.182836"
train,v5bpair_01062,ozono_anomalo,ozono_anomalo,True,122,"432,541,974,269,531,415,270,870,402,566,390,251","0.298500,0.274731,0.271539,0.269475,0.264214,0.258497,0.258306,0.250557,0.250470,0.238640,0.237930,0.232900"
train,v5bpair_01063,contaminacion_alta_NO2,contaminacion_alta_NO2,True,122,"904,488,947,530,685,367,704,415,321,770,127,745","0.223635,0.198765,0.189990,0.185399,0.182552,0.180995,0.177886,0.172782,0.172657,0.170819,0.169518,0.168441"
train,v5bpair_01065,suelo_urbano,suelo_urbano,True,122,"3,288,568,928,379,652,26,913,5,956,899,53","0.790594,0.771745,0.764455,0.759179,0.704417,0.704351,0.676872,0.587753,0.560245,0.532110,0.529672,0.525235"
train,v5bpair_01066,contaminacion_alta_NO2,contaminacion_alta_NO2,True,122,"112,127,904,4,947,488,392,580,845,198,998,679","0.302498,0.284378,0.259487,0.228379,0.222373,0.217507,0.210535,0.209257,0.205515,0.196934,0.196528,0.191430"
train,v5bpair_01067,contaminacion_alta_SO2,contaminacion_alta_SO2,True,122,"600,332,998,545,220,118,1006,758,367,1009,659,158","0.293015,0.260735,0.229804,0.229649,0.216278,0.209136,0.206578,0.203769,0.200705,0.195396,0.187865,0.186308"
train,v5bpair_01068,vegetacion_densa,vegetacion_densa,True,122,"269,961,360,805,180,877,275,816,148,711,952,902","0.247976,0.239674,0.216262,0.197911,0.196897,0.190674,0.188834,0.184029,0.180112,0.177813,0.177176,0.176386"
train,v5bpair_01069,suelo_urbano,suelo_urbano,True,122,"4,350,618,928,747,568,713,787,265,5,3,8","0.288783,0.249092,0.247315,0.246111,0.226196,0.222122,0.220051,0.210371,0.208050,0.207308,0.196940,0.194188"
train,v5bpair_01071,suelo_urbano,suelo_urbano,True,122,"379,568,3,4,913,322,899,652,53,140,442,265","0.364288,0.363048,0.357605,0.344573,0.305049,0.296219,0.295025,0.283526,0.265210,0.250892,0.246996,0.238384"
train,v5bpair_01072,ozono_anomalo,ozono_anomalo,True,122,"660,1,323,669,201,990,251,182,708,218,865,762","0.382926,0.294161,0.270734,0.268043,0.251737,0.246192,0.232083,0.219204,0.218706,0.218228,0.207878,0.197281"
train,v5bpair_01073,vegetacion_densa,vegetacion_densa,True,122,"269,346,674,88,524,532,566,270,355,335,605,612","0.357426,0.316453,0.301248,0.295679,0.279995,0.279963,0.274257,0.265694,0.261165,0.258383,0.251006,0.250492"
train,v5bpair_01074,ozono_anomalo,ozono_anomalo,True,122,"218,432,46,251,323,446,1,462,519,161,531,951","0.286711,0.258085,0.252202,0.249170,0.223646,0.218836,0.215669,0.213870,0.201167,0.198769,0.197232,0.194130"
train,v5bpair_01076,contaminacion_alta_SO2,contaminacion_alta_SO2,True,122,"711,1,23,998,692,554,569,709,758,513,780,772","0.320913,0.307144,0.300333,0.266338,0.263697,0.260570,0.259150,0.254796,0.253431,0.242607,0.239031,0.235502"
train,v5bpair_01077,contaminacion_alta_NO2,contaminacion_alta_NO2,True,122,"417,220,651,190,998,359,836,819,485,669,787,703","0.151685,0.147901,0.147145,0.146216,0.146127,0.142869,0.139697,0.138165,0.137336,0.135387,0.134849,0.134625"
train,v5bpair_01080,contaminacion_alta_SO2,contaminacion_alta_SO2,True,122,"1,530,419,191,711,660,513,998,476,780,692,432","0.338030,0.247683,0.229421,0.212638,0.211617,0.211148,0.207573,0.205296,0.194002,0.192958,0.189460,0.186401"
train,v5bpair_01081,contaminacion_alta_SO2,contaminacion_alta_SO2,True,122,"904,711,998,709,49,485,770,496,936,510,167,75","0.281420,0.279837,0.260138,0.246349,0.238898,0.225991,0.218436,0.206371,0.204843,0.194725,0.194574,0.194327"
train,v5bpair_01082,contaminacion_alta_SO2,contaminacion_alta_SO2,True,122,"269,830,711,485,605,566,603,650,758,962,635,624","0.259794,0.258147,0.243077,0.239367,0.220364,0.203059,0.202040,0.200588,0.196233,0.193565,0.190690,0.188306"
train,v5bpair_01084,suelo_urbano,suelo_urbano,True,122,"568,4,899,442,956,140,3,562,652,913,350,756","0.296804,0.293491,0.268936,0.263245,0.250616,0.249269,0.244265,0.241740,0.239944,0.237672,0.235729,0.230371"
train,v5bpair_01085,vegetacion_densa,vegetacion_densa,True,122,"568,148,291,269,654,711,976,375,524,229,655,684","0.357971,0.322762,0.290992,0.272101,0.271577,0.268063,0.261776,0.260979,0.259003,0.253333,0.252965,0.252822"
train,v5bpair_01086,suelo_urbano,suelo_urbano,True,122,"568,3,379,899,288,26,652,4,956,928,861,140","0.720492,0.580790,0.556264,0.525877,0.519700,0.516317,0.490898,0.464231,0.455846,0.445574,0.439685,0.426265"
train,v5bpair_01087,vegetacion_densa,vegetacion_densa,True,122,"269,568,976,229,711,961,643,655,277,654,148,180","0.260436,0.239783,0.238346,0.237953,0.236413,0.234673,0.228838,0.215791,0.213438,0.197085,0.192845,0.192014"
train,v5bpair_01089,suelo_urbano,suelo_urbano,True,122,"3,568,928,288,652,26,379,899,140,5,442,956","0.820963,0.805808,0.791557,0.762655,0.738865,0.693419,0.686026,0.593085,0.566629,0.566403,0.562550,0.542459"
train,v5bpair_01090,suelo_urbano,suelo_urbano,True,122,"568,3,288,928,652,379,899,26,442,5,350,397","0.706507,0.695558,0.665705,0.662799,0.643277,0.610007,0.596119,0.592082,0.535435,0.527448,0.521823,0.496463"
train,v5bpair_01091,ozono_anomalo,ozono_anomalo,True,122,"541,669,978,182,660,974,270,606,745,773,980,415","0.385834,0.305770,0.296598,0.267646,0.267289,0.258915,0.250924,0.245015,0.213073,0.209247,0.208677,0.207302"
train,v5bpair_01092,suelo_urbano,suelo_urbano,True,122,"379,3,899,568,652,5,861,140,442,713,350,505","0.323773,0.309939,0.276615,0.254225,0.253346,0.244930,0.221245,0.218833,0.213571,0.201026,0.198980,0.195891"
train,v5bpair_01094,vegetacion_densa,vegetacion_densa,True,122,"981,568,204,524,238,976,269,275,374,961,650,1008","0.288931,0.260479,0.250991,0.244919,0.236873,0.232875,0.227630,0.225006,0.219509,0.210644,0.204145,0.202715"
train,v5bpair_01095,vegetacion_densa,vegetacion_densa,True,122,"269,650,655,961,291,605,568,277,612,375,88,976","0.342266,0.307827,0.307796,0.303857,0.302583,0.301205,0.274481,0.267159,0.263713,0.259042,0.257041,0.248265"
train,v5bpair_01096,ozono_anomalo,ozono_anomalo,True,122,"669,541,151,321,98,974,408,317,833,1,455,538","0.310293,0.288592,0.282416,0.279432,0.274811,0.254707,0.236564,0.215055,0.214277,0.213764,0.207232,0.203669"
train,v5bpair_01099,vegetacion_densa,vegetacion_densa,True,122,"961,612,127,162,346,583,229,355,674,335,180,681","0.231785,0.229211,0.225350,0.220502,0.216964,0.193429,0.179191,0.160932,0.160206,0.159741,0.158419,0.152571"
train,v5bpair_01100,contaminacion_alta_SO2,contaminacion_alta_SO2,True,122,"566,711,1,1019,692,422,841,809,758,770,791,971","0.316403,0.296195,0.279038,0.251684,0.239216,0.222693,0.218111,0.207344,0.200614,0.200370,0.195472,0.193464"
train,v5bpair_01101,contaminacion_alta_SO2,contaminacion_alta_SO2,True,122,"49,772,617,1,29,1019,476,692,566,721,989,432","0.307405,0.280766,0.254972,0.253912,0.244758,0.242840,0.240895,0.237576,0.228650,0.224003,0.223911,0.207664"
train,v5bpair_01105,suelo_urbano,suelo_urbano,True,122,"928,568,3,288,379,652,5,26,442,913,956,53","0.771805,0.716757,0.702027,0.680446,0.651276,0.650630,0.570265,0.545607,0.502731,0.500022,0.496533,0.496444"
train,v5bpair_01109,ozono_anomalo,ozono_anomalo,True,122,"1,692,251,606,711,432,531,270,402,1019,161,66","0.470811,0.412342,0.284756,0.266131,0.257517,0.243166,0.239230,0.232648,0.232211,0.226191,0.225563,0.223055"
train,v5bpair_01111,ozono_anomalo,ozono_anomalo,True,122,"669,660,926,282,323,408,745,377,321,220,1,191","0.293043,0.276076,0.264098,0.247820,0.247037,0.238244,0.237403,0.223162,0.211376,0.207912,0.207865,0.201316"
train,v5bpair_01113,ozono_anomalo,ozono_anomalo,True,122,"541,606,293,836,270,182,388,960,251,467,377,809","0.316823,0.275707,0.236349,0.230200,0.225419,0.220370,0.217148,0.210585,0.195081,0.194590,0.194217,0.187063"
train,v5bpair_01118,suelo_urbano,suelo_urbano,True,122,"568,899,397,3,379,956,652,26,4,861,140,5","0.530800,0.390095,0.388422,0.387268,0.377179,0.376833,0.364640,0.360760,0.360441,0.354378,0.354077,0.352879"
train,v5bpair_01120,ozono_anomalo,ozono_anomalo,True,122,"541,606,711,251,432,467,946,960,978,455,67,745","0.420454,0.344745,0.308550,0.271255,0.267425,0.262509,0.259458,0.258652,0.255174,0.248762,0.241828,0.237991"
train,v5bpair_01121,contaminacion_alta_NO2,contaminacion_alta_NO2,True,122,"591,367,787,630,417,262,819,189,618,926,323,530","0.221088,0.198355,0.175288,0.171935,0.171524,0.168602,0.168572,0.163807,0.161219,0.160103,0.159667,0.157086"
train,v5bpair_01122,vegetacion_densa,vegetacion_densa,True,122,"981,568,275,961,650,374,534,672,524,1008,127,566","0.216775,0.216261,0.195815,0.194959,0.184980,0.181309,0.179859,0.176718,0.172286,0.171557,0.170286,0.169094"
train,v5bpair_01124,ozono_anomalo,ozono_anomalo,True,122,"1,606,660,669,978,98,672,864,411,251,213,287","0.309389,0.262184,0.247511,0.242017,0.237115,0.223192,0.212781,0.208263,0.199287,0.197689,0.187728,0.183430"
train,v5bpair_01125,ozono_anomalo,ozono_anomalo,True,122,"1,251,46,432,455,541,949,106,163,960,519,836","0.328124,0.324035,0.293418,0.289008,0.269938,0.267026,0.256986,0.249460,0.245195,0.240067,0.235811,0.227908"
train,v5bpair_01126,vegetacion_densa,vegetacion_densa,True,122,"291,654,568,277,956,650,959,53,148,612,979,961","0.261678,0.250118,0.233847,0.214220,0.199434,0.197886,0.196776,0.196278,0.194770,0.186582,0.183777,0.183598"
train,v5bpair_01127,contaminacion_alta_NO2,contaminacion_alta_NO2,True,122,"158,367,359,819,600,591,630,708,544,834,868,576","0.260520,0.237821,0.231621,0.228371,0.219628,0.214807,0.214055,0.209592,0.202947,0.202816,0.200282,0.196623"
train,v5bpair_01128,suelo_urbano,suelo_urbano,True,122,"928,288,3,652,568,379,26,5,913,53,867,442","0.777834,0.772717,0.770229,0.715009,0.711052,0.678088,0.630652,0.626253,0.579598,0.553087,0.548563,0.538261"
train,v5bpair_01129,vegetacion_densa,vegetacion_densa,True,122,"275,650,794,961,612,648,706,374,204,194,837,654","0.297140,0.288331,0.266515,0.251347,0.249695,0.236381,0.231234,0.229288,0.221945,0.221512,0.217921,0.216822"
train,v5bpair_01130,contaminacion_alta_NO2,contaminacion_alta_NO2,True,122,"998,904,571,959,915,879,198,674,709,1012,961,834","0.278151,0.243531,0.211690,0.197920,0.180590,0.170859,0.163451,0.155442,0.149630,0.145919,0.141641,0.140760"
train,v5bpair_01131,vegetacion_densa,vegetacion_densa,True,122,"961,905,583,976,794,204,269,291,654,959,148,605","0.271775,0.257586,0.256581,0.237461,0.228032,0.224818,0.217810,0.216591,0.204155,0.202884,0.201071,0.192146"
train,v5bpair_01132,vegetacion_densa,vegetacion_densa,True,122,"674,981,961,568,524,275,219,204,519,162,441,879","0.320708,0.299106,0.286201,0.263287,0.251642,0.247118,0.239409,0.233484,0.229267,0.228603,0.221704,0.220076"
train,v5bpair_01135,suelo_urbano,suelo_urbano,True,122,"568,956,756,913,140,1002,998,190,389,375,856,899","0.273070,0.253621,0.242084,0.220524,0.201698,0.201244,0.199338,0.197615,0.193956,0.188275,0.182997,0.180095"
train,v5bpair_01136,ozono_anomalo,ozono_anomalo,True,122,"692,1,1019,182,566,711,745,669,188,444,66,879","0.267989,0.261378,0.250050,0.239445,0.232331,0.216620,0.209723,0.203561,0.198797,0.196066,0.195492,0.195463"
train,v5bpair_01138,contaminacion_alta_SO2,contaminacion_alta_SO2,True,122,"711,485,758,321,269,809,887,359,605,830,757,417","0.309916,0.267349,0.266453,0.255742,0.228432,0.216038,0.206315,0.202033,0.201385,0.195862,0.194836,0.194547"
train,v5bpair_01143,contaminacion_alta_NO2,contaminacion_alta_NO2,True,122,"630,367,350,591,618,262,323,868,220,745,600,815","0.301864,0.248136,0.234390,0.232828,0.226180,0.225383,0.212701,0.210150,0.197229,0.193258,0.187138,0.186835"
train,v5bpair_01146,ozono_anomalo,ozono_anomalo,True,122,"660,377,201,541,669,990,978,321,270,538,974,293","0.292366,0.288093,0.280413,0.262416,0.259286,0.236741,0.221561,0.220198,0.218409,0.212006,0.200749,0.199715"
train,v5bpair_01147,suelo_urbano,suelo_urbano,True,122,"350,787,4,190,568,651,618,409,819,1002,140,956","0.240823,0.234544,0.216188,0.215154,0.209391,0.207980,0.207026,0.204114,0.202063,0.197549,0.191291,0.187476"
train,v5bpair_01148,contaminacion_alta_SO2,contaminacion_alta_SO2,True,122,"566,1,1019,809,1018,758,711,841,617,905,489,456","0.339283,0.336835,0.311945,0.285115,0.279552,0.273555,0.269986,0.268988,0.262822,0.251422,0.248385,0.244550"
train,v5bpair_01150,ozono_anomalo,ozono_anomalo,True,122,"606,182,541,1,978,3,411,251,669,692,317,747","0.329288,0.307831,0.307453,0.306589,0.288929,0.282514,0.280242,0.274677,0.270660,0.270399,0.264935,0.246758"
train,v5bpair_01152,contaminacion_alta_SO2,contaminacion_alta_SO2,True,122,"711,603,758,757,111,1,566,422,485,998,909,1018","0.290358,0.262489,0.225124,0.195801,0.194989,0.193032,0.191591,0.178689,0.175780,0.171522,0.168858,0.167721"
train,v5bpair_01153,contaminacion_alta_SO2,contaminacion_alta_SO2,True,122,"269,204,721,1003,711,830,432,431,952,386,485,989","0.211107,0.190724,0.189156,0.181991,0.177124,0.171451,0.170244,0.168768,0.164489,0.164433,0.164000,0.156290"
train,v5bpair_01154,contaminacion_alta_NO2,contaminacion_alta_NO2,True,122,"745,239,669,335,998,660,904,488,66,4,321,441","0.226358,0.214900,0.207968,0.203748,0.197194,0.181933,0.174453,0.172390,0.172134,0.168821,0.164424,0.163855"
train,v5bpair_01157,suelo_urbano,suelo_urbano,True,122,"3,928,652,288,568,5,379,442,53,913,26,350","0.605721,0.578241,0.540698,0.535722,0.519491,0.517598,0.479465,0.477818,0.442740,0.425469,0.400004,0.399971"
train,v5bpair_01159,vegetacion_densa,vegetacion_densa,True,122,"672,534,674,127,612,148,204,133,650,270,130,488","0.255557,0.225571,0.222974,0.222959,0.222794,0.214512,0.196767,0.196423,0.187322,0.184229,0.174586,0.171644"
train,v5bpair_01162,contaminacion_alta_SO2,contaminacion_alta_SO2,True,122,"998,1,692,711,386,42,909,617,1018,269,321,422","0.234186,0.220707,0.212003,0.197627,0.195711,0.190636,0.181128,0.177857,0.171293,0.171207,0.170948,0.168959"
train,v5bpair_01164,suelo_urbano,suelo_urbano,True,122,"4,568,140,442,899,3,53,350,26,956,652,913","0.525027,0.521705,0.452290,0.397017,0.383023,0.378218,0.368766,0.361234,0.349177,0.348161,0.348087,0.317996"
train,v5bpair_01165,contaminacion_alta_NO2,contaminacion_alta_NO2,True,122,"158,819,367,220,1006,961,855,127,600,591,745,108","0.239451,0.236330,0.208003,0.203637,0.187829,0.185905,0.181573,0.170073,0.169418,0.168894,0.165076,0.163298"
train,v5bpair_01166,suelo_urbano,suelo_urbano,True,122,"568,3,899,928,379,288,652,26,5,350,442,713","0.708684,0.618710,0.592950,0.591212,0.584113,0.579407,0.558165,0.521246,0.506093,0.501040,0.490409,0.481475"
train,v5bpair_01167,ozono_anomalo,ozono_anomalo,True,122,"251,218,46,836,541,455,323,519,432,622,151,1","0.294896,0.294061,0.239029,0.228173,0.226288,0.225395,0.215297,0.214247,0.210960,0.202582,0.195588,0.192949"
train,v5bpair_01169,contaminacion_alta_NO2,contaminacion_alta_NO2,True,122,"998,213,530,350,220,600,367,618,248,265,591,317","0.190338,0.185377,0.185333,0.180732,0.176725,0.168930,0.166674,0.162681,0.159969,0.156688,0.154953,0.141553"
train,v5bpair_01170,suelo_urbano,suelo_urbano,True,122,"568,899,3,288,26,928,379,652,4,397,5,442","0.753009,0.650129,0.625986,0.591406,0.584908,0.559942,0.538697,0.538054,0.514102,0.506847,0.494195,0.488663"
train,v5bpair_01171,ozono_anomalo,ozono_anomalo,True,122,"317,669,350,98,182,265,408,731,906,541,618,703","0.286080,0.275437,0.255662,0.241699,0.241214,0.234560,0.210096,0.199101,0.188861,0.187042,0.185100,0.184631"
train,v5bpair_01172,ozono_anomalo,ozono_anomalo,True,122,"1,251,432,692,606,1019,711,960,222,541,531,270","0.389028,0.317994,0.303783,0.269093,0.254613,0.238692,0.237421,0.234612,0.223755,0.210761,0.202502,0.199804"
train,v5bpair_01173,ozono_anomalo,ozono_anomalo,True,122,"1,978,711,377,606,323,251,841,669,388,745,660","0.345695,0.334128,0.300828,0.297894,0.297381,0.287621,0.285643,0.277847,0.274762,0.273698,0.261778,0.261709"
train,v5bpair_01174,contaminacion_alta_SO2,contaminacion_alta_SO2,True,122,"711,692,600,1019,525,386,472,921,925,588,277,259","0.293051,0.268153,0.216397,0.205546,0.195214,0.187567,0.187490,0.186615,0.186220,0.181853,0.181204,0.179638"
train,v5bpair_01175,vegetacion_densa,vegetacion_densa,True,122,"612,674,127,654,204,706,778,648,961,837,133,291","0.238675,0.226682,0.223025,0.215371,0.200148,0.194825,0.194756,0.191749,0.189384,0.185896,0.183952,0.183164"
train,v5bpair_01177,contaminacion_alta_NO2,contaminacion_alta_NO2,True,122,"156,262,367,836,745,106,697,600,541,703,442,538","0.290801,0.247962,0.246764,0.222737,0.215182,0.195018,0.194636,0.183698,0.181239,0.181014,0.180617,0.180352"
train,v5bpair_01180,vegetacion_densa,vegetacion_densa,True,122,"269,711,643,976,229,238,654,655,961,524,877,204","0.362995,0.327633,0.295233,0.267303,0.265107,0.255503,0.232765,0.225242,0.223625,0.219524,0.219348,0.214328"
train,v5bpair_01182,suelo_urbano,suelo_urbano,True,122,"3,928,5,652,568,288,379,442,913,53,747,317","0.509789,0.501482,0.478767,0.478640,0.466518,0.463719,0.440269,0.438460,0.418070,0.374541,0.365403,0.358495"
train,v5bpair_01187,contaminacion_alta_NO2,contaminacion_alta_NO2,True,122,"618,350,262,787,819,600,367,834,591,1012,442,950","0.252565,0.248374,0.247385,0.214357,0.202254,0.179506,0.170630,0.168768,0.167525,0.160209,0.157792,0.153655"
train,v5bpair_01188,contaminacion_alta_SO2,contaminacion_alta_SO2,True,122,"321,530,705,758,63,998,904,248,868,485,359,399","0.218220,0.212325,0.201531,0.196012,0.191068,0.186424,0.182414,0.179437,0.176629,0.168865,0.167620,0.165475"
train,v5bpair_01189,contaminacion_alta_SO2,contaminacion_alta_SO2,True,122,"1,692,711,617,386,1019,456,23,432,1018,989,269","0.319372,0.295327,0.271526,0.270022,0.254949,0.245132,0.240627,0.205784,0.203843,0.201567,0.200654,0.199462"
train,v5bpair_01190,vegetacion_densa,vegetacion_densa,True,122,"291,238,229,148,635,468,375,269,996,478,650,959","0.227850,0.221816,0.214030,0.209187,0.202288,0.201818,0.201803,0.200320,0.190998,0.186283,0.185985,0.172387"
train,v5bpair_01191,vegetacion_densa,vegetacion_densa,True,122,"291,961,76,229,46,218,148,654,706,277,345,429","0.260492,0.226705,0.222351,0.215278,0.213389,0.207266,0.191805,0.190564,0.190151,0.184998,0.177664,0.176644"
train,v5bpair_01193,contaminacion_alta_SO2,contaminacion_alta_SO2,True,122,"1,321,692,1019,998,566,269,711,259,617,758,904","0.305601,0.274257,0.266674,0.262203,0.247846,0.243076,0.197803,0.186116,0.181495,0.175651,0.173140,0.170750"
train,v5bpair_01195,contaminacion_alta_SO2,contaminacion_alta_SO2,True,122,"49,704,711,709,61,510,904,600,476,432,758,63","0.354070,0.301145,0.296616,0.251464,0.249910,0.248948,0.236671,0.232972,0.232522,0.228873,0.222867,0.219789"
train,v5bpair_01197,suelo_urbano,suelo_urbano,True,122,"3,568,288,5,379,747,928,442,397,652,956,411","0.511841,0.492600,0.470818,0.453567,0.451809,0.446817,0.444354,0.411309,0.402166,0.395251,0.367727,0.366813"
train,v5bpair_01198,contaminacion_alta_NO2,contaminacion_alta_NO2,True,122,"630,367,220,198,591,350,576,745,530,412,708,323","0.264942,0.249118,0.225684,0.217070,0.211642,0.185205,0.162574,0.162071,0.159412,0.154585,0.154172,0.152666"
train,v5bpair_01199,suelo_urbano,suelo_urbano,True,122,"3,288,928,568,652,26,379,5,442,53,956,913","0.750926,0.742632,0.730865,0.726830,0.685474,0.647600,0.613262,0.561843,0.540078,0.525951,0.522858,0.518729"
train,v5bpair_01201,ozono_anomalo,ozono_anomalo,True,122,"1,669,323,541,251,660,606,270,182,201,218,519","0.360514,0.272316,0.263938,0.254342,0.247865,0.240827,0.234113,0.233620,0.227186,0.220883,0.219948,0.215855"
train,v5bpair_01202,vegetacion_densa,vegetacion_densa,True,122,"269,583,279,981,275,219,524,898,148,14,674,229","0.384622,0.329489,0.317434,0.296016,0.284738,0.282131,0.279402,0.272664,0.268551,0.263946,0.262611,0.246316"
train,v5bpair_01203,suelo_urbano,suelo_urbano,True,122,"568,3,288,928,652,379,26,899,956,5,913,140","0.818766,0.746670,0.741927,0.725008,0.677872,0.672561,0.662891,0.566098,0.560444,0.548034,0.546096,0.532965"
train,v5bpair_01204,vegetacion_densa,vegetacion_densa,True,122,"269,674,534,961,605,275,219,612,981,524,650,617","0.404911,0.394065,0.357565,0.351283,0.342034,0.340014,0.333517,0.323651,0.314197,0.312149,0.305020,0.304306"
train,v5bpair_01205,suelo_urbano,suelo_urbano,True,122,"568,956,265,913,3,652,899,928,379,140,713,350","0.349182,0.292667,0.291295,0.280535,0.265818,0.255809,0.252312,0.249192,0.240962,0.239973,0.233619,0.228879"
train,v5bpair_01206,vegetacion_densa,vegetacion_densa,True,122,"269,674,981,524,88,275,346,583,532,898,612,355","0.501862,0.486919,0.471824,0.465702,0.448202,0.443560,0.431025,0.389682,0.379295,0.375950,0.358874,0.351180"
train,v5bpair_01207,contaminacion_alta_NO2,contaminacion_alta_NO2,True,122,"367,603,708,80,201,285,763,127,106,600,974,381","0.225630,0.220080,0.215395,0.189282,0.185510,0.178211,0.172567,0.169442,0.161962,0.161554,0.160023,0.158931"
train,v5bpair_01211,contaminacion_alta_SO2,contaminacion_alta_SO2,True,122,"1,692,711,998,1018,1019,758,909,780,841,191,474","0.273888,0.238869,0.238284,0.200336,0.199287,0.190911,0.189913,0.174714,0.173318,0.170381,0.163298,0.162391"
train,v5bpair_01212,vegetacion_densa,vegetacion_densa,True,122,"269,566,605,524,674,612,275,88,346,961,860,681","0.467284,0.455404,0.364583,0.354115,0.336831,0.335396,0.328706,0.311543,0.299491,0.297974,0.297202,0.273706"
train,v5bpair_01213,contaminacion_alta_NO2,contaminacion_alta_NO2,True,122,"37,541,262,367,530,321,704,669,152,600,52,745","0.264734,0.255289,0.251085,0.243394,0.240108,0.226589,0.225291,0.222707,0.219731,0.205064,0.185416,0.183679"
train,v5bpair_01214,contaminacion_alta_NO2,contaminacion_alta_NO2,True,122,"541,704,201,4,974,145,903,538,280,600,739,336","0.392735,0.245003,0.239588,0.239537,0.234412,0.219137,0.217064,0.209804,0.205978,0.196423,0.193247,0.189596"
train,v5bpair_01216,suelo_urbano,suelo_urbano,True,122,"568,288,928,652,379,3,5,26,524,899,53,442","0.617237,0.607745,0.607064,0.564175,0.563663,0.563026,0.490620,0.487751,0.475515,0.467797,0.432573,0.429728"
train,v5bpair_01217,contaminacion_alta_SO2,contaminacion_alta_SO2,True,122,"580,49,566,269,476,904,259,167,510,291,1003,770","0.309366,0.294377,0.243620,0.221940,0.214641,0.213251,0.210802,0.210105,0.204433,0.203065,0.200737,0.191175"
train,v5bpair_01223,vegetacion_densa,vegetacion_densa,True,122,"275,650,981,374,477,204,706,961,524,566,674,612","0.323669,0.258977,0.255086,0.245856,0.235506,0.220184,0.215710,0.215367,0.215075,0.209826,0.208910,0.207549"
train,v5bpair_01224,vegetacion_densa,vegetacion_densa,True,122,"650,269,204,877,830,229,238,779,837,390,612,432","0.288589,0.263323,0.234012,0.225573,0.221869,0.214570,0.212335,0.211560,0.207569,0.205992,0.201694,0.201160"
train,v5bpair_01225,suelo_urbano,suelo_urbano,True,122,"3,928,652,568,288,379,26,5,956,53,913,4","0.691796,0.661141,0.645998,0.641027,0.620044,0.619026,0.558273,0.497085,0.492582,0.490705,0.468394,0.457537"
train,v5bpair_01226,vegetacion_densa,vegetacion_densa,True,122,"674,269,981,346,524,612,568,275,127,650,534,776","0.405982,0.401065,0.388101,0.363893,0.363301,0.357015,0.352507,0.343883,0.328025,0.316538,0.316228,0.311613"
train,v5bpair_01227,vegetacion_densa,vegetacion_densa,True,122,"275,269,961,229,279,204,524,551,169,291,810,654","0.251995,0.241019,0.238187,0.236509,0.232761,0.225859,0.219303,0.214895,0.202292,0.201978,0.196194,0.191747"
train,v5bpair_01228,ozono_anomalo,ozono_anomalo,True,122,"76,190,836,151,265,906,669,691,98,974,703,46","0.230733,0.223381,0.200461,0.197228,0.191465,0.190874,0.184623,0.168915,0.166003,0.163796,0.162911,0.158105"
train,v5bpair_01229,contaminacion_alta_NO2,contaminacion_alta_NO2,True,122,"156,265,350,429,442,541,669,326,731,703,5,618","0.250024,0.236199,0.227315,0.226110,0.203215,0.197929,0.190778,0.181531,0.169079,0.166499,0.162394,0.161843"
train,v5bpair_01230,suelo_urbano,suelo_urbano,True,122,"379,568,3,899,913,652,4,322,861,26,332,1012","0.378188,0.345282,0.338369,0.319657,0.314829,0.306132,0.279511,0.248373,0.237928,0.231537,0.222701,0.220821"
train,v5bpair_01231,suelo_urbano,suelo_urbano,True,122,"409,190,805,808,158,1002,180,713,345,806,998,534","0.221331,0.191896,0.180374,0.174368,0.173904,0.168956,0.167921,0.165377,0.163943,0.163934,0.162855,0.162557"
train,v5bpair_01232,ozono_anomalo,ozono_anomalo,True,122,"1,692,269,830,422,29,809,1019,432,681,566,66","0.353874,0.307129,0.286878,0.254477,0.253994,0.249068,0.247680,0.233963,0.227754,0.224845,0.223120,0.221117"
train,v5bpair_01234,ozono_anomalo,ozono_anomalo,True,122,"660,377,323,270,990,1018,669,182,864,282,926,1","0.320130,0.311631,0.285715,0.267225,0.250111,0.248253,0.244596,0.232086,0.227683,0.224436,0.212560,0.206234"
train,v5bpair_01235,suelo_urbano,suelo_urbano,True,122,"568,856,713,1002,3,265,8,969,806,411,899,982","0.230576,0.220238,0.218664,0.203080,0.201441,0.199565,0.190739,0.187813,0.185716,0.182812,0.180559,0.180094"
train,v5bpair_01236,contaminacion_alta_NO2,contaminacion_alta_NO2,True,122,"541,836,106,974,742,429,46,642,1000,685,423,600","0.342046,0.281129,0.272777,0.245406,0.227099,0.221422,0.219520,0.216281,0.208423,0.203877,0.203369,0.200077"
train,v5bpair_01237,vegetacion_densa,vegetacion_densa,True,122,"275,524,674,612,229,204,583,961,346,269,463,374","0.334652,0.302686,0.269700,0.265909,0.262722,0.261824,0.244455,0.237482,0.235337,0.227177,0.205027,0.200673"
train,v5bpair_01239,suelo_urbano,suelo_urbano,True,122,"4,53,568,1002,265,3,913,8,350,969,652,928","0.302724,0.289910,0.262400,0.250120,0.240793,0.240746,0.235467,0.234461,0.233528,0.232810,0.224304,0.219160"
train,v5bpair_01240,vegetacion_densa,vegetacion_densa,True,122,"291,229,269,650,204,654,148,277,568,355,1008,837","0.297735,0.233488,0.230647,0.218574,0.210682,0.207312,0.199652,0.194688,0.190389,0.189137,0.177366,0.175474"
train,v5bpair_01241,contaminacion_alta_NO2,contaminacion_alta_NO2,True,122,"819,591,262,834,367,618,787,630,220,417,651,189","0.269470,0.239293,0.217757,0.215241,0.203326,0.197966,0.187675,0.169288,0.168770,0.166459,0.165582,0.162948"
train,v5bpair_01242,contaminacion_alta_SO2,contaminacion_alta_SO2,True,122,"786,600,709,485,332,248,132,704,49,758,513,75","0.360173,0.355674,0.325167,0.319736,0.300854,0.274134,0.264279,0.263862,0.256423,0.253407,0.246862,0.234583"
train,v5bpair_01243,vegetacion_densa,vegetacion_densa,True,122,"650,275,290,612,959,961,291,534,794,76,269,976","0.327843,0.314930,0.289556,0.286292,0.285393,0.282760,0.279448,0.260944,0.260924,0.257912,0.256925,0.254639"
train,v5bpair_01245,contaminacion_alta_NO2,contaminacion_alta_NO2,True,122,"904,879,488,791,618,239,950,692,674,294,669,729","0.259943,0.220648,0.217375,0.211908,0.205238,0.202982,0.199452,0.199315,0.198336,0.181552,0.179059,0.171126"
train,v5bpair_01247,contaminacion_alta_SO2,contaminacion_alta_SO2,True,122,"534,998,551,359,805,758,829,238,708,269,754,204","0.250847,0.220808,0.220425,0.219633,0.203096,0.201173,0.192288,0.192211,0.178657,0.175601,0.174201,0.171657"
train,v5bpair_01248,vegetacion_densa,vegetacion_densa,True,122,"269,674,981,275,524,346,88,335,532,898,612,961","0.532310,0.477779,0.457163,0.439681,0.437767,0.431407,0.422639,0.383786,0.383465,0.377236,0.373084,0.362353"
train,v5bpair_01250,vegetacion_densa,vegetacion_densa,True,122,"1,691,275,519,674,524,612,251,335,617,210,971","0.252511,0.245438,0.240404,0.225105,0.214537,0.213477,0.207397,0.203443,0.198458,0.193050,0.172502,0.170773"
train,v5bpair_01251,suelo_urbano,suelo_urbano,True,122,"568,3,4,140,956,520,913,928,379,652,53,375","0.493017,0.416686,0.388117,0.337928,0.335528,0.333354,0.332863,0.331365,0.324988,0.320043,0.313096,0.305765"
train,v5bpair_01252,contaminacion_alta_NO2,contaminacion_alta_NO2,True,122,"335,1006,158,367,618,106,23,745,571,926,105,426","0.189868,0.181343,0.175749,0.173861,0.164836,0.154289,0.154131,0.153686,0.153459,0.153019,0.148325,0.144775"
train,v5bpair_01253,suelo_urbano,suelo_urbano,True,122,"568,3,928,652,288,26,379,5,899,350,442,4","0.691263,0.654362,0.647036,0.595046,0.563483,0.559519,0.546113,0.510613,0.502385,0.483294,0.471935,0.470783"
train,v5bpair_01254,vegetacion_densa,vegetacion_densa,True,122,"860,335,269,346,605,961,674,524,617,612,971,887","0.310825,0.285159,0.277389,0.266784,0.261189,0.254321,0.234076,0.232310,0.225324,0.219633,0.218572,0.212911"
train,v5bpair_01255,suelo_urbano,suelo_urbano,True,122,"568,899,956,3,5,713,350,1012,4,488,535,411","0.351381,0.327600,0.257702,0.234947,0.233186,0.219995,0.216610,0.215492,0.213095,0.211886,0.207224,0.206676"
train,v5bpair_01256,contaminacion_alta_SO2,contaminacion_alta_SO2,True,122,"998,711,709,600,904,496,786,248,1012,554,758,635","0.302903,0.250343,0.246492,0.235146,0.223176,0.213579,0.202901,0.200279,0.197811,0.193088,0.192109,0.189243"
train,v5bpair_01258,ozono_anomalo,ozono_anomalo,True,122,"541,974,251,432,415,532,467,870,163,836,946,642","0.357943,0.310562,0.301887,0.285130,0.263800,0.249834,0.234948,0.234694,0.232647,0.229120,0.224701,0.210435"
train,v5bpair_01259,vegetacion_densa,vegetacion_densa,True,122,"269,655,346,905,583,39,816,135,681,456,830,952","0.265688,0.255933,0.237333,0.228186,0.227616,0.218865,0.218331,0.216709,0.199486,0.196535,0.195667,0.194620"
train,v5bpair_01260,ozono_anomalo,ozono_anomalo,True,122,"711,251,444,606,978,532,411,566,692,726,757,432","0.287450,0.237129,0.231735,0.210263,0.207402,0.207383,0.184957,0.174736,0.168079,0.165789,0.165546,0.165083"
train,v5bpair_01261,vegetacion_densa,vegetacion_densa,True,122,"269,674,961,275,524,612,981,219,127,605,441,534","0.412707,0.408285,0.402893,0.395403,0.362512,0.359783,0.351299,0.340643,0.323476,0.322146,0.315937,0.303149"
train,v5bpair_01262,ozono_anomalo,ozono_anomalo,True,122,"269,606,830,444,432,711,978,692,773,182,531,377","0.309265,0.296231,0.281436,0.238152,0.232806,0.224052,0.213662,0.210028,0.204554,0.204345,0.202318,0.197700"
train,v5bpair_01263,contaminacion_alta_SO2,contaminacion_alta_SO2,True,122,"711,1019,566,809,692,1,582,432,422,106,588,603","0.363877,0.274886,0.262098,0.246040,0.238837,0.236038,0.216315,0.210770,0.198863,0.191585,0.187844,0.186632"
train,v5bpair_01265,contaminacion_alta_NO2,contaminacion_alta_NO2,True,122,"262,618,630,819,815,367,429,409,787,568,591,350","0.214783,0.200798,0.196846,0.187762,0.182852,0.180345,0.175125,0.170572,0.166978,0.165907,0.165783,0.165327"
train,v5bpair_01267,contaminacion_alta_SO2,contaminacion_alta_SO2,True,122,"269,692,903,998,848,711,1019,869,61,605,830,14","0.214781,0.211745,0.201203,0.195084,0.194160,0.190782,0.183547,0.182105,0.181760,0.181149,0.174310,0.171578"
train,v5bpair_01269,vegetacion_densa,vegetacion_densa,True,122,"524,269,346,270,612,275,952,204,583,747,134,606","0.279957,0.257020,0.255440,0.243252,0.242583,0.224601,0.216613,0.214355,0.209678,0.204509,0.204489,0.198233"
train,v5bpair_01272,suelo_urbano,suelo_urbano,True,122,"568,4,26,899,140,861,956,776,375,350,53,3","0.528446,0.497016,0.455010,0.424393,0.386953,0.371326,0.361655,0.355670,0.347724,0.346827,0.344906,0.344627"
train,v5bpair_01275,suelo_urbano,suelo_urbano,True,122,"713,899,411,265,3,343,568,806,988,621,375,140","0.302020,0.286280,0.283685,0.275732,0.260744,0.249314,0.247060,0.239643,0.233201,0.228527,0.214720,0.209158"
train,v5bpair_01276,contaminacion_alta_NO2,contaminacion_alta_NO2,True,122,"530,745,669,321,37,350,591,417,294,191,265,731","0.278802,0.255609,0.246294,0.239140,0.231707,0.228944,0.225535,0.215978,0.209387,0.204584,0.196468,0.196233"
train,v5bpair_01277,contaminacion_alta_SO2,contaminacion_alta_SO2,True,122,"635,49,600,903,709,650,711,485,998,147,837,332","0.266103,0.234060,0.227442,0.226209,0.224587,0.208869,0.198412,0.194884,0.191130,0.190202,0.189553,0.189471"
train,v5bpair_01278,suelo_urbano,suelo_urbano,True,122,"928,568,3,288,652,379,5,26,899,442,913,524","0.766223,0.698398,0.662629,0.635877,0.624004,0.610963,0.563082,0.534595,0.521977,0.514111,0.494896,0.480536"
train,v5bpair_01279,vegetacion_densa,vegetacion_densa,True,122,"269,275,981,279,961,674,612,605,88,805,346,524","0.456676,0.382072,0.363958,0.327815,0.327286,0.317351,0.310893,0.293677,0.284390,0.277682,0.269499,0.266923"
train,v5bpair_01280,ozono_anomalo,ozono_anomalo,True,122,"182,773,323,660,541,978,669,377,792,317,836,8","0.300333,0.276005,0.267516,0.264412,0.259000,0.249918,0.245954,0.238444,0.230036,0.229071,0.220771,0.219834"
train,v5bpair_01281,contaminacion_alta_SO2,contaminacion_alta_SO2,True,122,"238,379,998,711,63,989,426,810,758,220,904,167","0.202654,0.190070,0.189122,0.182073,0.179192,0.176700,0.155493,0.151244,0.148494,0.140439,0.139991,0.139950"
train,v5bpair_01282,contaminacion_alta_NO2,contaminacion_alta_NO2,True,122,"883,669,600,377,618,692,879,603,757,904,998,660","0.187820,0.186922,0.185216,0.154938,0.154426,0.140869,0.137936,0.133123,0.131479,0.129444,0.127102,0.123899"
train,v5bpair_01286,contaminacion_alta_NO2,contaminacion_alta_NO2,True,122,"600,332,367,786,618,156,262,1006,745,181,152,832","0.314152,0.244192,0.229133,0.217453,0.216551,0.216508,0.210722,0.204958,0.204181,0.189122,0.184886,0.183559"
train,v5bpair_01287,ozono_anomalo,ozono_anomalo,True,122,"151,76,836,218,706,882,367,323,974,251,27,467","0.221536,0.208337,0.201582,0.197358,0.194438,0.185567,0.177342,0.173694,0.162903,0.160288,0.158965,0.156790"
train,v5bpair_01289,contaminacion_alta_NO2,contaminacion_alta_NO2,True,122,"630,530,591,262,417,926,745,220,618,868,37,832","0.244705,0.214308,0.211025,0.207332,0.207185,0.203903,0.183678,0.177334,0.175936,0.174945,0.170673,0.170540"
train,v5bpair_01290,ozono_anomalo,ozono_anomalo,True,122,"163,974,541,251,106,432,566,711,960,531,532,606","0.235828,0.230106,0.225528,0.218037,0.209717,0.200298,0.198865,0.195876,0.192827,0.182150,0.181914,0.180050"
train,v5bpair_01292,contaminacion_alta_NO2,contaminacion_alta_NO2,True,122,"321,745,182,377,669,367,660,538,600,883,127,106","0.350448,0.294739,0.279484,0.277506,0.274698,0.271658,0.265711,0.252301,0.218848,0.218325,0.209967,0.204452"
train,v5bpair_01293,vegetacion_densa,vegetacion_densa,True,122,"275,706,650,277,961,576,76,819,624,133,837,1006","0.266182,0.248032,0.247838,0.245441,0.228263,0.224333,0.223008,0.220213,0.216019,0.215950,0.201468,0.201435"
train,v5bpair_01295,contaminacion_alta_NO2,contaminacion_alta_NO2,True,122,"321,961,855,593,998,708,763,362,962,37,603,819","0.218712,0.202181,0.198254,0.187085,0.184701,0.182881,0.181462,0.172689,0.163892,0.163561,0.159565,0.159460"
train,v5bpair_01296,vegetacion_densa,vegetacion_densa,True,122,"534,961,650,309,210,763,976,127,794,568,877,148","0.285916,0.281972,0.269892,0.206783,0.204508,0.199124,0.197534,0.193020,0.192441,0.191167,0.189171,0.189088"
train,v5bpair_01297,contaminacion_alta_NO2,contaminacion_alta_NO2,True,122,"868,429,76,367,198,591,218,699,708,834,544,600","0.146518,0.146049,0.145759,0.145730,0.144592,0.142602,0.140891,0.133831,0.132270,0.128816,0.128716,0.128530"
train,v5bpair_01298,ozono_anomalo,ozono_anomalo,True,122,"251,974,882,531,541,588,323,960,836,1,106,163","0.260997,0.260681,0.258244,0.250262,0.232136,0.229296,0.228395,0.228362,0.218327,0.211642,0.211549,0.210477"
train,v5bpair_01299,contaminacion_alta_NO2,contaminacion_alta_NO2,True,122,"201,603,757,708,903,909,883,15,1,422,865,855","0.217666,0.201999,0.186449,0.183627,0.183030,0.177625,0.176745,0.171159,0.168720,0.168552,0.154697,0.154572"
train,v5bpair_01300,vegetacion_densa,vegetacion_densa,True,122,"674,335,524,346,532,88,275,269,612,981,270,127","0.333245,0.310831,0.304180,0.298878,0.283400,0.276879,0.271405,0.265597,0.264476,0.262794,0.254299,0.253218"
train,v5bpair_01301,vegetacion_densa,vegetacion_densa,True,122,"612,296,961,524,127,374,194,275,463,830,88,974","0.321535,0.214907,0.208527,0.207706,0.203293,0.196995,0.188636,0.187363,0.186124,0.184832,0.175813,0.170526"
train,v5bpair_01303,contaminacion_alta_SO2,contaminacion_alta_SO2,True,122,"485,600,480,75,429,650,786,837,574,415,61,147","0.247339,0.220603,0.205637,0.202793,0.201967,0.199628,0.195061,0.192252,0.191117,0.184413,0.181341,0.181000"
train,v5bpair_01304,vegetacion_densa,vegetacion_densa,True,122,"127,612,794,961,229,162,976,190,375,613,603,180","0.271870,0.256441,0.249523,0.235129,0.223834,0.223037,0.212590,0.205042,0.204361,0.196449,0.191133,0.186078"
train,v5bpair_01305,ozono_anomalo,ozono_anomalo,True,122,"1,541,251,222,218,519,46,606,432,270,323,960","0.362523,0.285753,0.253382,0.243897,0.242241,0.239590,0.239193,0.235643,0.232312,0.229653,0.215571,0.211540"
train,v5bpair_01306,contaminacion_alta_NO2,contaminacion_alta_NO2,True,122,"600,998,591,530,544,367,220,618,485,630,1012,940","0.209851,0.201525,0.178405,0.175498,0.174646,0.172170,0.152434,0.148107,0.144483,0.141768,0.141033,0.138258"
train,v5bpair_01307,ozono_anomalo,ozono_anomalo,True,122,"1,29,566,1019,809,692,833,269,432,909,830,605","0.382572,0.360428,0.358008,0.323082,0.297757,0.297636,0.295659,0.274953,0.266360,0.253863,0.248567,0.247846"
train,v5bpair_01308,contaminacion_alta_NO2,contaminacion_alta_NO2,True,122,"198,618,868,251,998,708,367,218,630,23,158,699","0.183611,0.177243,0.175857,0.170608,0.165489,0.158591,0.156847,0.155364,0.152566,0.151930,0.150136,0.147754"
train,v5bpair_01311,vegetacion_densa,vegetacion_densa,True,122,"275,568,612,441,524,374,219,961,674,375,776,956","0.327355,0.297902,0.291296,0.269943,0.265928,0.256424,0.252639,0.250806,0.245978,0.243793,0.237342,0.230460"
train,v5bpair_01312,suelo_urbano,suelo_urbano,True,122,"350,5,692,3,442,652,669,899,928,294,968,694","0.365841,0.304493,0.301875,0.291245,0.281223,0.280483,0.276301,0.267443,0.258037,0.254422,0.223308,0.223302"
train,v5bpair_01313,vegetacion_densa,vegetacion_densa,True,122,"650,794,612,681,204,119,779,375,275,524,238,961","0.226477,0.216156,0.199841,0.193451,0.191530,0.190404,0.187685,0.187253,0.183645,0.176287,0.175738,0.171556"
train,v5bpair_01314,vegetacion_densa,vegetacion_densa,True,122,"14,346,335,961,534,674,269,612,296,275,998,355","0.273187,0.242801,0.238788,0.222302,0.219145,0.214379,0.212650,0.208044,0.198921,0.197596,0.193430,0.191664"
train,v5bpair_01315,vegetacion_densa,vegetacion_densa,True,122,"269,275,805,961,14,534,346,219,706,819,589,981","0.293221,0.284248,0.276624,0.275344,0.221773,0.212417,0.197498,0.189050,0.186923,0.186835,0.180893,0.179810"
train,v5bpair_01316,contaminacion_alta_SO2,contaminacion_alta_SO2,True,122,"600,485,758,367,429,857,248,332,697,513,925,635","0.327501,0.291107,0.278575,0.269307,0.259176,0.246821,0.244505,0.236067,0.228032,0.220711,0.215801,0.215678"
train,v5bpair_01318,vegetacion_densa,vegetacion_densa,True,122,"998,346,961,335,959,210,971,534,14,219,275,904","0.308690,0.248533,0.240640,0.239647,0.236714,0.224320,0.214165,0.199932,0.199348,0.197857,0.192882,0.191906"
train,v5bpair_01319,ozono_anomalo,ozono_anomalo,True,122,"669,660,1,323,978,182,282,424,317,408,191,213","0.337007,0.311109,0.311077,0.267746,0.241957,0.239194,0.234327,0.231227,0.225212,0.223465,0.219552,0.219394"
train,v5bpair_01321,vegetacion_densa,vegetacion_densa,True,122,"291,148,277,269,961,229,996,635,204,877,76,324","0.290813,0.269518,0.253901,0.241967,0.235356,0.229092,0.225317,0.210495,0.208189,0.204431,0.196518,0.192640"
train,v5bpair_01322,vegetacion_densa,vegetacion_densa,True,122,"654,877,238,204,229,269,277,390,551,374,794,76","0.247643,0.244366,0.234406,0.224100,0.219268,0.204061,0.203395,0.191237,0.187476,0.186884,0.179851,0.178064"
train,v5bpair_01323,contaminacion_alta_SO2,ozono_anomalo,False,122,"1000,580,543,259,49,593,403,432,546,269,566,624","0.280231,0.258170,0.246331,0.243131,0.237790,0.236268,0.229011,0.228131,0.226189,0.225665,0.222942,0.214627"
train,v5bpair_01327,suelo_urbano,suelo_urbano,True,122,"568,899,4,956,861,375,140,655,1008,397,713,379","0.526649,0.484703,0.372266,0.343729,0.320817,0.320395,0.313698,0.311158,0.311046,0.294660,0.289608,0.288423"
train,v5bpair_01329,ozono_anomalo,ozono_anomalo,True,122,"1,213,321,323,660,191,265,669,282,239,833,444","0.241073,0.208805,0.205664,0.202882,0.192108,0.189307,0.188465,0.186360,0.181524,0.167760,0.167631,0.166685"
train,v5bpair_01332,vegetacion_densa,vegetacion_densa,True,122,"127,654,961,612,374,363,390,229,477,568,766,959","0.210112,0.203810,0.201430,0.191871,0.182456,0.178007,0.171704,0.170768,0.170484,0.168458,0.167250,0.167055"
train,v5bpair_01333,vegetacion_densa,vegetacion_densa,True,122,"674,269,275,524,961,534,219,981,589,583,612,655","0.344758,0.326485,0.323247,0.322818,0.318559,0.301468,0.294709,0.276488,0.275469,0.262381,0.259940,0.258713"
train,v5bpair_01335,ozono_anomalo,ozono_anomalo,True,122,"566,269,532,403,432,402,531,487,251,830,860,270","0.363648,0.338665,0.333216,0.327565,0.312833,0.298239,0.263024,0.262506,0.262287,0.259678,0.259613,0.258536"
train,v5bpair_01336,ozono_anomalo,ozono_anomalo,True,122,"432,974,1,29,101,949,566,467,870,850,606,843","0.287191,0.252863,0.223510,0.216172,0.199452,0.195442,0.192412,0.191473,0.188448,0.187533,0.186516,0.185903"
train,v5bpair_01337,suelo_urbano,suelo_urbano,True,122,"568,288,928,3,652,26,379,899,5,350,442,53","0.792786,0.761141,0.757630,0.754183,0.709584,0.689164,0.668385,0.628574,0.607258,0.584575,0.540708,0.540275"
train,v5bpair_01340,contaminacion_alta_SO2,contaminacion_alta_SO2,True,122,"600,786,711,709,485,998,23,49,692,513,259,332","0.265645,0.263716,0.254031,0.245863,0.235659,0.225457,0.200487,0.185496,0.181178,0.180417,0.180236,0.172203"
train,v5bpair_01342,vegetacion_densa,vegetacion_densa,True,122,"275,674,612,88,524,374,605,194,981,961,127,269","0.344689,0.309146,0.309072,0.295364,0.285519,0.262383,0.250694,0.250475,0.243734,0.243195,0.240433,0.230883"
train,v5bpair_01343,suelo_urbano,suelo_urbano,True,122,"928,568,3,288,652,379,26,5,442,140,520,53","0.743300,0.723622,0.708793,0.671486,0.656634,0.604797,0.582236,0.524775,0.504084,0.503283,0.487105,0.486167"
train,v5bpair_01344,contaminacion_alta_SO2,contaminacion_alta_SO2,True,122,"321,772,485,848,530,998,36,758,191,780,359,73","0.230092,0.225732,0.217839,0.214886,0.206129,0.205756,0.202631,0.196420,0.190918,0.187058,0.175419,0.174965"
train,v5bpair_01345,suelo_urbano,suelo_urbano,True,122,"3,618,411,350,317,262,745,868,8,988,228,652","0.319224,0.261030,0.247055,0.241748,0.238146,0.232830,0.223810,0.220387,0.220215,0.218161,0.213402,0.210420"
train,v5bpair_01346,contaminacion_alta_SO2,contaminacion_alta_SO2,True,122,"692,386,269,711,1,617,791,605,675,535,432,952","0.268653,0.257074,0.251065,0.249048,0.226512,0.218521,0.218187,0.184119,0.175207,0.172945,0.172828,0.170901"
train,v5bpair_01347,suelo_urbano,suelo_urbano,True,122,"3,568,899,379,26,652,5,53,4,375,411,140","0.524980,0.472852,0.414264,0.405037,0.366084,0.352750,0.347362,0.342995,0.336235,0.334801,0.329305,0.310914"
train,v5bpair_01349,vegetacion_densa,vegetacion_densa,True,122,"291,478,229,631,635,805,275,367,830,345,162,468","0.265398,0.222202,0.218721,0.217870,0.217018,0.215796,0.203894,0.203882,0.201302,0.198948,0.197869,0.196052"
train,v5bpair_01352,suelo_urbano,suelo_urbano,True,122,"713,343,411,3,265,508,988,621,1012,442,899,912","0.227827,0.226565,0.208783,0.206365,0.203173,0.200983,0.195022,0.193024,0.185062,0.183486,0.183025,0.179759"
train,v5bpair_01354,vegetacion_densa,vegetacion_densa,True,122,"568,127,204,961,291,612,674,654,229,524,650,133","0.302305,0.247338,0.245204,0.243197,0.233282,0.230798,0.230241,0.224364,0.221244,0.220102,0.218266,0.213688"
train,v5bpair_01360,contaminacion_alta_SO2,contaminacion_alta_SO2,True,122,"692,711,1,998,758,485,600,1019,709,489,841,386","0.311181,0.308913,0.299173,0.251798,0.243144,0.239789,0.238696,0.234137,0.229215,0.212103,0.209593,0.201710"
train,v5bpair_01362,ozono_anomalo,ozono_anomalo,True,122,"323,669,218,251,53,711,1,377,519,926,416,432","0.283156,0.242642,0.226290,0.214763,0.212154,0.207264,0.194744,0.190200,0.189584,0.185578,0.185172,0.178517"
train,v5bpair_01363,contaminacion_alta_SO2,contaminacion_alta_SO2,True,122,"758,998,337,63,711,600,75,386,569,1018,389,841","0.322648,0.288640,0.266910,0.259294,0.259067,0.235292,0.230541,0.228323,0.226297,0.224319,0.221675,0.218714"
train,v5bpair_01364,ozono_anomalo,ozono_anomalo,True,122,"669,660,98,317,323,190,239,408,691,265,182,787","0.267182,0.237732,0.235282,0.229945,0.218996,0.218091,0.215692,0.203269,0.195968,0.189639,0.189093,0.186407"
train,v5bpair_01365,vegetacion_densa,vegetacion_densa,True,122,"346,335,456,269,275,860,617,14,583,589,355,534","0.391300,0.283617,0.273934,0.261243,0.240103,0.235137,0.232998,0.231135,0.228944,0.213960,0.212343,0.209093"
train,v5bpair_01367,suelo_urbano,suelo_urbano,True,122,"3,5,4,568,26,899,53,350,745,270,442,524","0.361157,0.301647,0.295063,0.290927,0.283630,0.280427,0.265781,0.265531,0.263674,0.240297,0.235105,0.233162"
train,v5bpair_01368,ozono_anomalo,ozono_anomalo,True,122,"669,541,182,660,98,317,350,836,960,978,442,606","0.351891,0.323821,0.320048,0.279132,0.275797,0.254705,0.254401,0.248965,0.248621,0.238026,0.236303,0.231539"
train,v5bpair_01370,suelo_urbano,suelo_urbano,True,122,"899,568,397,552,791,346,711,692,14,1012,442,143","0.377158,0.360452,0.281068,0.279354,0.272820,0.269652,0.269438,0.265938,0.261405,0.257260,0.250339,0.248775"
train,v5bpair_01371,ozono_anomalo,ozono_anomalo,True,122,"669,541,978,1,711,377,323,1019,182,660,454,809","0.266208,0.260196,0.239273,0.231136,0.229272,0.227564,0.219630,0.214162,0.210386,0.197868,0.191054,0.189765"
train,v5bpair_01372,ozono_anomalo,ozono_anomalo,True,122,"541,669,350,660,323,98,182,317,606,265,836,313","0.287376,0.278658,0.260315,0.248214,0.236743,0.234562,0.229980,0.225818,0.213860,0.213087,0.212771,0.211727"
train,v5bpair_01373,contaminacion_alta_NO2,contaminacion_alta_NO2,True,122,"745,220,127,600,105,758,915,998,158,426,596,712","0.220417,0.199577,0.197551,0.194375,0.192450,0.182388,0.162946,0.154737,0.153763,0.151340,0.150385,0.147987"
train,v5bpair_01374,ozono_anomalo,ozono_anomalo,True,122,"660,29,566,269,182,204,1,18,444,879,692,669","0.342216,0.276889,0.270424,0.241798,0.232046,0.229652,0.227332,0.223247,0.215430,0.209097,0.204607,0.204155"
train,v5bpair_01376,contaminacion_alta_SO2,contaminacion_alta_SO2,True,122,"711,291,830,531,480,269,415,692,525,675,635,965","0.321585,0.220886,0.206874,0.201743,0.198529,0.196866,0.196562,0.185206,0.172495,0.170517,0.162119,0.156813"
train,v5bpair_01377,suelo_urbano,suelo_urbano,True,122,"928,3,652,288,568,26,379,5,913,867,442,53","0.767640,0.716077,0.650483,0.647983,0.635472,0.581964,0.576062,0.537057,0.525971,0.504414,0.501537,0.494517"
train,v5bpair_01380,ozono_anomalo,ozono_anomalo,True,122,"541,606,1,379,415,843,652,182,692,323,201,758","0.248465,0.244647,0.223044,0.212656,0.204824,0.200401,0.190075,0.186765,0.179281,0.174158,0.173295,0.169739"
train,v5bpair_01381,contaminacion_alta_NO2,contaminacion_alta_NO2,True,122,"262,630,787,367,591,618,350,819,417,429,190,836","0.251491,0.223520,0.212567,0.209703,0.205744,0.190688,0.185255,0.183602,0.160844,0.157863,0.153125,0.145250"
train,v5bpair_01382,contaminacion_alta_NO2,contaminacion_alta_NO2,True,122,"367,591,429,275,630,323,198,262,55,819,229,220","0.247025,0.230319,0.193612,0.186286,0.175905,0.160331,0.157553,0.154293,0.148694,0.142918,0.142660,0.142376"
train,v5bpair_01383,suelo_urbano,suelo_urbano,True,122,"4,899,3,568,350,397,861,618,294,411,713,61","0.277739,0.270318,0.257339,0.241144,0.241029,0.238750,0.230260,0.227127,0.222790,0.212465,0.208898,0.203903"
train,v5bpair_01384,contaminacion_alta_NO2,contaminacion_alta_NO2,True,122,"367,591,819,834,630,220,600,23,429,262,158,156","0.349048,0.325971,0.297964,0.295667,0.275068,0.250284,0.238196,0.234169,0.231649,0.226496,0.225175,0.206064"
train,v5bpair_01385,suelo_urbano,suelo_urbano,True,122,"928,3,568,288,379,652,5,26,913,53,956,442","0.726579,0.723178,0.688378,0.680025,0.676201,0.655303,0.575369,0.568413,0.525047,0.515309,0.503113,0.489407"
train,v5bpair_01386,contaminacion_alta_NO2,ozono_anomalo,False,122,"323,669,896,530,321,37,265,52,282,745,660,220","0.283213,0.272642,0.250524,0.237167,0.220851,0.219674,0.218832,0.218028,0.213033,0.209549,0.203677,0.203160"
train,v5bpair_01387,contaminacion_alta_SO2,contaminacion_alta_SO2,True,122,"600,635,711,480,786,485,101,429,709,332,857,61","0.272665,0.236560,0.213295,0.212310,0.193370,0.193087,0.192193,0.190053,0.184143,0.181644,0.181298,0.176016"
train,v5bpair_01388,contaminacion_alta_NO2,contaminacion_alta_NO2,True,122,"745,220,105,883,108,591,4,350,712,367,980,600","0.359033,0.284774,0.244365,0.204271,0.202680,0.199351,0.197627,0.195328,0.191597,0.189138,0.183518,0.180472"
train,v5bpair_01390,contaminacion_alta_SO2,contaminacion_alta_SO2,True,122,"566,49,167,650,837,147,605,770,580,711,971,1003","0.237348,0.232713,0.201834,0.196893,0.196335,0.186078,0.179166,0.178382,0.178342,0.177166,0.166866,0.164903"
train,v5bpair_01392,suelo_urbano,suelo_urbano,True,122,"568,928,3,288,652,26,5,379,956,53,913,442","0.809283,0.768678,0.764390,0.731764,0.712854,0.629182,0.620388,0.599277,0.565051,0.561782,0.551998,0.536213"
train,v5bpair_01393,suelo_urbano,suelo_urbano,True,122,"568,3,379,928,899,288,26,652,4,140,956,5","0.745566,0.595167,0.592744,0.561984,0.529979,0.524347,0.510063,0.504800,0.489204,0.450485,0.447561,0.434391"
train,v5bpair_01398,contaminacion_alta_NO2,contaminacion_alta_NO2,True,122,"745,127,883,1012,367,133,600,926,961,603,838,158","0.280179,0.241356,0.236650,0.216361,0.212559,0.207632,0.193242,0.177468,0.168127,0.167174,0.165958,0.165836"
train,v5bpair_01399,contaminacion_alta_NO2,contaminacion_alta_NO2,True,122,"686,603,127,745,106,220,974,600,757,367,1006,321","0.261126,0.231086,0.230030,0.227831,0.225310,0.223368,0.193927,0.187788,0.187254,0.185402,0.176477,0.174649"
train,v5bpair_01400,suelo_urbano,suelo_urbano,True,122,"5,3,270,747,442,350,928,288,978,524,606,98","0.374817,0.335296,0.328326,0.322921,0.318035,0.317543,0.299388,0.298478,0.290754,0.289721,0.275113,0.267521"
train,v5bpair_01402,contaminacion_alta_SO2,contaminacion_alta_SO2,True,122,"49,709,429,704,600,857,635,248,496,786,758,945","0.268024,0.250461,0.243218,0.239962,0.239677,0.234453,0.233398,0.226269,0.214402,0.210284,0.205693,0.197175"
train,v5bpair_01403,contaminacion_alta_SO2,contaminacion_alta_SO2,True,122,"566,711,147,384,661,1006,979,485,758,390,809,709","0.337579,0.279954,0.225553,0.181650,0.172411,0.168537,0.168440,0.164167,0.161822,0.159737,0.157660,0.151720"
train,v5bpair_01404,contaminacion_alta_NO2,contaminacion_alta_NO2,True,122,"350,265,220,213,367,37,541,745,703,669,530,152","0.235040,0.213946,0.195909,0.192961,0.189319,0.188107,0.177653,0.163986,0.159076,0.153181,0.152519,0.152225"
train,v5bpair_01406,contaminacion_alta_NO2,contaminacion_alta_NO2,True,122,"262,591,367,630,787,417,429,618,819,359,544,600","0.260137,0.248125,0.235473,0.228335,0.221011,0.216661,0.214011,0.208155,0.196960,0.180357,0.175446,0.166919"
train,v5bpair_01407,ozono_anomalo,ozono_anomalo,True,122,"706,218,882,323,624,76,519,477,251,926,879,660","0.253344,0.238162,0.228095,0.210955,0.210164,0.209472,0.206769,0.192286,0.188271,0.180535,0.175518,0.175017"
train,v5bpair_01408,suelo_urbano,suelo_urbano,True,122,"288,3,568,652,928,379,26,5,350,913,53,956","0.698907,0.688522,0.688438,0.669194,0.653880,0.615385,0.606264,0.576134,0.515197,0.511056,0.508332,0.499265"
train,v5bpair_01412,contaminacion_alta_NO2,contaminacion_alta_NO2,True,122,"429,600,37,745,336,147,127,350,291,505,422,423","0.202621,0.200912,0.184966,0.181539,0.166391,0.166066,0.154408,0.153445,0.152745,0.152181,0.149954,0.149704"
train,v5bpair_01414,vegetacion_densa,vegetacion_densa,True,122,"275,14,961,162,269,805,583,229,169,981,76,612","0.317148,0.295264,0.286008,0.264988,0.258575,0.255494,0.247504,0.235107,0.234952,0.227819,0.226994,0.223495"
train,v5bpair_01415,contaminacion_alta_SO2,contaminacion_alta_NO2,False,122,"321,530,359,429,417,591,52,593,485,868,705,770","0.265669,0.224628,0.212993,0.208483,0.202835,0.197324,0.197165,0.195995,0.185555,0.184689,0.176146,0.171795"
train,v5bpair_01417,ozono_anomalo,ozono_anomalo,True,122,"974,541,1,251,467,606,432,455,960,669,390,98","0.313721,0.294031,0.286164,0.265896,0.264035,0.261749,0.248258,0.247740,0.247479,0.245611,0.232554,0.222238"
train,v5bpair_01419,suelo_urbano,suelo_urbano,True,122,"4,899,568,442,3,350,5,26,53,140,618,815","0.356254,0.282960,0.282320,0.253644,0.250811,0.248176,0.242232,0.234541,0.232635,0.227848,0.214969,0.212907"
train,v5bpair_01420,contaminacion_alta_NO2,contaminacion_alta_NO2,True,122,"630,367,262,350,815,544,591,868,745,429,220,618","0.313141,0.292720,0.274574,0.255077,0.237006,0.221449,0.220224,0.215904,0.207667,0.202430,0.193100,0.187645"
train,v5bpair_01421,contaminacion_alta_NO2,contaminacion_alta_NO2,True,122,"367,156,262,350,834,782,576,883,429,703,669,577","0.229162,0.224862,0.213985,0.202959,0.179734,0.177606,0.167777,0.165726,0.163775,0.157254,0.155606,0.155438"
train,v5bpair_01423,contaminacion_alta_SO2,contaminacion_alta_SO2,True,122,"711,101,220,432,635,147,63,238,426,692,566,269","0.259199,0.178579,0.169165,0.163542,0.156114,0.153051,0.151456,0.150368,0.141430,0.135809,0.135163,0.133973"
train,v5bpair_01424,ozono_anomalo,ozono_anomalo,True,122,"432,251,974,46,606,101,566,61,960,390,949,650","0.268559,0.237199,0.217109,0.215751,0.214902,0.203809,0.202370,0.194975,0.194574,0.191864,0.191840,0.183371"
train,v5bpair_01425,suelo_urbano,suelo_urbano,True,122,"568,899,3,861,4,5,26,652,397,583,350,442","0.515347,0.457557,0.399997,0.380367,0.375674,0.373008,0.364419,0.339448,0.334908,0.330642,0.330400,0.330152"
train,v5bpair_01426,contaminacion_alta_SO2,contaminacion_alta_SO2,True,122,"824,705,476,772,904,513,359,530,320,238,49,947","0.236397,0.228129,0.213956,0.203643,0.196123,0.194180,0.190530,0.182898,0.174146,0.172454,0.171507,0.171039"
train,v5bpair_01429,suelo_urbano,suelo_urbano,True,122,"928,3,652,288,568,379,5,26,442,913,53,867","0.792814,0.712265,0.689506,0.648139,0.630623,0.608932,0.555510,0.540371,0.531611,0.517611,0.514298,0.503023"
train,v5bpair_01430,vegetacion_densa,vegetacion_densa,True,122,"269,981,88,674,566,275,605,898,346,617,524,583","0.423371,0.336044,0.310372,0.304803,0.303408,0.291678,0.288631,0.283525,0.281393,0.278825,0.277011,0.256899"
train,v5bpair_01431,suelo_urbano,suelo_urbano,True,122,"350,5,669,899,3,928,713,652,861,1012,692,505","0.248503,0.242231,0.225663,0.214919,0.213055,0.208863,0.206344,0.201589,0.200564,0.200383,0.198624,0.198305"
train,v5bpair_01432,contaminacion_alta_NO2,contaminacion_alta_NO2,True,122,"660,530,745,669,350,323,282,265,317,37,5,8","0.247647,0.237969,0.232594,0.232581,0.230338,0.228383,0.206367,0.202896,0.202438,0.199883,0.196202,0.195862"
train,v5bpair_01433,contaminacion_alta_NO2,contaminacion_alta_NO2,True,122,"158,819,220,591,868,620,367,275,417,998,708,600","0.271992,0.267797,0.247287,0.198724,0.195892,0.190368,0.186312,0.182970,0.178863,0.175332,0.171400,0.171121"
train,v5bpair_01434,ozono_anomalo,ozono_anomalo,True,122,"1,541,432,402,692,841,974,270,660,606,530,323","0.473503,0.282606,0.282057,0.278773,0.269075,0.264806,0.261007,0.259907,0.251036,0.250401,0.248536,0.246611"
train,v5bpair_01435,contaminacion_alta_SO2,contaminacion_alta_SO2,True,122,"49,837,650,904,476,1003,61,432,259,574,113,580","0.258492,0.237842,0.229170,0.211798,0.210099,0.201710,0.199217,0.198112,0.196632,0.193553,0.179267,0.178645"
train,v5bpair_01436,vegetacion_densa,vegetacion_densa,True,122,"346,848,39,612,456,49,837,269,721,905,296,393","0.289541,0.261263,0.257364,0.232378,0.230747,0.216204,0.215773,0.211154,0.206675,0.204656,0.196682,0.196149"
train,v5bpair_01437,vegetacion_densa,vegetacion_densa,True,122,"1017,961,654,269,277,218,291,380,877,201,76,477","0.278642,0.233778,0.226869,0.211734,0.210609,0.205104,0.204174,0.199521,0.195082,0.184788,0.179818,0.177237"
train,v5bpair_01438,contaminacion_alta_NO2,contaminacion_alta_NO2,True,122,"591,530,220,819,367,787,359,834,998,158,618,275","0.258412,0.205570,0.193815,0.183051,0.175939,0.174547,0.170999,0.170493,0.168087,0.167207,0.162964,0.160777"
train,v5bpair_01439,vegetacion_densa,vegetacion_densa,True,122,"887,76,603,309,456,961,905,635,2,534,566,708","0.296235,0.262158,0.255270,0.254664,0.244931,0.241488,0.235275,0.228591,0.224864,0.223368,0.222892,0.220213"
train,v5bpair_01440,ozono_anomalo,ozono_anomalo,True,122,"669,836,541,98,606,864,773,270,367,1000,660,323","0.265845,0.265121,0.247410,0.228538,0.221515,0.219661,0.215478,0.214363,0.213605,0.202433,0.197682,0.196982"
train,v5bpair_01441,contaminacion_alta_SO2,contaminacion_alta_SO2,True,122,"758,998,220,23,1,1018,554,513,780,424,530,545","0.286545,0.269299,0.269008,0.261711,0.232122,0.224364,0.218478,0.217076,0.209567,0.206399,0.205444,0.204639"
train,v5bpair_01442,vegetacion_densa,vegetacion_densa,True,122,"961,275,229,190,169,76,654,706,981,277,524,269","0.409120,0.367624,0.337018,0.316266,0.308746,0.290128,0.286960,0.278937,0.278827,0.275794,0.271258,0.269879"
train,v5bpair_01443,ozono_anomalo,ozono_anomalo,True,122,"669,606,1,978,182,692,8,757,660,566,444,29","0.276246,0.258976,0.257680,0.256241,0.253272,0.243315,0.218689,0.218253,0.214597,0.207319,0.204712,0.191863"
train,v5bpair_01444,contaminacion_alta_NO2,contaminacion_alta_NO2,True,122,"248,600,541,350,745,367,622,220,262,505,63,156","0.244419,0.206147,0.202036,0.189493,0.182869,0.178135,0.177268,0.176919,0.171033,0.167855,0.166435,0.163387"
train,v5bpair_01446,contaminacion_alta_SO2,contaminacion_alta_SO2,True,122,"49,709,786,485,600,837,574,998,457,375,61,904","0.246484,0.241152,0.237615,0.231775,0.214575,0.209586,0.208604,0.199337,0.198669,0.195302,0.193587,0.191796"
train,v5bpair_01448,contaminacion_alta_SO2,contaminacion_alta_SO2,True,122,"786,709,485,711,600,49,554,91,574,929,758,738","0.315598,0.300205,0.271289,0.250955,0.246111,0.222503,0.221988,0.221597,0.221489,0.210398,0.196553,0.196197"
train,v5bpair_01449,vegetacion_densa,vegetacion_densa,True,122,"905,848,39,346,456,270,269,612,517,961,255,360","0.286370,0.250806,0.248660,0.240943,0.238972,0.233536,0.216569,0.213707,0.200551,0.195386,0.195030,0.191493"
train,v5bpair_01450,contaminacion_alta_NO2,contaminacion_alta_NO2,True,122,"836,367,156,262,600,697,703,541,745,151,429,1006","0.234915,0.221475,0.213720,0.201136,0.200885,0.194284,0.193547,0.191150,0.191100,0.190210,0.182860,0.175928"
train,v5bpair_01451,ozono_anomalo,ozono_anomalo,True,122,"566,163,809,432,836,251,757,106,325,541,101,745","0.268954,0.231152,0.229151,0.226031,0.223808,0.221933,0.219834,0.214598,0.212228,0.210330,0.203641,0.202672"
train,v5bpair_01454,suelo_urbano,suelo_urbano,True,122,"899,568,379,713,442,747,397,375,5,652,956,861","0.430897,0.429929,0.362182,0.327399,0.319930,0.303013,0.300923,0.295955,0.294693,0.292961,0.291980,0.286857"
train,v5bpair_01455,ozono_anomalo,ozono_anomalo,True,122,"317,669,660,98,190,239,906,182,265,213,1,287","0.224056,0.214471,0.204220,0.201721,0.199168,0.198419,0.197004,0.193726,0.188539,0.178793,0.172630,0.171332"
train,v5bpair_01457,contaminacion_alta_SO2,contaminacion_alta_SO2,True,122,"23,379,248,220,424,545,367,105,913,337,600,530","0.295685,0.269656,0.258019,0.231414,0.229921,0.224174,0.223347,0.219683,0.219521,0.202422,0.196287,0.195713"
train,v5bpair_01458,vegetacion_densa,vegetacion_densa,True,122,"650,204,269,251,229,612,76,794,605,681,106,961","0.205590,0.179596,0.178069,0.175455,0.170311,0.163597,0.160691,0.160474,0.157383,0.154509,0.152844,0.151948"
train,v5bpair_01459,ozono_anomalo,ozono_anomalo,True,122,"46,432,170,974,541,1000,151,325,836,566,615,218","0.278564,0.255036,0.238980,0.219302,0.207447,0.203853,0.200730,0.195884,0.190795,0.187817,0.179362,0.176504"
train,v5bpair_01460,suelo_urbano,suelo_urbano,True,122,"3,568,288,5,379,652,928,747,442,397,899,4","0.543438,0.526094,0.495543,0.482203,0.465735,0.445146,0.443548,0.435861,0.411505,0.411228,0.396279,0.378388"
train,v5bpair_01461,contaminacion_alta_NO2,contaminacion_alta_NO2,True,122,"156,541,262,367,836,745,350,538,577,883,704,703","0.303856,0.292440,0.288187,0.275195,0.270593,0.239203,0.230378,0.220867,0.207599,0.206919,0.202726,0.202340"
train,v5bpair_01462,suelo_urbano,suelo_urbano,True,122,"568,928,288,26,3,899,652,379,524,956,140,4","0.749315,0.662512,0.656072,0.639322,0.618884,0.558798,0.548345,0.532806,0.526400,0.524454,0.508620,0.506064"
train,v5bpair_01463,ozono_anomalo,ozono_anomalo,True,122,"251,432,974,402,566,692,182,444,978,711,541,386","0.306199,0.268336,0.267888,0.258974,0.256911,0.254279,0.248998,0.245030,0.244914,0.240642,0.236929,0.228145"
train,v5bpair_01465,suelo_urbano,suelo_urbano,True,122,"928,3,568,652,288,26,379,442,5,913,140,956","0.742130,0.694112,0.636485,0.624894,0.596048,0.547526,0.524794,0.499336,0.487964,0.472301,0.461152,0.459684"
train,v5bpair_01466,contaminacion_alta_SO2,contaminacion_alta_SO2,True,122,"998,530,1,600,904,332,710,321,248,660,75,63","0.291373,0.268824,0.266179,0.265569,0.257711,0.232346,0.231482,0.226667,0.221744,0.218231,0.217514,0.209450"
train,v5bpair_01467,ozono_anomalo,ozono_anomalo,True,122,"1,323,251,213,660,191,606,711,541,692,669,841","0.367313,0.296677,0.295427,0.283950,0.261051,0.257460,0.252734,0.250226,0.239227,0.239014,0.237589,0.235442"
train,v5bpair_01468,ozono_anomalo,ozono_anomalo,True,122,"926,669,323,1,660,282,913,909,408,417,3,188","0.238498,0.215766,0.209967,0.204947,0.202805,0.202653,0.189571,0.183869,0.183678,0.182170,0.182110,0.179215"
train,v5bpair_01469,contaminacion_alta_NO2,contaminacion_alta_NO2,True,122,"127,133,1003,533,445,1006,699,140,770,689,270,541","0.199600,0.164754,0.158799,0.146557,0.143888,0.136265,0.135569,0.135161,0.133895,0.126664,0.126536,0.124832"
train,v5bpair_01470,contaminacion_alta_NO2,ozono_anomalo,False,122,"198,974,367,46,432,127,1000,706,76,204,445,262","0.202250,0.198718,0.196296,0.184413,0.178659,0.172628,0.170858,0.166650,0.161733,0.158455,0.155142,0.155108"
train,v5bpair_01471,vegetacion_densa,vegetacion_densa,True,122,"617,346,269,275,692,848,711,747,1,856,952,432","0.265479,0.236230,0.232370,0.231284,0.221476,0.216522,0.216464,0.206699,0.204501,0.185895,0.175052,0.172959"
train,v5bpair_01476,vegetacion_densa,vegetacion_densa,True,122,"277,162,961,229,269,583,291,996,605,14,275,654","0.259435,0.255611,0.244554,0.234496,0.227132,0.226693,0.219190,0.209034,0.207102,0.205346,0.203427,0.198369"
train,v5bpair_01477,contaminacion_alta_SO2,contaminacion_alta_SO2,True,122,"600,332,379,569,23,998,913,758,843,63,248,507","0.324747,0.308658,0.263246,0.256574,0.253595,0.235549,0.234633,0.227129,0.226901,0.225477,0.223546,0.219361"
train,v5bpair_01479,vegetacion_densa,vegetacion_densa,True,122,"998,961,14,635,959,534,335,269,275,346,219,674","0.269863,0.250826,0.231510,0.222298,0.214760,0.206333,0.203307,0.184714,0.179326,0.178872,0.176838,0.174205"
train,v5bpair_01480,contaminacion_alta_SO2,contaminacion_alta_SO2,True,122,"1,321,998,841,692,476,1019,422,1018,1003,848,660","0.235503,0.226798,0.197461,0.194266,0.190413,0.187830,0.182312,0.181362,0.173424,0.171984,0.170834,0.169485"
train,v5bpair_01483,contaminacion_alta_NO2,contaminacion_alta_NO2,True,122,"80,541,106,280,974,704,427,603,321,201,669,415","0.251270,0.236813,0.223496,0.222326,0.220970,0.207459,0.205626,0.183252,0.182201,0.177676,0.175575,0.172886"
train,v5bpair_01487,contaminacion_alta_NO2,contaminacion_alta_NO2,True,122,"220,600,213,591,934,262,37,530,832,618,564,819","0.212097,0.172541,0.160414,0.159545,0.156913,0.155590,0.153774,0.144828,0.143264,0.142384,0.141361,0.138383"
train,v5bpair_01488,vegetacion_densa,vegetacion_densa,True,122,"568,956,275,269,981,898,204,566,674,605,655,279","0.386748,0.325429,0.314726,0.295986,0.289799,0.288484,0.281951,0.279135,0.278134,0.267918,0.266140,0.256844"
train,v5bpair_01491,contaminacion_alta_SO2,contaminacion_alta_SO2,True,122,"485,758,709,600,332,75,786,513,248,480,936,132","0.297796,0.261835,0.250545,0.249808,0.241923,0.237759,0.233838,0.225571,0.222205,0.221537,0.193992,0.191664"
train,v5bpair_01493,suelo_urbano,suelo_urbano,True,122,"568,288,3,379,928,652,26,899,913,956,5,524","0.731871,0.691524,0.644627,0.602384,0.596818,0.592037,0.581639,0.555583,0.508812,0.506282,0.491765,0.489939"
train,v5bpair_01494,suelo_urbano,suelo_urbano,True,122,"4,3,568,913,140,53,652,899,442,5,350,747","0.389152,0.340719,0.339500,0.302599,0.290761,0.288935,0.278940,0.264156,0.262154,0.256438,0.249775,0.237077"
train,v5bpair_01495,suelo_urbano,suelo_urbano,True,122,"4,568,140,3,956,265,913,756,53,317,520,928","0.327363,0.286857,0.273982,0.262372,0.246193,0.243267,0.235829,0.232483,0.228256,0.227634,0.227377,0.227003"
train,v5bpair_01496,vegetacion_densa,vegetacion_densa,True,122,"961,269,568,830,127,148,976,204,277,655,88,654","0.300491,0.299659,0.248787,0.244403,0.230287,0.227172,0.221102,0.220542,0.220150,0.218469,0.214466,0.211435"
train,v5bpair_01497,ozono_anomalo,ozono_anomalo,True,122,"432,974,830,531,269,711,163,415,390,946,517,251","0.285296,0.247650,0.234135,0.232095,0.206157,0.202772,0.201751,0.199623,0.192531,0.188504,0.187826,0.185945"
train,v5bpair_01499,suelo_urbano,suelo_urbano,True,122,"568,3,899,26,379,5,288,652,442,350,140,317","0.577109,0.534435,0.511895,0.476504,0.475597,0.459782,0.457247,0.446181,0.429058,0.425827,0.423706,0.415661"
val,v5bpair_00004,contaminacion_alta_SO2,vegetacion_densa,False,122,"650,432,566,269,605,49,655,580,612,837,830,1000","0.255244,0.235596,0.234265,0.226524,0.207174,0.204662,0.192918,0.190963,0.184207,0.179170,0.173674,0.168894"
val,v5bpair_00008,vegetacion_densa,contaminacion_alta_SO2,False,122,"635,650,133,959,1006,600,837,1003,127,485,709,49","0.285995,0.233671,0.216093,0.213674,0.211926,0.210515,0.210446,0.206401,0.194718,0.187086,0.178340,0.173657"
val,v5bpair_00009,contaminacion_alta_NO2,contaminacion_alta_NO2,True,122,"262,350,618,819,4,745,367,630,815,156,968,220","0.302736,0.290544,0.236096,0.234955,0.231132,0.216617,0.205979,0.200509,0.198637,0.188517,0.186876,0.184505"
val,v5bpair_00011,vegetacion_densa,vegetacion_densa,True,122,"269,650,605,583,612,275,655,238,830,409,976,88","0.285383,0.231041,0.217668,0.216079,0.210394,0.210116,0.207742,0.200198,0.196783,0.195527,0.193466,0.189385"
val,v5bpair_00036,contaminacion_alta_SO2,vegetacion_densa,False,122,"275,524,981,204,612,961,300,568,269,681,776,674","0.360020,0.347131,0.341268,0.330590,0.316950,0.304547,0.301040,0.291370,0.282495,0.266287,0.265198,0.262001"
val,v5bpair_00050,ozono_anomalo,ozono_anomalo,True,122,"1,692,841,566,711,1019,422,909,191,758,745,809","0.449929,0.310301,0.304204,0.273232,0.258151,0.257279,0.240827,0.239469,0.233565,0.232595,0.229541,0.227663"
val,v5bpair_00055,ozono_anomalo,ozono_anomalo,True,122,"432,46,390,76,706,949,566,477,363,101,650,374","0.253023,0.230148,0.200385,0.191160,0.191014,0.182268,0.180213,0.178388,0.163924,0.162172,0.159198,0.156989"
val,v5bpair_00062,contaminacion_alta_SO2,ozono_anomalo,False,122,"566,692,269,1019,583,830,605,1000,883,403,377,791","0.260323,0.246739,0.235255,0.231191,0.228679,0.222157,0.211250,0.206894,0.202871,0.183441,0.178885,0.178132"
val,v5bpair_00068,vegetacion_densa,ozono_anomalo,False,122,"269,830,974,415,204,605,711,524,566,838,703,220","0.281195,0.221409,0.190051,0.189577,0.182706,0.170691,0.164155,0.162336,0.160696,0.159425,0.156749,0.156570"
val,v5bpair_00072,ozono_anomalo,contaminacion_alta_SO2,False,122,"1,998,566,692,269,321,617,961,1019,432,904,476","0.229271,0.221227,0.200208,0.196602,0.178718,0.173828,0.165667,0.165594,0.164975,0.155589,0.152194,0.151320"
val,v5bpair_00077,contaminacion_alta_SO2,vegetacion_densa,False,122,"275,612,524,981,269,204,776,374,568,219,650,886","0.312430,0.295373,0.291644,0.287356,0.276139,0.271360,0.269707,0.251098,0.235920,0.233284,0.225775,0.225297"
val,v5bpair_00084,ozono_anomalo,vegetacion_densa,False,122,"961,127,133,269,279,674,275,650,169,981,837,576","0.308410,0.288966,0.284354,0.284082,0.283057,0.279904,0.268334,0.251132,0.251097,0.233099,0.230184,0.227568"
val,v5bpair_00086,ozono_anomalo,ozono_anomalo,True,122,"323,220,530,213,909,424,3,1,37,841,282,265","0.229803,0.221959,0.212856,0.195978,0.194334,0.192002,0.185201,0.179342,0.174356,0.173508,0.172193,0.172162"
val,v5bpair_00096,contaminacion_alta_SO2,suelo_urbano,False,122,"600,913,379,140,4,375,652,442,899,332,63,564","0.220183,0.201130,0.198261,0.192953,0.188842,0.181598,0.180336,0.167809,0.167797,0.165579,0.165063,0.164720"
val,v5bpair_00098,suelo_urbano,suelo_urbano,True,122,"711,568,786,4,956,5,899,904,861,1008,574,112","0.233391,0.232508,0.187543,0.187384,0.182765,0.173104,0.165236,0.165040,0.162851,0.161891,0.161120,0.159918"
val,v5bpair_00107,suelo_urbano,contaminacion_alta_SO2,False,122,"600,704,758,429,262,248,61,485,63,321,857,156","0.340350,0.270800,0.250793,0.245148,0.244800,0.224482,0.203664,0.201344,0.196431,0.193202,0.191206,0.189117"
val,v5bpair_00116,ozono_anomalo,ozono_anomalo,True,122,"1,757,692,617,39,23,251,708,865,445,711,111","0.312533,0.227769,0.216722,0.202662,0.199093,0.196533,0.188028,0.178366,0.164228,0.162349,0.161242,0.158409"
val,v5bpair_00118,contaminacion_alta_NO2,contaminacion_alta_NO2,True,122,"704,429,541,350,454,934,705,600,336,709,213,857","0.205638,0.205046,0.199555,0.177731,0.162427,0.153724,0.151249,0.150718,0.149375,0.145434,0.137691,0.137040"
val,v5bpair_00127,ozono_anomalo,contaminacion_alta_SO2,False,122,"786,709,532,566,929,711,8,1006,444,485,618,510","0.209531,0.199777,0.188175,0.180184,0.172307,0.170378,0.166912,0.162629,0.162149,0.152865,0.147824,0.143047"
val,v5bpair_00128,vegetacion_densa,contaminacion_alta_SO2,False,122,"603,763,1006,708,711,855,220,111,105,101,757,534","0.229999,0.194701,0.168207,0.164513,0.163843,0.159361,0.155433,0.154334,0.142734,0.141833,0.140872,0.135322"
val,v5bpair_00141,contaminacion_alta_NO2,contaminacion_alta_NO2,True,122,"4,262,350,819,618,228,576,367,591,1012,442,472","0.234348,0.209596,0.205839,0.189654,0.187998,0.181891,0.167339,0.161236,0.158110,0.156716,0.151656,0.147639"
val,v5bpair_00159,contaminacion_alta_NO2,suelo_urbano,False,122,"317,265,669,5,411,350,3,883,262,140,4,442","0.214399,0.198511,0.195423,0.187437,0.182837,0.182741,0.177287,0.171948,0.166750,0.163570,0.162870,0.152546"
val,v5bpair_00172,contaminacion_alta_SO2,vegetacion_densa,False,122,"981,275,269,204,961,612,674,524,898,88,568,300","0.424210,0.400427,0.376360,0.360387,0.356832,0.337013,0.325694,0.319618,0.313742,0.302639,0.292279,0.284572"
val,v5bpair_00175,contaminacion_alta_NO2,contaminacion_alta_SO2,False,122,"600,332,786,496,711,618,758,61,4,704,998,554","0.347046,0.314154,0.298584,0.261493,0.261270,0.260872,0.256473,0.251773,0.239538,0.222457,0.220394,0.219147"
val,v5bpair_00178,contaminacion_alta_SO2,suelo_urbano,False,122,"4,899,568,140,3,350,5,861,652,322,600,1012","0.408399,0.300150,0.295201,0.293335,0.288328,0.277401,0.272956,0.264035,0.257985,0.253724,0.251688,0.238518"
val,v5bpair_00185,ozono_anomalo,ozono_anomalo,True,122,"432,390,163,204,711,531,648,269,251,379,877,946","0.244264,0.238038,0.199554,0.196117,0.185837,0.175923,0.175855,0.160790,0.160618,0.158439,0.151432,0.148676"
val,v5bpair_00191,ozono_anomalo,ozono_anomalo,True,122,"692,1,758,711,29,75,606,879,188,337,998,167","0.235916,0.232394,0.225524,0.197424,0.191062,0.181279,0.181233,0.174906,0.170403,0.169789,0.168337,0.166910"
val,v5bpair_00194,suelo_urbano,suelo_urbano,True,122,"568,657,756,345,1002,359,899,190,140,350,956,749","0.245516,0.199490,0.189849,0.183420,0.182377,0.180289,0.179710,0.179397,0.176789,0.172993,0.166842,0.166783"
val,v5bpair_00203,contaminacion_alta_SO2,ozono_anomalo,False,122,"669,541,265,350,323,367,182,703,317,836,156,906","0.214218,0.201938,0.189424,0.188818,0.188301,0.176625,0.167560,0.164250,0.162888,0.158858,0.155291,0.153371"
val,v5bpair_00205,suelo_urbano,contaminacion_alta_NO2,False,122,"350,442,332,618,5,929,600,118,158,899,115,1012","0.246523,0.227566,0.211077,0.208057,0.206752,0.202789,0.199156,0.191902,0.190384,0.187881,0.183394,0.180487"
val,v5bpair_00223,contaminacion_alta_SO2,ozono_anomalo,False,122,"830,321,269,605,566,635,415,432,1019,1000,974,422","0.300455,0.255966,0.233000,0.220496,0.209028,0.197702,0.191454,0.189265,0.188915,0.184223,0.177779,0.173186"
val,v5bpair_00225,contaminacion_alta_SO2,ozono_anomalo,False,122,"603,711,321,974,566,269,703,127,1,605,926,432","0.192151,0.190887,0.182381,0.181749,0.176549,0.167393,0.162664,0.155128,0.153345,0.152971,0.149937,0.149325"
val,v5bpair_00231,contaminacion_alta_SO2,contaminacion_alta_SO2,True,122,"600,786,709,929,618,485,877,554,515,959,998,336","0.308124,0.287284,0.235627,0.209040,0.199141,0.198619,0.196777,0.195316,0.194311,0.179512,0.173336,0.167517"
val,v5bpair_00245,contaminacion_alta_SO2,ozono_anomalo,False,122,"711,692,588,1,106,191,936,606,422,541,433,978","0.213544,0.188227,0.176284,0.168713,0.156010,0.150854,0.149720,0.142024,0.137890,0.133177,0.131234,0.130801"
val,v5bpair_00259,suelo_urbano,suelo_urbano,True,122,"568,3,928,288,379,652,26,5,913,140,53,956","0.754228,0.730117,0.712777,0.698135,0.684072,0.676941,0.606601,0.568532,0.550901,0.514092,0.512716,0.508275"
val,v5bpair_00268,suelo_urbano,contaminacion_alta_SO2,False,122,"711,49,1,904,510,770,692,709,496,476,63,841","0.332036,0.323864,0.308449,0.296529,0.286792,0.256453,0.256194,0.247485,0.239473,0.238638,0.221816,0.221159"
val,v5bpair_00269,ozono_anomalo,ozono_anomalo,True,122,"1,711,998,660,566,335,841,191,978,692,617,674","0.199734,0.190472,0.182398,0.171162,0.163114,0.158861,0.158009,0.154132,0.151924,0.150607,0.140754,0.140242"
val,v5bpair_00270,contaminacion_alta_SO2,ozono_anomalo,False,122,"275,747,612,947,691,432,463,524,374,488,1,606","0.304691,0.248896,0.238239,0.206183,0.205254,0.200427,0.193436,0.191442,0.182857,0.180097,0.173818,0.167000"
val,v5bpair_00280,suelo_urbano,suelo_urbano,True,122,"3,899,5,568,652,379,317,411,26,350,294,442","0.442616,0.414056,0.412732,0.356965,0.355110,0.343477,0.340139,0.339808,0.331533,0.329076,0.324690,0.314860"
val,v5bpair_00289,vegetacion_densa,vegetacion_densa,True,122,"291,238,162,654,148,650,837,655,568,877,429,269","0.265729,0.217620,0.212329,0.207989,0.207493,0.205085,0.201112,0.199278,0.193597,0.187717,0.186245,0.185611"
val,v5bpair_00293,vegetacion_densa,vegetacion_densa,True,122,"269,204,711,275,605,981,566,692,898,147,432,524","0.311057,0.257393,0.254980,0.228431,0.226695,0.224382,0.216401,0.209888,0.207730,0.194088,0.193052,0.189450"
val,v5bpair_00295,suelo_urbano,suelo_urbano,True,122,"3,379,652,928,568,288,26,5,913,956,442,867","0.691384,0.640525,0.632468,0.626530,0.616079,0.564500,0.536445,0.489990,0.489667,0.442230,0.440437,0.439624"
val,v5bpair_00296,ozono_anomalo,ozono_anomalo,True,122,"909,251,757,422,106,191,163,1,809,151,974,390","0.238088,0.223538,0.214585,0.196757,0.187320,0.186296,0.182972,0.181038,0.179216,0.168863,0.164046,0.160663"
val,v5bpair_00299,ozono_anomalo,ozono_anomalo,True,122,"1,251,711,692,432,531,606,201,909,960,66,617","0.326917,0.246868,0.240113,0.228891,0.209588,0.193182,0.190356,0.178263,0.177610,0.174695,0.173750,0.171201"
val,v5bpair_00315,ozono_anomalo,contaminacion_alta_NO2,False,122,"262,429,600,497,704,630,152,156,321,1000,367,350","0.288034,0.224646,0.210994,0.195554,0.192188,0.183490,0.182575,0.175421,0.171039,0.168687,0.168272,0.161030"
val,v5bpair_00319,suelo_urbano,ozono_anomalo,False,122,"1,692,747,606,251,711,841,909,66,270,8,432","0.401685,0.331686,0.273834,0.246878,0.244143,0.236139,0.229589,0.216791,0.213290,0.210363,0.207038,0.206756"
val,v5bpair_00326,contaminacion_alta_NO2,contaminacion_alta_SO2,False,122,"367,23,591,220,834,819,429,158,708,758,1018,515","0.272780,0.269774,0.252415,0.238239,0.233657,0.219411,0.191480,0.187362,0.186348,0.178948,0.172423,0.166094"
val,v5bpair_00330,vegetacion_densa,ozono_anomalo,False,122,"711,1,1019,692,432,588,191,321,386,660,974,566","0.263063,0.241811,0.193947,0.190292,0.186328,0.182530,0.178037,0.173314,0.169062,0.167764,0.161645,0.161400"
val,v5bpair_00334,contaminacion_alta_SO2,contaminacion_alta_NO2,False,122,"367,819,600,834,332,591,158,473,156,262,23,576","0.289889,0.249538,0.245753,0.239938,0.238792,0.220091,0.215055,0.213434,0.199916,0.191828,0.185622,0.174478"
val,v5bpair_00339,contaminacion_alta_SO2,contaminacion_alta_SO2,True,122,"238,998,485,758,1003,877,127,1018,805,554,705,808","0.224344,0.198968,0.177677,0.169306,0.167351,0.162445,0.160928,0.159960,0.157993,0.143485,0.141806,0.138764"
val,v5bpair_00347,ozono_anomalo,contaminacion_alta_NO2,False,122,"350,317,4,669,618,182,220,836,660,720,442,98","0.222280,0.212921,0.189620,0.185552,0.184182,0.180836,0.178533,0.174755,0.171792,0.166042,0.162850,0.161570"
val,v5bpair_00349,suelo_urbano,contaminacion_alta_NO2,False,122,"745,26,541,3,652,350,545,317,600,5,367,815","0.267317,0.226649,0.210194,0.200934,0.192936,0.190219,0.189488,0.178924,0.168118,0.165392,0.164992,0.163291"
val,v5bpair_00351,contaminacion_alta_SO2,vegetacion_densa,False,122,"568,776,275,524,981,269,300,961,127,612,204,898","0.333024,0.304739,0.301073,0.299297,0.296573,0.286234,0.272528,0.253742,0.250387,0.249253,0.247286,0.246254"
val,v5bpair_00355,ozono_anomalo,vegetacion_densa,False,122,"524,275,374,606,612,463,477,837,488,219,691,519","0.251522,0.241897,0.235996,0.231053,0.228649,0.207198,0.207021,0.204813,0.203366,0.202793,0.201309,0.197238"
val,v5bpair_00359,contaminacion_alta_NO2,ozono_anomalo,False,122,"669,541,265,350,323,367,182,703,317,836,156,906","0.214218,0.201938,0.189424,0.188818,0.188301,0.176625,0.167560,0.164250,0.162888,0.158858,0.155291,0.153371"
val,v5bpair_00371,suelo_urbano,contaminacion_alta_NO2,False,122,"600,429,618,868,1012,262,63,3,544,591,530,367","0.300807,0.248540,0.247091,0.237096,0.219685,0.205589,0.201813,0.194001,0.192784,0.191042,0.190991,0.190028"
val,v5bpair_00375,ozono_anomalo,contaminacion_alta_NO2,False,122,"262,220,706,593,708,961,745,76,367,836,624,148","0.186841,0.171909,0.168889,0.162679,0.159319,0.153159,0.147128,0.145734,0.145192,0.142869,0.140419,0.136386"
val,v5bpair_00377,vegetacion_densa,contaminacion_alta_SO2,False,122,"904,837,49,568,650,580,291,476,432,987,61,674","0.197549,0.190417,0.189013,0.179366,0.172149,0.170369,0.158591,0.150959,0.142392,0.139980,0.139759,0.138656"
val,v5bpair_00391,suelo_urbano,suelo_urbano,True,122,"568,3,288,26,379,652,928,899,5,956,140,4","0.711806,0.649274,0.623364,0.581698,0.567069,0.566314,0.565385,0.558326,0.517003,0.513303,0.510094,0.496019"
val,v5bpair_00398,vegetacion_densa,vegetacion_densa,True,122,"961,270,346,269,524,612,335,566,951,275,210,229","0.219861,0.207315,0.204701,0.203121,0.201509,0.193876,0.178492,0.168123,0.164655,0.161259,0.154996,0.153413"
val,v5bpair_00399,ozono_anomalo,contaminacion_alta_SO2,False,122,"1,692,841,711,476,530,386,489,660,904,936,998","0.482481,0.379638,0.360942,0.341814,0.254838,0.251441,0.250582,0.249598,0.244889,0.242116,0.241543,0.238855"
val,v5bpair_00400,suelo_urbano,contaminacion_alta_NO2,False,122,"600,262,618,544,429,350,4,787,1012,485,417,367","0.266628,0.235834,0.234231,0.234092,0.232241,0.209205,0.198281,0.190931,0.190628,0.181157,0.179235,0.179184"
val,v5bpair_00403,vegetacion_densa,vegetacion_densa,True,122,"961,275,674,915,568,524,219,229,612,488,551,127","0.339402,0.329848,0.326411,0.326267,0.312945,0.294333,0.282498,0.277625,0.274899,0.267846,0.261914,0.260682"
val,v5bpair_00404,contaminacion_alta_SO2,suelo_urbano,False,122,"265,4,669,568,1002,787,140,317,384,756,411,350","0.206056,0.190999,0.184387,0.181938,0.171275,0.166302,0.164860,0.163226,0.161908,0.158423,0.158177,0.153749"
val,v5bpair_00421,ozono_anomalo,ozono_anomalo,True,122,"711,566,432,101,809,163,476,325,251,1,946,1019","0.285852,0.250754,0.234608,0.205904,0.198863,0.196106,0.193308,0.191518,0.189641,0.184011,0.182753,0.178331"
val,v5bpair_00427,contaminacion_alta_SO2,contaminacion_alta_SO2,True,122,"580,566,4,605,113,495,770,441,860,49,945,1000","0.265327,0.217489,0.208935,0.207561,0.197708,0.197355,0.188876,0.186900,0.184025,0.181305,0.180258,0.179519"
val,v5bpair_00428,contaminacion_alta_NO2,ozono_anomalo,False,122,"321,669,660,1,530,833,191,213,408,323,282,691","0.326226,0.284961,0.259703,0.258203,0.244000,0.220877,0.213551,0.201657,0.191797,0.187375,0.187143,0.179474"
val,v5bpair_00433,contaminacion_alta_NO2,suelo_urbano,False,122,"350,4,568,3,262,787,618,913,747,317,928,745","0.251383,0.245205,0.203882,0.199102,0.193209,0.178340,0.177477,0.177058,0.176831,0.171389,0.170450,0.165724"
val,v5bpair_00434,contaminacion_alta_SO2,contaminacion_alta_NO2,False,122,"118,335,1006,14,674,576,617,618,571,10,915,791","0.245150,0.207002,0.203460,0.201434,0.187946,0.186622,0.182779,0.177250,0.175590,0.174089,0.173039,0.172719"
val,v5bpair_00438,contaminacion_alta_NO2,vegetacion_densa,False,122,"961,269,275,270,996,981,148,612,551,169,204,674","0.350962,0.343165,0.316312,0.300527,0.287764,0.257033,0.256951,0.252387,0.249148,0.247425,0.235008,0.234117"
val,v5bpair_00453,ozono_anomalo,ozono_anomalo,True,122,"346,617,251,606,1,848,432,747,757,951,39,960","0.268915,0.226931,0.210362,0.202646,0.196815,0.195858,0.194992,0.189216,0.188557,0.188445,0.186162,0.179489"
val,v5bpair_00457,suelo_urbano,suelo_urbano,True,122,"568,4,3,5,379,928,652,956,288,442,756,411","0.520615,0.412016,0.392069,0.381970,0.372844,0.366979,0.360061,0.357188,0.334676,0.323030,0.321520,0.315374"
val,v5bpair_00459,contaminacion_alta_NO2,contaminacion_alta_NO2,True,122,"350,317,669,787,265,151,262,731,630,239,98,190","0.203799,0.176690,0.175259,0.169059,0.160844,0.160606,0.156114,0.153644,0.152959,0.152948,0.151221,0.144906"
val,v5bpair_00461,contaminacion_alta_NO2,contaminacion_alta_SO2,False,122,"600,758,998,843,857,248,485,473,513,23,386,63","0.233316,0.195466,0.186865,0.178293,0.174844,0.166211,0.166041,0.165638,0.165017,0.160976,0.159290,0.154480"
val,v5bpair_00469,vegetacion_densa,vegetacion_densa,True,122,"346,681,39,422,8,269,952,692,848,830,134,275","0.232961,0.180348,0.178837,0.176676,0.173397,0.173363,0.172191,0.171668,0.168396,0.167173,0.167028,0.164154"
val,v5bpair_00474,ozono_anomalo,ozono_anomalo,True,122,"127,106,961,519,926,879,251,70,133,477,323,706","0.219609,0.215471,0.192525,0.186791,0.183240,0.178913,0.178714,0.177566,0.176627,0.174780,0.169558,0.164510"
val,v5bpair_00475,contaminacion_alta_SO2,vegetacion_densa,False,122,"204,612,650,127,794,238,961,877,374,981,229,568","0.282927,0.256346,0.247803,0.232825,0.229243,0.225069,0.223849,0.200287,0.199084,0.193021,0.192939,0.189794"
val,v5bpair_00481,contaminacion_alta_SO2,vegetacion_densa,False,122,"275,877,654,650,374,524,612,194,648,229,204,551","0.268491,0.231782,0.229315,0.222708,0.222230,0.218931,0.210904,0.200198,0.197972,0.197693,0.195744,0.191632"
val,v5bpair_00484,ozono_anomalo,ozono_anomalo,True,122,"432,606,251,390,747,218,532,981,76,374,166,886","0.212219,0.201444,0.191140,0.183549,0.182338,0.172569,0.172174,0.165451,0.164797,0.161607,0.158069,0.157865"
val,v5bpair_00486,contaminacion_alta_NO2,contaminacion_alta_SO2,False,122,"904,488,463,130,606,568,947,411,265,374,112,929","0.217036,0.200599,0.152133,0.151090,0.146485,0.146261,0.145646,0.142370,0.142006,0.141909,0.139235,0.138762"
val,v5bpair_00487,vegetacion_densa,vegetacion_densa,True,122,"269,961,860,887,725,708,417,819,905,758,605,681","0.249991,0.228610,0.196394,0.194165,0.182187,0.180410,0.167040,0.166843,0.165269,0.164695,0.161792,0.161263"
val,v5bpair_00496,ozono_anomalo,ozono_anomalo,True,122,"1019,269,1,711,566,1018,605,905,841,692,432,270","0.274726,0.274110,0.238178,0.237800,0.236062,0.230578,0.221155,0.216248,0.214610,0.199388,0.191956,0.188681"
val,v5bpair_00505,vegetacion_densa,contaminacion_alta_NO2,False,122,"201,80,904,880,603,15,959,843,903,757,949,613","0.201936,0.196386,0.182497,0.171581,0.170511,0.170253,0.163649,0.158289,0.155359,0.154188,0.150805,0.149896"
val,v5bpair_00513,vegetacion_densa,vegetacion_densa,True,122,"269,961,275,524,88,14,860,605,674,346,335,583","0.456142,0.417340,0.391761,0.322650,0.315685,0.314362,0.312459,0.310889,0.298661,0.293096,0.282404,0.279945"
val,v5bpair_00527,ozono_anomalo,contaminacion_alta_SO2,False,122,"49,848,476,612,566,43,837,770,546,905,971,635","0.299859,0.255793,0.233678,0.222340,0.222204,0.219452,0.212386,0.211215,0.210976,0.209155,0.202812,0.199838"
val,v5bpair_00534,contaminacion_alta_SO2,suelo_urbano,False,122,"379,4,568,3,899,442,53,605,913,652,524,300","0.276002,0.259927,0.250111,0.247876,0.223853,0.218383,0.213827,0.190052,0.188675,0.188474,0.181412,0.181118"
val,v5bpair_00539,contaminacion_alta_NO2,contaminacion_alta_NO2,True,122,"350,262,317,618,731,182,669,377,541,660,787,968","0.285119,0.246017,0.240384,0.225739,0.197257,0.195167,0.194287,0.185492,0.174918,0.174732,0.174187,0.172557"
val,v5bpair_00556,contaminacion_alta_SO2,vegetacion_densa,False,122,"524,981,269,204,275,612,488,379,747,776,566,392","0.287228,0.276872,0.273561,0.264522,0.261123,0.254937,0.221930,0.219518,0.216460,0.215012,0.203458,0.202874"
val,v5bpair_00559,contaminacion_alta_NO2,contaminacion_alta_SO2,False,122,"772,191,848,321,894,530,824,73,36,758,566,414","0.210500,0.173735,0.173160,0.172660,0.168300,0.167460,0.167309,0.166892,0.160513,0.159343,0.152193,0.150194"
val,v5bpair_00562,ozono_anomalo,suelo_urbano,False,122,"3,411,63,618,389,337,454,705,530,369,713,532","0.239285,0.222028,0.215668,0.199168,0.198565,0.191363,0.177540,0.176974,0.175715,0.164068,0.163088,0.160814"
val,v5bpair_00564,ozono_anomalo,ozono_anomalo,True,122,"432,650,566,46,476,49,949,843,170,445,325,837","0.253298,0.231195,0.224414,0.206460,0.191821,0.188286,0.186146,0.175795,0.173441,0.171972,0.166568,0.159509"
val,v5bpair_00570,contaminacion_alta_SO2,contaminacion_alta_NO2,False,122,"600,745,367,293,968,220,377,323,618,571,836,576","0.223432,0.213522,0.191071,0.181929,0.181370,0.180449,0.177466,0.172402,0.170272,0.157789,0.156681,0.155253"
val,v5bpair_00582,vegetacion_densa,vegetacion_densa,True,122,"269,711,635,961,111,10,830,534,624,650,877,1019","0.250771,0.228265,0.176316,0.174616,0.171298,0.170215,0.167774,0.165970,0.162136,0.158485,0.158003,0.155366"
val,v5bpair_00583,suelo_urbano,contaminacion_alta_NO2,False,122,"158,220,591,819,417,485,429,275,998,593,181,530","0.226087,0.215165,0.204994,0.198763,0.169469,0.158574,0.158264,0.156117,0.153819,0.152707,0.150652,0.147208"
val,v5bpair_00590,contaminacion_alta_SO2,suelo_urbano,False,122,"53,568,956,379,913,524,776,375,442,4,300,188","0.316304,0.285334,0.263701,0.250359,0.231545,0.229377,0.224145,0.219305,0.207703,0.207609,0.207138,0.204532"
val,v5bpair_00597,contaminacion_alta_SO2,contaminacion_alta_SO2,True,122,"566,711,1019,603,692,432,757,390,617,669,1,422","0.208921,0.187664,0.185345,0.172716,0.170886,0.169214,0.158756,0.158046,0.153830,0.143715,0.143464,0.140202"
val,v5bpair_00602,ozono_anomalo,vegetacion_densa,False,122,"524,275,612,374,441,971,204,961,848,674,566,706","0.308229,0.296104,0.293424,0.259718,0.243040,0.228969,0.227061,0.223137,0.220636,0.220410,0.218984,0.217473"
val,v5bpair_00603,suelo_urbano,contaminacion_alta_NO2,False,122,"630,591,350,815,745,367,968,868,618,576,220,262","0.248842,0.244318,0.241557,0.225914,0.225649,0.218823,0.202307,0.195959,0.183175,0.179502,0.173743,0.173630"
val,v5bpair_00604,vegetacion_densa,contaminacion_alta_SO2,False,122,"600,515,635,332,485,998,23,883,763,959,709,535","0.282604,0.227073,0.221746,0.210661,0.207520,0.205508,0.204759,0.196733,0.195365,0.194325,0.194006,0.192625"
val,v5bpair_00619,ozono_anomalo,contaminacion_alta_SO2,False,122,"998,883,600,1,389,758,692,1012,711,248,780,513","0.262595,0.216948,0.215603,0.198329,0.195949,0.192356,0.191234,0.188972,0.188387,0.187950,0.186273,0.180804"
val,v5bpair_00627,suelo_urbano,suelo_urbano,True,122,"568,288,3,379,899,928,652,26,5,956,397,861","0.677837,0.576332,0.572595,0.548769,0.540459,0.534948,0.508053,0.506939,0.462412,0.460970,0.458718,0.430471"
val,v5bpair_00633,suelo_urbano,contaminacion_alta_NO2,False,122,"262,429,600,37,896,321,359,868,704,530,749,630","0.251954,0.219713,0.217480,0.213290,0.205366,0.196742,0.190302,0.173220,0.171468,0.167232,0.164956,0.164655"
val,v5bpair_00642,ozono_anomalo,ozono_anomalo,True,122,"432,46,961,201,974,127,949,624,133,170,270,76","0.230489,0.196570,0.196254,0.180375,0.172105,0.169570,0.168110,0.164167,0.161642,0.158043,0.156282,0.155967"
val,v5bpair_00644,ozono_anomalo,contaminacion_alta_SO2,False,122,"1,692,711,841,998,758,489,780,386,569,660,248","0.383348,0.348949,0.293547,0.273722,0.270668,0.268488,0.265042,0.255707,0.239218,0.233252,0.225095,0.225028"
val,v5bpair_00646,vegetacion_densa,vegetacion_densa,True,122,"204,229,291,612,654,374,959,568,127,674,650,269","0.199284,0.188632,0.185893,0.180782,0.180064,0.179211,0.175812,0.171381,0.170140,0.166991,0.157530,0.156767"
val,v5bpair_00650,contaminacion_alta_SO2,suelo_urbano,False,122,"350,442,899,4,3,5,913,562,262,568,652,928","0.322924,0.267506,0.258005,0.257474,0.242921,0.227316,0.222783,0.219661,0.217783,0.215248,0.214762,0.204700"
val,v5bpair_00656,suelo_urbano,contaminacion_alta_NO2,False,122,"367,265,213,220,836,317,350,323,934,408,591,354","0.207380,0.206144,0.201812,0.199440,0.187932,0.181424,0.180046,0.179358,0.179305,0.167000,0.160474,0.158692"
val,v5bpair_00661,vegetacion_densa,vegetacion_densa,True,122,"612,275,952,346,524,269,961,830,837,605,463,229","0.262131,0.261075,0.235571,0.233078,0.221454,0.215832,0.211495,0.207881,0.199370,0.196127,0.195341,0.194557"
val,v5bpair_00672,contaminacion_alta_SO2,suelo_urbano,False,122,"3,899,988,411,262,562,350,4,442,704,1012,140","0.350406,0.255272,0.254285,0.250133,0.250067,0.245994,0.240307,0.225861,0.225477,0.221552,0.216402,0.213853"
val,v5bpair_00677,ozono_anomalo,ozono_anomalo,True,122,"14,1,201,708,269,1019,270,692,346,660,848,669","0.232371,0.222249,0.212164,0.203744,0.199179,0.189726,0.185670,0.183486,0.182182,0.180867,0.168188,0.167784"
val,v5bpair_00678,contaminacion_alta_NO2,contaminacion_alta_NO2,True,122,"37,262,323,52,530,367,600,321,704,220,660,591","0.302567,0.293143,0.288069,0.274033,0.266873,0.266063,0.243394,0.238920,0.238314,0.234834,0.233672,0.229091"
val,v5bpair_00679,contaminacion_alta_NO2,contaminacion_alta_SO2,False,122,"220,456,269,617,127,887,961,757,819,635,39,603","0.220385,0.212567,0.191165,0.180109,0.170552,0.170388,0.168739,0.165797,0.161079,0.158829,0.157637,0.151045"
val,v5bpair_00684,ozono_anomalo,contaminacion_alta_SO2,False,122,"998,220,758,321,73,191,530,1,485,414,23,833","0.206908,0.190043,0.186119,0.185378,0.174555,0.158933,0.155950,0.144900,0.142412,0.142351,0.141935,0.141687"
val,v5bpair_00689,suelo_urbano,suelo_urbano,True,122,"3,928,288,568,652,26,379,5,53,913,140,867","0.835019,0.782058,0.767380,0.739902,0.708692,0.684947,0.643145,0.625771,0.559442,0.551480,0.537718,0.529846"
val,v5bpair_00697,vegetacion_densa,vegetacion_densa,True,122,"488,275,674,998,219,915,441,904,706,961,392,770","0.242406,0.235758,0.214072,0.211543,0.207822,0.198076,0.194821,0.194670,0.184286,0.183976,0.183950,0.181953"
val,v5bpair_00698,vegetacion_densa,vegetacion_densa,True,122,"275,947,612,76,794,706,290,517,463,477,961,632","0.317194,0.306022,0.222830,0.216255,0.210414,0.209940,0.188969,0.187426,0.187175,0.184796,0.183541,0.177083"
val,v5bpair_00706,contaminacion_alta_NO2,contaminacion_alta_SO2,False,122,"600,758,704,485,429,248,480,16,709,857,903,336","0.337675,0.293039,0.258178,0.246804,0.232189,0.220438,0.217590,0.202275,0.199611,0.196691,0.196462,0.188532"
val,v5bpair_00707,ozono_anomalo,ozono_anomalo,True,122,"1,998,841,1018,566,692,909,758,617,660,711,422","0.394818,0.259429,0.236378,0.233542,0.232365,0.227210,0.219939,0.210842,0.210652,0.208219,0.206214,0.205983"
val,v5bpair_00726,contaminacion_alta_NO2,contaminacion_alta_NO2,True,122,"262,367,541,429,350,52,530,37,868,704,836,600","0.230755,0.229586,0.225106,0.223673,0.202015,0.185474,0.184196,0.181832,0.180196,0.179889,0.179653,0.176811"
val,v5bpair_00734,contaminacion_alta_NO2,vegetacion_densa,False,122,"49,819,4,374,904,837,275,113,568,808,612,650","0.196176,0.171933,0.169696,0.166613,0.164890,0.160467,0.158780,0.152317,0.150345,0.147697,0.145595,0.144857"
val,v5bpair_00738,ozono_anomalo,contaminacion_alta_SO2,False,122,"758,485,593,422,945,600,711,49,709,480,321,127","0.237234,0.223964,0.190266,0.189631,0.185641,0.178227,0.177185,0.176026,0.175591,0.174957,0.165160,0.160079"
val,v5bpair_00739,contaminacion_alta_SO2,vegetacion_densa,False,122,"524,269,275,204,776,612,583,294,981,270,5,747","0.324465,0.308403,0.265477,0.253248,0.250586,0.236476,0.224940,0.222634,0.220552,0.213503,0.213482,0.208911"
val,v5bpair_00742,ozono_anomalo,contaminacion_alta_SO2,False,122,"692,456,432,1,1019,773,617,989,772,653,848,476","0.221307,0.215828,0.212512,0.209538,0.209023,0.206897,0.203886,0.197880,0.189548,0.179785,0.179677,0.179270"
val,v5bpair_00743,ozono_anomalo,ozono_anomalo,True,122,"1,191,530,841,685,49,758,432,974,936,770,1019","0.272312,0.203314,0.194564,0.192955,0.187386,0.186225,0.178493,0.173754,0.169842,0.169272,0.165894,0.164631"
val,v5bpair_00747,contaminacion_alta_NO2,ozono_anomalo,False,122,"904,1000,580,363,432,415,403,259,593,198,974,566","0.211514,0.211508,0.200608,0.183537,0.177910,0.175040,0.169462,0.167293,0.164308,0.162269,0.157296,0.155302"
val,v5bpair_00748,vegetacion_densa,vegetacion_densa,True,122,"650,204,147,763,794,648,976,837,877,979,375,534","0.284908,0.249007,0.235711,0.223059,0.221665,0.219298,0.217131,0.214419,0.213229,0.210649,0.198610,0.190426"
val,v5bpair_00765,suelo_urbano,suelo_urbano,True,122,"998,359,429,806,711,868,474,705,904,713,544,758","0.187669,0.182189,0.158535,0.155523,0.151441,0.149977,0.149491,0.147669,0.146339,0.143634,0.143028,0.142673"
val,v5bpair_00766,contaminacion_alta_NO2,vegetacion_densa,False,122,"650,133,163,158,127,432,277,279,140,566,979,291","0.181537,0.170271,0.158746,0.155098,0.154747,0.149320,0.144707,0.140959,0.137095,0.135933,0.134897,0.134778"
val,v5bpair_00767,contaminacion_alta_NO2,contaminacion_alta_SO2,False,122,"904,49,709,259,711,600,574,786,1003,61,704,147","0.251624,0.244346,0.233990,0.226395,0.219287,0.218707,0.189798,0.183747,0.180018,0.177247,0.173065,0.171669"
val,v5bpair_00768,ozono_anomalo,ozono_anomalo,True,122,"541,836,251,974,606,455,685,201,350,323,223,106","0.425422,0.309879,0.281577,0.245112,0.241774,0.235947,0.232266,0.225896,0.224414,0.215599,0.207634,0.205751"
val,v5bpair_00773,ozono_anomalo,contaminacion_alta_SO2,False,122,"49,660,321,476,841,711,530,1,63,709,191,758","0.280124,0.269468,0.267983,0.260340,0.255963,0.254455,0.250521,0.248971,0.239736,0.232053,0.225898,0.223818"
val,v5bpair_00791,suelo_urbano,contaminacion_alta_NO2,False,122,"591,367,745,262,350,815,220,868,630,968,158,834","0.266819,0.255832,0.229291,0.224377,0.220237,0.217734,0.212663,0.203062,0.197306,0.189589,0.188300,0.176617"
val,v5bpair_00792,suelo_urbano,suelo_urbano,True,122,"928,3,652,288,379,568,5,26,913,442,53,524","0.760741,0.720954,0.690786,0.672785,0.596263,0.583124,0.575000,0.518530,0.516980,0.512991,0.512813,0.485685"
val,v5bpair_00799,ozono_anomalo,ozono_anomalo,True,122,"541,106,870,836,974,538,669,850,251,390,432,703","0.293487,0.202586,0.200244,0.192396,0.191514,0.180653,0.180099,0.178085,0.173979,0.172520,0.169470,0.166682"
val,v5bpair_00806,ozono_anomalo,ozono_anomalo,True,122,"1,606,432,424,251,323,23,692,747,757,541,350","0.256474,0.212208,0.201199,0.193129,0.190859,0.184771,0.183856,0.174320,0.170934,0.168157,0.166504,0.158120"
val,v5bpair_00807,vegetacion_densa,vegetacion_densa,True,122,"524,269,204,605,612,346,275,270,681,583,961,692","0.317797,0.300288,0.260383,0.241888,0.237548,0.226006,0.224566,0.211651,0.207074,0.203683,0.203622,0.196108"
val,v5bpair_00818,suelo_urbano,ozono_anomalo,False,122,"1,711,841,541,936,998,757,704,692,15,669,758","0.285408,0.243392,0.218895,0.214085,0.198801,0.186672,0.178188,0.178107,0.177566,0.171610,0.170476,0.167786"
val,v5bpair_00832,ozono_anomalo,ozono_anomalo,True,122,"1,566,432,519,218,204,323,380,279,981,711,608","0.291588,0.251906,0.243996,0.237941,0.203925,0.202679,0.197622,0.191278,0.187981,0.185297,0.177504,0.174317"
val,v5bpair_00840,contaminacion_alta_SO2,vegetacion_densa,False,122,"776,269,998,238,568,1003,300,275,981,721,898,861","0.255655,0.251067,0.227088,0.224578,0.221192,0.214183,0.213693,0.209701,0.203557,0.201739,0.201216,0.199001"
val,v5bpair_00841,contaminacion_alta_NO2,suelo_urbano,False,122,"350,4,747,618,819,5,815,928,568,913,228,472","0.294127,0.225785,0.219032,0.214415,0.214381,0.204750,0.201787,0.200203,0.194634,0.193021,0.192625,0.188542"
val,v5bpair_00844,suelo_urbano,contaminacion_alta_NO2,False,122,"359,429,544,600,713,345,618,959,806,485,998,868","0.240396,0.227777,0.222771,0.205834,0.201164,0.200698,0.196511,0.190311,0.184306,0.169663,0.165517,0.165152"
val,v5bpair_00847,ozono_anomalo,ozono_anomalo,True,122,"1,251,218,323,321,198,836,388,519,377,191,841","0.242119,0.217329,0.215216,0.212625,0.191488,0.190817,0.187394,0.186060,0.181616,0.180691,0.178884,0.177406"
val,v5bpair_00850,ozono_anomalo,ozono_anomalo,True,122,"432,566,650,374,706,147,476,363,43,477,170,711","0.238840,0.204378,0.175417,0.153402,0.148311,0.143721,0.139696,0.139088,0.137911,0.137822,0.137632,0.137105"
val,v5bpair_00851,ozono_anomalo,ozono_anomalo,True,122,"624,270,706,593,770,961,945,926,754,534,323,70","0.217006,0.185784,0.157540,0.157351,0.155344,0.149788,0.148617,0.143567,0.143033,0.140419,0.136477,0.136324"
val,v5bpair_00854,ozono_anomalo,ozono_anomalo,True,122,"218,46,76,432,706,961,519,882,1,201,229,566","0.250266,0.234315,0.228851,0.209446,0.205223,0.204235,0.198314,0.196340,0.188347,0.186704,0.184959,0.177102"
val,v5bpair_00857,suelo_urbano,suelo_urbano,True,122,"568,3,928,652,899,288,379,5,26,4,350,956","0.649473,0.556475,0.516091,0.514728,0.495398,0.495085,0.493218,0.487606,0.476478,0.457940,0.438792,0.429779"
val,v5bpair_00864,suelo_urbano,suelo_urbano,True,122,"568,3,899,4,26,379,652,140,5,288,861,442","0.611014,0.575982,0.510915,0.508188,0.505702,0.473862,0.439180,0.424451,0.418391,0.417614,0.413090,0.404158"
val,v5bpair_00865,contaminacion_alta_NO2,contaminacion_alta_NO2,True,122,"848,998,49,354,591,857,259,787,934,113,896,429","0.184815,0.146649,0.146336,0.145894,0.144591,0.143028,0.139761,0.135187,0.133746,0.131034,0.130869,0.127747"
val,v5bpair_00868,suelo_urbano,contaminacion_alta_NO2,False,122,"350,262,4,156,819,220,618,834,367,815,576,1012","0.257919,0.254383,0.252272,0.240057,0.235791,0.227344,0.226005,0.214533,0.212382,0.205544,0.194114,0.186278"
val,v5bpair_00875,suelo_urbano,contaminacion_alta_NO2,False,122,"429,541,836,704,367,140,280,106,262,600,577,350","0.204434,0.197113,0.180510,0.175230,0.174679,0.174279,0.171497,0.165190,0.159029,0.155128,0.149185,0.145895"
val,v5bpair_00880,contaminacion_alta_NO2,ozono_anomalo,False,122,"830,321,269,605,566,635,415,432,1019,1000,974,422","0.300455,0.255966,0.233000,0.220496,0.209028,0.197702,0.191454,0.189265,0.188915,0.184223,0.177779,0.173186"
val,v5bpair_00881,contaminacion_alta_NO2,contaminacion_alta_NO2,True,122,"367,213,262,591,618,220,530,323,630,815,354,541","0.196084,0.189456,0.188122,0.171797,0.168628,0.160838,0.160791,0.149386,0.143703,0.142006,0.141739,0.141061"
val,v5bpair_00882,ozono_anomalo,ozono_anomalo,True,122,"541,432,46,836,455,218,321,606,323,974,359,429","0.236900,0.198140,0.182893,0.181720,0.176106,0.165154,0.163539,0.159594,0.159140,0.158555,0.157622,0.155719"
val,v5bpair_00883,suelo_urbano,contaminacion_alta_NO2,False,122,"350,819,220,4,600,618,332,262,815,591,158,367","0.230240,0.228594,0.225523,0.225201,0.219588,0.216742,0.216190,0.206142,0.197151,0.193708,0.191795,0.187974"
val,v5bpair_00886,suelo_urbano,suelo_urbano,True,122,"350,5,442,265,541,317,899,713,703,968,156,606","0.294916,0.270908,0.240276,0.238660,0.233443,0.228843,0.227191,0.223076,0.205799,0.197888,0.196517,0.196489"
val,v5bpair_00896,contaminacion_alta_SO2,contaminacion_alta_SO2,True,122,"692,1,566,998,974,1019,600,321,259,14,432,904","0.217658,0.192590,0.176617,0.175843,0.170546,0.170128,0.160189,0.151239,0.144193,0.143542,0.141215,0.136501"
val,v5bpair_00908,ozono_anomalo,contaminacion_alta_SO2,False,122,"49,650,837,476,848,432,580,905,566,605,706,235","0.339877,0.257758,0.248753,0.237138,0.229823,0.220865,0.207455,0.205305,0.196205,0.195964,0.191951,0.190251"
val,v5bpair_00914,contaminacion_alta_NO2,contaminacion_alta_SO2,False,122,"566,711,1019,603,692,432,757,390,617,669,1,422","0.208921,0.187664,0.185345,0.172716,0.170886,0.169214,0.158756,0.158046,0.153830,0.143715,0.143464,0.140202"
val,v5bpair_00921,contaminacion_alta_NO2,contaminacion_alta_NO2,True,122,"904,600,998,332,791,945,336,936,457,488,709,167","0.308503,0.258716,0.255437,0.245948,0.184426,0.182498,0.181342,0.179895,0.179574,0.176152,0.175868,0.172153"
val,v5bpair_00922,ozono_anomalo,vegetacion_densa,False,122,"275,374,524,477,660,612,204,269,961,566,706,981","0.287813,0.244406,0.233045,0.227517,0.215651,0.205422,0.201121,0.197869,0.194692,0.192473,0.192088,0.191129"
val,v5bpair_00925,contaminacion_alta_SO2,vegetacion_densa,False,122,"204,432,269,650,279,979,524,392,374,654,127,229","0.201875,0.199818,0.195118,0.190403,0.179109,0.172318,0.172190,0.170318,0.169139,0.168974,0.159548,0.158631"
val,v5bpair_00937,ozono_anomalo,contaminacion_alta_SO2,False,122,"1,709,191,758,485,711,757,936,541,321,998,554","0.199450,0.198054,0.196197,0.175347,0.164847,0.161507,0.157342,0.152423,0.146015,0.144745,0.139335,0.135937"
val,v5bpair_00953,ozono_anomalo,contaminacion_alta_NO2,False,122,"705,618,262,708,367,704,321,37,359,669,429,934","0.185276,0.161841,0.160233,0.159375,0.158954,0.157634,0.155252,0.151449,0.148849,0.148613,0.145623,0.145187"
val,v5bpair_00955,contaminacion_alta_SO2,contaminacion_alta_NO2,False,122,"350,5,745,220,541,105,379,773,968,879,3,248","0.204306,0.203122,0.198342,0.185749,0.181758,0.181724,0.179673,0.179416,0.172618,0.172102,0.172023,0.169938"
val,v5bpair_00962,vegetacion_densa,vegetacion_densa,True,122,"291,711,147,204,650,635,162,148,655,277,480,979","0.220900,0.220544,0.214510,0.212383,0.202777,0.184391,0.177836,0.173331,0.172176,0.171725,0.171554,0.171383"
val,v5bpair_00966,ozono_anomalo,ozono_anomalo,True,122,"974,106,1,432,624,127,531,588,711,390,480,708","0.184016,0.180643,0.176385,0.169206,0.167969,0.162002,0.160200,0.158598,0.156377,0.152282,0.144718,0.143527"
val,v5bpair_00978,ozono_anomalo,contaminacion_alta_NO2,False,122,"262,618,591,660,669,323,350,934,630,220,367,836","0.226753,0.214095,0.209905,0.202596,0.194184,0.184942,0.178706,0.170924,0.170416,0.169077,0.169026,0.163370"
val,v5bpair_00980,contaminacion_alta_NO2,contaminacion_alta_NO2,True,122,"660,669,213,591,323,239,191,787,530,190,618,189","0.198881,0.175343,0.173566,0.170818,0.170677,0.158036,0.151753,0.151344,0.148421,0.147721,0.140950,0.140355"
val,v5bpair_01000,ozono_anomalo,contaminacion_alta_NO2,False,122,"367,213,262,591,618,220,530,323,630,815,354,541","0.196084,0.189456,0.188122,0.171797,0.168628,0.160838,0.160791,0.149386,0.143703,0.142006,0.141739,0.141061"
val,v5bpair_01013,vegetacion_densa,vegetacion_densa,True,122,"269,650,229,612,655,681,961,830,275,996,238,204","0.277631,0.239340,0.232944,0.227773,0.219128,0.215401,0.212713,0.208431,0.208303,0.208072,0.207560,0.196963"
val,v5bpair_01014,vegetacion_densa,vegetacion_densa,True,122,"76,46,218,961,706,615,432,624,594,269,204,229","0.256867,0.244682,0.219466,0.212683,0.204957,0.201243,0.186896,0.185618,0.176164,0.164412,0.162042,0.160850"
val,v5bpair_01016,vegetacion_densa,contaminacion_alta_SO2,False,122,"708,23,603,220,913,883,367,105,108,158,855,251","0.219293,0.217184,0.215127,0.210510,0.202016,0.199740,0.197450,0.196778,0.196656,0.189960,0.184151,0.171352"
val,v5bpair_01020,vegetacion_densa,ozono_anomalo,False,122,"1,432,692,617,1019,422,270,201,974,251,476,541","0.322319,0.268565,0.256621,0.212184,0.211564,0.209630,0.202170,0.198363,0.192394,0.192114,0.188653,0.182594"
val,v5bpair_01023,ozono_anomalo,ozono_anomalo,True,122,"432,974,251,390,46,566,650,960,477,517,606,363","0.227699,0.212072,0.199483,0.196288,0.185928,0.168135,0.162152,0.161835,0.160124,0.158666,0.157284,0.157227"
val,v5bpair_01027,contaminacion_alta_NO2,ozono_anomalo,False,122,"660,377,323,270,990,1018,532,1,926,864,624,744","0.296453,0.287865,0.262235,0.255503,0.248193,0.245426,0.225142,0.206042,0.204676,0.198955,0.194573,0.191507"
val,v5bpair_01029,vegetacion_densa,contaminacion_alta_SO2,False,122,"772,386,73,346,952,903,292,162,8,998,201,715","0.185317,0.160353,0.158715,0.155160,0.152315,0.146870,0.144490,0.141878,0.140436,0.139165,0.137222,0.137131"
val,v5bpair_01030,suelo_urbano,suelo_urbano,True,122,"568,288,928,3,379,652,5,899,956,26,442,520","0.788821,0.737709,0.711627,0.699064,0.662996,0.646597,0.598450,0.577695,0.541800,0.538580,0.533993,0.532439"
val,v5bpair_01032,ozono_anomalo,contaminacion_alta_SO2,False,122,"709,248,37,63,841,904,998,945,467,600,621,1018","0.214655,0.194659,0.192661,0.177567,0.177032,0.176778,0.169929,0.168477,0.166165,0.165337,0.165055,0.161308"
val,v5bpair_01043,contaminacion_alta_NO2,contaminacion_alta_SO2,False,122,"541,600,704,836,248,367,213,321,780,152,745,262","0.285716,0.260657,0.254438,0.251199,0.245542,0.238151,0.223584,0.222679,0.212342,0.202966,0.202501,0.195690"
val,v5bpair_01061,ozono_anomalo,ozono_anomalo,True,122,"660,1,669,323,317,566,294,335,5,411,606,667","0.319048,0.305992,0.284961,0.270204,0.229769,0.223708,0.219420,0.202628,0.202391,0.201469,0.200187,0.197404"
val,v5bpair_01064,ozono_anomalo,ozono_anomalo,True,122,"1019,1,269,692,711,432,422,605,531,321,998,201","0.293668,0.270080,0.254876,0.252651,0.236569,0.225712,0.191067,0.183702,0.183653,0.182778,0.177362,0.172079"
val,v5bpair_01070,contaminacion_alta_SO2,contaminacion_alta_SO2,True,122,"600,332,248,485,75,709,786,23,386,49,91,63","0.297590,0.269525,0.232697,0.225325,0.217483,0.215413,0.211855,0.209591,0.207569,0.207084,0.205418,0.203207"
val,v5bpair_01078,contaminacion_alta_SO2,contaminacion_alta_SO2,True,122,"998,600,904,457,945,704,4,332,49,770,934,903","0.329668,0.315948,0.290945,0.266887,0.264726,0.263851,0.253769,0.248799,0.244395,0.232517,0.229973,0.210784"
val,v5bpair_01093,contaminacion_alta_NO2,ozono_anomalo,False,122,"3,745,67,711,942,411,541,692,1,606,936,455","0.297289,0.295205,0.292319,0.291160,0.288418,0.283973,0.282255,0.275010,0.259549,0.259123,0.251057,0.242742"
val,v5bpair_01097,contaminacion_alta_SO2,suelo_urbano,False,122,"350,4,262,618,815,5,156,442,819,3,317,568","0.352766,0.297561,0.281743,0.273900,0.233040,0.214226,0.209488,0.204085,0.203780,0.203124,0.199676,0.196185"
val,v5bpair_01102,ozono_anomalo,ozono_anomalo,True,122,"692,711,606,747,61,432,974,147,541,386,98,824","0.221747,0.215690,0.213614,0.192693,0.186188,0.178736,0.174939,0.156928,0.156025,0.155804,0.152670,0.149585"
val,v5bpair_01103,contaminacion_alta_SO2,contaminacion_alta_SO2,True,122,"541,600,704,836,248,367,213,321,780,152,745,262","0.285716,0.260657,0.254438,0.251199,0.245542,0.238151,0.223584,0.222679,0.212342,0.202966,0.202501,0.195690"
val,v5bpair_01106,vegetacion_densa,vegetacion_densa,True,122,"346,269,14,275,681,961,39,848,583,335,805,134","0.325267,0.235736,0.230001,0.226352,0.220998,0.212702,0.211298,0.207397,0.204645,0.202633,0.202192,0.199255"
val,v5bpair_01107,ozono_anomalo,ozono_anomalo,True,122,"269,204,961,546,706,270,275,524,833,594,981,362","0.227023,0.212348,0.212207,0.211490,0.205500,0.204543,0.198906,0.198044,0.195033,0.190540,0.185356,0.183074"
val,v5bpair_01108,contaminacion_alta_NO2,contaminacion_alta_SO2,False,122,"432,650,711,269,163,238,291,204,620,147,325,635","0.193006,0.182906,0.181919,0.176737,0.171487,0.170068,0.165541,0.161025,0.152893,0.150750,0.148831,0.148475"
val,v5bpair_01110,suelo_urbano,suelo_urbano,True,122,"350,4,928,3,5,899,815,747,442,562,968,26","0.401423,0.328707,0.308324,0.300481,0.296405,0.285586,0.275701,0.265176,0.259172,0.258728,0.255140,0.252986"
val,v5bpair_01115,contaminacion_alta_SO2,vegetacion_densa,False,122,"855,603,961,624,757,80,127,681,887,381,374,88","0.201028,0.189017,0.188044,0.178089,0.169372,0.168717,0.159140,0.156897,0.156628,0.153112,0.152460,0.152058"
val,v5bpair_01116,contaminacion_alta_NO2,contaminacion_alta_NO2,True,122,"262,618,591,660,669,323,350,934,630,220,367,836","0.226753,0.214095,0.209905,0.202596,0.194184,0.184942,0.178706,0.170924,0.170416,0.169077,0.169026,0.163370"
val,v5bpair_01117,ozono_anomalo,ozono_anomalo,True,122,"270,1,269,531,692,432,346,747,960,251,606,711","0.317791,0.303189,0.292986,0.288339,0.286306,0.271764,0.258669,0.253051,0.236392,0.233807,0.231781,0.210980"
val,v5bpair_01119,ozono_anomalo,ozono_anomalo,True,122,"711,1019,1,422,432,809,692,566,758,606,936,757","0.330341,0.310896,0.308668,0.284247,0.269898,0.257876,0.246301,0.232726,0.228753,0.222502,0.221383,0.214701"
val,v5bpair_01133,contaminacion_alta_SO2,vegetacion_densa,False,122,"612,275,269,524,204,981,776,583,655,961,650,374","0.325757,0.319915,0.308415,0.303114,0.278144,0.271528,0.267417,0.259761,0.246747,0.244785,0.237023,0.225950"
val,v5bpair_01134,suelo_urbano,suelo_urbano,True,122,"568,899,3,4,288,26,928,379,350,397,652,956","0.755519,0.665746,0.628487,0.565332,0.549181,0.538358,0.524641,0.523573,0.510525,0.508248,0.495069,0.480639"
val,v5bpair_01141,contaminacion_alta_NO2,ozono_anomalo,False,122,"321,669,191,485,151,772,998,833,239,73,894,530","0.196701,0.173278,0.172180,0.166901,0.162652,0.162350,0.160408,0.157925,0.156096,0.155540,0.154943,0.147993"
val,v5bpair_01142,contaminacion_alta_SO2,vegetacion_densa,False,122,"269,568,605,612,275,566,655,650,729,4,524,776","0.305057,0.283597,0.240039,0.222979,0.219571,0.218723,0.216834,0.215125,0.210401,0.206263,0.199259,0.196379"
val,v5bpair_01145,ozono_anomalo,ozono_anomalo,True,122,"1,432,517,531,692,360,960,46,974,251,415,390","0.286768,0.223714,0.208155,0.204177,0.199166,0.184490,0.180378,0.177690,0.176156,0.165594,0.161048,0.158817"
val,v5bpair_01151,contaminacion_alta_SO2,vegetacion_densa,False,122,"204,524,275,981,269,612,300,355,374,898,568,270","0.290126,0.268181,0.253798,0.251996,0.251966,0.250537,0.240867,0.221498,0.215671,0.212819,0.203880,0.194885"
val,v5bpair_01155,ozono_anomalo,vegetacion_densa,False,122,"855,603,961,624,757,80,127,681,887,381,374,88","0.201028,0.189017,0.188044,0.178089,0.169372,0.168717,0.159140,0.156897,0.156628,0.153112,0.152460,0.152058"
val,v5bpair_01158,ozono_anomalo,contaminacion_alta_SO2,False,122,"541,600,704,836,248,367,213,321,780,152,745,262","0.285716,0.260657,0.254438,0.251199,0.245542,0.238151,0.223584,0.222679,0.212342,0.202966,0.202501,0.195690"
val,v5bpair_01163,ozono_anomalo,contaminacion_alta_NO2,False,122,"265,323,213,220,350,618,833,913,262,408,8,926","0.195261,0.171386,0.164337,0.162638,0.159579,0.150330,0.148781,0.147123,0.145687,0.145086,0.144216,0.143853"
val,v5bpair_01168,contaminacion_alta_SO2,ozono_anomalo,False,122,"541,745,163,251,711,606,974,106,377,692,946,415","0.258237,0.232091,0.207313,0.206409,0.206303,0.204441,0.192298,0.186314,0.175704,0.174179,0.172543,0.170983"
val,v5bpair_01176,contaminacion_alta_NO2,contaminacion_alta_NO2,True,122,"262,429,600,497,704,630,152,156,321,1000,367,350","0.288034,0.224646,0.210994,0.195554,0.192188,0.183490,0.182575,0.175421,0.171039,0.168687,0.168272,0.161030"
val,v5bpair_01179,suelo_urbano,suelo_urbano,True,122,"3,928,568,288,652,26,379,5,140,350,442,899","0.803104,0.751809,0.747033,0.719360,0.718111,0.638172,0.618374,0.584964,0.537320,0.528357,0.528028,0.523903"
val,v5bpair_01184,vegetacion_densa,vegetacion_densa,True,122,"961,275,612,269,674,981,650,524,219,204,898,279","0.441402,0.439280,0.395343,0.378515,0.375237,0.360421,0.330256,0.325105,0.320400,0.306321,0.302141,0.300488"
val,v5bpair_01185,vegetacion_densa,vegetacion_densa,True,122,"204,277,961,654,904,524,300,367,674,551,915,837","0.216359,0.189089,0.181315,0.176735,0.168340,0.168020,0.161266,0.151936,0.151087,0.149629,0.148076,0.147297"
val,v5bpair_01186,ozono_anomalo,ozono_anomalo,True,122,"1,541,270,127,432,455,106,201,773,188,323,276","0.292283,0.224985,0.217475,0.213390,0.194296,0.192733,0.190604,0.186609,0.180599,0.179890,0.175795,0.173964"
val,v5bpair_01192,vegetacion_densa,ozono_anomalo,False,122,"1,367,422,259,692,489,445,708,201,974,869,909","0.284738,0.265427,0.237571,0.211267,0.205759,0.204780,0.203584,0.195984,0.192841,0.187282,0.187245,0.185784"
val,v5bpair_01194,suelo_urbano,suelo_urbano,True,122,"928,3,288,652,568,379,442,26,5,350,317,53","0.763690,0.738275,0.718693,0.698657,0.668829,0.650471,0.592877,0.587156,0.571873,0.571066,0.541422,0.519360"
val,v5bpair_01200,contaminacion_alta_SO2,vegetacion_densa,False,122,"204,961,269,275,277,612,133,524,229,654,463,674","0.386319,0.314701,0.303511,0.301732,0.296760,0.289655,0.281197,0.277940,0.269519,0.267186,0.261457,0.259752"
val,v5bpair_01208,ozono_anomalo,ozono_anomalo,True,122,"1,708,961,269,80,381,865,202,270,127,432,229","0.205914,0.198113,0.182723,0.179145,0.167744,0.166191,0.164887,0.160974,0.158386,0.152192,0.151199,0.151120"
val,v5bpair_01218,vegetacion_densa,contaminacion_alta_SO2,False,122,"711,635,603,534,998,269,709,763,80,961,180,661","0.258355,0.199883,0.197757,0.194251,0.193670,0.189925,0.172928,0.168998,0.166956,0.163876,0.162786,0.162292"
val,v5bpair_01220,ozono_anomalo,ozono_anomalo,True,122,"218,251,541,836,46,974,432,1,455,960,323,76","0.294589,0.293457,0.291527,0.271988,0.267350,0.253575,0.233257,0.232832,0.226550,0.224444,0.223971,0.223607"
val,v5bpair_01244,suelo_urbano,suelo_urbano,True,122,"3,568,288,928,652,379,26,899,5,350,442,397","0.774414,0.752340,0.722305,0.721585,0.699622,0.663382,0.653302,0.592062,0.581484,0.571902,0.532647,0.529526"
val,v5bpair_01257,contaminacion_alta_NO2,contaminacion_alta_NO2,True,122,"600,745,541,367,220,571,883,968,332,426,538,1006","0.241294,0.235289,0.209110,0.200494,0.199489,0.197430,0.186177,0.183669,0.183489,0.177936,0.176678,0.170419"
val,v5bpair_01264,vegetacion_densa,vegetacion_densa,True,122,"269,583,238,711,692,524,605,568,148,899,204,846","0.367971,0.274347,0.265069,0.243821,0.240931,0.238944,0.237664,0.235344,0.225393,0.214983,0.214078,0.208738"
val,v5bpair_01270,vegetacion_densa,vegetacion_densa,True,122,"335,617,346,456,971,566,860,605,269,524,393,887","0.275626,0.251669,0.251646,0.250917,0.242119,0.239978,0.236191,0.229341,0.212809,0.203948,0.196556,0.193717"
val,v5bpair_01283,suelo_urbano,suelo_urbano,True,122,"998,568,956,1002,1008,657,190,275,959,805,819,140","0.272650,0.248986,0.208188,0.203228,0.199207,0.195005,0.187856,0.186919,0.186689,0.185662,0.184993,0.184320"
val,v5bpair_01284,vegetacion_densa,vegetacion_densa,True,122,"269,605,275,566,335,898,346,860,830,650,674,532","0.345290,0.297607,0.288022,0.266043,0.265393,0.264771,0.258546,0.254321,0.247218,0.245147,0.245133,0.242550"
val,v5bpair_01285,ozono_anomalo,ozono_anomalo,True,122,"660,98,606,1,321,323,182,692,904,947,191,745","0.234023,0.202205,0.187083,0.181858,0.172382,0.161747,0.155560,0.154197,0.153357,0.147590,0.145653,0.138059"
val,v5bpair_01288,suelo_urbano,contaminacion_alta_NO2,False,122,"904,998,467,709,571,49,388,945,610,191,864,554","0.228872,0.203113,0.195792,0.192402,0.178281,0.176687,0.164110,0.163343,0.156028,0.154012,0.153636,0.148592"
val,v5bpair_01291,contaminacion_alta_NO2,contaminacion_alta_SO2,False,122,"786,654,837,132,709,147,485,476,574,130,711,192","0.181743,0.181279,0.159079,0.158733,0.157425,0.147407,0.146548,0.141542,0.134056,0.132769,0.131775,0.129781"
val,v5bpair_01294,contaminacion_alta_SO2,vegetacion_densa,False,122,"524,204,275,981,441,269,886,776,612,374,488,219","0.239107,0.223161,0.222057,0.219545,0.212696,0.210390,0.207193,0.199432,0.196273,0.192746,0.192096,0.182225"
val,v5bpair_01302,suelo_urbano,suelo_urbano,True,122,"568,4,3,899,928,956,140,411,442,5,350,1002","0.446352,0.415173,0.388829,0.371745,0.350061,0.348423,0.345742,0.343948,0.342027,0.330601,0.328782,0.288041"
val,v5bpair_01309,contaminacion_alta_NO2,contaminacion_alta_SO2,False,122,"998,738,651,618,705,485,754,554,904,10,888,750","0.210641,0.209302,0.209119,0.199642,0.197420,0.186639,0.172331,0.170432,0.168175,0.165471,0.164959,0.163747"
val,v5bpair_01324,ozono_anomalo,contaminacion_alta_SO2,False,122,"711,692,566,758,809,791,1019,191,998,943,770,422","0.307248,0.214253,0.195262,0.170410,0.169878,0.168026,0.167273,0.165528,0.163135,0.157302,0.152363,0.148323"
val,v5bpair_01325,ozono_anomalo,vegetacion_densa,False,122,"269,524,275,204,961,605,624,432,566,905,456,88","0.262956,0.215491,0.208926,0.208172,0.204944,0.195852,0.194594,0.193252,0.187878,0.187337,0.183876,0.178282"
val,v5bpair_01330,vegetacion_densa,vegetacion_densa,True,122,"346,275,269,524,39,617,335,456,747,961,583,270","0.330526,0.273894,0.267863,0.249537,0.237095,0.231781,0.229285,0.217473,0.209857,0.204639,0.187530,0.184053"
val,v5bpair_01331,vegetacion_densa,contaminacion_alta_NO2,False,122,"903,346,998,39,617,848,127,15,699,42,904,612","0.218416,0.204484,0.197683,0.191758,0.169476,0.169294,0.164286,0.159684,0.157155,0.152913,0.151315,0.150709"
val,v5bpair_01334,vegetacion_densa,ozono_anomalo,False,122,"1,275,524,66,692,270,660,571,346,269,612,210","0.217876,0.206112,0.192935,0.189378,0.186691,0.183659,0.173133,0.168606,0.163496,0.161406,0.157478,0.155591"
val,v5bpair_01338,contaminacion_alta_SO2,suelo_urbano,False,122,"140,375,3,913,442,389,4,652,53,429,568,657","0.211442,0.185007,0.182771,0.181254,0.162938,0.158946,0.158404,0.154318,0.153002,0.151861,0.151328,0.151045"
val,v5bpair_01339,ozono_anomalo,contaminacion_alta_SO2,False,122,"692,711,1019,904,1,791,472,75,770,49,588,841","0.324945,0.245375,0.234056,0.226033,0.223834,0.216547,0.214266,0.183312,0.181781,0.181679,0.177544,0.176914"
val,v5bpair_01341,suelo_urbano,suelo_urbano,True,122,"3,379,913,899,652,265,568,389,140,350,718,337","0.228182,0.216082,0.204280,0.178405,0.165209,0.158706,0.158229,0.155841,0.150821,0.150504,0.149771,0.145160"
val,v5bpair_01348,ozono_anomalo,ozono_anomalo,True,122,"379,251,3,745,332,582,600,411,16,843,23,541","0.251856,0.208117,0.207462,0.200542,0.192571,0.186189,0.183000,0.182127,0.180813,0.177899,0.172925,0.168808"
val,v5bpair_01353,contaminacion_alta_SO2,contaminacion_alta_SO2,True,122,"566,711,147,49,661,269,809,758,485,422,167,1019","0.292372,0.278639,0.199439,0.186196,0.175358,0.162330,0.159960,0.159786,0.159431,0.152778,0.150481,0.148609"
val,v5bpair_01356,ozono_anomalo,ozono_anomalo,True,122,"692,711,269,1019,566,1,830,583,432,605,204,531","0.359853,0.348510,0.346707,0.323499,0.318446,0.287595,0.286742,0.285320,0.269881,0.250239,0.234756,0.230065"
val,v5bpair_01358,suelo_urbano,suelo_urbano,True,122,"928,288,3,568,379,26,652,5,350,442,899,867","0.653191,0.638093,0.586110,0.559280,0.533187,0.522123,0.515093,0.505282,0.488062,0.487013,0.453688,0.453000"
val,v5bpair_01359,contaminacion_alta_NO2,contaminacion_alta_SO2,False,122,"49,709,75,91,791,904,837,711,61,457,386,332","0.401136,0.300473,0.292686,0.279658,0.274557,0.272890,0.259695,0.259605,0.254357,0.254160,0.249146,0.249007"
val,v5bpair_01361,ozono_anomalo,vegetacion_densa,False,122,"432,566,275,269,476,49,837,650,374,204,706,551","0.229088,0.210764,0.210721,0.204886,0.196168,0.192543,0.192151,0.191769,0.191129,0.185610,0.184168,0.183277"
val,v5bpair_01369,ozono_anomalo,ozono_anomalo,True,122,"218,432,566,269,46,519,323,706,961,251,594,1","0.263761,0.233576,0.226049,0.225172,0.217352,0.214072,0.211869,0.209866,0.206168,0.204313,0.202876,0.202664"
val,v5bpair_01379,suelo_urbano,suelo_urbano,True,122,"568,288,3,652,928,899,26,379,5,350,4,397","0.749873,0.691705,0.618474,0.614406,0.598026,0.587285,0.586962,0.543663,0.537164,0.512498,0.498327,0.482133"
val,v5bpair_01391,contaminacion_alta_SO2,suelo_urbano,False,122,"350,899,442,4,568,928,140,815,3,787,747,317","0.271891,0.243205,0.241434,0.230760,0.224247,0.224009,0.215364,0.214480,0.209604,0.206517,0.205163,0.204031"
val,v5bpair_01395,suelo_urbano,suelo_urbano,True,122,"568,379,899,524,3,583,1022,674,5,928,4,861","0.575167,0.431578,0.409134,0.376125,0.365395,0.343471,0.343194,0.343036,0.341911,0.340258,0.337710,0.336441"
val,v5bpair_01396,vegetacion_densa,contaminacion_alta_SO2,False,122,"415,974,650,480,837,432,903,711,857,635,132,61","0.205110,0.203444,0.200415,0.199171,0.196317,0.195051,0.190919,0.189518,0.188196,0.187923,0.177182,0.174704"
val,v5bpair_01397,contaminacion_alta_SO2,ozono_anomalo,False,122,"1,321,541,191,974,538,691,239,660,685,669,49","0.252616,0.247546,0.237538,0.235817,0.233657,0.223737,0.206468,0.198860,0.182012,0.180790,0.178072,0.177144"
val,v5bpair_01405,ozono_anomalo,ozono_anomalo,True,122,"432,46,218,1,519,76,961,706,566,163,664,70","0.248653,0.242364,0.237573,0.220353,0.215765,0.199941,0.199601,0.191465,0.189875,0.189398,0.176857,0.174072"
val,v5bpair_01411,ozono_anomalo,ozono_anomalo,True,122,"711,1,692,3,913,422,251,337,454,379,841,411","0.341193,0.284935,0.267220,0.254963,0.243670,0.230703,0.229647,0.208768,0.208437,0.204603,0.201918,0.200741"
val,v5bpair_01416,vegetacion_densa,contaminacion_alta_SO2,False,122,"837,49,574,650,904,133,432,476,593,259,127,580","0.240199,0.220527,0.216039,0.214532,0.205634,0.189334,0.189055,0.180781,0.174038,0.173717,0.171779,0.171649"
val,v5bpair_01422,ozono_anomalo,ozono_anomalo,True,122,"432,204,672,323,270,961,519,566,565,579,531,681","0.269567,0.214953,0.214817,0.213194,0.210395,0.204429,0.200866,0.185814,0.184430,0.168017,0.161451,0.156962"
val,v5bpair_01427,vegetacion_densa,vegetacion_densa,True,122,"275,204,269,961,612,674,392,229,605,524,672,432","0.310684,0.287858,0.269755,0.264471,0.254037,0.243064,0.237685,0.227810,0.223435,0.211426,0.210780,0.202597"
val,v5bpair_01445,contaminacion_alta_NO2,contaminacion_alta_NO2,True,122,"429,618,600,262,834,787,37,950,367,544,350,541","0.205858,0.205210,0.202986,0.202237,0.180543,0.170038,0.161217,0.156225,0.154943,0.154600,0.151571,0.146747"
val,v5bpair_01447,ozono_anomalo,ozono_anomalo,True,122,"1,660,422,566,757,1018,841,510,909,711,1019,251","0.266129,0.225322,0.223917,0.217512,0.211175,0.199525,0.199060,0.190984,0.183697,0.181868,0.176837,0.167996"
val,v5bpair_01452,contaminacion_alta_NO2,ozono_anomalo,False,122,"151,669,832,354,836,321,894,691,720,960,98,787","0.176982,0.158834,0.157128,0.156652,0.154592,0.146331,0.145713,0.140489,0.137586,0.136796,0.135980,0.135231"
val,v5bpair_01456,vegetacion_densa,vegetacion_densa,True,122,"269,127,392,819,112,576,650,612,674,961,1006,655","0.313115,0.304187,0.249166,0.244259,0.234909,0.229832,0.228856,0.223110,0.220593,0.220552,0.216271,0.210524"
val,v5bpair_01464,contaminacion_alta_SO2,contaminacion_alta_NO2,False,122,"904,580,219,4,945,998,915,112,488,487,198,674","0.294876,0.278100,0.234386,0.217158,0.214211,0.200001,0.198620,0.195564,0.192888,0.191089,0.189085,0.187462"
val,v5bpair_01473,suelo_urbano,contaminacion_alta_SO2,False,122,"711,61,758,709,147,786,3,63,899,16,411,332","0.340942,0.275136,0.217496,0.209470,0.200508,0.197079,0.196803,0.190832,0.188695,0.188213,0.185806,0.185326"
val,v5bpair_01478,ozono_anomalo,ozono_anomalo,True,122,"432,566,650,706,170,49,624,605,1000,269,46,43","0.262789,0.252901,0.245248,0.220143,0.208323,0.204465,0.193521,0.193031,0.191420,0.191347,0.190273,0.187043"
val,v5bpair_01481,ozono_anomalo,contaminacion_alta_SO2,False,122,"220,321,530,1,833,780,23,591,758,191,367,424","0.229649,0.212587,0.212417,0.192747,0.192472,0.189200,0.188926,0.177165,0.168250,0.166127,0.163253,0.159854"
val,v5bpair_01482,vegetacion_densa,vegetacion_densa,True,122,"49,635,291,905,711,238,837,135,401,605,655,650","0.274762,0.251197,0.242052,0.236339,0.219994,0.217954,0.207423,0.205659,0.205054,0.203071,0.199052,0.194546"
val,v5bpair_01489,contaminacion_alta_SO2,vegetacion_densa,False,122,"568,1003,275,269,605,127,279,204,898,981,291,655","0.315169,0.266631,0.239632,0.238564,0.227092,0.222559,0.221936,0.212759,0.212455,0.210551,0.206501,0.205236"
val,v5bpair_01490,vegetacion_densa,vegetacion_densa,True,122,"335,650,269,674,566,837,617,534,605,998,635,219","0.339505,0.320840,0.315383,0.311693,0.300914,0.279496,0.279154,0.274378,0.269433,0.261793,0.259061,0.256347"
val,v5bpair_01492,contaminacion_alta_NO2,suelo_urbano,False,122,"669,350,720,98,317,759,618,836,541,787,190,182","0.252440,0.245587,0.234633,0.217382,0.212256,0.198417,0.196418,0.194007,0.192274,0.189272,0.189218,0.187589"
test,v5bpair_00005,ozono_anomalo,ozono_anomalo,True,122,"346,1,270,524,269,275,669,692,432,66,191,335","0.246452,0.239482,0.222782,0.212073,0.207692,0.190550,0.187636,0.185034,0.182982,0.176724,0.173975,0.171558"
test,v5bpair_00016,vegetacion_densa,vegetacion_densa,True,122,"133,432,711,620,1006,148,238,810,269,270,324,654","0.190907,0.185602,0.185527,0.179157,0.160183,0.157914,0.155704,0.155332,0.155182,0.146551,0.146188,0.145683"
test,v5bpair_00024,vegetacion_densa,vegetacion_densa,True,122,"269,291,650,229,877,277,648,432,204,711,163,148","0.239357,0.226448,0.207081,0.204079,0.199863,0.194177,0.189574,0.188579,0.186941,0.185736,0.183816,0.178992"
test,v5bpair_00029,vegetacion_densa,vegetacion_densa,True,122,"269,88,981,961,650,898,568,275,605,612,655,566","0.462923,0.348063,0.345820,0.319843,0.318782,0.314629,0.307057,0.305153,0.304805,0.293405,0.293239,0.290135"
test,v5bpair_00033,suelo_urbano,suelo_urbano,True,122,"568,288,3,928,379,899,26,652,5,956,397,350","0.755938,0.701343,0.701093,0.696630,0.640406,0.630973,0.626043,0.617772,0.568059,0.511239,0.506957,0.493597"
test,v5bpair_00037,contaminacion_alta_SO2,contaminacion_alta_SO2,True,122,"1,757,617,758,909,841,603,708,202,23,711,422","0.340238,0.246525,0.243696,0.229178,0.226915,0.224048,0.220349,0.215012,0.213838,0.211056,0.208260,0.203576"
test,v5bpair_00043,ozono_anomalo,ozono_anomalo,True,122,"692,1,606,1019,432,711,747,726,66,251,95,541","0.431957,0.377056,0.280723,0.273928,0.252148,0.243882,0.207601,0.207243,0.206976,0.204747,0.191511,0.190861"
test,v5bpair_00049,suelo_urbano,suelo_urbano,True,122,"568,899,375,140,291,3,442,379,4,53,657,562","0.326998,0.302475,0.277386,0.267520,0.257627,0.256054,0.250214,0.247281,0.245727,0.227004,0.225198,0.223854"
test,v5bpair_00056,contaminacion_alta_NO2,contaminacion_alta_NO2,True,122,"350,4,262,618,819,220,1012,815,782,367,156,591","0.247091,0.239216,0.232087,0.227680,0.205592,0.196701,0.185246,0.179698,0.178558,0.170991,0.169702,0.156651"
test,v5bpair_00058,contaminacion_alta_SO2,contaminacion_alta_SO2,True,122,"711,269,830,692,1019,809,758,1,29,432,415,321","0.349258,0.299142,0.274250,0.253836,0.251744,0.205303,0.200610,0.191373,0.183642,0.180939,0.179114,0.172311"
test,v5bpair_00060,ozono_anomalo,ozono_anomalo,True,122,"323,630,218,201,624,456,519,270,868,804,541,204","0.181568,0.177831,0.173313,0.162041,0.161970,0.158549,0.157744,0.155239,0.152895,0.152357,0.145002,0.143604"
test,v5bpair_00061,contaminacion_alta_SO2,contaminacion_alta_NO2,False,122,"544,429,600,806,485,787,630,1002,192,1012,819,593","0.202212,0.196284,0.195743,0.191153,0.182847,0.182661,0.177341,0.176400,0.172806,0.171088,0.165354,0.162864"
test,v5bpair_00065,contaminacion_alta_SO2,ozono_anomalo,False,122,"1,270,14,692,269,708,660,848,346,1019,201,323","0.287866,0.243712,0.240981,0.240167,0.230535,0.222963,0.210430,0.208942,0.206214,0.198006,0.191417,0.185549"
test,v5bpair_00070,contaminacion_alta_SO2,contaminacion_alta_SO2,True,122,"432,711,1,566,692,191,269,531,147,285,830,476","0.238979,0.213693,0.207651,0.190925,0.182884,0.178051,0.175530,0.164103,0.152969,0.147179,0.144039,0.143323"
test,v5bpair_00100,suelo_urbano,suelo_urbano,True,122,"568,379,288,3,928,652,899,5,26,524,397,350","0.594145,0.527388,0.525234,0.519547,0.510109,0.491535,0.471853,0.465899,0.423963,0.419780,0.407008,0.397591"
test,v5bpair_00103,suelo_urbano,suelo_urbano,True,122,"568,379,265,140,956,913,3,756,389,899,98,4","0.276544,0.262529,0.236639,0.235996,0.229753,0.223606,0.212525,0.211466,0.210630,0.203531,0.197965,0.197909"
test,v5bpair_00106,contaminacion_alta_NO2,contaminacion_alta_SO2,False,122,"998,485,651,705,618,554,758,738,750,754,819,411","0.232129,0.198876,0.192351,0.189239,0.182984,0.178790,0.172547,0.168989,0.165343,0.162548,0.159014,0.156782"
test,v5bpair_00111,vegetacion_densa,vegetacion_densa,True,122,"133,650,961,269,127,981,898,169,148,275,837,279","0.260829,0.247675,0.247476,0.239879,0.239376,0.228641,0.227705,0.226893,0.224543,0.209470,0.204934,0.204671"
test,v5bpair_00125,vegetacion_densa,vegetacion_densa,True,122,"275,524,961,194,674,612,568,650,204,915,898,269","0.385786,0.363175,0.348978,0.347637,0.339558,0.328175,0.316362,0.313819,0.299720,0.290870,0.286407,0.285921"
test,v5bpair_00132,suelo_urbano,suelo_urbano,True,122,"3,928,568,288,652,379,26,5,442,913,53,899","0.754699,0.753512,0.693131,0.680043,0.679900,0.656788,0.574177,0.553021,0.521110,0.519048,0.492777,0.487349"
test,v5bpair_00139,contaminacion_alta_NO2,ozono_anomalo,False,122,"660,377,323,270,182,669,864,990,1018,745,978,1014","0.308872,0.300940,0.278073,0.251219,0.248906,0.217344,0.215352,0.210583,0.187966,0.185714,0.183795,0.178682"
test,v5bpair_00142,vegetacion_densa,contaminacion_alta_SO2,False,122,"692,269,335,856,617,14,711,456,346,583,605,998","0.214045,0.208379,0.179955,0.173089,0.170507,0.165608,0.161042,0.160154,0.155517,0.148438,0.145251,0.138921"
test,v5bpair_00150,vegetacion_densa,vegetacion_densa,True,122,"269,524,275,674,346,88,898,981,568,532,589,650","0.480018,0.422437,0.417325,0.407460,0.397689,0.385890,0.371425,0.369950,0.365452,0.365396,0.334480,0.332212"
test,v5bpair_00152,suelo_urbano,suelo_urbano,True,122,"568,928,288,3,652,379,26,5,899,913,956,350","0.788137,0.782432,0.778191,0.772656,0.706277,0.668884,0.650974,0.587112,0.575986,0.547982,0.543374,0.542190"
test,v5bpair_00153,vegetacion_densa,vegetacion_densa,True,122,"269,346,532,524,674,898,88,566,981,275,650,335","0.383153,0.304155,0.302999,0.292902,0.282740,0.281277,0.277873,0.260688,0.258337,0.249786,0.248096,0.245405"
test,v5bpair_00160,contaminacion_alta_SO2,contaminacion_alta_SO2,True,122,"269,566,617,204,692,952,1019,432,531,386,39,456","0.199605,0.185162,0.182277,0.162528,0.157131,0.153307,0.151865,0.148033,0.143973,0.143760,0.142298,0.139010"
test,v5bpair_00164,contaminacion_alta_NO2,contaminacion_alta_SO2,False,122,"332,600,49,758,711,61,545,936,248,63,472,709","0.307714,0.295600,0.214194,0.208433,0.203373,0.196251,0.193620,0.189591,0.188376,0.188033,0.187015,0.183605"
test,v5bpair_00168,suelo_urbano,suelo_urbano,True,122,"568,379,3,899,928,652,4,524,26,583,288,397","0.557025,0.471877,0.471762,0.449858,0.449784,0.419895,0.412032,0.403872,0.399823,0.392129,0.381945,0.381627"
test,v5bpair_00169,contaminacion_alta_SO2,ozono_anomalo,False,122,"612,275,524,39,127,608,961,432,346,456,974,191","0.232757,0.188185,0.187810,0.181899,0.177242,0.176350,0.174800,0.171905,0.166445,0.163768,0.162174,0.160897"
test,v5bpair_00173,ozono_anomalo,contaminacion_alta_NO2,False,122,"3,591,913,262,265,1017,618,350,652,317,228,630","0.223886,0.199443,0.196453,0.196184,0.192600,0.187765,0.186722,0.182507,0.173715,0.171696,0.165361,0.161642"
test,v5bpair_00179,vegetacion_densa,vegetacion_densa,True,122,"721,952,8,791,346,476,617,275,971,49,692,606","0.247530,0.246495,0.216951,0.204632,0.198501,0.190091,0.189724,0.189205,0.186048,0.184671,0.184523,0.181719"
test,v5bpair_00180,contaminacion_alta_NO2,vegetacion_densa,False,122,"238,805,269,998,877,996,530,534,551,810,961,1018","0.236472,0.204662,0.203831,0.190751,0.179191,0.178853,0.178354,0.174415,0.173449,0.171336,0.171150,0.170897"
test,v5bpair_00187,contaminacion_alta_SO2,ozono_anomalo,False,122,"39,830,583,773,456,346,269,204,270,974,432,524","0.224042,0.222694,0.209838,0.209505,0.207635,0.207256,0.201644,0.198532,0.191109,0.190348,0.188551,0.188436"
test,v5bpair_00189,vegetacion_densa,vegetacion_densa,True,122,"524,374,275,568,612,488,961,219,194,441,915,463","0.276598,0.251084,0.239661,0.237747,0.235684,0.231701,0.231131,0.229969,0.225590,0.224192,0.212103,0.200850"
test,v5bpair_00199,contaminacion_alta_SO2,contaminacion_alta_SO2,True,122,"711,1,692,709,213,909,386,653,101,411,1019,49","0.314863,0.272508,0.246127,0.213938,0.208413,0.200354,0.198326,0.193414,0.187699,0.186853,0.181412,0.173513"
test,v5bpair_00201,ozono_anomalo,ozono_anomalo,True,122,"711,321,692,541,1,37,432,974,588,965,531,830","0.273598,0.231917,0.224586,0.221859,0.219180,0.201992,0.199885,0.199880,0.199001,0.197856,0.196945,0.196120"
test,v5bpair_00210,contaminacion_alta_NO2,contaminacion_alta_NO2,True,122,"606,836,367,787,864,98,703,968,669,651,377,481","0.187665,0.181728,0.161405,0.160569,0.159410,0.156404,0.152754,0.152455,0.141245,0.140399,0.136535,0.133967"
test,v5bpair_00213,vegetacion_densa,contaminacion_alta_NO2,False,122,"998,660,685,600,335,191,745,1,800,323,706,530","0.209495,0.193417,0.189344,0.188892,0.185121,0.175385,0.173045,0.168365,0.161009,0.160880,0.157679,0.157310"
test,v5bpair_00219,contaminacion_alta_NO2,contaminacion_alta_NO2,True,122,"429,600,758,544,618,704,262,37,485,367,591,359","0.282488,0.255891,0.220710,0.214294,0.204892,0.202455,0.201225,0.187805,0.183427,0.180131,0.178214,0.176049"
test,v5bpair_00238,vegetacion_densa,vegetacion_densa,True,122,"961,269,169,996,148,279,133,291,275,635,959,805","0.340626,0.319091,0.304711,0.284382,0.276988,0.274815,0.270927,0.260656,0.259082,0.247074,0.245099,0.240297"
test,v5bpair_00246,vegetacion_densa,contaminacion_alta_SO2,False,122,"49,837,650,945,580,167,612,127,681,566,476,1003","0.297767,0.245948,0.224714,0.195825,0.194817,0.190184,0.189877,0.187553,0.182651,0.181096,0.180640,0.180272"
test,v5bpair_00249,ozono_anomalo,ozono_anomalo,True,122,"974,251,1,432,390,265,711,321,960,879,669,757","0.242142,0.220509,0.219642,0.215852,0.209042,0.184033,0.168108,0.164134,0.163290,0.157323,0.155835,0.155300"
test,v5bpair_00250,suelo_urbano,suelo_urbano,True,122,"3,568,652,26,379,5,899,350,288,4,928,861","0.510060,0.499131,0.469266,0.466920,0.451407,0.432085,0.424082,0.423724,0.419464,0.412690,0.401081,0.386105"
test,v5bpair_00257,contaminacion_alta_SO2,contaminacion_alta_SO2,True,122,"711,758,603,709,757,422,936,909,692,191,809,566","0.225132,0.209376,0.208880,0.201551,0.176886,0.170030,0.154789,0.147437,0.142219,0.141771,0.139953,0.130402"
test,v5bpair_00266,contaminacion_alta_SO2,ozono_anomalo,False,122,"1,269,711,692,432,566,204,1019,660,29,270,39","0.335517,0.313066,0.256391,0.256079,0.237131,0.225317,0.220245,0.218750,0.218314,0.196386,0.194648,0.191686"
test,v5bpair_00277,vegetacion_densa,vegetacion_densa,True,122,"981,275,269,650,961,169,886,279,805,524,996,551","0.402515,0.335172,0.323854,0.317866,0.295596,0.295568,0.279476,0.272397,0.270047,0.265913,0.242925,0.235658"
test,v5bpair_00287,vegetacion_densa,vegetacion_densa,True,122,"269,961,830,291,148,277,583,655,275,204,650,654","0.372803,0.324025,0.322696,0.319215,0.314862,0.301097,0.295360,0.286299,0.283003,0.282895,0.282788,0.273047"
test,v5bpair_00294,ozono_anomalo,contaminacion_alta_SO2,False,122,"566,711,617,650,147,49,485,432,384,29,856,411","0.252920,0.242142,0.200954,0.199908,0.174981,0.171238,0.168013,0.167591,0.166594,0.164120,0.161488,0.158011"
test,v5bpair_00298,suelo_urbano,suelo_urbano,True,122,"288,568,3,928,652,26,379,5,899,442,140,913","0.771785,0.768464,0.764903,0.764487,0.720342,0.679394,0.628011,0.624081,0.586358,0.551270,0.546719,0.533210"
test,v5bpair_00305,contaminacion_alta_SO2,contaminacion_alta_SO2,True,122,"269,603,566,711,809,456,681,757,635,605,961,650","0.263460,0.225046,0.210650,0.198040,0.195961,0.182402,0.175246,0.171597,0.171586,0.170616,0.169674,0.169317"
test,v5bpair_00313,ozono_anomalo,ozono_anomalo,True,122,"251,531,204,269,390,53,978,379,532,444,524,227","0.261681,0.220784,0.208491,0.203497,0.199045,0.198240,0.198037,0.197836,0.196011,0.195378,0.194796,0.183957"
test,v5bpair_00321,suelo_urbano,suelo_urbano,True,122,"758,600,711,375,998,4,140,899,192,457,26,1002","0.318370,0.283030,0.264136,0.263143,0.261373,0.258850,0.253419,0.241272,0.240663,0.238686,0.234873,0.228006"
test,v5bpair_00323,ozono_anomalo,ozono_anomalo,True,122,"14,660,978,669,1,692,566,346,270,269,326,980","0.239133,0.219467,0.219138,0.207123,0.195672,0.187027,0.180720,0.179597,0.176535,0.176263,0.159398,0.157352"
test,v5bpair_00341,contaminacion_alta_SO2,ozono_anomalo,False,122,"711,269,432,692,1,531,415,1019,830,747,566,379","0.348954,0.328720,0.303190,0.261138,0.256859,0.243879,0.236526,0.228819,0.220090,0.199565,0.188121,0.182648"
test,v5bpair_00346,contaminacion_alta_NO2,vegetacion_densa,False,122,"961,1017,819,706,915,53,218,620,220,275,269,624","0.223579,0.194548,0.192209,0.169670,0.166472,0.164436,0.160405,0.160100,0.150184,0.148404,0.146433,0.146382"
test,v5bpair_00348,contaminacion_alta_SO2,ozono_anomalo,False,122,"432,269,148,711,270,691,415,517,325,360,531,238","0.244948,0.239059,0.203216,0.191205,0.189476,0.184127,0.175171,0.175106,0.174324,0.171595,0.170690,0.164791"
test,v5bpair_00350,contaminacion_alta_NO2,vegetacion_densa,False,122,"650,837,101,147,46,432,374,877,574,132,61,979","0.270405,0.227811,0.208097,0.189683,0.187089,0.186901,0.181418,0.169053,0.166835,0.166780,0.161359,0.161200"
test,v5bpair_00352,contaminacion_alta_NO2,contaminacion_alta_NO2,True,122,"262,669,350,618,317,787,98,836,151,819,182,442","0.207796,0.206187,0.197305,0.183377,0.183182,0.183156,0.179881,0.179665,0.178708,0.172425,0.162712,0.162227"
test,v5bpair_00354,suelo_urbano,suelo_urbano,True,122,"379,568,3,652,928,899,524,583,288,26,442,4","0.560029,0.547321,0.476068,0.474628,0.461942,0.447148,0.428360,0.411861,0.401843,0.387272,0.374447,0.374121"
test,v5bpair_00357,suelo_urbano,suelo_urbano,True,122,"568,265,379,913,652,375,956,657,899,3,93,820","0.271567,0.265275,0.252598,0.246435,0.239669,0.229164,0.226767,0.224386,0.208807,0.207575,0.207178,0.204508"
test,v5bpair_00360,ozono_anomalo,ozono_anomalo,True,122,"1,711,660,251,606,432,692,323,541,201,416,978","0.264000,0.251647,0.222649,0.211732,0.210950,0.196990,0.188584,0.181955,0.174246,0.173929,0.173373,0.168495"
test,v5bpair_00373,suelo_urbano,suelo_urbano,True,122,"3,899,554,350,5,379,265,978,140,541,421,606","0.246649,0.234419,0.214657,0.214127,0.210914,0.206767,0.203161,0.201279,0.199158,0.198134,0.195130,0.194776"
test,v5bpair_00378,vegetacion_densa,vegetacion_densa,True,122,"998,650,335,1003,971,600,532,566,945,346,127,49","0.254659,0.237644,0.235420,0.232815,0.232813,0.219196,0.202810,0.202223,0.196839,0.196510,0.195254,0.194482"
test,v5bpair_00380,vegetacion_densa,vegetacion_densa,True,122,"277,148,961,959,127,654,162,583,291,877,229,355","0.268167,0.264824,0.249053,0.243252,0.234205,0.220218,0.219594,0.211555,0.210705,0.205288,0.203210,0.202214"
test,v5bpair_00384,ozono_anomalo,vegetacion_densa,False,122,"275,612,580,837,524,477,650,269,49,204,374,681","0.273666,0.238439,0.217508,0.206432,0.201512,0.200711,0.182396,0.176135,0.174117,0.173749,0.172004,0.171603"
test,v5bpair_00385,contaminacion_alta_SO2,ozono_anomalo,False,122,"711,692,830,269,432,566,1019,606,531,422,390,444","0.254491,0.254343,0.228785,0.225897,0.217811,0.213325,0.190091,0.183719,0.179501,0.159868,0.155725,0.151342"
test,v5bpair_00395,ozono_anomalo,ozono_anomalo,True,122,"541,669,350,711,377,978,660,411,182,265,577,538","0.268179,0.218226,0.215237,0.208602,0.198246,0.193023,0.192320,0.178339,0.175802,0.172934,0.159645,0.158808"
test,v5bpair_00405,ozono_anomalo,contaminacion_alta_NO2,False,122,"265,350,926,836,151,913,262,669,218,703,317,379","0.205733,0.199733,0.192967,0.186934,0.184510,0.180778,0.173985,0.172885,0.163527,0.159760,0.157379,0.147070"
test,v5bpair_00406,contaminacion_alta_SO2,vegetacion_densa,False,122,"275,324,674,961,568,14,915,367,162,981,899,1012","0.250272,0.239158,0.237762,0.228948,0.223421,0.216071,0.214335,0.198184,0.193921,0.192279,0.192275,0.190120"
test,v5bpair_00439,suelo_urbano,suelo_urbano,True,122,"568,1002,913,4,190,815,819,956,384,265,713,787","0.263037,0.229232,0.208074,0.198307,0.188897,0.180171,0.177282,0.176062,0.172790,0.168042,0.167824,0.166508"
test,v5bpair_00447,ozono_anomalo,suelo_urbano,False,122,"3,323,652,669,900,913,37,5,660,745,317,265","0.316126,0.264045,0.241982,0.239563,0.231091,0.224187,0.221669,0.219375,0.216653,0.214802,0.207414,0.206852"
test,v5bpair_00450,contaminacion_alta_SO2,suelo_urbano,False,122,"568,389,411,899,3,265,1002,379,756,375,713,147","0.316574,0.263045,0.245012,0.243319,0.238040,0.237791,0.222992,0.217912,0.217626,0.212900,0.209302,0.208589"
test,v5bpair_00458,contaminacion_alta_NO2,vegetacion_densa,False,122,"432,650,204,279,46,566,706,390,269,648,163,275","0.251842,0.247469,0.226150,0.225708,0.220675,0.213384,0.198266,0.197343,0.196098,0.192419,0.182893,0.181336"
test,v5bpair_00476,contaminacion_alta_SO2,ozono_anomalo,False,122,"432,974,270,1019,1,669,201,692,617,773,870,541","0.219681,0.214507,0.207911,0.205020,0.197801,0.187762,0.187138,0.186729,0.186219,0.182349,0.181902,0.176063"
test,v5bpair_00482,ozono_anomalo,contaminacion_alta_NO2,False,122,"377,367,745,220,591,156,350,23,978,576,968,158","0.280888,0.278659,0.254119,0.243693,0.238708,0.227130,0.223021,0.222865,0.210303,0.198993,0.195655,0.194883"
test,v5bpair_00498,vegetacion_densa,vegetacion_densa,True,122,"269,981,148,655,976,566,204,711,238,275,279,650","0.283237,0.235619,0.220867,0.218017,0.216172,0.208506,0.205923,0.200839,0.199800,0.196290,0.195356,0.194600"
test,v5bpair_00510,contaminacion_alta_SO2,ozono_anomalo,False,122,"711,432,606,772,476,721,422,952,386,531,612,989","0.203866,0.186282,0.180545,0.177273,0.172839,0.169649,0.169611,0.164847,0.159884,0.157859,0.155615,0.153483"
test,v5bpair_00519,vegetacion_densa,vegetacion_densa,True,122,"269,275,674,915,392,219,898,229,88,524,981,612","0.318778,0.309851,0.287725,0.284674,0.263654,0.258349,0.252334,0.245358,0.245207,0.240848,0.223924,0.222955"
test,v5bpair_00520,vegetacion_densa,vegetacion_densa,True,122,"112,566,568,915,279,4,617,605,101,147,375,819","0.256305,0.255493,0.254953,0.224428,0.219465,0.211192,0.207124,0.194795,0.193544,0.188779,0.186138,0.185117"
test,v5bpair_00525,ozono_anomalo,ozono_anomalo,True,122,"830,711,606,269,692,432,415,747,531,167,974,791","0.248918,0.244322,0.238310,0.203133,0.195423,0.193178,0.191387,0.190257,0.190214,0.184517,0.183135,0.179718"
test,v5bpair_00526,ozono_anomalo,suelo_urbano,False,122,"692,317,652,669,674,5,606,294,8,442,582,899","0.272178,0.250109,0.242977,0.228636,0.223016,0.221286,0.210242,0.198713,0.195363,0.194576,0.193711,0.193554"
test,v5bpair_00528,contaminacion_alta_NO2,ozono_anomalo,False,122,"388,879,864,904,519,270,377,182,674,571,541,198","0.190764,0.174433,0.166964,0.160346,0.158262,0.155917,0.150086,0.148559,0.147249,0.147205,0.144475,0.141204"
test,v5bpair_00532,suelo_urbano,suelo_urbano,True,122,"568,4,140,379,375,657,1008,265,899,756,856,1002","0.289536,0.259291,0.242556,0.235474,0.229502,0.220845,0.209154,0.208412,0.208019,0.203129,0.199131,0.196521"
test,v5bpair_00553,vegetacion_densa,vegetacion_densa,True,122,"275,650,706,219,374,837,612,915,794,848,477,76","0.337006,0.273440,0.236793,0.227853,0.224655,0.217013,0.216951,0.210943,0.209862,0.205131,0.202821,0.201205"
test,v5bpair_00555,contaminacion_alta_SO2,contaminacion_alta_SO2,True,122,"711,566,432,215,877,101,325,961,639,23,579,620","0.271186,0.199107,0.194528,0.193857,0.187091,0.184994,0.180922,0.180484,0.172389,0.167819,0.165572,0.161910"
test,v5bpair_00557,vegetacion_densa,vegetacion_densa,True,122,"996,961,269,148,229,169,650,275,981,524,291,612","0.340628,0.332884,0.314627,0.307183,0.306383,0.295636,0.292558,0.289659,0.287120,0.268649,0.268017,0.263176"
test,v5bpair_00563,vegetacion_densa,contaminacion_alta_SO2,False,122,"335,998,758,848,456,346,617,393,1018,530,708,846","0.240178,0.211068,0.183644,0.175382,0.165870,0.165305,0.163412,0.161924,0.159225,0.149949,0.147012,0.146797"
test,v5bpair_00575,suelo_urbano,suelo_urbano,True,122,"3,568,928,652,288,26,379,5,350,899,140,442","0.723495,0.711741,0.681070,0.679412,0.624416,0.613441,0.597677,0.541645,0.533752,0.530888,0.497689,0.496393"
test,v5bpair_00576,contaminacion_alta_SO2,contaminacion_alta_SO2,True,122,"603,708,1,887,961,269,202,809,605,711,566,180","0.212643,0.203176,0.192660,0.189560,0.186352,0.183586,0.181259,0.180158,0.177558,0.177499,0.175890,0.175584"
test,v5bpair_00579,suelo_urbano,ozono_anomalo,False,122,"1,692,747,251,191,913,269,711,294,432,379,29","0.355665,0.242766,0.209413,0.201942,0.195825,0.195785,0.194536,0.191231,0.189267,0.181212,0.179375,0.179244"
test,v5bpair_00580,suelo_urbano,contaminacion_alta_SO2,False,122,"786,837,485,650,49,132,709,61,574,375,794,147","0.268281,0.250593,0.230278,0.227727,0.216168,0.216150,0.212787,0.206008,0.198896,0.191417,0.185681,0.171783"
test,v5bpair_00587,suelo_urbano,suelo_urbano,True,122,"568,899,956,288,4,3,140,379,397,713,861,776","0.608425,0.510310,0.415301,0.396536,0.395169,0.388669,0.379256,0.378887,0.372935,0.370043,0.357904,0.353062"
test,v5bpair_00593,suelo_urbano,suelo_urbano,True,122,"288,568,928,3,652,26,379,899,5,442,350,53","0.802655,0.799807,0.795824,0.765566,0.721682,0.697779,0.661289,0.582154,0.571874,0.571375,0.550923,0.549768"
test,v5bpair_00611,contaminacion_alta_SO2,contaminacion_alta_SO2,True,122,"709,485,903,904,998,513,75,600,426,936,971,786","0.228667,0.227797,0.220176,0.206670,0.199853,0.191592,0.184397,0.178754,0.173332,0.168395,0.163808,0.160899"
test,v5bpair_00613,vegetacion_densa,vegetacion_densa,True,122,"269,583,961,612,275,229,291,524,996,568,148,127","0.269727,0.255110,0.227145,0.217036,0.212457,0.208608,0.201132,0.199511,0.188797,0.187160,0.186033,0.184852"
test,v5bpair_00614,ozono_anomalo,contaminacion_alta_SO2,False,122,"856,432,711,650,635,101,605,655,355,386,147,1003","0.194965,0.183937,0.181588,0.177781,0.172352,0.167780,0.159315,0.157749,0.152495,0.150619,0.149653,0.147125"
test,v5bpair_00624,ozono_anomalo,contaminacion_alta_NO2,False,122,"367,836,442,630,350,815,913,220,262,787,708,868","0.218088,0.201485,0.193680,0.188171,0.187737,0.187340,0.181583,0.177307,0.175007,0.174704,0.174042,0.166974"
test,v5bpair_00632,contaminacion_alta_NO2,ozono_anomalo,False,122,"541,711,606,745,432,415,946,718,1,692,16,251","0.322837,0.296390,0.237846,0.231766,0.218605,0.215145,0.213093,0.192711,0.189226,0.185513,0.185465,0.181649"
test,v5bpair_00638,contaminacion_alta_NO2,contaminacion_alta_SO2,False,122,"269,830,321,583,605,220,1000,307,524,485,838,600","0.243638,0.226333,0.202141,0.196117,0.190234,0.183381,0.168333,0.164863,0.163867,0.162993,0.159658,0.157226"
test,v5bpair_00648,contaminacion_alta_NO2,contaminacion_alta_SO2,False,122,"530,998,321,191,1,485,780,758,213,841,239,660","0.266567,0.230198,0.214642,0.195123,0.188610,0.185663,0.177698,0.173061,0.167352,0.160439,0.160146,0.157863"
test,v5bpair_00654,contaminacion_alta_SO2,vegetacion_densa,False,122,"711,848,346,432,805,14,229,180,269,39,456,816","0.193494,0.192824,0.185329,0.180992,0.180401,0.172761,0.172719,0.170626,0.169559,0.166404,0.157710,0.150508"
test,v5bpair_00662,suelo_urbano,ozono_anomalo,False,122,"711,692,552,606,61,251,978,411,588,432,791,444","0.409155,0.319711,0.273923,0.252982,0.250431,0.248741,0.238473,0.232801,0.224688,0.221121,0.211639,0.205845"
test,v5bpair_00665,ozono_anomalo,contaminacion_alta_NO2,False,122,"377,106,961,909,757,191,883,323,367,887,285,422","0.211867,0.199313,0.178658,0.176500,0.165057,0.162100,0.158421,0.149148,0.136908,0.136536,0.133144,0.132788"
test,v5bpair_00666,ozono_anomalo,ozono_anomalo,True,122,"337,350,454,8,868,758,411,220,37,544,745,213","0.209248,0.208047,0.204984,0.188057,0.187889,0.187831,0.186221,0.183708,0.181851,0.180108,0.178522,0.177648"
test,v5bpair_00671,contaminacion_alta_SO2,ozono_anomalo,False,122,"1,692,323,660,519,251,1018,617,841,422,416,757","0.346109,0.250932,0.246940,0.246705,0.227183,0.223983,0.214355,0.207515,0.205490,0.198083,0.197852,0.197588"
test,v5bpair_00676,contaminacion_alta_NO2,ozono_anomalo,False,122,"321,974,830,1000,603,415,422,485,600,106,127,566","0.246655,0.236870,0.218496,0.211085,0.187539,0.181488,0.179017,0.173029,0.171152,0.162341,0.157343,0.156913"
test,v5bpair_00681,ozono_anomalo,ozono_anomalo,True,122,"606,541,323,182,660,836,804,580,49,745,350,388","0.230363,0.214604,0.199003,0.198234,0.196632,0.175642,0.166924,0.165170,0.162878,0.156929,0.152765,0.150434"
test,v5bpair_00682,contaminacion_alta_NO2,ozono_anomalo,False,122,"669,660,98,408,317,239,265,190,323,703,182,906","0.252303,0.250523,0.229492,0.214389,0.208642,0.192965,0.184290,0.183908,0.183340,0.181495,0.178650,0.178557"
test,v5bpair_00701,ozono_anomalo,vegetacion_densa,False,122,"692,346,432,606,952,711,747,726,270,583,251,269","0.269469,0.261580,0.232868,0.224661,0.214700,0.210210,0.202765,0.199394,0.187207,0.178180,0.175205,0.166206"
test,v5bpair_00702,contaminacion_alta_NO2,ozono_anomalo,False,122,"711,106,974,422,541,692,415,588,603,1006,191,566","0.214033,0.205525,0.183329,0.174281,0.170709,0.157490,0.157034,0.146475,0.142435,0.140915,0.139873,0.138439"
test,v5bpair_00703,ozono_anomalo,vegetacion_densa,False,122,"692,583,481,524,605,669,167,711,193,346,269,204","0.250935,0.214501,0.204793,0.186740,0.173626,0.165495,0.162629,0.160045,0.159918,0.156505,0.156056,0.146817"
test,v5bpair_00704,ozono_anomalo,ozono_anomalo,True,122,"1,606,841,692,389,711,379,251,8,913,758,411","0.217396,0.204461,0.201079,0.194832,0.191855,0.184018,0.179237,0.178335,0.172294,0.170954,0.168896,0.167766"
test,v5bpair_00719,contaminacion_alta_NO2,contaminacion_alta_NO2,True,122,"156,367,600,262,429,704,350,836,697,703,618,332","0.296923,0.246545,0.246442,0.240621,0.213842,0.213827,0.200355,0.200255,0.198778,0.187650,0.176065,0.171492"
test,v5bpair_00728,contaminacion_alta_NO2,contaminacion_alta_SO2,False,122,"786,485,600,574,709,758,61,554,147,711,205,429","0.247026,0.246983,0.243199,0.239441,0.237036,0.214194,0.212935,0.206668,0.200045,0.199912,0.188740,0.181949"
test,v5bpair_00731,contaminacion_alta_SO2,contaminacion_alta_SO2,True,122,"692,711,474,824,485,294,989,1019,61,554,513,846","0.278893,0.261003,0.249501,0.232503,0.218166,0.216102,0.214558,0.202990,0.198926,0.192569,0.188424,0.184764"
test,v5bpair_00735,contaminacion_alta_NO2,contaminacion_alta_NO2,True,122,"660,213,591,323,819,998,618,228,317,220,239,367","0.159032,0.155447,0.151722,0.148283,0.146152,0.142759,0.140368,0.137874,0.133170,0.132814,0.128939,0.127302"
test,v5bpair_00741,ozono_anomalo,ozono_anomalo,True,122,"1,660,711,692,323,841,566,519,432,191,990,879","0.354528,0.309724,0.258805,0.216361,0.212345,0.210956,0.194927,0.190257,0.186273,0.185281,0.184630,0.175300"
test,v5bpair_00750,vegetacion_densa,vegetacion_densa,True,122,"346,269,275,39,612,848,270,961,617,456,524,88","0.281760,0.274034,0.251107,0.223537,0.221850,0.214493,0.209930,0.201169,0.200941,0.193764,0.184653,0.171527"
test,v5bpair_00770,suelo_urbano,suelo_urbano,True,122,"998,265,389,856,913,568,758,411,379,956,248,748","0.252584,0.238463,0.216261,0.205734,0.198284,0.184008,0.179998,0.175940,0.175014,0.170183,0.166975,0.166451"
test,v5bpair_00774,ozono_anomalo,contaminacion_alta_SO2,False,122,"277,1017,622,228,868,251,262,324,220,323,379,3","0.185373,0.176037,0.171996,0.168250,0.165995,0.165963,0.158752,0.150989,0.148665,0.146238,0.145740,0.145172"
test,v5bpair_00775,ozono_anomalo,contaminacion_alta_SO2,False,122,"269,711,220,204,809,603,106,830,605,681,163,377","0.233964,0.208944,0.160353,0.158081,0.156752,0.156053,0.155321,0.153863,0.139111,0.135473,0.133802,0.133416"
test,v5bpair_00777,suelo_urbano,suelo_urbano,True,122,"568,899,3,442,4,379,652,288,26,5,140,621","0.508454,0.488449,0.485978,0.441854,0.415328,0.396156,0.381170,0.363084,0.361959,0.361060,0.352341,0.338132"
test,v5bpair_00784,suelo_urbano,suelo_urbano,True,122,"568,928,288,3,652,379,5,899,26,397,442,350","0.710025,0.683677,0.664440,0.654720,0.614800,0.614520,0.531091,0.526783,0.521656,0.478669,0.474278,0.461128"
test,v5bpair_00788,contaminacion_alta_SO2,contaminacion_alta_SO2,True,122,"386,49,1019,711,692,1,617,989,456,600,476,489","0.317292,0.297823,0.294871,0.271861,0.266583,0.221558,0.221557,0.218412,0.210473,0.209813,0.208118,0.206989"
test,v5bpair_00789,ozono_anomalo,ozono_anomalo,True,122,"432,650,830,46,415,49,837,517,711,325,1021,163","0.216820,0.209366,0.208090,0.197881,0.190271,0.187468,0.187097,0.186746,0.184758,0.180599,0.169916,0.168190"
test,v5bpair_00790,ozono_anomalo,vegetacion_densa,False,122,"612,275,346,524,134,681,541,747,201,39,463,655","0.243472,0.227590,0.206969,0.188437,0.184090,0.169648,0.167075,0.164301,0.161985,0.159701,0.158986,0.155702"
test,v5bpair_00794,contaminacion_alta_SO2,contaminacion_alta_SO2,True,122,"692,711,14,346,269,1019,1,848,903,998,422,747","0.249788,0.245280,0.226632,0.222983,0.220858,0.205303,0.183650,0.181089,0.180554,0.179998,0.162672,0.157157"
test,v5bpair_00800,vegetacion_densa,contaminacion_alta_SO2,False,122,"1,692,711,321,758,1019,191,432,66,386,485,757","0.304756,0.253891,0.229811,0.215703,0.195024,0.190794,0.169751,0.159138,0.158502,0.153734,0.148253,0.147874"
test,v5bpair_00809,contaminacion_alta_NO2,ozono_anomalo,False,122,"3,37,220,909,530,591,913,8,323,265,424,191","0.195202,0.176188,0.171480,0.165326,0.164783,0.163631,0.162028,0.160239,0.159326,0.159036,0.157818,0.147243"
test,v5bpair_00813,vegetacion_densa,vegetacion_densa,True,122,"269,996,291,961,981,148,229,238,204,877,583,275","0.471370,0.448286,0.383449,0.372435,0.359508,0.351722,0.334133,0.315788,0.301176,0.297583,0.296000,0.290687"
test,v5bpair_00820,contaminacion_alta_SO2,vegetacion_densa,False,122,"612,296,566,830,905,255,210,39,681,971,269,650","0.272416,0.255968,0.244082,0.229803,0.214561,0.210302,0.200632,0.196265,0.195464,0.195239,0.193239,0.188339"
test,v5bpair_00821,ozono_anomalo,ozono_anomalo,True,122,"711,1,606,432,692,251,390,191,974,541,531,285","0.231421,0.214552,0.212638,0.212169,0.201580,0.189638,0.183424,0.181536,0.180711,0.174962,0.170605,0.162992"
test,v5bpair_00825,contaminacion_alta_SO2,ozono_anomalo,False,122,"566,269,1019,270,830,624,1000,809,605,402,323,403","0.275958,0.256989,0.248484,0.242449,0.237778,0.236602,0.218196,0.212917,0.209889,0.205219,0.198387,0.191574"
test,v5bpair_00826,suelo_urbano,vegetacion_densa,False,122,"291,568,379,899,324,5,576,652,961,277,148,350","0.273896,0.236207,0.228144,0.224690,0.220514,0.214451,0.214170,0.211479,0.210772,0.203653,0.203304,0.202259"
test,v5bpair_00828,contaminacion_alta_SO2,contaminacion_alta_SO2,True,122,"711,603,909,757,127,566,180,188,1006,692,390,422","0.222633,0.207813,0.198351,0.168077,0.163193,0.144716,0.140166,0.139398,0.136212,0.135535,0.133693,0.131201"
test,v5bpair_00836,suelo_urbano,suelo_urbano,True,122,"568,956,899,756,657,140,4,190,1002,265,913,350","0.252334,0.228298,0.211761,0.199801,0.199088,0.195591,0.192065,0.184114,0.182176,0.177803,0.172855,0.167911"
test,v5bpair_00842,vegetacion_densa,vegetacion_densa,True,122,"568,1012,375,238,877,711,643,229,899,379,127,275","0.245374,0.242009,0.223572,0.216235,0.210870,0.208490,0.204338,0.202753,0.198974,0.195287,0.192987,0.185512"
test,v5bpair_00845,suelo_urbano,contaminacion_alta_NO2,False,122,"113,350,588,270,819,275,576,787,5,606,442,568","0.163907,0.162687,0.160047,0.155333,0.154612,0.151445,0.145597,0.145402,0.141570,0.138281,0.134841,0.133157"
test,v5bpair_00866,contaminacion_alta_SO2,ozono_anomalo,False,122,"566,377,182,432,1019,624,269,660,204,206,661,605","0.224832,0.192759,0.189541,0.185970,0.184677,0.184179,0.183970,0.182083,0.181289,0.177899,0.176853,0.173173"
test,v5bpair_00877,vegetacion_densa,vegetacion_densa,True,122,"269,346,532,524,568,88,275,612,5,674,204,583","0.395422,0.332858,0.320988,0.314324,0.302923,0.258299,0.257026,0.243256,0.241483,0.241372,0.240867,0.240278"
test,v5bpair_00884,suelo_urbano,ozono_anomalo,False,122,"692,1,1019,432,711,606,566,791,251,960,721,390","0.294484,0.287372,0.280059,0.269024,0.244112,0.230939,0.217370,0.213570,0.206853,0.194307,0.191336,0.190682"
test,v5bpair_00888,suelo_urbano,suelo_urbano,True,122,"600,442,899,332,786,1012,156,4,3,63,618,5","0.299104,0.267593,0.259172,0.257218,0.249332,0.244029,0.240318,0.240066,0.237163,0.235278,0.227122,0.211717"
test,v5bpair_00889,contaminacion_alta_NO2,contaminacion_alta_SO2,False,122,"758,220,530,73,321,772,23,998,46,566,485,834","0.191522,0.182314,0.180356,0.164917,0.164550,0.160213,0.159676,0.158571,0.156198,0.155129,0.150926,0.149948"
test,v5bpair_00893,contaminacion_alta_SO2,ozono_anomalo,False,122,"1,660,566,974,833,29,517,669,323,594,546,270","0.333277,0.265661,0.256987,0.255487,0.249130,0.232655,0.231702,0.230028,0.229012,0.229003,0.228557,0.224698"
test,v5bpair_00894,contaminacion_alta_SO2,ozono_anomalo,False,122,"1,321,660,974,692,432,191,1019,530,669,239,29","0.329421,0.241821,0.232625,0.223762,0.215982,0.210233,0.209018,0.207731,0.203976,0.202945,0.200641,0.198479"
test,v5bpair_00901,contaminacion_alta_SO2,ozono_anomalo,False,122,"1,691,566,606,974,106,432,824,101,390,692,669","0.169505,0.163450,0.162813,0.160942,0.158677,0.157663,0.148100,0.144447,0.141841,0.136269,0.128343,0.127175"
test,v5bpair_00902,ozono_anomalo,contaminacion_alta_SO2,False,122,"711,163,269,573,432,291,830,938,531,238,525,101","0.245131,0.238339,0.207259,0.204226,0.203816,0.183969,0.179871,0.174439,0.174080,0.172440,0.170352,0.167504"
test,v5bpair_00905,contaminacion_alta_SO2,contaminacion_alta_SO2,True,122,"711,432,280,49,830,704,61,837,147,974,588,415","0.285583,0.242748,0.225650,0.212859,0.198377,0.192693,0.190442,0.181705,0.181617,0.175552,0.172155,0.170040"
test,v5bpair_00919,contaminacion_alta_NO2,contaminacion_alta_SO2,False,122,"600,904,998,280,704,635,332,513,75,49,709,429","0.178083,0.166042,0.161992,0.160911,0.151623,0.139596,0.139578,0.138149,0.134517,0.133307,0.130274,0.127705"
test,v5bpair_00929,contaminacion_alta_NO2,ozono_anomalo,False,122,"321,1,191,213,265,530,669,833,411,3,998,758","0.227078,0.217688,0.184107,0.181818,0.173193,0.167040,0.164858,0.163129,0.154411,0.147367,0.146491,0.145944"
test,v5bpair_00930,contaminacion_alta_SO2,vegetacion_densa,False,122,"285,49,721,269,485,711,39,204,848,432,905,517","0.172869,0.170166,0.163676,0.163514,0.163359,0.158443,0.154057,0.151412,0.148544,0.146070,0.143877,0.141663"
test,v5bpair_00941,contaminacion_alta_SO2,ozono_anomalo,False,122,"1,711,1019,566,692,758,841,809,191,432,29,669","0.301752,0.293893,0.289353,0.268660,0.267244,0.249213,0.246236,0.243796,0.223636,0.217191,0.210281,0.202492"
test,v5bpair_00947,vegetacion_densa,vegetacion_densa,True,122,"269,650,711,898,238,655,830,275,568,88,566,291","0.379452,0.307824,0.291364,0.274877,0.264371,0.255561,0.237592,0.229917,0.219829,0.215861,0.213092,0.212965"
test,v5bpair_00951,contaminacion_alta_NO2,ozono_anomalo,False,122,"269,566,706,961,594,279,605,996,432,46,810,43","0.273234,0.230023,0.227761,0.220265,0.214814,0.200803,0.194323,0.188874,0.182013,0.179853,0.171988,0.171091"
test,v5bpair_00957,vegetacion_densa,vegetacion_densa,True,122,"269,617,566,650,346,674,605,456,534,39,860,49","0.346166,0.312727,0.311070,0.301578,0.283504,0.272301,0.243235,0.242030,0.240906,0.240046,0.238814,0.237130"
test,v5bpair_00961,contaminacion_alta_NO2,ozono_anomalo,False,122,"262,265,220,836,389,606,213,541,960,218,350,732","0.177077,0.169949,0.154774,0.152689,0.151839,0.149713,0.141979,0.141840,0.139363,0.138893,0.137517,0.136547"
test,v5bpair_00964,ozono_anomalo,ozono_anomalo,True,122,"1,660,606,98,974,432,711,182,251,978,566,444","0.256863,0.253856,0.250853,0.242511,0.234901,0.232244,0.215143,0.212644,0.209844,0.209702,0.209394,0.205159"
test,v5bpair_00971,contaminacion_alta_NO2,vegetacion_densa,False,122,"830,624,269,1000,148,415,204,612,127,681,291,270","0.253266,0.212658,0.183920,0.183803,0.183746,0.180728,0.176395,0.174939,0.172803,0.165133,0.162869,0.158373"
test,v5bpair_00972,vegetacion_densa,vegetacion_densa,True,122,"961,269,275,805,148,14,810,355,583,238,76,819","0.239184,0.236818,0.233443,0.221609,0.199790,0.191010,0.182120,0.180066,0.178425,0.174286,0.173306,0.169547"
test,v5bpair_00982,suelo_urbano,contaminacion_alta_NO2,False,122,"600,630,262,367,37,429,1012,564,591,156,868,350","0.269142,0.257361,0.245623,0.235678,0.233037,0.216339,0.214636,0.212744,0.201744,0.197640,0.195915,0.194546"
test,v5bpair_00986,contaminacion_alta_SO2,vegetacion_densa,False,122,"269,204,617,566,1,711,583,692,456,961,29,39","0.274865,0.220013,0.219578,0.211816,0.182750,0.181576,0.181114,0.175535,0.174262,0.170115,0.169752,0.167491"
test,v5bpair_00993,ozono_anomalo,ozono_anomalo,True,122,"612,541,974,127,830,106,415,269,432,836,603,669","0.197631,0.186607,0.167712,0.158543,0.157773,0.154898,0.151922,0.146964,0.145517,0.144236,0.141218,0.140471"
test,v5bpair_01005,contaminacion_alta_NO2,vegetacion_densa,False,122,"568,979,566,130,524,654,432,204,415,1008,648,269","0.200703,0.176974,0.161063,0.158426,0.149969,0.148126,0.147824,0.146484,0.144393,0.143458,0.142042,0.138262"
test,v5bpair_01007,contaminacion_alta_NO2,contaminacion_alta_NO2,True,122,"904,568,259,112,786,998,495,488,219,915,837,374","0.252430,0.252299,0.210413,0.208147,0.204841,0.196719,0.187846,0.184044,0.183983,0.180384,0.176279,0.174936"
test,v5bpair_01018,contaminacion_alta_SO2,ozono_anomalo,False,122,"1,1019,432,692,606,270,541,669,402,978,711,974","0.361671,0.333030,0.321337,0.315448,0.296987,0.284000,0.283885,0.268672,0.263203,0.247638,0.246306,0.238088"
test,v5bpair_01022,vegetacion_densa,vegetacion_densa,True,122,"998,335,617,1,393,513,534,39,961,846,441,15","0.265029,0.258949,0.225023,0.206186,0.206102,0.204617,0.190736,0.189816,0.187750,0.183040,0.179333,0.177517"
test,v5bpair_01028,ozono_anomalo,ozono_anomalo,True,122,"1,757,841,909,711,864,519,949,745,106,606,603","0.340524,0.288608,0.254566,0.247830,0.227450,0.226581,0.221568,0.213840,0.204726,0.204430,0.203698,0.200743"
test,v5bpair_01036,ozono_anomalo,suelo_urbano,False,122,"913,708,652,883,37,3,93,220,1017,5,265,323","0.225268,0.194558,0.186328,0.182338,0.181758,0.178606,0.161968,0.158226,0.154349,0.153409,0.153270,0.147477"
test,v5bpair_01044,contaminacion_alta_SO2,contaminacion_alta_SO2,True,122,"456,887,617,708,566,909,422,758,757,220,39,1","0.233124,0.231868,0.229786,0.220914,0.214580,0.210667,0.209823,0.205268,0.204097,0.197801,0.195900,0.195796"
test,v5bpair_01051,suelo_urbano,suelo_urbano,True,122,"568,288,3,652,379,928,26,899,5,397,913,350","0.718078,0.715589,0.692995,0.630302,0.622419,0.622279,0.610163,0.610153,0.576730,0.513727,0.490349,0.482800"
test,v5bpair_01060,vegetacion_densa,ozono_anomalo,False,122,"692,974,541,106,904,321,1019,432,270,201,269,711","0.233504,0.196875,0.189623,0.183010,0.178099,0.172740,0.172288,0.163810,0.160483,0.150419,0.149927,0.146354"
test,v5bpair_01075,suelo_urbano,suelo_urbano,True,122,"568,3,899,4,652,288,26,928,379,350,140,442","0.685615,0.620248,0.597477,0.546030,0.542867,0.539143,0.534897,0.532722,0.498878,0.492631,0.490496,0.469691"
test,v5bpair_01079,vegetacion_densa,contaminacion_alta_SO2,False,122,"201,848,432,1,269,708,541,367,903,531,692,605","0.222198,0.219491,0.193156,0.182993,0.181488,0.174696,0.159587,0.158303,0.155089,0.152640,0.151553,0.151152"
test,v5bpair_01083,contaminacion_alta_NO2,contaminacion_alta_SO2,False,122,"49,904,709,704,998,496,332,770,457,167,837,75","0.368834,0.315841,0.299816,0.289810,0.288954,0.283519,0.274960,0.272975,0.271449,0.267627,0.257466,0.257405"
test,v5bpair_01088,contaminacion_alta_NO2,contaminacion_alta_NO2,True,122,"262,600,321,497,704,541,429,152,758,350,37,61","0.238927,0.217281,0.206651,0.205956,0.202142,0.198402,0.197827,0.192770,0.184975,0.184912,0.173113,0.164914"
test,v5bpair_01098,ozono_anomalo,ozono_anomalo,True,122,"432,323,1,218,251,446,819,220,46,519,367,424","0.236684,0.233997,0.227017,0.218055,0.216796,0.209147,0.199843,0.193402,0.189277,0.188362,0.185229,0.180794"
test,v5bpair_01104,ozono_anomalo,contaminacion_alta_NO2,False,122,"367,591,787,220,630,350,262,541,198,213,896,703","0.269976,0.223244,0.196906,0.188098,0.182462,0.178305,0.169393,0.167859,0.153535,0.153109,0.149275,0.145937"
test,v5bpair_01112,contaminacion_alta_NO2,ozono_anomalo,False,122,"974,43,1000,432,546,706,46,593,566,296,127,664","0.256799,0.233073,0.212511,0.208660,0.207177,0.204947,0.199687,0.199056,0.185032,0.180630,0.175652,0.172165"
test,v5bpair_01114,ozono_anomalo,vegetacion_densa,False,122,"711,269,346,692,147,432,10,583,606,204,167,650","0.228318,0.193711,0.180385,0.179940,0.166269,0.161358,0.159652,0.152445,0.151426,0.151080,0.150747,0.149371"
test,v5bpair_01123,suelo_urbano,suelo_urbano,True,122,"4,568,815,3,591,868,745,262,564,350,411,379","0.247194,0.240951,0.223540,0.222273,0.220604,0.213881,0.213218,0.209513,0.200823,0.196020,0.192644,0.183432"
test,v5bpair_01137,vegetacion_densa,vegetacion_densa,True,122,"275,612,961,650,374,674,524,269,194,898,219,915","0.434117,0.358958,0.340828,0.336482,0.333261,0.330297,0.324731,0.313659,0.295597,0.289920,0.284139,0.282454"
test,v5bpair_01139,suelo_urbano,suelo_urbano,True,122,"568,524,3,981,379,899,269,612,1022,275,346,956","0.462119,0.411525,0.387810,0.354832,0.353853,0.339977,0.336010,0.313756,0.308501,0.306370,0.304898,0.303076"
test,v5bpair_01140,contaminacion_alta_SO2,vegetacion_densa,False,122,"515,324,877,600,1017,148,959,55,147,269,14,238","0.202256,0.197859,0.184206,0.170301,0.166041,0.163011,0.162199,0.159540,0.158085,0.157763,0.156263,0.155520"
test,v5bpair_01144,vegetacion_densa,vegetacion_densa,True,122,"291,269,148,650,229,238,830,711,534,204,432,655","0.284693,0.254913,0.221523,0.207322,0.205984,0.202562,0.190967,0.188509,0.188431,0.179315,0.178944,0.177064"
test,v5bpair_01149,suelo_urbano,suelo_urbano,True,122,"657,568,265,375,345,1008,389,190,794,806,147,379","0.196385,0.191936,0.184968,0.182804,0.179219,0.171775,0.167444,0.167083,0.163663,0.158978,0.157067,0.154276"
test,v5bpair_01156,contaminacion_alta_NO2,suelo_urbano,False,122,"5,411,442,899,621,350,4,294,1012,929,998,3","0.285490,0.236707,0.231553,0.222502,0.212892,0.212142,0.207175,0.199039,0.196355,0.192027,0.186377,0.178165"
test,v5bpair_01160,contaminacion_alta_SO2,ozono_anomalo,False,122,"1,711,692,566,865,432,588,606,841,660,422,582","0.297701,0.252345,0.229915,0.212529,0.204802,0.185537,0.184661,0.184142,0.183669,0.178657,0.177887,0.175677"
test,v5bpair_01161,suelo_urbano,suelo_urbano,True,122,"265,3,713,37,343,747,652,317,5,899,8,67","0.337204,0.284571,0.245464,0.239857,0.238505,0.236055,0.226561,0.218861,0.215206,0.207718,0.205803,0.205616"
test,v5bpair_01178,suelo_urbano,suelo_urbano,True,122,"928,3,288,568,652,379,26,5,913,442,520,53","0.775338,0.749032,0.715562,0.714604,0.674363,0.615837,0.597833,0.551274,0.521248,0.513290,0.507437,0.503653"
test,v5bpair_01181,contaminacion_alta_NO2,contaminacion_alta_SO2,False,122,"321,758,998,485,411,530,554,705,711,359,213,191","0.255079,0.236737,0.194552,0.191065,0.186907,0.182941,0.179113,0.178835,0.168294,0.161995,0.157400,0.153105"
test,v5bpair_01183,suelo_urbano,suelo_urbano,True,122,"568,899,4,140,3,442,26,713,379,928,5,652","0.431905,0.405938,0.352285,0.306951,0.306762,0.305830,0.297766,0.297158,0.287159,0.277568,0.275692,0.269689"
test,v5bpair_01196,contaminacion_alta_NO2,contaminacion_alta_SO2,False,122,"1,23,998,220,758,424,879,1018,530,841,554,757","0.239040,0.237830,0.220584,0.210371,0.210002,0.205548,0.199769,0.196695,0.194922,0.186437,0.185512,0.183258"
test,v5bpair_01209,contaminacion_alta_NO2,contaminacion_alta_SO2,False,122,"709,485,554,786,600,711,411,929,877,532,618,23","0.264231,0.238123,0.233152,0.232259,0.227080,0.222045,0.216593,0.209769,0.186837,0.186618,0.171591,0.170778"
test,v5bpair_01210,contaminacion_alta_NO2,contaminacion_alta_NO2,True,122,"262,429,630,591,819,367,354,705,618,321,787,530","0.195371,0.183680,0.175905,0.173961,0.164081,0.158940,0.155972,0.145424,0.143193,0.140826,0.135723,0.134595"
test,v5bpair_01215,ozono_anomalo,contaminacion_alta_NO2,False,122,"913,220,265,367,424,213,815,600,507,934,3,836","0.206403,0.196245,0.191177,0.178658,0.178060,0.163047,0.156481,0.154842,0.154508,0.153429,0.148967,0.148248"
test,v5bpair_01219,vegetacion_densa,vegetacion_densa,True,122,"568,355,603,101,856,655,711,898,379,147,162,566","0.286277,0.268520,0.245538,0.242888,0.241064,0.239458,0.226314,0.220219,0.219078,0.213096,0.212274,0.210787"
test,v5bpair_01221,vegetacion_densa,vegetacion_densa,True,122,"269,568,583,275,655,605,219,524,674,346,981,898","0.510531,0.496759,0.451349,0.430754,0.420599,0.408299,0.390577,0.384897,0.383711,0.380518,0.377548,0.376613"
test,v5bpair_01222,ozono_anomalo,ozono_anomalo,True,122,"692,1,1019,711,841,66,321,606,669,758,489,757","0.298651,0.274978,0.241091,0.208831,0.197255,0.193174,0.184881,0.183596,0.177280,0.171166,0.170343,0.169394"
test,v5bpair_01233,vegetacion_densa,vegetacion_densa,True,122,"269,583,996,204,229,279,148,324,238,379,534,568","0.349367,0.309549,0.290581,0.283162,0.270754,0.268971,0.268814,0.261213,0.254287,0.243253,0.239668,0.232784"
test,v5bpair_01238,contaminacion_alta_SO2,contaminacion_alta_SO2,True,122,"269,204,583,605,617,692,346,201,1,432,715,1019","0.252995,0.202210,0.200124,0.194299,0.192009,0.190867,0.174777,0.173929,0.170249,0.157774,0.150533,0.146482"
test,v5bpair_01246,contaminacion_alta_NO2,ozono_anomalo,False,122,"530,191,321,213,23,669,591,833,780,220,1,660","0.218904,0.212048,0.210691,0.199933,0.185096,0.185091,0.177400,0.176508,0.175739,0.174210,0.171004,0.157112"
test,v5bpair_01249,contaminacion_alta_NO2,contaminacion_alta_SO2,False,122,"600,704,836,541,248,321,367,152,758,745,577,354","0.307009,0.291800,0.286609,0.285638,0.241116,0.234325,0.234261,0.228299,0.225474,0.219662,0.214833,0.208575"
test,v5bpair_01266,contaminacion_alta_NO2,contaminacion_alta_SO2,False,122,"711,635,238,269,291,409,830,480,101,148,147,534","0.298444,0.249526,0.229219,0.228721,0.207265,0.206996,0.191980,0.191136,0.190858,0.188123,0.183095,0.178671"
test,v5bpair_01268,ozono_anomalo,suelo_urbano,False,122,"711,379,416,480,265,389,229,324,1017,386,708,63","0.199685,0.189429,0.158576,0.155265,0.150964,0.149861,0.144555,0.138545,0.132451,0.130075,0.128892,0.128152"
test,v5bpair_01271,contaminacion_alta_SO2,contaminacion_alta_SO2,True,122,"14,904,692,791,998,837,332,259,49,10,709,721","0.242280,0.236004,0.229943,0.220128,0.194691,0.185178,0.178407,0.176970,0.176620,0.165553,0.158595,0.158261"
test,v5bpair_01273,contaminacion_alta_SO2,vegetacion_densa,False,122,"49,485,127,819,1003,650,39,681,709,612,259,135","0.203935,0.200834,0.184291,0.180603,0.175868,0.164301,0.157368,0.156382,0.154793,0.153254,0.149327,0.147515"
test,v5bpair_01274,vegetacion_densa,vegetacion_densa,True,122,"583,269,568,655,346,534,524,605,275,355,612,899","0.325022,0.319304,0.294364,0.265141,0.261967,0.247454,0.247140,0.234057,0.233257,0.231442,0.227825,0.223805"
test,v5bpair_01310,ozono_anomalo,ozono_anomalo,True,122,"830,269,456,974,583,692,432,617,989,605,1,873","0.223731,0.222711,0.213260,0.210245,0.189335,0.177231,0.169686,0.160159,0.154890,0.153251,0.152830,0.151706"
test,v5bpair_01317,suelo_urbano,suelo_urbano,True,122,"411,713,806,485,1012,429,359,988,786,899,265,738","0.206212,0.203254,0.199330,0.191052,0.179212,0.178164,0.172808,0.168008,0.163550,0.161915,0.161690,0.161418"
test,v5bpair_01320,vegetacion_densa,vegetacion_densa,True,122,"961,127,981,674,269,898,579,877,133,70,1018,219","0.268249,0.233337,0.222556,0.201681,0.200663,0.191586,0.180479,0.177909,0.174614,0.173510,0.170230,0.168628"
test,v5bpair_01326,vegetacion_densa,vegetacion_densa,True,122,"275,837,961,374,88,819,674,612,706,605,269,650","0.286719,0.241930,0.231555,0.226535,0.219255,0.215519,0.209336,0.207163,0.203732,0.203342,0.199856,0.199380"
test,v5bpair_01328,ozono_anomalo,ozono_anomalo,True,122,"541,269,251,531,377,974,367,270,830,204,415,262","0.294218,0.247088,0.243193,0.209845,0.197991,0.193752,0.193383,0.191844,0.189550,0.181452,0.174324,0.170815"
test,v5bpair_01350,contaminacion_alta_SO2,suelo_urbano,False,122,"815,332,14,389,545,998,860,899,758,158,713,346","0.233820,0.209957,0.195461,0.189516,0.188426,0.187328,0.179714,0.177274,0.173310,0.171338,0.170796,0.169792"
test,v5bpair_01351,contaminacion_alta_NO2,contaminacion_alta_SO2,False,122,"998,758,593,485,618,1018,705,417,554,819,429,1003","0.319647,0.264760,0.240887,0.240239,0.231524,0.225283,0.212141,0.203358,0.197453,0.195172,0.186878,0.186008"
test,v5bpair_01355,ozono_anomalo,contaminacion_alta_NO2,False,122,"367,23,591,220,834,819,708,429,630,158,758,600","0.254840,0.243512,0.239549,0.230359,0.206447,0.194891,0.183730,0.182636,0.178115,0.165790,0.155833,0.151020"
test,v5bpair_01357,ozono_anomalo,vegetacion_densa,False,122,"566,269,432,711,692,386,830,204,606,147,1019,444","0.281101,0.263415,0.237538,0.233461,0.229859,0.203416,0.195109,0.189556,0.185113,0.181514,0.181462,0.175468"
test,v5bpair_01366,vegetacion_densa,vegetacion_densa,True,122,"612,275,210,346,524,39,681,463,794,952,290,309","0.298856,0.256296,0.229764,0.220937,0.216724,0.211830,0.203949,0.196311,0.195310,0.190101,0.188726,0.182932"
test,v5bpair_01375,contaminacion_alta_SO2,ozono_anomalo,False,122,"978,269,606,830,415,711,541,974,566,444,270,432","0.231553,0.200435,0.198610,0.194971,0.192325,0.191070,0.184176,0.173588,0.168722,0.164919,0.160137,0.150546"
test,v5bpair_01378,suelo_urbano,contaminacion_alta_SO2,False,122,"711,63,692,758,904,269,998,75,868,810,67,379","0.296203,0.252146,0.240871,0.235864,0.226394,0.206951,0.203966,0.182476,0.174883,0.174380,0.173622,0.165521"
test,v5bpair_01389,contaminacion_alta_SO2,ozono_anomalo,False,122,"1,692,1019,566,711,422,476,974,757,29,321,269","0.308516,0.263196,0.253095,0.233179,0.204313,0.203495,0.193813,0.186026,0.184715,0.178963,0.173514,0.164948"
test,v5bpair_01394,ozono_anomalo,ozono_anomalo,True,122,"43,546,566,974,706,593,1000,49,432,612,296,904","0.225003,0.203771,0.199010,0.195858,0.195770,0.193380,0.191953,0.190506,0.187079,0.183597,0.170196,0.167061"
test,v5bpair_01401,suelo_urbano,suelo_urbano,True,122,"568,3,442,899,26,5,4,379,350,652,140,397","0.480606,0.474422,0.410075,0.403731,0.399725,0.392578,0.388622,0.369245,0.363698,0.353842,0.335965,0.322397"
test,v5bpair_01409,ozono_anomalo,ozono_anomalo,True,122,"76,836,127,974,163,961,277,251,151,46,480,603","0.208920,0.190337,0.184167,0.177920,0.170993,0.170831,0.169466,0.164227,0.163085,0.161239,0.158135,0.158065"
test,v5bpair_01410,contaminacion_alta_SO2,vegetacion_densa,False,122,"721,612,346,605,374,848,617,269,566,837,747,830","0.228669,0.172029,0.167127,0.153978,0.150096,0.149654,0.144079,0.141901,0.141627,0.138832,0.138804,0.132083"
test,v5bpair_01413,suelo_urbano,contaminacion_alta_SO2,False,122,"600,758,704,709,786,485,635,480,332,147,248,429","0.397545,0.319050,0.300702,0.299873,0.299594,0.292181,0.286824,0.285761,0.282280,0.281978,0.280797,0.265767"
test,v5bpair_01418,contaminacion_alta_NO2,contaminacion_alta_NO2,True,122,"669,541,350,323,367,156,660,182,703,577,265,377","0.242863,0.231280,0.222577,0.211285,0.210968,0.202558,0.198684,0.190538,0.183339,0.179950,0.177653,0.175625"
test,v5bpair_01428,suelo_urbano,suelo_urbano,True,122,"288,928,568,3,652,379,26,5,442,899,913,956","0.741745,0.729862,0.726195,0.700773,0.675910,0.659264,0.639686,0.561719,0.550698,0.537473,0.536363,0.516769"
test,v5bpair_01453,ozono_anomalo,ozono_anomalo,True,122,"337,711,745,379,389,188,251,411,5,1012,909,3","0.235129,0.234780,0.223936,0.207807,0.206429,0.201093,0.200462,0.193192,0.183785,0.178914,0.176598,0.174552"
test,v5bpair_01472,contaminacion_alta_SO2,contaminacion_alta_NO2,False,122,"262,367,1012,745,350,591,4,868,417,815,220,819","0.270081,0.222605,0.218829,0.218030,0.214376,0.211886,0.211800,0.204518,0.201254,0.201194,0.196896,0.187416"
test,v5bpair_01474,contaminacion_alta_NO2,contaminacion_alta_SO2,False,122,"909,485,411,998,530,758,389,1002,191,705,265,713","0.178706,0.165522,0.160142,0.157537,0.152202,0.145592,0.144288,0.142599,0.141323,0.140810,0.138900,0.138610"
test,v5bpair_01475,suelo_urbano,suelo_urbano,True,122,"568,5,776,956,861,899,288,655,4,375,652,3","0.554282,0.401478,0.387522,0.385639,0.367717,0.361239,0.355825,0.354734,0.340640,0.336163,0.333928,0.333085"
test,v5bpair_01484,ozono_anomalo,ozono_anomalo,True,122,"1,692,606,251,270,660,1019,323,711,432,269,346","0.328499,0.319090,0.283683,0.259647,0.236070,0.230559,0.209801,0.209463,0.209210,0.208924,0.203600,0.199999"
test,v5bpair_01485,suelo_urbano,suelo_urbano,True,122,"3,928,288,568,652,379,26,5,520,913,442,867","0.756569,0.752972,0.709919,0.706757,0.691247,0.629455,0.606568,0.531343,0.507777,0.500456,0.496146,0.492047"
test,v5bpair_01486,vegetacion_densa,vegetacion_densa,True,122,"269,674,981,524,275,346,617,961,583,776,219,747","0.382715,0.342786,0.321592,0.305522,0.298994,0.285848,0.271256,0.270203,0.260906,0.253492,0.246998,0.246233"
test,v5bpair_01498,vegetacion_densa,contaminacion_alta_NO2,False,122,"699,127,708,909,367,603,903,374,422,962,80,381","0.244583,0.217048,0.209337,0.198520,0.192252,0.191970,0.191603,0.190516,0.187042,0.182029,0.176464,0.176323"
