archivo,ruta,extension,size_mb,fecha_inferida,carpeta_padre,modificado,anio,mes
era5_land_cali_2020_01.nc,/workspace/geovision-cali-hf/data/era5_modis/era5_land_raw/era5_land_cali_2020_01.nc,.nc,0.2242,,/workspace/geovision-cali-hf/data/era5_modis/era5_land_raw,2026-05-22 03:42:54,,
era5_land_cali_2020_02.nc,/workspace/geovision-cali-hf/data/era5_modis/era5_land_raw/era5_land_cali_2020_02.nc,.nc,0.2176,,/workspace/geovision-cali-hf/data/era5_modis/era5_land_raw,2026-05-22 03:42:54,,
era5_land_cali_2020_03.nc,/workspace/geovision-cali-hf/data/era5_modis/era5_land_raw/era5_land_cali_2020_03.nc,.nc,0.2251,,/workspace/geovision-cali-hf/data/era5_modis/era5_land_raw,2026-05-22 03:42:53,,
era5_land_cali_2020_04.nc,/workspace/geovision-cali-hf/data/era5_modis/era5_land_raw/era5_land_cali_2020_04.nc,.nc,0.2212,,/workspace/geovision-cali-hf/data/era5_modis/era5_land_raw,2026-05-22 03:42:53,,
era5_land_cali_2020_05.nc,/workspace/geovision-cali-hf/data/era5_modis/era5_land_raw/era5_land_cali_2020_05.nc,.nc,0.2249,,/workspace/geovision-cali-hf/data/era5_modis/era5_land_raw,2026-05-22 03:42:53,,
era5_land_cali_2020_06.nc,/workspace/geovision-cali-hf/data/era5_modis/era5_land_raw/era5_land_cali_2020_06.nc,.nc,0.2206,,/workspace/geovision-cali-hf/data/era5_modis/era5_land_raw,2026-05-22 03:42:53,,
era5_land_cali_2020_07.nc,/workspace/geovision-cali-hf/data/era5_modis/era5_land_raw/era5_land_cali_2020_07.nc,.nc,0.2255,,/workspace/geovision-cali-hf/data/era5_modis/era5_land_raw,2026-05-22 03:42:53,,
era5_land_cali_2020_08.nc,/workspace/geovision-cali-hf/data/era5_modis/era5_land_raw/era5_land_cali_2020_08.nc,.nc,0.2247,,/workspace/geovision-cali-hf/data/era5_modis/era5_land_raw,2026-05-22 03:42:54,,
era5_land_cali_2020_09.nc,/workspace/geovision-cali-hf/data/era5_modis/era5_land_raw/era5_land_cali_2020_09.nc,.nc,0.2209,,/workspace/geovision-cali-hf/data/era5_modis/era5_land_raw,2026-05-22 03:42:54,,
era5_land_cali_2020_10.nc,/workspace/geovision-cali-hf/data/era5_modis/era5_land_raw/era5_land_cali_2020_10.nc,.nc,0.2261,,/workspace/geovision-cali-hf/data/era5_modis/era5_land_raw,2026-05-22 03:42:54,,
era5_land_cali_2020_11.nc,/workspace/geovision-cali-hf/data/era5_modis/era5_land_raw/era5_land_cali_2020_11.nc,.nc,0.2216,,/workspace/geovision-cali-hf/data/era5_modis/era5_land_raw,2026-05-22 03:42:54,,
era5_land_cali_2020_12.nc,/workspace/geovision-cali-hf/data/era5_modis/era5_land_raw/era5_land_cali_2020_12.nc,.nc,0.225,,/workspace/geovision-cali-hf/data/era5_modis/era5_land_raw,2026-05-22 03:42:54,,
era5_land_cali_2021_01.nc,/workspace/geovision-cali-hf/data/era5_modis/era5_land_raw/era5_land_cali_2021_01.nc,.nc,0.2253,,/workspace/geovision-cali-hf/data/era5_modis/era5_land_raw,2026-05-22 03:42:54,,
era5_land_cali_2021_02.nc,/workspace/geovision-cali-hf/data/era5_modis/era5_land_raw/era5_land_cali_2021_02.nc,.nc,0.2148,,/workspace/geovision-cali-hf/data/era5_modis/era5_land_raw,2026-05-22 03:42:54,,
era5_land_cali_2021_03.nc,/workspace/geovision-cali-hf/data/era5_modis/era5_land_raw/era5_land_cali_2021_03.nc,.nc,0.225,,/workspace/geovision-cali-hf/data/era5_modis/era5_land_raw,2026-05-22 03:42:54,,
era5_land_cali_2021_04.nc,/workspace/geovision-cali-hf/data/era5_modis/era5_land_raw/era5_land_cali_2021_04.nc,.nc,0.2221,,/workspace/geovision-cali-hf/data/era5_modis/era5_land_raw,2026-05-22 03:42:54,,
era5_land_cali_2021_05.nc,/workspace/geovision-cali-hf/data/era5_modis/era5_land_raw/era5_land_cali_2021_05.nc,.nc,0.2249,,/workspace/geovision-cali-hf/data/era5_modis/era5_land_raw,2026-05-22 03:42:54,,
era5_land_cali_2021_06.nc,/workspace/geovision-cali-hf/data/era5_modis/era5_land_raw/era5_land_cali_2021_06.nc,.nc,0.2213,,/workspace/geovision-cali-hf/data/era5_modis/era5_land_raw,2026-05-22 03:42:54,,
era5_land_cali_2021_07.nc,/workspace/geovision-cali-hf/data/era5_modis/era5_land_raw/era5_land_cali_2021_07.nc,.nc,0.2244,,/workspace/geovision-cali-hf/data/era5_modis/era5_land_raw,2026-05-22 03:42:54,,
era5_land_cali_2021_08.nc,/workspace/geovision-cali-hf/data/era5_modis/era5_land_raw/era5_land_cali_2021_08.nc,.nc,0.2261,,/workspace/geovision-cali-hf/data/era5_modis/era5_land_raw,2026-05-22 03:42:54,,
era5_land_cali_2021_09.nc,/workspace/geovision-cali-hf/data/era5_modis/era5_land_raw/era5_land_cali_2021_09.nc,.nc,0.2212,,/workspace/geovision-cali-hf/data/era5_modis/era5_land_raw,2026-05-22 03:42:54,,
era5_land_cali_2021_10.nc,/workspace/geovision-cali-hf/data/era5_modis/era5_land_raw/era5_land_cali_2021_10.nc,.nc,0.2257,,/workspace/geovision-cali-hf/data/era5_modis/era5_land_raw,2026-05-22 03:42:54,,
era5_land_cali_2021_11.nc,/workspace/geovision-cali-hf/data/era5_modis/era5_land_raw/era5_land_cali_2021_11.nc,.nc,0.2219,,/workspace/geovision-cali-hf/data/era5_modis/era5_land_raw,2026-05-22 03:42:54,,
era5_land_cali_2021_12.nc,/workspace/geovision-cali-hf/data/era5_modis/era5_land_raw/era5_land_cali_2021_12.nc,.nc,0.2256,,/workspace/geovision-cali-hf/data/era5_modis/era5_land_raw,2026-05-22 03:42:54,,
era5_land_cali_2022_01.nc,/workspace/geovision-cali-hf/data/era5_modis/era5_land_raw/era5_land_cali_2022_01.nc,.nc,0.2249,,/workspace/geovision-cali-hf/data/era5_modis/era5_land_raw,2026-05-22 03:42:55,,
era5_land_cali_2022_02.nc,/workspace/geovision-cali-hf/data/era5_modis/era5_land_raw/era5_land_cali_2022_02.nc,.nc,0.2132,,/workspace/geovision-cali-hf/data/era5_modis/era5_land_raw,2026-05-22 03:42:55,,
era5_land_cali_2022_03.nc,/workspace/geovision-cali-hf/data/era5_modis/era5_land_raw/era5_land_cali_2022_03.nc,.nc,0.2254,,/workspace/geovision-cali-hf/data/era5_modis/era5_land_raw,2026-05-22 03:42:55,,
era5_land_cali_2022_04.nc,/workspace/geovision-cali-hf/data/era5_modis/era5_land_raw/era5_land_cali_2022_04.nc,.nc,0.2228,,/workspace/geovision-cali-hf/data/era5_modis/era5_land_raw,2026-05-22 03:42:55,,
era5_land_cali_2022_05.nc,/workspace/geovision-cali-hf/data/era5_modis/era5_land_raw/era5_land_cali_2022_05.nc,.nc,0.225,,/workspace/geovision-cali-hf/data/era5_modis/era5_land_raw,2026-05-22 03:42:55,,
era5_land_cali_2022_06.nc,/workspace/geovision-cali-hf/data/era5_modis/era5_land_raw/era5_land_cali_2022_06.nc,.nc,0.2221,,/workspace/geovision-cali-hf/data/era5_modis/era5_land_raw,2026-05-22 03:42:55,,
era5_land_cali_2022_07.nc,/workspace/geovision-cali-hf/data/era5_modis/era5_land_raw/era5_land_cali_2022_07.nc,.nc,0.2254,,/workspace/geovision-cali-hf/data/era5_modis/era5_land_raw,2026-05-22 03:42:55,,
era5_land_cali_2022_08.nc,/workspace/geovision-cali-hf/data/era5_modis/era5_land_raw/era5_land_cali_2022_08.nc,.nc,0.2255,,/workspace/geovision-cali-hf/data/era5_modis/era5_land_raw,2026-05-22 03:42:55,,
era5_land_cali_2022_09.nc,/workspace/geovision-cali-hf/data/era5_modis/era5_land_raw/era5_land_cali_2022_09.nc,.nc,0.2212,,/workspace/geovision-cali-hf/data/era5_modis/era5_land_raw,2026-05-22 03:42:55,,
era5_land_cali_2022_10.nc,/workspace/geovision-cali-hf/data/era5_modis/era5_land_raw/era5_land_cali_2022_10.nc,.nc,0.2257,,/workspace/geovision-cali-hf/data/era5_modis/era5_land_raw,2026-05-22 03:42:55,,
era5_land_cali_2022_11.nc,/workspace/geovision-cali-hf/data/era5_modis/era5_land_raw/era5_land_cali_2022_11.nc,.nc,0.2221,,/workspace/geovision-cali-hf/data/era5_modis/era5_land_raw,2026-05-22 03:42:56,,
era5_land_cali_2022_12.nc,/workspace/geovision-cali-hf/data/era5_modis/era5_land_raw/era5_land_cali_2022_12.nc,.nc,0.2252,,/workspace/geovision-cali-hf/data/era5_modis/era5_land_raw,2026-05-22 03:42:56,,
era5_land_cali_2023_01.nc,/workspace/geovision-cali-hf/data/era5_modis/era5_land_raw/era5_land_cali_2023_01.nc,.nc,0.226,,/workspace/geovision-cali-hf/data/era5_modis/era5_land_raw,2026-05-22 03:42:56,,
era5_land_cali_2023_02.nc,/workspace/geovision-cali-hf/data/era5_modis/era5_land_raw/era5_land_cali_2023_02.nc,.nc,0.2147,,/workspace/geovision-cali-hf/data/era5_modis/era5_land_raw,2026-05-22 03:42:56,,
era5_land_cali_2023_03.nc,/workspace/geovision-cali-hf/data/era5_modis/era5_land_raw/era5_land_cali_2023_03.nc,.nc,0.2257,,/workspace/geovision-cali-hf/data/era5_modis/era5_land_raw,2026-05-22 03:42:56,,
era5_land_cali_2023_04.nc,/workspace/geovision-cali-hf/data/era5_modis/era5_land_raw/era5_land_cali_2023_04.nc,.nc,0.2215,,/workspace/geovision-cali-hf/data/era5_modis/era5_land_raw,2026-05-22 03:42:56,,
era5_land_cali_2023_05.nc,/workspace/geovision-cali-hf/data/era5_modis/era5_land_raw/era5_land_cali_2023_05.nc,.nc,0.2252,,/workspace/geovision-cali-hf/data/era5_modis/era5_land_raw,2026-05-22 03:42:56,,
era5_land_cali_2023_06.nc,/workspace/geovision-cali-hf/data/era5_modis/era5_land_raw/era5_land_cali_2023_06.nc,.nc,0.2213,,/workspace/geovision-cali-hf/data/era5_modis/era5_land_raw,2026-05-22 03:42:56,,
era5_land_cali_2023_07.nc,/workspace/geovision-cali-hf/data/era5_modis/era5_land_raw/era5_land_cali_2023_07.nc,.nc,0.2247,,/workspace/geovision-cali-hf/data/era5_modis/era5_land_raw,2026-05-22 03:42:57,,
era5_land_cali_2023_08.nc,/workspace/geovision-cali-hf/data/era5_modis/era5_land_raw/era5_land_cali_2023_08.nc,.nc,0.2244,,/workspace/geovision-cali-hf/data/era5_modis/era5_land_raw,2026-05-22 03:42:57,,
era5_land_cali_2023_09.nc,/workspace/geovision-cali-hf/data/era5_modis/era5_land_raw/era5_land_cali_2023_09.nc,.nc,0.2212,,/workspace/geovision-cali-hf/data/era5_modis/era5_land_raw,2026-05-22 03:42:57,,
era5_land_cali_2023_10.nc,/workspace/geovision-cali-hf/data/era5_modis/era5_land_raw/era5_land_cali_2023_10.nc,.nc,0.2254,,/workspace/geovision-cali-hf/data/era5_modis/era5_land_raw,2026-05-22 03:42:57,,
era5_land_cali_2023_11.nc,/workspace/geovision-cali-hf/data/era5_modis/era5_land_raw/era5_land_cali_2023_11.nc,.nc,0.2214,,/workspace/geovision-cali-hf/data/era5_modis/era5_land_raw,2026-05-22 03:42:57,,
era5_land_cali_2023_12.nc,/workspace/geovision-cali-hf/data/era5_modis/era5_land_raw/era5_land_cali_2023_12.nc,.nc,0.2247,,/workspace/geovision-cali-hf/data/era5_modis/era5_land_raw,2026-05-22 03:42:57,,
era5_land_cali_2024_01.nc,/workspace/geovision-cali-hf/data/era5_modis/era5_land_raw/era5_land_cali_2024_01.nc,.nc,0.2244,,/workspace/geovision-cali-hf/data/era5_modis/era5_land_raw,2026-05-22 03:42:57,,
era5_land_cali_2024_02.nc,/workspace/geovision-cali-hf/data/era5_modis/era5_land_raw/era5_land_cali_2024_02.nc,.nc,0.2174,,/workspace/geovision-cali-hf/data/era5_modis/era5_land_raw,2026-05-22 03:42:57,,
era5_land_cali_2024_03.nc,/workspace/geovision-cali-hf/data/era5_modis/era5_land_raw/era5_land_cali_2024_03.nc,.nc,0.2256,,/workspace/geovision-cali-hf/data/era5_modis/era5_land_raw,2026-05-22 03:42:57,,
era5_land_cali_2024_04.nc,/workspace/geovision-cali-hf/data/era5_modis/era5_land_raw/era5_land_cali_2024_04.nc,.nc,0.2217,,/workspace/geovision-cali-hf/data/era5_modis/era5_land_raw,2026-05-22 03:42:57,,
era5_land_cali_2024_05.nc,/workspace/geovision-cali-hf/data/era5_modis/era5_land_raw/era5_land_cali_2024_05.nc,.nc,0.2252,,/workspace/geovision-cali-hf/data/era5_modis/era5_land_raw,2026-05-22 03:42:57,,
era5_land_cali_2024_06.nc,/workspace/geovision-cali-hf/data/era5_modis/era5_land_raw/era5_land_cali_2024_06.nc,.nc,0.221,,/workspace/geovision-cali-hf/data/era5_modis/era5_land_raw,2026-05-22 03:42:57,,
era5_land_cali_2024_07.nc,/workspace/geovision-cali-hf/data/era5_modis/era5_land_raw/era5_land_cali_2024_07.nc,.nc,0.2237,,/workspace/geovision-cali-hf/data/era5_modis/era5_land_raw,2026-05-22 03:42:57,,
era5_land_cali_2024_08.nc,/workspace/geovision-cali-hf/data/era5_modis/era5_land_raw/era5_land_cali_2024_08.nc,.nc,0.2242,,/workspace/geovision-cali-hf/data/era5_modis/era5_land_raw,2026-05-22 03:42:57,,
era5_land_cali_2024_09.nc,/workspace/geovision-cali-hf/data/era5_modis/era5_land_raw/era5_land_cali_2024_09.nc,.nc,0.2211,,/workspace/geovision-cali-hf/data/era5_modis/era5_land_raw,2026-05-22 03:42:57,,
era5_land_cali_2024_10.nc,/workspace/geovision-cali-hf/data/era5_modis/era5_land_raw/era5_land_cali_2024_10.nc,.nc,0.2253,,/workspace/geovision-cali-hf/data/era5_modis/era5_land_raw,2026-05-22 03:42:57,,
era5_land_cali_2024_11.nc,/workspace/geovision-cali-hf/data/era5_modis/era5_land_raw/era5_land_cali_2024_11.nc,.nc,0.2211,,/workspace/geovision-cali-hf/data/era5_modis/era5_land_raw,2026-05-22 03:42:57,,
era5_land_cali_2024_12.nc,/workspace/geovision-cali-hf/data/era5_modis/era5_land_raw/era5_land_cali_2024_12.nc,.nc,0.2254,,/workspace/geovision-cali-hf/data/era5_modis/era5_land_raw,2026-05-22 03:42:57,,
modis_maiac_aod_2020-01-01.tif,/workspace/geovision-cali-hf/data/modis/modis_maiac_aod_2020-01-01.tif,.tif,0.0022,2020-01-01,/workspace/geovision-cali-hf/data/modis,2026-05-22 03:42:57,2020.0,2020-01
modis_maiac_aod_2020-01-02.tif,/workspace/geovision-cali-hf/data/modis/modis_maiac_aod_2020-01-02.tif,.tif,0.002,2020-01-02,/workspace/geovision-cali-hf/data/modis,2026-05-22 03:42:58,2020.0,2020-01
modis_maiac_aod_2020-01-03.tif,/workspace/geovision-cali-hf/data/modis/modis_maiac_aod_2020-01-03.tif,.tif,0.0035,2020-01-03,/workspace/geovision-cali-hf/data/modis,2026-05-22 03:42:58,2020.0,2020-01
modis_maiac_aod_2020-01-04.tif,/workspace/geovision-cali-hf/data/modis/modis_maiac_aod_2020-01-04.tif,.tif,0.0039,2020-01-04,/workspace/geovision-cali-hf/data/modis,2026-05-22 03:42:58,2020.0,2020-01
modis_maiac_aod_2020-01-05.tif,/workspace/geovision-cali-hf/data/modis/modis_maiac_aod_2020-01-05.tif,.tif,0.0032,2020-01-05,/workspace/geovision-cali-hf/data/modis,2026-05-22 03:42:58,2020.0,2020-01
modis_maiac_aod_2020-01-06.tif,/workspace/geovision-cali-hf/data/modis/modis_maiac_aod_2020-01-06.tif,.tif,0.0037,2020-01-06,/workspace/geovision-cali-hf/data/modis,2026-05-22 03:42:58,2020.0,2020-01
modis_maiac_aod_2020-01-07.tif,/workspace/geovision-cali-hf/data/modis/modis_maiac_aod_2020-01-07.tif,.tif,0.0034,2020-01-07,/workspace/geovision-cali-hf/data/modis,2026-05-22 03:42:58,2020.0,2020-01
modis_maiac_aod_2020-01-08.tif,/workspace/geovision-cali-hf/data/modis/modis_maiac_aod_2020-01-08.tif,.tif,0.0048,2020-01-08,/workspace/geovision-cali-hf/data/modis,2026-05-22 03:42:58,2020.0,2020-01
modis_maiac_aod_2020-01-10.tif,/workspace/geovision-cali-hf/data/modis/modis_maiac_aod_2020-01-10.tif,.tif,0.0046,2020-01-10,/workspace/geovision-cali-hf/data/modis,2026-05-22 03:42:58,2020.0,2020-01
modis_maiac_aod_2020-01-11.tif,/workspace/geovision-cali-hf/data/modis/modis_maiac_aod_2020-01-11.tif,.tif,0.0035,2020-01-11,/workspace/geovision-cali-hf/data/modis,2026-05-22 03:42:58,2020.0,2020-01
modis_maiac_aod_2020-01-12.tif,/workspace/geovision-cali-hf/data/modis/modis_maiac_aod_2020-01-12.tif,.tif,0.004,2020-01-12,/workspace/geovision-cali-hf/data/modis,2026-05-22 03:42:58,2020.0,2020-01
modis_maiac_aod_2020-01-13.tif,/workspace/geovision-cali-hf/data/modis/modis_maiac_aod_2020-01-13.tif,.tif,0.0048,2020-01-13,/workspace/geovision-cali-hf/data/modis,2026-05-22 03:42:58,2020.0,2020-01
modis_maiac_aod_2020-01-14.tif,/workspace/geovision-cali-hf/data/modis/modis_maiac_aod_2020-01-14.tif,.tif,0.0031,2020-01-14,/workspace/geovision-cali-hf/data/modis,2026-05-22 03:42:58,2020.0,2020-01
modis_maiac_aod_2020-01-17.tif,/workspace/geovision-cali-hf/data/modis/modis_maiac_aod_2020-01-17.tif,.tif,0.0055,2020-01-17,/workspace/geovision-cali-hf/data/modis,2026-05-22 03:42:58,2020.0,2020-01
modis_maiac_aod_2020-01-18.tif,/workspace/geovision-cali-hf/data/modis/modis_maiac_aod_2020-01-18.tif,.tif,0.0022,2020-01-18,/workspace/geovision-cali-hf/data/modis,2026-05-22 03:42:58,2020.0,2020-01
modis_maiac_aod_2020-01-19.tif,/workspace/geovision-cali-hf/data/modis/modis_maiac_aod_2020-01-19.tif,.tif,0.0049,2020-01-19,/workspace/geovision-cali-hf/data/modis,2026-05-22 03:42:58,2020.0,2020-01
modis_maiac_aod_2020-01-23.tif,/workspace/geovision-cali-hf/data/modis/modis_maiac_aod_2020-01-23.tif,.tif,0.002,2020-01-23,/workspace/geovision-cali-hf/data/modis,2026-05-22 03:42:58,2020.0,2020-01
modis_maiac_aod_2020-01-26.tif,/workspace/geovision-cali-hf/data/modis/modis_maiac_aod_2020-01-26.tif,.tif,0.0028,2020-01-26,/workspace/geovision-cali-hf/data/modis,2026-05-22 03:42:58,2020.0,2020-01
modis_maiac_aod_2020-01-27.tif,/workspace/geovision-cali-hf/data/modis/modis_maiac_aod_2020-01-27.tif,.tif,0.0022,2020-01-27,/workspace/geovision-cali-hf/data/modis,2026-05-22 03:42:58,2020.0,2020-01
modis_maiac_aod_2020-01-28.tif,/workspace/geovision-cali-hf/data/modis/modis_maiac_aod_2020-01-28.tif,.tif,0.0033,2020-01-28,/workspace/geovision-cali-hf/data/modis,2026-05-22 03:42:58,2020.0,2020-01
modis_maiac_aod_2020-01-29.tif,/workspace/geovision-cali-hf/data/modis/modis_maiac_aod_2020-01-29.tif,.tif,0.0028,2020-01-29,/workspace/geovision-cali-hf/data/modis,2026-05-22 03:42:58,2020.0,2020-01
modis_maiac_aod_2020-01-30.tif,/workspace/geovision-cali-hf/data/modis/modis_maiac_aod_2020-01-30.tif,.tif,0.0044,2020-01-30,/workspace/geovision-cali-hf/data/modis,2026-05-22 03:42:58,2020.0,2020-01
modis_maiac_aod_2020-01-31.tif,/workspace/geovision-cali-hf/data/modis/modis_maiac_aod_2020-01-31.tif,.tif,0.0016,2020-01-31,/workspace/geovision-cali-hf/data/modis,2026-05-22 03:42:58,2020.0,2020-01
modis_maiac_aod_2020-02-04.tif,/workspace/geovision-cali-hf/data/modis/modis_maiac_aod_2020-02-04.tif,.tif,0.0051,2020-02-04,/workspace/geovision-cali-hf/data/modis,2026-05-22 03:42:58,2020.0,2020-02
modis_maiac_aod_2020-02-05.tif,/workspace/geovision-cali-hf/data/modis/modis_maiac_aod_2020-02-05.tif,.tif,0.0047,2020-02-05,/workspace/geovision-cali-hf/data/modis,2026-05-22 03:42:59,2020.0,2020-02
modis_maiac_aod_2020-02-06.tif,/workspace/geovision-cali-hf/data/modis/modis_maiac_aod_2020-02-06.tif,.tif,0.0053,2020-02-06,/workspace/geovision-cali-hf/data/modis,2026-05-22 03:42:59,2020.0,2020-02
modis_maiac_aod_2020-02-07.tif,/workspace/geovision-cali-hf/data/modis/modis_maiac_aod_2020-02-07.tif,.tif,0.0043,2020-02-07,/workspace/geovision-cali-hf/data/modis,2026-05-22 03:42:59,2020.0,2020-02
modis_maiac_aod_2020-02-08.tif,/workspace/geovision-cali-hf/data/modis/modis_maiac_aod_2020-02-08.tif,.tif,0.0029,2020-02-08,/workspace/geovision-cali-hf/data/modis,2026-05-22 03:42:59,2020.0,2020-02
modis_maiac_aod_2020-02-09.tif,/workspace/geovision-cali-hf/data/modis/modis_maiac_aod_2020-02-09.tif,.tif,0.0027,2020-02-09,/workspace/geovision-cali-hf/data/modis,2026-05-22 03:42:59,2020.0,2020-02
modis_maiac_aod_2020-02-11.tif,/workspace/geovision-cali-hf/data/modis/modis_maiac_aod_2020-02-11.tif,.tif,0.0048,2020-02-11,/workspace/geovision-cali-hf/data/modis,2026-05-22 03:42:59,2020.0,2020-02
modis_maiac_aod_2020-02-12.tif,/workspace/geovision-cali-hf/data/modis/modis_maiac_aod_2020-02-12.tif,.tif,0.0042,2020-02-12,/workspace/geovision-cali-hf/data/modis,2026-05-22 03:42:59,2020.0,2020-02
modis_maiac_aod_2020-02-13.tif,/workspace/geovision-cali-hf/data/modis/modis_maiac_aod_2020-02-13.tif,.tif,0.0049,2020-02-13,/workspace/geovision-cali-hf/data/modis,2026-05-22 03:42:59,2020.0,2020-02
modis_maiac_aod_2020-02-14.tif,/workspace/geovision-cali-hf/data/modis/modis_maiac_aod_2020-02-14.tif,.tif,0.0032,2020-02-14,/workspace/geovision-cali-hf/data/modis,2026-05-22 03:42:59,2020.0,2020-02
modis_maiac_aod_2020-02-15.tif,/workspace/geovision-cali-hf/data/modis/modis_maiac_aod_2020-02-15.tif,.tif,0.0046,2020-02-15,/workspace/geovision-cali-hf/data/modis,2026-05-22 03:42:59,2020.0,2020-02
modis_maiac_aod_2020-02-16.tif,/workspace/geovision-cali-hf/data/modis/modis_maiac_aod_2020-02-16.tif,.tif,0.0042,2020-02-16,/workspace/geovision-cali-hf/data/modis,2026-05-22 03:42:59,2020.0,2020-02
modis_maiac_aod_2020-02-18.tif,/workspace/geovision-cali-hf/data/modis/modis_maiac_aod_2020-02-18.tif,.tif,0.0016,2020-02-18,/workspace/geovision-cali-hf/data/modis,2026-05-22 03:42:59,2020.0,2020-02
modis_maiac_aod_2020-02-24.tif,/workspace/geovision-cali-hf/data/modis/modis_maiac_aod_2020-02-24.tif,.tif,0.0035,2020-02-24,/workspace/geovision-cali-hf/data/modis,2026-05-22 03:42:59,2020.0,2020-02
modis_maiac_aod_2020-02-27.tif,/workspace/geovision-cali-hf/data/modis/modis_maiac_aod_2020-02-27.tif,.tif,0.0015,2020-02-27,/workspace/geovision-cali-hf/data/modis,2026-05-22 03:42:59,2020.0,2020-02
modis_maiac_aod_2020-02-29.tif,/workspace/geovision-cali-hf/data/modis/modis_maiac_aod_2020-02-29.tif,.tif,0.0029,2020-02-29,/workspace/geovision-cali-hf/data/modis,2026-05-22 03:42:59,2020.0,2020-02
modis_maiac_aod_2020-03-01.tif,/workspace/geovision-cali-hf/data/modis/modis_maiac_aod_2020-03-01.tif,.tif,0.0031,2020-03-01,/workspace/geovision-cali-hf/data/modis,2026-05-22 03:42:59,2020.0,2020-03
modis_maiac_aod_2020-03-02.tif,/workspace/geovision-cali-hf/data/modis/modis_maiac_aod_2020-03-02.tif,.tif,0.0014,2020-03-02,/workspace/geovision-cali-hf/data/modis,2026-05-22 03:42:59,2020.0,2020-03
modis_maiac_aod_2020-03-03.tif,/workspace/geovision-cali-hf/data/modis/modis_maiac_aod_2020-03-03.tif,.tif,0.004,2020-03-03,/workspace/geovision-cali-hf/data/modis,2026-05-22 03:42:59,2020.0,2020-03
modis_maiac_aod_2020-03-05.tif,/workspace/geovision-cali-hf/data/modis/modis_maiac_aod_2020-03-05.tif,.tif,0.0045,2020-03-05,/workspace/geovision-cali-hf/data/modis,2026-05-22 03:42:59,2020.0,2020-03
modis_maiac_aod_2020-03-08.tif,/workspace/geovision-cali-hf/data/modis/modis_maiac_aod_2020-03-08.tif,.tif,0.0034,2020-03-08,/workspace/geovision-cali-hf/data/modis,2026-05-22 03:42:59,2020.0,2020-03
modis_maiac_aod_2020-03-09.tif,/workspace/geovision-cali-hf/data/modis/modis_maiac_aod_2020-03-09.tif,.tif,0.0029,2020-03-09,/workspace/geovision-cali-hf/data/modis,2026-05-22 03:42:59,2020.0,2020-03
modis_maiac_aod_2020-03-10.tif,/workspace/geovision-cali-hf/data/modis/modis_maiac_aod_2020-03-10.tif,.tif,0.0038,2020-03-10,/workspace/geovision-cali-hf/data/modis,2026-05-22 03:42:59,2020.0,2020-03
modis_maiac_aod_2020-03-11.tif,/workspace/geovision-cali-hf/data/modis/modis_maiac_aod_2020-03-11.tif,.tif,0.0016,2020-03-11,/workspace/geovision-cali-hf/data/modis,2026-05-22 03:42:59,2020.0,2020-03
modis_maiac_aod_2020-03-12.tif,/workspace/geovision-cali-hf/data/modis/modis_maiac_aod_2020-03-12.tif,.tif,0.0028,2020-03-12,/workspace/geovision-cali-hf/data/modis,2026-05-22 03:42:59,2020.0,2020-03
modis_maiac_aod_2020-03-14.tif,/workspace/geovision-cali-hf/data/modis/modis_maiac_aod_2020-03-14.tif,.tif,0.0018,2020-03-14,/workspace/geovision-cali-hf/data/modis,2026-05-22 03:42:59,2020.0,2020-03
modis_maiac_aod_2020-03-17.tif,/workspace/geovision-cali-hf/data/modis/modis_maiac_aod_2020-03-17.tif,.tif,0.0018,2020-03-17,/workspace/geovision-cali-hf/data/modis,2026-05-22 03:43:00,2020.0,2020-03
modis_maiac_aod_2020-03-18.tif,/workspace/geovision-cali-hf/data/modis/modis_maiac_aod_2020-03-18.tif,.tif,0.0041,2020-03-18,/workspace/geovision-cali-hf/data/modis,2026-05-22 03:43:00,2020.0,2020-03
modis_maiac_aod_2020-03-19.tif,/workspace/geovision-cali-hf/data/modis/modis_maiac_aod_2020-03-19.tif,.tif,0.0032,2020-03-19,/workspace/geovision-cali-hf/data/modis,2026-05-22 03:43:00,2020.0,2020-03
modis_maiac_aod_2020-03-21.tif,/workspace/geovision-cali-hf/data/modis/modis_maiac_aod_2020-03-21.tif,.tif,0.0047,2020-03-21,/workspace/geovision-cali-hf/data/modis,2026-05-22 03:43:00,2020.0,2020-03
modis_maiac_aod_2020-03-22.tif,/workspace/geovision-cali-hf/data/modis/modis_maiac_aod_2020-03-22.tif,.tif,0.0047,2020-03-22,/workspace/geovision-cali-hf/data/modis,2026-05-22 03:43:00,2020.0,2020-03
modis_maiac_aod_2020-03-23.tif,/workspace/geovision-cali-hf/data/modis/modis_maiac_aod_2020-03-23.tif,.tif,0.005,2020-03-23,/workspace/geovision-cali-hf/data/modis,2026-05-22 03:43:00,2020.0,2020-03
modis_maiac_aod_2020-03-24.tif,/workspace/geovision-cali-hf/data/modis/modis_maiac_aod_2020-03-24.tif,.tif,0.002,2020-03-24,/workspace/geovision-cali-hf/data/modis,2026-05-22 03:43:00,2020.0,2020-03
modis_maiac_aod_2020-03-26.tif,/workspace/geovision-cali-hf/data/modis/modis_maiac_aod_2020-03-26.tif,.tif,0.0033,2020-03-26,/workspace/geovision-cali-hf/data/modis,2026-05-22 03:43:00,2020.0,2020-03
modis_maiac_aod_2020-03-28.tif,/workspace/geovision-cali-hf/data/modis/modis_maiac_aod_2020-03-28.tif,.tif,0.003,2020-03-28,/workspace/geovision-cali-hf/data/modis,2026-05-22 03:43:00,2020.0,2020-03
modis_maiac_aod_2020-03-30.tif,/workspace/geovision-cali-hf/data/modis/modis_maiac_aod_2020-03-30.tif,.tif,0.0023,2020-03-30,/workspace/geovision-cali-hf/data/modis,2026-05-22 03:43:00,2020.0,2020-03
modis_maiac_aod_2020-04-01.tif,/workspace/geovision-cali-hf/data/modis/modis_maiac_aod_2020-04-01.tif,.tif,0.0014,2020-04-01,/workspace/geovision-cali-hf/data/modis,2026-05-22 03:43:00,2020.0,2020-04
modis_maiac_aod_2020-04-02.tif,/workspace/geovision-cali-hf/data/modis/modis_maiac_aod_2020-04-02.tif,.tif,0.0019,2020-04-02,/workspace/geovision-cali-hf/data/modis,2026-05-22 03:43:00,2020.0,2020-04
modis_maiac_aod_2020-04-03.tif,/workspace/geovision-cali-hf/data/modis/modis_maiac_aod_2020-04-03.tif,.tif,0.0042,2020-04-03,/workspace/geovision-cali-hf/data/modis,2026-05-22 03:43:00,2020.0,2020-04
modis_maiac_aod_2020-04-04.tif,/workspace/geovision-cali-hf/data/modis/modis_maiac_aod_2020-04-04.tif,.tif,0.0033,2020-04-04,/workspace/geovision-cali-hf/data/modis,2026-05-22 03:43:00,2020.0,2020-04
modis_maiac_aod_2020-04-06.tif,/workspace/geovision-cali-hf/data/modis/modis_maiac_aod_2020-04-06.tif,.tif,0.0015,2020-04-06,/workspace/geovision-cali-hf/data/modis,2026-05-22 03:43:00,2020.0,2020-04
modis_maiac_aod_2020-04-15.tif,/workspace/geovision-cali-hf/data/modis/modis_maiac_aod_2020-04-15.tif,.tif,0.0015,2020-04-15,/workspace/geovision-cali-hf/data/modis,2026-05-22 03:43:00,2020.0,2020-04
modis_maiac_aod_2020-04-16.tif,/workspace/geovision-cali-hf/data/modis/modis_maiac_aod_2020-04-16.tif,.tif,0.0031,2020-04-16,/workspace/geovision-cali-hf/data/modis,2026-05-22 03:43:00,2020.0,2020-04
modis_maiac_aod_2020-04-17.tif,/workspace/geovision-cali-hf/data/modis/modis_maiac_aod_2020-04-17.tif,.tif,0.0046,2020-04-17,/workspace/geovision-cali-hf/data/modis,2026-05-22 03:43:00,2020.0,2020-04
modis_maiac_aod_2020-04-19.tif,/workspace/geovision-cali-hf/data/modis/modis_maiac_aod_2020-04-19.tif,.tif,0.0043,2020-04-19,/workspace/geovision-cali-hf/data/modis,2026-05-22 03:43:00,2020.0,2020-04
modis_maiac_aod_2020-04-20.tif,/workspace/geovision-cali-hf/data/modis/modis_maiac_aod_2020-04-20.tif,.tif,0.0044,2020-04-20,/workspace/geovision-cali-hf/data/modis,2026-05-22 03:43:00,2020.0,2020-04
modis_maiac_aod_2020-04-23.tif,/workspace/geovision-cali-hf/data/modis/modis_maiac_aod_2020-04-23.tif,.tif,0.0014,2020-04-23,/workspace/geovision-cali-hf/data/modis,2026-05-22 03:43:00,2020.0,2020-04
modis_maiac_aod_2020-04-24.tif,/workspace/geovision-cali-hf/data/modis/modis_maiac_aod_2020-04-24.tif,.tif,0.0038,2020-04-24,/workspace/geovision-cali-hf/data/modis,2026-05-22 03:43:00,2020.0,2020-04
modis_maiac_aod_2020-04-25.tif,/workspace/geovision-cali-hf/data/modis/modis_maiac_aod_2020-04-25.tif,.tif,0.0024,2020-04-25,/workspace/geovision-cali-hf/data/modis,2026-05-22 03:43:00,2020.0,2020-04
modis_maiac_aod_2020-04-26.tif,/workspace/geovision-cali-hf/data/modis/modis_maiac_aod_2020-04-26.tif,.tif,0.0036,2020-04-26,/workspace/geovision-cali-hf/data/modis,2026-05-22 03:43:00,2020.0,2020-04
modis_maiac_aod_2020-04-27.tif,/workspace/geovision-cali-hf/data/modis/modis_maiac_aod_2020-04-27.tif,.tif,0.0033,2020-04-27,/workspace/geovision-cali-hf/data/modis,2026-05-22 03:43:01,2020.0,2020-04
modis_maiac_aod_2020-05-01.tif,/workspace/geovision-cali-hf/data/modis/modis_maiac_aod_2020-05-01.tif,.tif,0.0019,2020-05-01,/workspace/geovision-cali-hf/data/modis,2026-05-22 03:43:01,2020.0,2020-05
modis_maiac_aod_2020-05-03.tif,/workspace/geovision-cali-hf/data/modis/modis_maiac_aod_2020-05-03.tif,.tif,0.002,2020-05-03,/workspace/geovision-cali-hf/data/modis,2026-05-22 03:43:01,2020.0,2020-05
modis_maiac_aod_2020-05-05.tif,/workspace/geovision-cali-hf/data/modis/modis_maiac_aod_2020-05-05.tif,.tif,0.0015,2020-05-05,/workspace/geovision-cali-hf/data/modis,2026-05-22 03:43:01,2020.0,2020-05
modis_maiac_aod_2020-05-09.tif,/workspace/geovision-cali-hf/data/modis/modis_maiac_aod_2020-05-09.tif,.tif,0.0034,2020-05-09,/workspace/geovision-cali-hf/data/modis,2026-05-22 03:43:01,2020.0,2020-05
modis_maiac_aod_2020-05-10.tif,/workspace/geovision-cali-hf/data/modis/modis_maiac_aod_2020-05-10.tif,.tif,0.0022,2020-05-10,/workspace/geovision-cali-hf/data/modis,2026-05-22 03:43:01,2020.0,2020-05
modis_maiac_aod_2020-05-14.tif,/workspace/geovision-cali-hf/data/modis/modis_maiac_aod_2020-05-14.tif,.tif,0.0051,2020-05-14,/workspace/geovision-cali-hf/data/modis,2026-05-22 03:43:01,2020.0,2020-05
modis_maiac_aod_2020-05-15.tif,/workspace/geovision-cali-hf/data/modis/modis_maiac_aod_2020-05-15.tif,.tif,0.0032,2020-05-15,/workspace/geovision-cali-hf/data/modis,2026-05-22 03:43:01,2020.0,2020-05
modis_maiac_aod_2020-05-17.tif,/workspace/geovision-cali-hf/data/modis/modis_maiac_aod_2020-05-17.tif,.tif,0.0015,2020-05-17,/workspace/geovision-cali-hf/data/modis,2026-05-22 03:43:01,2020.0,2020-05
modis_maiac_aod_2020-05-20.tif,/workspace/geovision-cali-hf/data/modis/modis_maiac_aod_2020-05-20.tif,.tif,0.005,2020-05-20,/workspace/geovision-cali-hf/data/modis,2026-05-22 03:43:01,2020.0,2020-05
modis_maiac_aod_2020-05-21.tif,/workspace/geovision-cali-hf/data/modis/modis_maiac_aod_2020-05-21.tif,.tif,0.0017,2020-05-21,/workspace/geovision-cali-hf/data/modis,2026-05-22 03:43:01,2020.0,2020-05
modis_maiac_aod_2020-05-22.tif,/workspace/geovision-cali-hf/data/modis/modis_maiac_aod_2020-05-22.tif,.tif,0.0014,2020-05-22,/workspace/geovision-cali-hf/data/modis,2026-05-22 03:43:01,2020.0,2020-05
modis_maiac_aod_2020-05-26.tif,/workspace/geovision-cali-hf/data/modis/modis_maiac_aod_2020-05-26.tif,.tif,0.0021,2020-05-26,/workspace/geovision-cali-hf/data/modis,2026-05-22 03:43:01,2020.0,2020-05
modis_maiac_aod_2020-05-28.tif,/workspace/geovision-cali-hf/data/modis/modis_maiac_aod_2020-05-28.tif,.tif,0.0019,2020-05-28,/workspace/geovision-cali-hf/data/modis,2026-05-22 03:43:01,2020.0,2020-05
modis_maiac_aod_2020-05-29.tif,/workspace/geovision-cali-hf/data/modis/modis_maiac_aod_2020-05-29.tif,.tif,0.0021,2020-05-29,/workspace/geovision-cali-hf/data/modis,2026-05-22 03:43:01,2020.0,2020-05
modis_maiac_aod_2020-05-31.tif,/workspace/geovision-cali-hf/data/modis/modis_maiac_aod_2020-05-31.tif,.tif,0.0027,2020-05-31,/workspace/geovision-cali-hf/data/modis,2026-05-22 03:43:01,2020.0,2020-05
modis_maiac_aod_2020-06-04.tif,/workspace/geovision-cali-hf/data/modis/modis_maiac_aod_2020-06-04.tif,.tif,0.0015,2020-06-04,/workspace/geovision-cali-hf/data/modis,2026-05-22 03:43:01,2020.0,2020-06
modis_maiac_aod_2020-06-07.tif,/workspace/geovision-cali-hf/data/modis/modis_maiac_aod_2020-06-07.tif,.tif,0.0042,2020-06-07,/workspace/geovision-cali-hf/data/modis,2026-05-22 03:43:01,2020.0,2020-06
modis_maiac_aod_2020-06-09.tif,/workspace/geovision-cali-hf/data/modis/modis_maiac_aod_2020-06-09.tif,.tif,0.0014,2020-06-09,/workspace/geovision-cali-hf/data/modis,2026-05-22 03:43:01,2020.0,2020-06
modis_maiac_aod_2020-06-10.tif,/workspace/geovision-cali-hf/data/modis/modis_maiac_aod_2020-06-10.tif,.tif,0.0024,2020-06-10,/workspace/geovision-cali-hf/data/modis,2026-05-22 03:43:01,2020.0,2020-06
modis_maiac_aod_2020-06-11.tif,/workspace/geovision-cali-hf/data/modis/modis_maiac_aod_2020-06-11.tif,.tif,0.0027,2020-06-11,/workspace/geovision-cali-hf/data/modis,2026-05-22 03:43:01,2020.0,2020-06
modis_maiac_aod_2020-06-14.tif,/workspace/geovision-cali-hf/data/modis/modis_maiac_aod_2020-06-14.tif,.tif,0.002,2020-06-14,/workspace/geovision-cali-hf/data/modis,2026-05-22 03:43:01,2020.0,2020-06
modis_maiac_aod_2020-06-15.tif,/workspace/geovision-cali-hf/data/modis/modis_maiac_aod_2020-06-15.tif,.tif,0.0018,2020-06-15,/workspace/geovision-cali-hf/data/modis,2026-05-22 03:43:02,2020.0,2020-06
modis_maiac_aod_2020-06-16.tif,/workspace/geovision-cali-hf/data/modis/modis_maiac_aod_2020-06-16.tif,.tif,0.0033,2020-06-16,/workspace/geovision-cali-hf/data/modis,2026-05-22 03:43:02,2020.0,2020-06
modis_maiac_aod_2020-06-18.tif,/workspace/geovision-cali-hf/data/modis/modis_maiac_aod_2020-06-18.tif,.tif,0.0025,2020-06-18,/workspace/geovision-cali-hf/data/modis,2026-05-22 03:43:02,2020.0,2020-06
modis_maiac_aod_2020-06-19.tif,/workspace/geovision-cali-hf/data/modis/modis_maiac_aod_2020-06-19.tif,.tif,0.0028,2020-06-19,/workspace/geovision-cali-hf/data/modis,2026-05-22 03:43:02,2020.0,2020-06
modis_maiac_aod_2020-06-20.tif,/workspace/geovision-cali-hf/data/modis/modis_maiac_aod_2020-06-20.tif,.tif,0.0023,2020-06-20,/workspace/geovision-cali-hf/data/modis,2026-05-22 03:43:02,2020.0,2020-06
modis_maiac_aod_2020-06-21.tif,/workspace/geovision-cali-hf/data/modis/modis_maiac_aod_2020-06-21.tif,.tif,0.0015,2020-06-21,/workspace/geovision-cali-hf/data/modis,2026-05-22 03:43:02,2020.0,2020-06
modis_maiac_aod_2020-06-22.tif,/workspace/geovision-cali-hf/data/modis/modis_maiac_aod_2020-06-22.tif,.tif,0.0029,2020-06-22,/workspace/geovision-cali-hf/data/modis,2026-05-22 03:43:02,2020.0,2020-06
modis_maiac_aod_2020-06-23.tif,/workspace/geovision-cali-hf/data/modis/modis_maiac_aod_2020-06-23.tif,.tif,0.0023,2020-06-23,/workspace/geovision-cali-hf/data/modis,2026-05-22 03:43:02,2020.0,2020-06
modis_maiac_aod_2020-06-25.tif,/workspace/geovision-cali-hf/data/modis/modis_maiac_aod_2020-06-25.tif,.tif,0.0017,2020-06-25,/workspace/geovision-cali-hf/data/modis,2026-05-22 03:43:02,2020.0,2020-06
modis_maiac_aod_2020-06-29.tif,/workspace/geovision-cali-hf/data/modis/modis_maiac_aod_2020-06-29.tif,.tif,0.0029,2020-06-29,/workspace/geovision-cali-hf/data/modis,2026-05-22 03:43:02,2020.0,2020-06
modis_maiac_aod_2020-07-02.tif,/workspace/geovision-cali-hf/data/modis/modis_maiac_aod_2020-07-02.tif,.tif,0.0014,2020-07-02,/workspace/geovision-cali-hf/data/modis,2026-05-22 03:43:02,2020.0,2020-07
modis_maiac_aod_2020-07-04.tif,/workspace/geovision-cali-hf/data/modis/modis_maiac_aod_2020-07-04.tif,.tif,0.002,2020-07-04,/workspace/geovision-cali-hf/data/modis,2026-05-22 03:43:02,2020.0,2020-07
modis_maiac_aod_2020-07-06.tif,/workspace/geovision-cali-hf/data/modis/modis_maiac_aod_2020-07-06.tif,.tif,0.0018,2020-07-06,/workspace/geovision-cali-hf/data/modis,2026-05-22 03:43:02,2020.0,2020-07
modis_maiac_aod_2020-07-07.tif,/workspace/geovision-cali-hf/data/modis/modis_maiac_aod_2020-07-07.tif,.tif,0.0032,2020-07-07,/workspace/geovision-cali-hf/data/modis,2026-05-22 03:43:02,2020.0,2020-07
modis_maiac_aod_2020-07-08.tif,/workspace/geovision-cali-hf/data/modis/modis_maiac_aod_2020-07-08.tif,.tif,0.0026,2020-07-08,/workspace/geovision-cali-hf/data/modis,2026-05-22 03:43:02,2020.0,2020-07
modis_maiac_aod_2020-07-09.tif,/workspace/geovision-cali-hf/data/modis/modis_maiac_aod_2020-07-09.tif,.tif,0.0044,2020-07-09,/workspace/geovision-cali-hf/data/modis,2026-05-22 03:43:02,2020.0,2020-07
modis_maiac_aod_2020-07-13.tif,/workspace/geovision-cali-hf/data/modis/modis_maiac_aod_2020-07-13.tif,.tif,0.0045,2020-07-13,/workspace/geovision-cali-hf/data/modis,2026-05-22 03:43:02,2020.0,2020-07
modis_maiac_aod_2020-07-14.tif,/workspace/geovision-cali-hf/data/modis/modis_maiac_aod_2020-07-14.tif,.tif,0.0035,2020-07-14,/workspace/geovision-cali-hf/data/modis,2026-05-22 03:43:02,2020.0,2020-07
modis_maiac_aod_2020-07-15.tif,/workspace/geovision-cali-hf/data/modis/modis_maiac_aod_2020-07-15.tif,.tif,0.0038,2020-07-15,/workspace/geovision-cali-hf/data/modis,2026-05-22 03:43:02,2020.0,2020-07
modis_maiac_aod_2020-07-16.tif,/workspace/geovision-cali-hf/data/modis/modis_maiac_aod_2020-07-16.tif,.tif,0.0029,2020-07-16,/workspace/geovision-cali-hf/data/modis,2026-05-22 03:43:02,2020.0,2020-07
modis_maiac_aod_2020-07-17.tif,/workspace/geovision-cali-hf/data/modis/modis_maiac_aod_2020-07-17.tif,.tif,0.0053,2020-07-17,/workspace/geovision-cali-hf/data/modis,2026-05-22 03:43:02,2020.0,2020-07
modis_maiac_aod_2020-07-18.tif,/workspace/geovision-cali-hf/data/modis/modis_maiac_aod_2020-07-18.tif,.tif,0.0051,2020-07-18,/workspace/geovision-cali-hf/data/modis,2026-05-22 03:43:02,2020.0,2020-07
modis_maiac_aod_2020-07-21.tif,/workspace/geovision-cali-hf/data/modis/modis_maiac_aod_2020-07-21.tif,.tif,0.002,2020-07-21,/workspace/geovision-cali-hf/data/modis,2026-05-22 03:43:02,2020.0,2020-07
modis_maiac_aod_2020-07-23.tif,/workspace/geovision-cali-hf/data/modis/modis_maiac_aod_2020-07-23.tif,.tif,0.0015,2020-07-23,/workspace/geovision-cali-hf/data/modis,2026-05-22 03:43:02,2020.0,2020-07
modis_maiac_aod_2020-07-25.tif,/workspace/geovision-cali-hf/data/modis/modis_maiac_aod_2020-07-25.tif,.tif,0.0014,2020-07-25,/workspace/geovision-cali-hf/data/modis,2026-05-22 03:43:02,2020.0,2020-07
modis_maiac_aod_2020-07-28.tif,/workspace/geovision-cali-hf/data/modis/modis_maiac_aod_2020-07-28.tif,.tif,0.0023,2020-07-28,/workspace/geovision-cali-hf/data/modis,2026-05-22 03:43:02,2020.0,2020-07
modis_maiac_aod_2020-07-30.tif,/workspace/geovision-cali-hf/data/modis/modis_maiac_aod_2020-07-30.tif,.tif,0.0034,2020-07-30,/workspace/geovision-cali-hf/data/modis,2026-05-22 03:43:03,2020.0,2020-07
modis_maiac_aod_2020-07-31.tif,/workspace/geovision-cali-hf/data/modis/modis_maiac_aod_2020-07-31.tif,.tif,0.005,2020-07-31,/workspace/geovision-cali-hf/data/modis,2026-05-22 03:43:03,2020.0,2020-07
modis_maiac_aod_2020-08-01.tif,/workspace/geovision-cali-hf/data/modis/modis_maiac_aod_2020-08-01.tif,.tif,0.0048,2020-08-01,/workspace/geovision-cali-hf/data/modis,2026-05-22 03:43:03,2020.0,2020-08
modis_maiac_aod_2020-08-02.tif,/workspace/geovision-cali-hf/data/modis/modis_maiac_aod_2020-08-02.tif,.tif,0.005,2020-08-02,/workspace/geovision-cali-hf/data/modis,2026-05-22 03:43:03,2020.0,2020-08
modis_maiac_aod_2020-08-05.tif,/workspace/geovision-cali-hf/data/modis/modis_maiac_aod_2020-08-05.tif,.tif,0.0018,2020-08-05,/workspace/geovision-cali-hf/data/modis,2026-05-22 03:43:03,2020.0,2020-08
modis_maiac_aod_2020-08-06.tif,/workspace/geovision-cali-hf/data/modis/modis_maiac_aod_2020-08-06.tif,.tif,0.0017,2020-08-06,/workspace/geovision-cali-hf/data/modis,2026-05-22 03:43:03,2020.0,2020-08
modis_maiac_aod_2020-08-08.tif,/workspace/geovision-cali-hf/data/modis/modis_maiac_aod_2020-08-08.tif,.tif,0.0048,2020-08-08,/workspace/geovision-cali-hf/data/modis,2026-05-22 03:43:03,2020.0,2020-08
modis_maiac_aod_2020-08-09.tif,/workspace/geovision-cali-hf/data/modis/modis_maiac_aod_2020-08-09.tif,.tif,0.0048,2020-08-09,/workspace/geovision-cali-hf/data/modis,2026-05-22 03:43:03,2020.0,2020-08
modis_maiac_aod_2020-08-10.tif,/workspace/geovision-cali-hf/data/modis/modis_maiac_aod_2020-08-10.tif,.tif,0.0018,2020-08-10,/workspace/geovision-cali-hf/data/modis,2026-05-22 03:43:03,2020.0,2020-08
modis_maiac_aod_2020-08-12.tif,/workspace/geovision-cali-hf/data/modis/modis_maiac_aod_2020-08-12.tif,.tif,0.0015,2020-08-12,/workspace/geovision-cali-hf/data/modis,2026-05-22 03:43:03,2020.0,2020-08
modis_maiac_aod_2020-08-14.tif,/workspace/geovision-cali-hf/data/modis/modis_maiac_aod_2020-08-14.tif,.tif,0.0016,2020-08-14,/workspace/geovision-cali-hf/data/modis,2026-05-22 03:43:03,2020.0,2020-08
modis_maiac_aod_2020-08-17.tif,/workspace/geovision-cali-hf/data/modis/modis_maiac_aod_2020-08-17.tif,.tif,0.0014,2020-08-17,/workspace/geovision-cali-hf/data/modis,2026-05-22 03:43:03,2020.0,2020-08
modis_maiac_aod_2020-08-23.tif,/workspace/geovision-cali-hf/data/modis/modis_maiac_aod_2020-08-23.tif,.tif,0.0042,2020-08-23,/workspace/geovision-cali-hf/data/modis,2026-05-22 03:43:03,2020.0,2020-08
modis_maiac_aod_2020-08-24.tif,/workspace/geovision-cali-hf/data/modis/modis_maiac_aod_2020-08-24.tif,.tif,0.0026,2020-08-24,/workspace/geovision-cali-hf/data/modis,2026-05-22 03:43:03,2020.0,2020-08
modis_maiac_aod_2020-08-26.tif,/workspace/geovision-cali-hf/data/modis/modis_maiac_aod_2020-08-26.tif,.tif,0.0026,2020-08-26,/workspace/geovision-cali-hf/data/modis,2026-05-22 03:43:03,2020.0,2020-08
modis_maiac_aod_2020-08-28.tif,/workspace/geovision-cali-hf/data/modis/modis_maiac_aod_2020-08-28.tif,.tif,0.0016,2020-08-28,/workspace/geovision-cali-hf/data/modis,2026-05-22 03:43:03,2020.0,2020-08
modis_maiac_aod_2020-08-31.tif,/workspace/geovision-cali-hf/data/modis/modis_maiac_aod_2020-08-31.tif,.tif,0.0034,2020-08-31,/workspace/geovision-cali-hf/data/modis,2026-05-22 03:43:03,2020.0,2020-08
modis_maiac_aod_2020-09-01.tif,/workspace/geovision-cali-hf/data/modis/modis_maiac_aod_2020-09-01.tif,.tif,0.0042,2020-09-01,/workspace/geovision-cali-hf/data/modis,2026-05-22 03:43:03,2020.0,2020-09
modis_maiac_aod_2020-09-03.tif,/workspace/geovision-cali-hf/data/modis/modis_maiac_aod_2020-09-03.tif,.tif,0.0053,2020-09-03,/workspace/geovision-cali-hf/data/modis,2026-05-22 03:43:03,2020.0,2020-09
modis_maiac_aod_2020-09-04.tif,/workspace/geovision-cali-hf/data/modis/modis_maiac_aod_2020-09-04.tif,.tif,0.0014,2020-09-04,/workspace/geovision-cali-hf/data/modis,2026-05-22 03:43:03,2020.0,2020-09
modis_maiac_aod_2020-09-06.tif,/workspace/geovision-cali-hf/data/modis/modis_maiac_aod_2020-09-06.tif,.tif,0.0016,2020-09-06,/workspace/geovision-cali-hf/data/modis,2026-05-22 03:43:03,2020.0,2020-09
modis_maiac_aod_2020-09-07.tif,/workspace/geovision-cali-hf/data/modis/modis_maiac_aod_2020-09-07.tif,.tif,0.0032,2020-09-07,/workspace/geovision-cali-hf/data/modis,2026-05-22 03:43:03,2020.0,2020-09
modis_maiac_aod_2020-09-09.tif,/workspace/geovision-cali-hf/data/modis/modis_maiac_aod_2020-09-09.tif,.tif,0.0048,2020-09-09,/workspace/geovision-cali-hf/data/modis,2026-05-22 03:43:03,2020.0,2020-09
modis_maiac_aod_2020-09-10.tif,/workspace/geovision-cali-hf/data/modis/modis_maiac_aod_2020-09-10.tif,.tif,0.005,2020-09-10,/workspace/geovision-cali-hf/data/modis,2026-05-22 03:43:03,2020.0,2020-09
modis_maiac_aod_2020-09-11.tif,/workspace/geovision-cali-hf/data/modis/modis_maiac_aod_2020-09-11.tif,.tif,0.0053,2020-09-11,/workspace/geovision-cali-hf/data/modis,2026-05-22 03:43:04,2020.0,2020-09
modis_maiac_aod_2020-09-13.tif,/workspace/geovision-cali-hf/data/modis/modis_maiac_aod_2020-09-13.tif,.tif,0.0023,2020-09-13,/workspace/geovision-cali-hf/data/modis,2026-05-22 03:43:04,2020.0,2020-09
modis_maiac_aod_2020-09-14.tif,/workspace/geovision-cali-hf/data/modis/modis_maiac_aod_2020-09-14.tif,.tif,0.0032,2020-09-14,/workspace/geovision-cali-hf/data/modis,2026-05-22 03:43:04,2020.0,2020-09
modis_maiac_aod_2020-09-16.tif,/workspace/geovision-cali-hf/data/modis/modis_maiac_aod_2020-09-16.tif,.tif,0.003,2020-09-16,/workspace/geovision-cali-hf/data/modis,2026-05-22 03:43:04,2020.0,2020-09
modis_maiac_aod_2020-09-17.tif,/workspace/geovision-cali-hf/data/modis/modis_maiac_aod_2020-09-17.tif,.tif,0.0035,2020-09-17,/workspace/geovision-cali-hf/data/modis,2026-05-22 03:43:04,2020.0,2020-09
modis_maiac_aod_2020-09-18.tif,/workspace/geovision-cali-hf/data/modis/modis_maiac_aod_2020-09-18.tif,.tif,0.0018,2020-09-18,/workspace/geovision-cali-hf/data/modis,2026-05-22 03:43:04,2020.0,2020-09
modis_maiac_aod_2020-09-20.tif,/workspace/geovision-cali-hf/data/modis/modis_maiac_aod_2020-09-20.tif,.tif,0.0031,2020-09-20,/workspace/geovision-cali-hf/data/modis,2026-05-22 03:43:04,2020.0,2020-09
modis_maiac_aod_2020-09-24.tif,/workspace/geovision-cali-hf/data/modis/modis_maiac_aod_2020-09-24.tif,.tif,0.0018,2020-09-24,/workspace/geovision-cali-hf/data/modis,2026-05-22 03:43:04,2020.0,2020-09
modis_maiac_aod_2020-09-25.tif,/workspace/geovision-cali-hf/data/modis/modis_maiac_aod_2020-09-25.tif,.tif,0.0022,2020-09-25,/workspace/geovision-cali-hf/data/modis,2026-05-22 03:43:04,2020.0,2020-09
modis_maiac_aod_2020-09-27.tif,/workspace/geovision-cali-hf/data/modis/modis_maiac_aod_2020-09-27.tif,.tif,0.0032,2020-09-27,/workspace/geovision-cali-hf/data/modis,2026-05-22 03:43:04,2020.0,2020-09
modis_maiac_aod_2020-09-30.tif,/workspace/geovision-cali-hf/data/modis/modis_maiac_aod_2020-09-30.tif,.tif,0.0017,2020-09-30,/workspace/geovision-cali-hf/data/modis,2026-05-22 03:43:04,2020.0,2020-09
modis_maiac_aod_2020-10-01.tif,/workspace/geovision-cali-hf/data/modis/modis_maiac_aod_2020-10-01.tif,.tif,0.0025,2020-10-01,/workspace/geovision-cali-hf/data/modis,2026-05-22 03:43:04,2020.0,2020-10
modis_maiac_aod_2020-10-02.tif,/workspace/geovision-cali-hf/data/modis/modis_maiac_aod_2020-10-02.tif,.tif,0.0026,2020-10-02,/workspace/geovision-cali-hf/data/modis,2026-05-22 03:43:04,2020.0,2020-10
modis_maiac_aod_2020-10-04.tif,/workspace/geovision-cali-hf/data/modis/modis_maiac_aod_2020-10-04.tif,.tif,0.0018,2020-10-04,/workspace/geovision-cali-hf/data/modis,2026-05-22 03:43:04,2020.0,2020-10
modis_maiac_aod_2020-10-06.tif,/workspace/geovision-cali-hf/data/modis/modis_maiac_aod_2020-10-06.tif,.tif,0.0033,2020-10-06,/workspace/geovision-cali-hf/data/modis,2026-05-22 03:43:04,2020.0,2020-10
modis_maiac_aod_2020-10-08.tif,/workspace/geovision-cali-hf/data/modis/modis_maiac_aod_2020-10-08.tif,.tif,0.0028,2020-10-08,/workspace/geovision-cali-hf/data/modis,2026-05-22 03:43:04,2020.0,2020-10
modis_maiac_aod_2020-10-09.tif,/workspace/geovision-cali-hf/data/modis/modis_maiac_aod_2020-10-09.tif,.tif,0.002,2020-10-09,/workspace/geovision-cali-hf/data/modis,2026-05-22 03:43:04,2020.0,2020-10
modis_maiac_aod_2020-10-10.tif,/workspace/geovision-cali-hf/data/modis/modis_maiac_aod_2020-10-10.tif,.tif,0.0051,2020-10-10,/workspace/geovision-cali-hf/data/modis,2026-05-22 03:43:04,2020.0,2020-10
modis_maiac_aod_2020-10-11.tif,/workspace/geovision-cali-hf/data/modis/modis_maiac_aod_2020-10-11.tif,.tif,0.0016,2020-10-11,/workspace/geovision-cali-hf/data/modis,2026-05-22 03:43:04,2020.0,2020-10
modis_maiac_aod_2020-10-12.tif,/workspace/geovision-cali-hf/data/modis/modis_maiac_aod_2020-10-12.tif,.tif,0.0053,2020-10-12,/workspace/geovision-cali-hf/data/modis,2026-05-22 03:43:04,2020.0,2020-10
modis_maiac_aod_2020-10-15.tif,/workspace/geovision-cali-hf/data/modis/modis_maiac_aod_2020-10-15.tif,.tif,0.0042,2020-10-15,/workspace/geovision-cali-hf/data/modis,2026-05-22 03:43:04,2020.0,2020-10
modis_maiac_aod_2020-10-19.tif,/workspace/geovision-cali-hf/data/modis/modis_maiac_aod_2020-10-19.tif,.tif,0.0023,2020-10-19,/workspace/geovision-cali-hf/data/modis,2026-05-22 03:43:04,2020.0,2020-10
modis_maiac_aod_2020-10-20.tif,/workspace/geovision-cali-hf/data/modis/modis_maiac_aod_2020-10-20.tif,.tif,0.0024,2020-10-20,/workspace/geovision-cali-hf/data/modis,2026-05-22 03:43:04,2020.0,2020-10
modis_maiac_aod_2020-10-21.tif,/workspace/geovision-cali-hf/data/modis/modis_maiac_aod_2020-10-21.tif,.tif,0.0025,2020-10-21,/workspace/geovision-cali-hf/data/modis,2026-05-22 03:43:04,2020.0,2020-10
modis_maiac_aod_2020-10-22.tif,/workspace/geovision-cali-hf/data/modis/modis_maiac_aod_2020-10-22.tif,.tif,0.0029,2020-10-22,/workspace/geovision-cali-hf/data/modis,2026-05-22 03:43:04,2020.0,2020-10
modis_maiac_aod_2020-10-25.tif,/workspace/geovision-cali-hf/data/modis/modis_maiac_aod_2020-10-25.tif,.tif,0.0021,2020-10-25,/workspace/geovision-cali-hf/data/modis,2026-05-22 03:43:04,2020.0,2020-10
modis_maiac_aod_2020-10-26.tif,/workspace/geovision-cali-hf/data/modis/modis_maiac_aod_2020-10-26.tif,.tif,0.0021,2020-10-26,/workspace/geovision-cali-hf/data/modis,2026-05-22 03:43:04,2020.0,2020-10
modis_maiac_aod_2020-10-27.tif,/workspace/geovision-cali-hf/data/modis/modis_maiac_aod_2020-10-27.tif,.tif,0.0022,2020-10-27,/workspace/geovision-cali-hf/data/modis,2026-05-22 03:43:04,2020.0,2020-10
modis_maiac_aod_2020-10-29.tif,/workspace/geovision-cali-hf/data/modis/modis_maiac_aod_2020-10-29.tif,.tif,0.0043,2020-10-29,/workspace/geovision-cali-hf/data/modis,2026-05-22 03:43:05,2020.0,2020-10
modis_maiac_aod_2020-11-02.tif,/workspace/geovision-cali-hf/data/modis/modis_maiac_aod_2020-11-02.tif,.tif,0.0041,2020-11-02,/workspace/geovision-cali-hf/data/modis,2026-05-22 03:43:05,2020.0,2020-11
modis_maiac_aod_2020-11-03.tif,/workspace/geovision-cali-hf/data/modis/modis_maiac_aod_2020-11-03.tif,.tif,0.004,2020-11-03,/workspace/geovision-cali-hf/data/modis,2026-05-22 03:43:05,2020.0,2020-11
modis_maiac_aod_2020-11-04.tif,/workspace/geovision-cali-hf/data/modis/modis_maiac_aod_2020-11-04.tif,.tif,0.0049,2020-11-04,/workspace/geovision-cali-hf/data/modis,2026-05-22 03:43:05,2020.0,2020-11
modis_maiac_aod_2020-11-05.tif,/workspace/geovision-cali-hf/data/modis/modis_maiac_aod_2020-11-05.tif,.tif,0.0022,2020-11-05,/workspace/geovision-cali-hf/data/modis,2026-05-22 03:43:05,2020.0,2020-11
modis_maiac_aod_2020-11-07.tif,/workspace/geovision-cali-hf/data/modis/modis_maiac_aod_2020-11-07.tif,.tif,0.0031,2020-11-07,/workspace/geovision-cali-hf/data/modis,2026-05-22 03:43:05,2020.0,2020-11
modis_maiac_aod_2020-11-11.tif,/workspace/geovision-cali-hf/data/modis/modis_maiac_aod_2020-11-11.tif,.tif,0.0032,2020-11-11,/workspace/geovision-cali-hf/data/modis,2026-05-22 03:43:05,2020.0,2020-11
modis_maiac_aod_2020-11-14.tif,/workspace/geovision-cali-hf/data/modis/modis_maiac_aod_2020-11-14.tif,.tif,0.0026,2020-11-14,/workspace/geovision-cali-hf/data/modis,2026-05-22 03:43:05,2020.0,2020-11
modis_maiac_aod_2020-11-16.tif,/workspace/geovision-cali-hf/data/modis/modis_maiac_aod_2020-11-16.tif,.tif,0.0019,2020-11-16,/workspace/geovision-cali-hf/data/modis,2026-05-22 03:43:05,2020.0,2020-11
modis_maiac_aod_2020-11-21.tif,/workspace/geovision-cali-hf/data/modis/modis_maiac_aod_2020-11-21.tif,.tif,0.0015,2020-11-21,/workspace/geovision-cali-hf/data/modis,2026-05-22 03:43:05,2020.0,2020-11
modis_maiac_aod_2020-11-22.tif,/workspace/geovision-cali-hf/data/modis/modis_maiac_aod_2020-11-22.tif,.tif,0.0025,2020-11-22,/workspace/geovision-cali-hf/data/modis,2026-05-22 03:43:05,2020.0,2020-11
modis_maiac_aod_2020-11-23.tif,/workspace/geovision-cali-hf/data/modis/modis_maiac_aod_2020-11-23.tif,.tif,0.0016,2020-11-23,/workspace/geovision-cali-hf/data/modis,2026-05-22 03:43:05,2020.0,2020-11
modis_maiac_aod_2020-11-25.tif,/workspace/geovision-cali-hf/data/modis/modis_maiac_aod_2020-11-25.tif,.tif,0.0015,2020-11-25,/workspace/geovision-cali-hf/data/modis,2026-05-22 03:43:05,2020.0,2020-11
modis_maiac_aod_2020-11-26.tif,/workspace/geovision-cali-hf/data/modis/modis_maiac_aod_2020-11-26.tif,.tif,0.0014,2020-11-26,/workspace/geovision-cali-hf/data/modis,2026-05-22 03:43:05,2020.0,2020-11
modis_maiac_aod_2020-11-28.tif,/workspace/geovision-cali-hf/data/modis/modis_maiac_aod_2020-11-28.tif,.tif,0.0024,2020-11-28,/workspace/geovision-cali-hf/data/modis,2026-05-22 03:43:05,2020.0,2020-11
modis_maiac_aod_2020-11-30.tif,/workspace/geovision-cali-hf/data/modis/modis_maiac_aod_2020-11-30.tif,.tif,0.0034,2020-11-30,/workspace/geovision-cali-hf/data/modis,2026-05-22 03:43:05,2020.0,2020-11
modis_maiac_aod_2020-12-02.tif,/workspace/geovision-cali-hf/data/modis/modis_maiac_aod_2020-12-02.tif,.tif,0.002,2020-12-02,/workspace/geovision-cali-hf/data/modis,2026-05-22 03:43:05,2020.0,2020-12
modis_maiac_aod_2020-12-03.tif,/workspace/geovision-cali-hf/data/modis/modis_maiac_aod_2020-12-03.tif,.tif,0.0014,2020-12-03,/workspace/geovision-cali-hf/data/modis,2026-05-22 03:43:05,2020.0,2020-12
modis_maiac_aod_2020-12-04.tif,/workspace/geovision-cali-hf/data/modis/modis_maiac_aod_2020-12-04.tif,.tif,0.0027,2020-12-04,/workspace/geovision-cali-hf/data/modis,2026-05-22 03:43:05,2020.0,2020-12
modis_maiac_aod_2020-12-09.tif,/workspace/geovision-cali-hf/data/modis/modis_maiac_aod_2020-12-09.tif,.tif,0.0029,2020-12-09,/workspace/geovision-cali-hf/data/modis,2026-05-22 03:43:05,2020.0,2020-12
modis_maiac_aod_2020-12-11.tif,/workspace/geovision-cali-hf/data/modis/modis_maiac_aod_2020-12-11.tif,.tif,0.0035,2020-12-11,/workspace/geovision-cali-hf/data/modis,2026-05-22 03:43:05,2020.0,2020-12
modis_maiac_aod_2020-12-13.tif,/workspace/geovision-cali-hf/data/modis/modis_maiac_aod_2020-12-13.tif,.tif,0.0035,2020-12-13,/workspace/geovision-cali-hf/data/modis,2026-05-22 03:43:06,2020.0,2020-12
modis_maiac_aod_2020-12-16.tif,/workspace/geovision-cali-hf/data/modis/modis_maiac_aod_2020-12-16.tif,.tif,0.0032,2020-12-16,/workspace/geovision-cali-hf/data/modis,2026-05-22 03:43:05,2020.0,2020-12
modis_maiac_aod_2020-12-18.tif,/workspace/geovision-cali-hf/data/modis/modis_maiac_aod_2020-12-18.tif,.tif,0.0033,2020-12-18,/workspace/geovision-cali-hf/data/modis,2026-05-22 03:43:06,2020.0,2020-12
modis_maiac_aod_2020-12-19.tif,/workspace/geovision-cali-hf/data/modis/modis_maiac_aod_2020-12-19.tif,.tif,0.0025,2020-12-19,/workspace/geovision-cali-hf/data/modis,2026-05-22 03:43:06,2020.0,2020-12
modis_maiac_aod_2020-12-20.tif,/workspace/geovision-cali-hf/data/modis/modis_maiac_aod_2020-12-20.tif,.tif,0.0039,2020-12-20,/workspace/geovision-cali-hf/data/modis,2026-05-22 03:43:06,2020.0,2020-12
modis_maiac_aod_2020-12-21.tif,/workspace/geovision-cali-hf/data/modis/modis_maiac_aod_2020-12-21.tif,.tif,0.0026,2020-12-21,/workspace/geovision-cali-hf/data/modis,2026-05-22 03:43:06,2020.0,2020-12
modis_maiac_aod_2020-12-23.tif,/workspace/geovision-cali-hf/data/modis/modis_maiac_aod_2020-12-23.tif,.tif,0.0034,2020-12-23,/workspace/geovision-cali-hf/data/modis,2026-05-22 03:43:06,2020.0,2020-12
modis_maiac_aod_2020-12-24.tif,/workspace/geovision-cali-hf/data/modis/modis_maiac_aod_2020-12-24.tif,.tif,0.003,2020-12-24,/workspace/geovision-cali-hf/data/modis,2026-05-22 03:43:06,2020.0,2020-12
modis_maiac_aod_2020-12-27.tif,/workspace/geovision-cali-hf/data/modis/modis_maiac_aod_2020-12-27.tif,.tif,0.0017,2020-12-27,/workspace/geovision-cali-hf/data/modis,2026-05-22 03:43:06,2020.0,2020-12
modis_maiac_aod_2020-12-29.tif,/workspace/geovision-cali-hf/data/modis/modis_maiac_aod_2020-12-29.tif,.tif,0.0025,2020-12-29,/workspace/geovision-cali-hf/data/modis,2026-05-22 03:43:06,2020.0,2020-12
modis_maiac_aod_2020-12-30.tif,/workspace/geovision-cali-hf/data/modis/modis_maiac_aod_2020-12-30.tif,.tif,0.0021,2020-12-30,/workspace/geovision-cali-hf/data/modis,2026-05-22 03:43:06,2020.0,2020-12
modis_maiac_aod_2020-12-31.tif,/workspace/geovision-cali-hf/data/modis/modis_maiac_aod_2020-12-31.tif,.tif,0.0039,2020-12-31,/workspace/geovision-cali-hf/data/modis,2026-05-22 03:43:06,2020.0,2020-12
modis_maiac_aod_2021-01-01.tif,/workspace/geovision-cali-hf/data/modis/modis_maiac_aod_2021-01-01.tif,.tif,0.0026,2021-01-01,/workspace/geovision-cali-hf/data/modis,2026-05-22 03:43:06,2021.0,2021-01
modis_maiac_aod_2021-01-03.tif,/workspace/geovision-cali-hf/data/modis/modis_maiac_aod_2021-01-03.tif,.tif,0.002,2021-01-03,/workspace/geovision-cali-hf/data/modis,2026-05-22 03:43:06,2021.0,2021-01
modis_maiac_aod_2021-01-04.tif,/workspace/geovision-cali-hf/data/modis/modis_maiac_aod_2021-01-04.tif,.tif,0.0016,2021-01-04,/workspace/geovision-cali-hf/data/modis,2026-05-22 03:43:06,2021.0,2021-01
modis_maiac_aod_2021-01-07.tif,/workspace/geovision-cali-hf/data/modis/modis_maiac_aod_2021-01-07.tif,.tif,0.0028,2021-01-07,/workspace/geovision-cali-hf/data/modis,2026-05-22 03:43:06,2021.0,2021-01
modis_maiac_aod_2021-01-09.tif,/workspace/geovision-cali-hf/data/modis/modis_maiac_aod_2021-01-09.tif,.tif,0.0021,2021-01-09,/workspace/geovision-cali-hf/data/modis,2026-05-22 03:43:06,2021.0,2021-01
modis_maiac_aod_2021-01-10.tif,/workspace/geovision-cali-hf/data/modis/modis_maiac_aod_2021-01-10.tif,.tif,0.0038,2021-01-10,/workspace/geovision-cali-hf/data/modis,2026-05-22 03:43:06,2021.0,2021-01
modis_maiac_aod_2021-01-12.tif,/workspace/geovision-cali-hf/data/modis/modis_maiac_aod_2021-01-12.tif,.tif,0.003,2021-01-12,/workspace/geovision-cali-hf/data/modis,2026-05-22 03:43:06,2021.0,2021-01
modis_maiac_aod_2021-01-13.tif,/workspace/geovision-cali-hf/data/modis/modis_maiac_aod_2021-01-13.tif,.tif,0.0021,2021-01-13,/workspace/geovision-cali-hf/data/modis,2026-05-22 03:43:06,2021.0,2021-01
modis_maiac_aod_2021-01-14.tif,/workspace/geovision-cali-hf/data/modis/modis_maiac_aod_2021-01-14.tif,.tif,0.0021,2021-01-14,/workspace/geovision-cali-hf/data/modis,2026-05-22 03:43:06,2021.0,2021-01
modis_maiac_aod_2021-01-15.tif,/workspace/geovision-cali-hf/data/modis/modis_maiac_aod_2021-01-15.tif,.tif,0.0021,2021-01-15,/workspace/geovision-cali-hf/data/modis,2026-05-22 03:43:06,2021.0,2021-01
modis_maiac_aod_2021-01-16.tif,/workspace/geovision-cali-hf/data/modis/modis_maiac_aod_2021-01-16.tif,.tif,0.0038,2021-01-16,/workspace/geovision-cali-hf/data/modis,2026-05-22 03:43:06,2021.0,2021-01
modis_maiac_aod_2021-01-17.tif,/workspace/geovision-cali-hf/data/modis/modis_maiac_aod_2021-01-17.tif,.tif,0.0026,2021-01-17,/workspace/geovision-cali-hf/data/modis,2026-05-22 03:43:06,2021.0,2021-01
modis_maiac_aod_2021-01-19.tif,/workspace/geovision-cali-hf/data/modis/modis_maiac_aod_2021-01-19.tif,.tif,0.0038,2021-01-19,/workspace/geovision-cali-hf/data/modis,2026-05-22 03:43:06,2021.0,2021-01
modis_maiac_aod_2021-01-21.tif,/workspace/geovision-cali-hf/data/modis/modis_maiac_aod_2021-01-21.tif,.tif,0.0017,2021-01-21,/workspace/geovision-cali-hf/data/modis,2026-05-22 03:43:06,2021.0,2021-01
modis_maiac_aod_2021-01-22.tif,/workspace/geovision-cali-hf/data/modis/modis_maiac_aod_2021-01-22.tif,.tif,0.0037,2021-01-22,/workspace/geovision-cali-hf/data/modis,2026-05-22 03:43:07,2021.0,2021-01
modis_maiac_aod_2021-01-23.tif,/workspace/geovision-cali-hf/data/modis/modis_maiac_aod_2021-01-23.tif,.tif,0.0026,2021-01-23,/workspace/geovision-cali-hf/data/modis,2026-05-22 03:43:07,2021.0,2021-01
modis_maiac_aod_2021-01-24.tif,/workspace/geovision-cali-hf/data/modis/modis_maiac_aod_2021-01-24.tif,.tif,0.0028,2021-01-24,/workspace/geovision-cali-hf/data/modis,2026-05-22 03:43:07,2021.0,2021-01
modis_maiac_aod_2021-01-29.tif,/workspace/geovision-cali-hf/data/modis/modis_maiac_aod_2021-01-29.tif,.tif,0.0039,2021-01-29,/workspace/geovision-cali-hf/data/modis,2026-05-22 03:43:07,2021.0,2021-01
modis_maiac_aod_2021-01-30.tif,/workspace/geovision-cali-hf/data/modis/modis_maiac_aod_2021-01-30.tif,.tif,0.002,2021-01-30,/workspace/geovision-cali-hf/data/modis,2026-05-22 03:43:07,2021.0,2021-01
modis_maiac_aod_2021-01-31.tif,/workspace/geovision-cali-hf/data/modis/modis_maiac_aod_2021-01-31.tif,.tif,0.0052,2021-01-31,/workspace/geovision-cali-hf/data/modis,2026-05-22 03:43:07,2021.0,2021-01
modis_maiac_aod_2021-02-01.tif,/workspace/geovision-cali-hf/data/modis/modis_maiac_aod_2021-02-01.tif,.tif,0.0036,2021-02-01,/workspace/geovision-cali-hf/data/modis,2026-05-22 03:43:07,2021.0,2021-02
modis_maiac_aod_2021-02-02.tif,/workspace/geovision-cali-hf/data/modis/modis_maiac_aod_2021-02-02.tif,.tif,0.0029,2021-02-02,/workspace/geovision-cali-hf/data/modis,2026-05-22 03:43:07,2021.0,2021-02
modis_maiac_aod_2021-02-04.tif,/workspace/geovision-cali-hf/data/modis/modis_maiac_aod_2021-02-04.tif,.tif,0.0031,2021-02-04,/workspace/geovision-cali-hf/data/modis,2026-05-22 03:43:07,2021.0,2021-02
modis_maiac_aod_2021-02-05.tif,/workspace/geovision-cali-hf/data/modis/modis_maiac_aod_2021-02-05.tif,.tif,0.0016,2021-02-05,/workspace/geovision-cali-hf/data/modis,2026-05-22 03:43:07,2021.0,2021-02
modis_maiac_aod_2021-02-08.tif,/workspace/geovision-cali-hf/data/modis/modis_maiac_aod_2021-02-08.tif,.tif,0.0016,2021-02-08,/workspace/geovision-cali-hf/data/modis,2026-05-22 03:43:07,2021.0,2021-02
modis_maiac_aod_2021-02-09.tif,/workspace/geovision-cali-hf/data/modis/modis_maiac_aod_2021-02-09.tif,.tif,0.0024,2021-02-09,/workspace/geovision-cali-hf/data/modis,2026-05-22 03:43:07,2021.0,2021-02
modis_maiac_aod_2021-02-10.tif,/workspace/geovision-cali-hf/data/modis/modis_maiac_aod_2021-02-10.tif,.tif,0.0024,2021-02-10,/workspace/geovision-cali-hf/data/modis,2026-05-22 03:43:07,2021.0,2021-02
modis_maiac_aod_2021-02-11.tif,/workspace/geovision-cali-hf/data/modis/modis_maiac_aod_2021-02-11.tif,.tif,0.0033,2021-02-11,/workspace/geovision-cali-hf/data/modis,2026-05-22 03:43:07,2021.0,2021-02
modis_maiac_aod_2021-02-13.tif,/workspace/geovision-cali-hf/data/modis/modis_maiac_aod_2021-02-13.tif,.tif,0.0016,2021-02-13,/workspace/geovision-cali-hf/data/modis,2026-05-22 03:43:07,2021.0,2021-02
modis_maiac_aod_2021-02-16.tif,/workspace/geovision-cali-hf/data/modis/modis_maiac_aod_2021-02-16.tif,.tif,0.0021,2021-02-16,/workspace/geovision-cali-hf/data/modis,2026-05-22 03:43:07,2021.0,2021-02
modis_maiac_aod_2021-02-20.tif,/workspace/geovision-cali-hf/data/modis/modis_maiac_aod_2021-02-20.tif,.tif,0.0033,2021-02-20,/workspace/geovision-cali-hf/data/modis,2026-05-22 03:43:07,2021.0,2021-02
modis_maiac_aod_2021-02-21.tif,/workspace/geovision-cali-hf/data/modis/modis_maiac_aod_2021-02-21.tif,.tif,0.002,2021-02-21,/workspace/geovision-cali-hf/data/modis,2026-05-22 03:43:07,2021.0,2021-02
modis_maiac_aod_2021-02-22.tif,/workspace/geovision-cali-hf/data/modis/modis_maiac_aod_2021-02-22.tif,.tif,0.0016,2021-02-22,/workspace/geovision-cali-hf/data/modis,2026-05-22 03:43:07,2021.0,2021-02
modis_maiac_aod_2021-02-27.tif,/workspace/geovision-cali-hf/data/modis/modis_maiac_aod_2021-02-27.tif,.tif,0.0015,2021-02-27,/workspace/geovision-cali-hf/data/modis,2026-05-22 03:43:07,2021.0,2021-02
modis_maiac_aod_2021-03-03.tif,/workspace/geovision-cali-hf/data/modis/modis_maiac_aod_2021-03-03.tif,.tif,0.0015,2021-03-03,/workspace/geovision-cali-hf/data/modis,2026-05-22 03:43:07,2021.0,2021-03
modis_maiac_aod_2021-03-04.tif,/workspace/geovision-cali-hf/data/modis/modis_maiac_aod_2021-03-04.tif,.tif,0.0034,2021-03-04,/workspace/geovision-cali-hf/data/modis,2026-05-22 03:43:07,2021.0,2021-03
modis_maiac_aod_2021-03-06.tif,/workspace/geovision-cali-hf/data/modis/modis_maiac_aod_2021-03-06.tif,.tif,0.0025,2021-03-06,/workspace/geovision-cali-hf/data/modis,2026-05-22 03:43:07,2021.0,2021-03
modis_maiac_aod_2021-03-09.tif,/workspace/geovision-cali-hf/data/modis/modis_maiac_aod_2021-03-09.tif,.tif,0.002,2021-03-09,/workspace/geovision-cali-hf/data/modis,2026-05-22 03:43:07,2021.0,2021-03
modis_maiac_aod_2021-03-14.tif,/workspace/geovision-cali-hf/data/modis/modis_maiac_aod_2021-03-14.tif,.tif,0.0036,2021-03-14,/workspace/geovision-cali-hf/data/modis,2026-05-22 03:43:07,2021.0,2021-03
modis_maiac_aod_2021-03-18.tif,/workspace/geovision-cali-hf/data/modis/modis_maiac_aod_2021-03-18.tif,.tif,0.0025,2021-03-18,/workspace/geovision-cali-hf/data/modis,2026-05-22 03:43:08,2021.0,2021-03
modis_maiac_aod_2021-03-19.tif,/workspace/geovision-cali-hf/data/modis/modis_maiac_aod_2021-03-19.tif,.tif,0.0036,2021-03-19,/workspace/geovision-cali-hf/data/modis,2026-05-22 03:43:08,2021.0,2021-03
modis_maiac_aod_2021-03-21.tif,/workspace/geovision-cali-hf/data/modis/modis_maiac_aod_2021-03-21.tif,.tif,0.004,2021-03-21,/workspace/geovision-cali-hf/data/modis,2026-05-22 03:43:08,2021.0,2021-03
modis_maiac_aod_2021-03-22.tif,/workspace/geovision-cali-hf/data/modis/modis_maiac_aod_2021-03-22.tif,.tif,0.0016,2021-03-22,/workspace/geovision-cali-hf/data/modis,2026-05-22 03:43:08,2021.0,2021-03
modis_maiac_aod_2021-03-26.tif,/workspace/geovision-cali-hf/data/modis/modis_maiac_aod_2021-03-26.tif,.tif,0.0017,2021-03-26,/workspace/geovision-cali-hf/data/modis,2026-05-22 03:43:08,2021.0,2021-03
modis_maiac_aod_2021-03-28.tif,/workspace/geovision-cali-hf/data/modis/modis_maiac_aod_2021-03-28.tif,.tif,0.0019,2021-03-28,/workspace/geovision-cali-hf/data/modis,2026-05-22 03:43:08,2021.0,2021-03
modis_maiac_aod_2021-03-29.tif,/workspace/geovision-cali-hf/data/modis/modis_maiac_aod_2021-03-29.tif,.tif,0.0031,2021-03-29,/workspace/geovision-cali-hf/data/modis,2026-05-22 03:43:08,2021.0,2021-03
modis_maiac_aod_2021-03-31.tif,/workspace/geovision-cali-hf/data/modis/modis_maiac_aod_2021-03-31.tif,.tif,0.0018,2021-03-31,/workspace/geovision-cali-hf/data/modis,2026-05-22 03:43:08,2021.0,2021-03
modis_maiac_aod_2021-04-02.tif,/workspace/geovision-cali-hf/data/modis/modis_maiac_aod_2021-04-02.tif,.tif,0.0022,2021-04-02,/workspace/geovision-cali-hf/data/modis,2026-05-22 03:43:08,2021.0,2021-04
modis_maiac_aod_2021-04-05.tif,/workspace/geovision-cali-hf/data/modis/modis_maiac_aod_2021-04-05.tif,.tif,0.0026,2021-04-05,/workspace/geovision-cali-hf/data/modis,2026-05-22 03:43:08,2021.0,2021-04
modis_maiac_aod_2021-04-11.tif,/workspace/geovision-cali-hf/data/modis/modis_maiac_aod_2021-04-11.tif,.tif,0.002,2021-04-11,/workspace/geovision-cali-hf/data/modis,2026-05-22 03:43:08,2021.0,2021-04
modis_maiac_aod_2021-04-13.tif,/workspace/geovision-cali-hf/data/modis/modis_maiac_aod_2021-04-13.tif,.tif,0.0028,2021-04-13,/workspace/geovision-cali-hf/data/modis,2026-05-22 03:43:08,2021.0,2021-04
modis_maiac_aod_2021-04-19.tif,/workspace/geovision-cali-hf/data/modis/modis_maiac_aod_2021-04-19.tif,.tif,0.0027,2021-04-19,/workspace/geovision-cali-hf/data/modis,2026-05-22 03:43:08,2021.0,2021-04
modis_maiac_aod_2021-04-20.tif,/workspace/geovision-cali-hf/data/modis/modis_maiac_aod_2021-04-20.tif,.tif,0.0032,2021-04-20,/workspace/geovision-cali-hf/data/modis,2026-05-22 03:43:08,2021.0,2021-04
modis_maiac_aod_2021-04-21.tif,/workspace/geovision-cali-hf/data/modis/modis_maiac_aod_2021-04-21.tif,.tif,0.003,2021-04-21,/workspace/geovision-cali-hf/data/modis,2026-05-22 03:43:08,2021.0,2021-04
modis_maiac_aod_2021-04-22.tif,/workspace/geovision-cali-hf/data/modis/modis_maiac_aod_2021-04-22.tif,.tif,0.0041,2021-04-22,/workspace/geovision-cali-hf/data/modis,2026-05-22 03:43:08,2021.0,2021-04
modis_maiac_aod_2021-04-25.tif,/workspace/geovision-cali-hf/data/modis/modis_maiac_aod_2021-04-25.tif,.tif,0.0026,2021-04-25,/workspace/geovision-cali-hf/data/modis,2026-05-22 03:43:08,2021.0,2021-04
modis_maiac_aod_2021-05-01.tif,/workspace/geovision-cali-hf/data/modis/modis_maiac_aod_2021-05-01.tif,.tif,0.0048,2021-05-01,/workspace/geovision-cali-hf/data/modis,2026-05-22 03:43:08,2021.0,2021-05
modis_maiac_aod_2021-05-04.tif,/workspace/geovision-cali-hf/data/modis/modis_maiac_aod_2021-05-04.tif,.tif,0.0031,2021-05-04,/workspace/geovision-cali-hf/data/modis,2026-05-22 03:43:08,2021.0,2021-05
modis_maiac_aod_2021-05-05.tif,/workspace/geovision-cali-hf/data/modis/modis_maiac_aod_2021-05-05.tif,.tif,0.0016,2021-05-05,/workspace/geovision-cali-hf/data/modis,2026-05-22 03:43:08,2021.0,2021-05
modis_maiac_aod_2021-05-06.tif,/workspace/geovision-cali-hf/data/modis/modis_maiac_aod_2021-05-06.tif,.tif,0.0026,2021-05-06,/workspace/geovision-cali-hf/data/modis,2026-05-22 03:43:08,2021.0,2021-05
modis_maiac_aod_2021-05-07.tif,/workspace/geovision-cali-hf/data/modis/modis_maiac_aod_2021-05-07.tif,.tif,0.0049,2021-05-07,/workspace/geovision-cali-hf/data/modis,2026-05-22 03:43:08,2021.0,2021-05
modis_maiac_aod_2021-05-09.tif,/workspace/geovision-cali-hf/data/modis/modis_maiac_aod_2021-05-09.tif,.tif,0.0034,2021-05-09,/workspace/geovision-cali-hf/data/modis,2026-05-22 03:43:08,2021.0,2021-05
modis_maiac_aod_2021-05-11.tif,/workspace/geovision-cali-hf/data/modis/modis_maiac_aod_2021-05-11.tif,.tif,0.0019,2021-05-11,/workspace/geovision-cali-hf/data/modis,2026-05-22 03:43:08,2021.0,2021-05
modis_maiac_aod_2021-05-13.tif,/workspace/geovision-cali-hf/data/modis/modis_maiac_aod_2021-05-13.tif,.tif,0.0044,2021-05-13,/workspace/geovision-cali-hf/data/modis,2026-05-22 03:43:08,2021.0,2021-05
modis_maiac_aod_2021-05-14.tif,/workspace/geovision-cali-hf/data/modis/modis_maiac_aod_2021-05-14.tif,.tif,0.0015,2021-05-14,/workspace/geovision-cali-hf/data/modis,2026-05-22 03:43:08,2021.0,2021-05
modis_maiac_aod_2021-05-15.tif,/workspace/geovision-cali-hf/data/modis/modis_maiac_aod_2021-05-15.tif,.tif,0.0035,2021-05-15,/workspace/geovision-cali-hf/data/modis,2026-05-22 03:43:09,2021.0,2021-05
modis_maiac_aod_2021-05-16.tif,/workspace/geovision-cali-hf/data/modis/modis_maiac_aod_2021-05-16.tif,.tif,0.0021,2021-05-16,/workspace/geovision-cali-hf/data/modis,2026-05-22 03:43:09,2021.0,2021-05
modis_maiac_aod_2021-05-18.tif,/workspace/geovision-cali-hf/data/modis/modis_maiac_aod_2021-05-18.tif,.tif,0.0018,2021-05-18,/workspace/geovision-cali-hf/data/modis,2026-05-22 03:43:09,2021.0,2021-05
modis_maiac_aod_2021-05-20.tif,/workspace/geovision-cali-hf/data/modis/modis_maiac_aod_2021-05-20.tif,.tif,0.005,2021-05-20,/workspace/geovision-cali-hf/data/modis,2026-05-22 03:43:09,2021.0,2021-05
modis_maiac_aod_2021-05-21.tif,/workspace/geovision-cali-hf/data/modis/modis_maiac_aod_2021-05-21.tif,.tif,0.0026,2021-05-21,/workspace/geovision-cali-hf/data/modis,2026-05-22 03:43:09,2021.0,2021-05
modis_maiac_aod_2021-05-22.tif,/workspace/geovision-cali-hf/data/modis/modis_maiac_aod_2021-05-22.tif,.tif,0.0014,2021-05-22,/workspace/geovision-cali-hf/data/modis,2026-05-22 03:43:09,2021.0,2021-05
modis_maiac_aod_2021-05-23.tif,/workspace/geovision-cali-hf/data/modis/modis_maiac_aod_2021-05-23.tif,.tif,0.0017,2021-05-23,/workspace/geovision-cali-hf/data/modis,2026-05-22 03:43:09,2021.0,2021-05
modis_maiac_aod_2021-05-25.tif,/workspace/geovision-cali-hf/data/modis/modis_maiac_aod_2021-05-25.tif,.tif,0.0017,2021-05-25,/workspace/geovision-cali-hf/data/modis,2026-05-22 03:43:09,2021.0,2021-05
modis_maiac_aod_2021-05-27.tif,/workspace/geovision-cali-hf/data/modis/modis_maiac_aod_2021-05-27.tif,.tif,0.0014,2021-05-27,/workspace/geovision-cali-hf/data/modis,2026-05-22 03:43:09,2021.0,2021-05
modis_maiac_aod_2021-05-29.tif,/workspace/geovision-cali-hf/data/modis/modis_maiac_aod_2021-05-29.tif,.tif,0.0025,2021-05-29,/workspace/geovision-cali-hf/data/modis,2026-05-22 03:43:09,2021.0,2021-05
modis_maiac_aod_2021-05-30.tif,/workspace/geovision-cali-hf/data/modis/modis_maiac_aod_2021-05-30.tif,.tif,0.0026,2021-05-30,/workspace/geovision-cali-hf/data/modis,2026-05-22 03:43:09,2021.0,2021-05
modis_maiac_aod_2021-05-31.tif,/workspace/geovision-cali-hf/data/modis/modis_maiac_aod_2021-05-31.tif,.tif,0.0016,2021-05-31,/workspace/geovision-cali-hf/data/modis,2026-05-22 03:43:09,2021.0,2021-05
modis_maiac_aod_2021-06-01.tif,/workspace/geovision-cali-hf/data/modis/modis_maiac_aod_2021-06-01.tif,.tif,0.0018,2021-06-01,/workspace/geovision-cali-hf/data/modis,2026-05-22 03:43:09,2021.0,2021-06
modis_maiac_aod_2021-06-02.tif,/workspace/geovision-cali-hf/data/modis/modis_maiac_aod_2021-06-02.tif,.tif,0.0042,2021-06-02,/workspace/geovision-cali-hf/data/modis,2026-05-22 03:43:09,2021.0,2021-06
modis_maiac_aod_2021-06-03.tif,/workspace/geovision-cali-hf/data/modis/modis_maiac_aod_2021-06-03.tif,.tif,0.0022,2021-06-03,/workspace/geovision-cali-hf/data/modis,2026-05-22 03:43:09,2021.0,2021-06
modis_maiac_aod_2021-06-12.tif,/workspace/geovision-cali-hf/data/modis/modis_maiac_aod_2021-06-12.tif,.tif,0.0048,2021-06-12,/workspace/geovision-cali-hf/data/modis,2026-05-22 03:43:09,2021.0,2021-06
modis_maiac_aod_2021-06-14.tif,/workspace/geovision-cali-hf/data/modis/modis_maiac_aod_2021-06-14.tif,.tif,0.0018,2021-06-14,/workspace/geovision-cali-hf/data/modis,2026-05-22 03:43:09,2021.0,2021-06
modis_maiac_aod_2021-06-15.tif,/workspace/geovision-cali-hf/data/modis/modis_maiac_aod_2021-06-15.tif,.tif,0.0018,2021-06-15,/workspace/geovision-cali-hf/data/modis,2026-05-22 03:43:09,2021.0,2021-06
modis_maiac_aod_2021-06-16.tif,/workspace/geovision-cali-hf/data/modis/modis_maiac_aod_2021-06-16.tif,.tif,0.0034,2021-06-16,/workspace/geovision-cali-hf/data/modis,2026-05-22 03:43:09,2021.0,2021-06
modis_maiac_aod_2021-06-17.tif,/workspace/geovision-cali-hf/data/modis/modis_maiac_aod_2021-06-17.tif,.tif,0.002,2021-06-17,/workspace/geovision-cali-hf/data/modis,2026-05-22 03:43:09,2021.0,2021-06
modis_maiac_aod_2021-06-18.tif,/workspace/geovision-cali-hf/data/modis/modis_maiac_aod_2021-06-18.tif,.tif,0.0015,2021-06-18,/workspace/geovision-cali-hf/data/modis,2026-05-22 03:43:09,2021.0,2021-06
modis_maiac_aod_2021-06-19.tif,/workspace/geovision-cali-hf/data/modis/modis_maiac_aod_2021-06-19.tif,.tif,0.0042,2021-06-19,/workspace/geovision-cali-hf/data/modis,2026-05-22 03:43:09,2021.0,2021-06
modis_maiac_aod_2021-06-21.tif,/workspace/geovision-cali-hf/data/modis/modis_maiac_aod_2021-06-21.tif,.tif,0.0023,2021-06-21,/workspace/geovision-cali-hf/data/modis,2026-05-22 03:43:09,2021.0,2021-06
modis_maiac_aod_2021-06-22.tif,/workspace/geovision-cali-hf/data/modis/modis_maiac_aod_2021-06-22.tif,.tif,0.0035,2021-06-22,/workspace/geovision-cali-hf/data/modis,2026-05-22 03:43:09,2021.0,2021-06
modis_maiac_aod_2021-06-24.tif,/workspace/geovision-cali-hf/data/modis/modis_maiac_aod_2021-06-24.tif,.tif,0.0014,2021-06-24,/workspace/geovision-cali-hf/data/modis,2026-05-22 03:43:09,2021.0,2021-06
modis_maiac_aod_2021-06-26.tif,/workspace/geovision-cali-hf/data/modis/modis_maiac_aod_2021-06-26.tif,.tif,0.0021,2021-06-26,/workspace/geovision-cali-hf/data/modis,2026-05-22 03:43:09,2021.0,2021-06
modis_maiac_aod_2021-06-28.tif,/workspace/geovision-cali-hf/data/modis/modis_maiac_aod_2021-06-28.tif,.tif,0.0039,2021-06-28,/workspace/geovision-cali-hf/data/modis,2026-05-22 03:43:10,2021.0,2021-06
modis_maiac_aod_2021-06-29.tif,/workspace/geovision-cali-hf/data/modis/modis_maiac_aod_2021-06-29.tif,.tif,0.0048,2021-06-29,/workspace/geovision-cali-hf/data/modis,2026-05-22 03:43:10,2021.0,2021-06
modis_maiac_aod_2021-07-01.tif,/workspace/geovision-cali-hf/data/modis/modis_maiac_aod_2021-07-01.tif,.tif,0.0031,2021-07-01,/workspace/geovision-cali-hf/data/modis,2026-05-22 03:43:10,2021.0,2021-07
modis_maiac_aod_2021-07-02.tif,/workspace/geovision-cali-hf/data/modis/modis_maiac_aod_2021-07-02.tif,.tif,0.004,2021-07-02,/workspace/geovision-cali-hf/data/modis,2026-05-22 03:43:10,2021.0,2021-07
modis_maiac_aod_2021-07-03.tif,/workspace/geovision-cali-hf/data/modis/modis_maiac_aod_2021-07-03.tif,.tif,0.0037,2021-07-03,/workspace/geovision-cali-hf/data/modis,2026-05-22 03:43:10,2021.0,2021-07
modis_maiac_aod_2021-07-04.tif,/workspace/geovision-cali-hf/data/modis/modis_maiac_aod_2021-07-04.tif,.tif,0.0032,2021-07-04,/workspace/geovision-cali-hf/data/modis,2026-05-22 03:43:10,2021.0,2021-07
modis_maiac_aod_2021-07-05.tif,/workspace/geovision-cali-hf/data/modis/modis_maiac_aod_2021-07-05.tif,.tif,0.0027,2021-07-05,/workspace/geovision-cali-hf/data/modis,2026-05-22 03:43:10,2021.0,2021-07
modis_maiac_aod_2021-07-07.tif,/workspace/geovision-cali-hf/data/modis/modis_maiac_aod_2021-07-07.tif,.tif,0.004,2021-07-07,/workspace/geovision-cali-hf/data/modis,2026-05-22 03:43:10,2021.0,2021-07
modis_maiac_aod_2021-07-08.tif,/workspace/geovision-cali-hf/data/modis/modis_maiac_aod_2021-07-08.tif,.tif,0.0025,2021-07-08,/workspace/geovision-cali-hf/data/modis,2026-05-22 03:43:10,2021.0,2021-07
modis_maiac_aod_2021-07-11.tif,/workspace/geovision-cali-hf/data/modis/modis_maiac_aod_2021-07-11.tif,.tif,0.0017,2021-07-11,/workspace/geovision-cali-hf/data/modis,2026-05-22 03:43:10,2021.0,2021-07
modis_maiac_aod_2021-07-12.tif,/workspace/geovision-cali-hf/data/modis/modis_maiac_aod_2021-07-12.tif,.tif,0.0016,2021-07-12,/workspace/geovision-cali-hf/data/modis,2026-05-22 03:43:10,2021.0,2021-07
modis_maiac_aod_2021-07-14.tif,/workspace/geovision-cali-hf/data/modis/modis_maiac_aod_2021-07-14.tif,.tif,0.0023,2021-07-14,/workspace/geovision-cali-hf/data/modis,2026-05-22 03:43:10,2021.0,2021-07
modis_maiac_aod_2021-07-15.tif,/workspace/geovision-cali-hf/data/modis/modis_maiac_aod_2021-07-15.tif,.tif,0.003,2021-07-15,/workspace/geovision-cali-hf/data/modis,2026-05-22 03:43:10,2021.0,2021-07
modis_maiac_aod_2021-07-16.tif,/workspace/geovision-cali-hf/data/modis/modis_maiac_aod_2021-07-16.tif,.tif,0.0015,2021-07-16,/workspace/geovision-cali-hf/data/modis,2026-05-22 03:43:10,2021.0,2021-07
modis_maiac_aod_2021-07-18.tif,/workspace/geovision-cali-hf/data/modis/modis_maiac_aod_2021-07-18.tif,.tif,0.0014,2021-07-18,/workspace/geovision-cali-hf/data/modis,2026-05-22 03:43:10,2021.0,2021-07
modis_maiac_aod_2021-07-19.tif,/workspace/geovision-cali-hf/data/modis/modis_maiac_aod_2021-07-19.tif,.tif,0.0048,2021-07-19,/workspace/geovision-cali-hf/data/modis,2026-05-22 03:43:10,2021.0,2021-07
modis_maiac_aod_2021-07-20.tif,/workspace/geovision-cali-hf/data/modis/modis_maiac_aod_2021-07-20.tif,.tif,0.0048,2021-07-20,/workspace/geovision-cali-hf/data/modis,2026-05-22 03:43:10,2021.0,2021-07
modis_maiac_aod_2021-07-21.tif,/workspace/geovision-cali-hf/data/modis/modis_maiac_aod_2021-07-21.tif,.tif,0.0014,2021-07-21,/workspace/geovision-cali-hf/data/modis,2026-05-22 03:43:10,2021.0,2021-07
modis_maiac_aod_2021-07-23.tif,/workspace/geovision-cali-hf/data/modis/modis_maiac_aod_2021-07-23.tif,.tif,0.0014,2021-07-23,/workspace/geovision-cali-hf/data/modis,2026-05-22 03:43:10,2021.0,2021-07
modis_maiac_aod_2021-07-26.tif,/workspace/geovision-cali-hf/data/modis/modis_maiac_aod_2021-07-26.tif,.tif,0.0015,2021-07-26,/workspace/geovision-cali-hf/data/modis,2026-05-22 03:43:10,2021.0,2021-07
modis_maiac_aod_2021-07-27.tif,/workspace/geovision-cali-hf/data/modis/modis_maiac_aod_2021-07-27.tif,.tif,0.0017,2021-07-27,/workspace/geovision-cali-hf/data/modis,2026-05-22 03:43:10,2021.0,2021-07
modis_maiac_aod_2021-07-28.tif,/workspace/geovision-cali-hf/data/modis/modis_maiac_aod_2021-07-28.tif,.tif,0.0041,2021-07-28,/workspace/geovision-cali-hf/data/modis,2026-05-22 03:43:10,2021.0,2021-07
modis_maiac_aod_2021-07-31.tif,/workspace/geovision-cali-hf/data/modis/modis_maiac_aod_2021-07-31.tif,.tif,0.0049,2021-07-31,/workspace/geovision-cali-hf/data/modis,2026-05-22 03:43:10,2021.0,2021-07
modis_maiac_aod_2021-08-04.tif,/workspace/geovision-cali-hf/data/modis/modis_maiac_aod_2021-08-04.tif,.tif,0.0029,2021-08-04,/workspace/geovision-cali-hf/data/modis,2026-05-22 03:43:10,2021.0,2021-08
modis_maiac_aod_2021-08-05.tif,/workspace/geovision-cali-hf/data/modis/modis_maiac_aod_2021-08-05.tif,.tif,0.0039,2021-08-05,/workspace/geovision-cali-hf/data/modis,2026-05-22 03:43:11,2021.0,2021-08
modis_maiac_aod_2021-08-08.tif,/workspace/geovision-cali-hf/data/modis/modis_maiac_aod_2021-08-08.tif,.tif,0.0016,2021-08-08,/workspace/geovision-cali-hf/data/modis,2026-05-22 03:43:11,2021.0,2021-08
modis_maiac_aod_2021-08-09.tif,/workspace/geovision-cali-hf/data/modis/modis_maiac_aod_2021-08-09.tif,.tif,0.0034,2021-08-09,/workspace/geovision-cali-hf/data/modis,2026-05-22 03:43:11,2021.0,2021-08
modis_maiac_aod_2021-08-11.tif,/workspace/geovision-cali-hf/data/modis/modis_maiac_aod_2021-08-11.tif,.tif,0.0016,2021-08-11,/workspace/geovision-cali-hf/data/modis,2026-05-22 03:43:11,2021.0,2021-08
modis_maiac_aod_2021-08-13.tif,/workspace/geovision-cali-hf/data/modis/modis_maiac_aod_2021-08-13.tif,.tif,0.0022,2021-08-13,/workspace/geovision-cali-hf/data/modis,2026-05-22 03:43:11,2021.0,2021-08
modis_maiac_aod_2021-08-15.tif,/workspace/geovision-cali-hf/data/modis/modis_maiac_aod_2021-08-15.tif,.tif,0.0015,2021-08-15,/workspace/geovision-cali-hf/data/modis,2026-05-22 03:43:11,2021.0,2021-08
modis_maiac_aod_2021-08-17.tif,/workspace/geovision-cali-hf/data/modis/modis_maiac_aod_2021-08-17.tif,.tif,0.0021,2021-08-17,/workspace/geovision-cali-hf/data/modis,2026-05-22 03:43:11,2021.0,2021-08
modis_maiac_aod_2021-08-18.tif,/workspace/geovision-cali-hf/data/modis/modis_maiac_aod_2021-08-18.tif,.tif,0.0017,2021-08-18,/workspace/geovision-cali-hf/data/modis,2026-05-22 03:43:11,2021.0,2021-08
modis_maiac_aod_2021-08-20.tif,/workspace/geovision-cali-hf/data/modis/modis_maiac_aod_2021-08-20.tif,.tif,0.004,2021-08-20,/workspace/geovision-cali-hf/data/modis,2026-05-22 03:43:11,2021.0,2021-08
modis_maiac_aod_2021-08-22.tif,/workspace/geovision-cali-hf/data/modis/modis_maiac_aod_2021-08-22.tif,.tif,0.0015,2021-08-22,/workspace/geovision-cali-hf/data/modis,2026-05-22 03:43:11,2021.0,2021-08
modis_maiac_aod_2021-08-25.tif,/workspace/geovision-cali-hf/data/modis/modis_maiac_aod_2021-08-25.tif,.tif,0.0014,2021-08-25,/workspace/geovision-cali-hf/data/modis,2026-05-22 03:43:11,2021.0,2021-08
modis_maiac_aod_2021-08-28.tif,/workspace/geovision-cali-hf/data/modis/modis_maiac_aod_2021-08-28.tif,.tif,0.0014,2021-08-28,/workspace/geovision-cali-hf/data/modis,2026-05-22 03:43:11,2021.0,2021-08
modis_maiac_aod_2021-09-01.tif,/workspace/geovision-cali-hf/data/modis/modis_maiac_aod_2021-09-01.tif,.tif,0.0025,2021-09-01,/workspace/geovision-cali-hf/data/modis,2026-05-22 03:43:11,2021.0,2021-09
modis_maiac_aod_2021-09-02.tif,/workspace/geovision-cali-hf/data/modis/modis_maiac_aod_2021-09-02.tif,.tif,0.004,2021-09-02,/workspace/geovision-cali-hf/data/modis,2026-05-22 03:43:11,2021.0,2021-09
modis_maiac_aod_2021-09-03.tif,/workspace/geovision-cali-hf/data/modis/modis_maiac_aod_2021-09-03.tif,.tif,0.0026,2021-09-03,/workspace/geovision-cali-hf/data/modis,2026-05-22 03:43:11,2021.0,2021-09
modis_maiac_aod_2021-09-04.tif,/workspace/geovision-cali-hf/data/modis/modis_maiac_aod_2021-09-04.tif,.tif,0.0014,2021-09-04,/workspace/geovision-cali-hf/data/modis,2026-05-22 03:43:11,2021.0,2021-09
modis_maiac_aod_2021-09-05.tif,/workspace/geovision-cali-hf/data/modis/modis_maiac_aod_2021-09-05.tif,.tif,0.0016,2021-09-05,/workspace/geovision-cali-hf/data/modis,2026-05-22 03:43:11,2021.0,2021-09
modis_maiac_aod_2021-09-07.tif,/workspace/geovision-cali-hf/data/modis/modis_maiac_aod_2021-09-07.tif,.tif,0.0036,2021-09-07,/workspace/geovision-cali-hf/data/modis,2026-05-22 03:43:11,2021.0,2021-09
modis_maiac_aod_2021-09-09.tif,/workspace/geovision-cali-hf/data/modis/modis_maiac_aod_2021-09-09.tif,.tif,0.0034,2021-09-09,/workspace/geovision-cali-hf/data/modis,2026-05-22 03:43:11,2021.0,2021-09
modis_maiac_aod_2021-09-12.tif,/workspace/geovision-cali-hf/data/modis/modis_maiac_aod_2021-09-12.tif,.tif,0.0016,2021-09-12,/workspace/geovision-cali-hf/data/modis,2026-05-22 03:43:11,2021.0,2021-09
modis_maiac_aod_2021-09-13.tif,/workspace/geovision-cali-hf/data/modis/modis_maiac_aod_2021-09-13.tif,.tif,0.0045,2021-09-13,/workspace/geovision-cali-hf/data/modis,2026-05-22 03:43:11,2021.0,2021-09
modis_maiac_aod_2021-09-14.tif,/workspace/geovision-cali-hf/data/modis/modis_maiac_aod_2021-09-14.tif,.tif,0.0016,2021-09-14,/workspace/geovision-cali-hf/data/modis,2026-05-22 03:43:11,2021.0,2021-09
modis_maiac_aod_2021-09-16.tif,/workspace/geovision-cali-hf/data/modis/modis_maiac_aod_2021-09-16.tif,.tif,0.0043,2021-09-16,/workspace/geovision-cali-hf/data/modis,2026-05-22 03:43:11,2021.0,2021-09
modis_maiac_aod_2021-09-17.tif,/workspace/geovision-cali-hf/data/modis/modis_maiac_aod_2021-09-17.tif,.tif,0.0054,2021-09-17,/workspace/geovision-cali-hf/data/modis,2026-05-22 03:43:11,2021.0,2021-09
modis_maiac_aod_2021-09-18.tif,/workspace/geovision-cali-hf/data/modis/modis_maiac_aod_2021-09-18.tif,.tif,0.0039,2021-09-18,/workspace/geovision-cali-hf/data/modis,2026-05-22 03:43:11,2021.0,2021-09
modis_maiac_aod_2021-09-20.tif,/workspace/geovision-cali-hf/data/modis/modis_maiac_aod_2021-09-20.tif,.tif,0.0027,2021-09-20,/workspace/geovision-cali-hf/data/modis,2026-05-22 03:43:12,2021.0,2021-09
modis_maiac_aod_2021-09-25.tif,/workspace/geovision-cali-hf/data/modis/modis_maiac_aod_2021-09-25.tif,.tif,0.005,2021-09-25,/workspace/geovision-cali-hf/data/modis,2026-05-22 03:43:12,2021.0,2021-09
modis_maiac_aod_2021-09-26.tif,/workspace/geovision-cali-hf/data/modis/modis_maiac_aod_2021-09-26.tif,.tif,0.0017,2021-09-26,/workspace/geovision-cali-hf/data/modis,2026-05-22 03:43:12,2021.0,2021-09
modis_maiac_aod_2021-09-27.tif,/workspace/geovision-cali-hf/data/modis/modis_maiac_aod_2021-09-27.tif,.tif,0.0052,2021-09-27,/workspace/geovision-cali-hf/data/modis,2026-05-22 03:43:12,2021.0,2021-09
modis_maiac_aod_2021-09-29.tif,/workspace/geovision-cali-hf/data/modis/modis_maiac_aod_2021-09-29.tif,.tif,0.0033,2021-09-29,/workspace/geovision-cali-hf/data/modis,2026-05-22 03:43:12,2021.0,2021-09
modis_maiac_aod_2021-10-02.tif,/workspace/geovision-cali-hf/data/modis/modis_maiac_aod_2021-10-02.tif,.tif,0.0015,2021-10-02,/workspace/geovision-cali-hf/data/modis,2026-05-22 03:43:12,2021.0,2021-10
modis_maiac_aod_2021-10-03.tif,/workspace/geovision-cali-hf/data/modis/modis_maiac_aod_2021-10-03.tif,.tif,0.0026,2021-10-03,/workspace/geovision-cali-hf/data/modis,2026-05-22 03:43:12,2021.0,2021-10
modis_maiac_aod_2021-10-04.tif,/workspace/geovision-cali-hf/data/modis/modis_maiac_aod_2021-10-04.tif,.tif,0.0016,2021-10-04,/workspace/geovision-cali-hf/data/modis,2026-05-22 03:43:12,2021.0,2021-10
modis_maiac_aod_2021-10-06.tif,/workspace/geovision-cali-hf/data/modis/modis_maiac_aod_2021-10-06.tif,.tif,0.0014,2021-10-06,/workspace/geovision-cali-hf/data/modis,2026-05-22 03:43:12,2021.0,2021-10
modis_maiac_aod_2021-10-07.tif,/workspace/geovision-cali-hf/data/modis/modis_maiac_aod_2021-10-07.tif,.tif,0.003,2021-10-07,/workspace/geovision-cali-hf/data/modis,2026-05-22 03:43:12,2021.0,2021-10
modis_maiac_aod_2021-10-08.tif,/workspace/geovision-cali-hf/data/modis/modis_maiac_aod_2021-10-08.tif,.tif,0.0023,2021-10-08,/workspace/geovision-cali-hf/data/modis,2026-05-22 03:43:12,2021.0,2021-10
modis_maiac_aod_2021-10-12.tif,/workspace/geovision-cali-hf/data/modis/modis_maiac_aod_2021-10-12.tif,.tif,0.0024,2021-10-12,/workspace/geovision-cali-hf/data/modis,2026-05-22 03:43:12,2021.0,2021-10
modis_maiac_aod_2021-10-13.tif,/workspace/geovision-cali-hf/data/modis/modis_maiac_aod_2021-10-13.tif,.tif,0.0045,2021-10-13,/workspace/geovision-cali-hf/data/modis,2026-05-22 03:43:12,2021.0,2021-10
modis_maiac_aod_2021-10-14.tif,/workspace/geovision-cali-hf/data/modis/modis_maiac_aod_2021-10-14.tif,.tif,0.0019,2021-10-14,/workspace/geovision-cali-hf/data/modis,2026-05-22 03:43:12,2021.0,2021-10
modis_maiac_aod_2021-10-15.tif,/workspace/geovision-cali-hf/data/modis/modis_maiac_aod_2021-10-15.tif,.tif,0.0019,2021-10-15,/workspace/geovision-cali-hf/data/modis,2026-05-22 03:43:12,2021.0,2021-10
modis_maiac_aod_2021-10-16.tif,/workspace/geovision-cali-hf/data/modis/modis_maiac_aod_2021-10-16.tif,.tif,0.0014,2021-10-16,/workspace/geovision-cali-hf/data/modis,2026-05-22 03:43:12,2021.0,2021-10
modis_maiac_aod_2021-10-18.tif,/workspace/geovision-cali-hf/data/modis/modis_maiac_aod_2021-10-18.tif,.tif,0.0018,2021-10-18,/workspace/geovision-cali-hf/data/modis,2026-05-22 03:43:12,2021.0,2021-10
modis_maiac_aod_2021-10-20.tif,/workspace/geovision-cali-hf/data/modis/modis_maiac_aod_2021-10-20.tif,.tif,0.002,2021-10-20,/workspace/geovision-cali-hf/data/modis,2026-05-22 03:43:12,2021.0,2021-10
modis_maiac_aod_2021-10-24.tif,/workspace/geovision-cali-hf/data/modis/modis_maiac_aod_2021-10-24.tif,.tif,0.0016,2021-10-24,/workspace/geovision-cali-hf/data/modis,2026-05-22 03:43:12,2021.0,2021-10
modis_maiac_aod_2021-10-25.tif,/workspace/geovision-cali-hf/data/modis/modis_maiac_aod_2021-10-25.tif,.tif,0.0015,2021-10-25,/workspace/geovision-cali-hf/data/modis,2026-05-22 03:43:12,2021.0,2021-10
modis_maiac_aod_2021-10-27.tif,/workspace/geovision-cali-hf/data/modis/modis_maiac_aod_2021-10-27.tif,.tif,0.002,2021-10-27,/workspace/geovision-cali-hf/data/modis,2026-05-22 03:43:12,2021.0,2021-10
modis_maiac_aod_2021-10-28.tif,/workspace/geovision-cali-hf/data/modis/modis_maiac_aod_2021-10-28.tif,.tif,0.0023,2021-10-28,/workspace/geovision-cali-hf/data/modis,2026-05-22 03:43:12,2021.0,2021-10
modis_maiac_aod_2021-10-29.tif,/workspace/geovision-cali-hf/data/modis/modis_maiac_aod_2021-10-29.tif,.tif,0.0032,2021-10-29,/workspace/geovision-cali-hf/data/modis,2026-05-22 03:43:12,2021.0,2021-10
modis_maiac_aod_2021-10-30.tif,/workspace/geovision-cali-hf/data/modis/modis_maiac_aod_2021-10-30.tif,.tif,0.0036,2021-10-30,/workspace/geovision-cali-hf/data/modis,2026-05-22 03:43:13,2021.0,2021-10
modis_maiac_aod_2021-10-31.tif,/workspace/geovision-cali-hf/data/modis/modis_maiac_aod_2021-10-31.tif,.tif,0.0015,2021-10-31,/workspace/geovision-cali-hf/data/modis,2026-05-22 03:43:13,2021.0,2021-10
modis_maiac_aod_2021-11-01.tif,/workspace/geovision-cali-hf/data/modis/modis_maiac_aod_2021-11-01.tif,.tif,0.0036,2021-11-01,/workspace/geovision-cali-hf/data/modis,2026-05-22 03:43:13,2021.0,2021-11
modis_maiac_aod_2021-11-03.tif,/workspace/geovision-cali-hf/data/modis/modis_maiac_aod_2021-11-03.tif,.tif,0.0027,2021-11-03,/workspace/geovision-cali-hf/data/modis,2026-05-22 03:43:13,2021.0,2021-11
modis_maiac_aod_2021-11-05.tif,/workspace/geovision-cali-hf/data/modis/modis_maiac_aod_2021-11-05.tif,.tif,0.0027,2021-11-05,/workspace/geovision-cali-hf/data/modis,2026-05-22 03:43:13,2021.0,2021-11
modis_maiac_aod_2021-11-07.tif,/workspace/geovision-cali-hf/data/modis/modis_maiac_aod_2021-11-07.tif,.tif,0.0031,2021-11-07,/workspace/geovision-cali-hf/data/modis,2026-05-22 03:43:13,2021.0,2021-11
modis_maiac_aod_2021-11-12.tif,/workspace/geovision-cali-hf/data/modis/modis_maiac_aod_2021-11-12.tif,.tif,0.0023,2021-11-12,/workspace/geovision-cali-hf/data/modis,2026-05-22 03:43:13,2021.0,2021-11
modis_maiac_aod_2021-11-14.tif,/workspace/geovision-cali-hf/data/modis/modis_maiac_aod_2021-11-14.tif,.tif,0.0015,2021-11-14,/workspace/geovision-cali-hf/data/modis,2026-05-22 03:43:13,2021.0,2021-11
modis_maiac_aod_2021-11-17.tif,/workspace/geovision-cali-hf/data/modis/modis_maiac_aod_2021-11-17.tif,.tif,0.0017,2021-11-17,/workspace/geovision-cali-hf/data/modis,2026-05-22 03:43:13,2021.0,2021-11
modis_maiac_aod_2021-11-20.tif,/workspace/geovision-cali-hf/data/modis/modis_maiac_aod_2021-11-20.tif,.tif,0.0016,2021-11-20,/workspace/geovision-cali-hf/data/modis,2026-05-22 03:43:13,2021.0,2021-11
modis_maiac_aod_2021-11-21.tif,/workspace/geovision-cali-hf/data/modis/modis_maiac_aod_2021-11-21.tif,.tif,0.0023,2021-11-21,/workspace/geovision-cali-hf/data/modis,2026-05-22 03:43:13,2021.0,2021-11
modis_maiac_aod_2021-11-22.tif,/workspace/geovision-cali-hf/data/modis/modis_maiac_aod_2021-11-22.tif,.tif,0.0018,2021-11-22,/workspace/geovision-cali-hf/data/modis,2026-05-22 03:43:13,2021.0,2021-11
modis_maiac_aod_2021-11-24.tif,/workspace/geovision-cali-hf/data/modis/modis_maiac_aod_2021-11-24.tif,.tif,0.0015,2021-11-24,/workspace/geovision-cali-hf/data/modis,2026-05-22 03:43:13,2021.0,2021-11
modis_maiac_aod_2021-11-28.tif,/workspace/geovision-cali-hf/data/modis/modis_maiac_aod_2021-11-28.tif,.tif,0.0029,2021-11-28,/workspace/geovision-cali-hf/data/modis,2026-05-22 03:43:13,2021.0,2021-11
modis_maiac_aod_2021-12-01.tif,/workspace/geovision-cali-hf/data/modis/modis_maiac_aod_2021-12-01.tif,.tif,0.0017,2021-12-01,/workspace/geovision-cali-hf/data/modis,2026-05-22 03:43:13,2021.0,2021-12
modis_maiac_aod_2021-12-02.tif,/workspace/geovision-cali-hf/data/modis/modis_maiac_aod_2021-12-02.tif,.tif,0.0043,2021-12-02,/workspace/geovision-cali-hf/data/modis,2026-05-22 03:43:13,2021.0,2021-12
modis_maiac_aod_2021-12-03.tif,/workspace/geovision-cali-hf/data/modis/modis_maiac_aod_2021-12-03.tif,.tif,0.0027,2021-12-03,/workspace/geovision-cali-hf/data/modis,2026-05-22 03:43:13,2021.0,2021-12
modis_maiac_aod_2021-12-05.tif,/workspace/geovision-cali-hf/data/modis/modis_maiac_aod_2021-12-05.tif,.tif,0.0016,2021-12-05,/workspace/geovision-cali-hf/data/modis,2026-05-22 03:43:13,2021.0,2021-12
modis_maiac_aod_2021-12-06.tif,/workspace/geovision-cali-hf/data/modis/modis_maiac_aod_2021-12-06.tif,.tif,0.0025,2021-12-06,/workspace/geovision-cali-hf/data/modis,2026-05-22 03:43:13,2021.0,2021-12
modis_maiac_aod_2021-12-07.tif,/workspace/geovision-cali-hf/data/modis/modis_maiac_aod_2021-12-07.tif,.tif,0.0032,2021-12-07,/workspace/geovision-cali-hf/data/modis,2026-05-22 03:43:13,2021.0,2021-12
modis_maiac_aod_2021-12-08.tif,/workspace/geovision-cali-hf/data/modis/modis_maiac_aod_2021-12-08.tif,.tif,0.0032,2021-12-08,/workspace/geovision-cali-hf/data/modis,2026-05-22 03:43:13,2021.0,2021-12
modis_maiac_aod_2021-12-14.tif,/workspace/geovision-cali-hf/data/modis/modis_maiac_aod_2021-12-14.tif,.tif,0.0028,2021-12-14,/workspace/geovision-cali-hf/data/modis,2026-05-22 03:43:13,2021.0,2021-12
modis_maiac_aod_2021-12-15.tif,/workspace/geovision-cali-hf/data/modis/modis_maiac_aod_2021-12-15.tif,.tif,0.0014,2021-12-15,/workspace/geovision-cali-hf/data/modis,2026-05-22 03:43:13,2021.0,2021-12
modis_maiac_aod_2021-12-16.tif,/workspace/geovision-cali-hf/data/modis/modis_maiac_aod_2021-12-16.tif,.tif,0.0015,2021-12-16,/workspace/geovision-cali-hf/data/modis,2026-05-22 03:43:13,2021.0,2021-12
modis_maiac_aod_2021-12-19.tif,/workspace/geovision-cali-hf/data/modis/modis_maiac_aod_2021-12-19.tif,.tif,0.0024,2021-12-19,/workspace/geovision-cali-hf/data/modis,2026-05-22 03:43:13,2021.0,2021-12
modis_maiac_aod_2021-12-21.tif,/workspace/geovision-cali-hf/data/modis/modis_maiac_aod_2021-12-21.tif,.tif,0.0018,2021-12-21,/workspace/geovision-cali-hf/data/modis,2026-05-22 03:43:14,2021.0,2021-12
modis_maiac_aod_2021-12-23.tif,/workspace/geovision-cali-hf/data/modis/modis_maiac_aod_2021-12-23.tif,.tif,0.0016,2021-12-23,/workspace/geovision-cali-hf/data/modis,2026-05-22 03:43:14,2021.0,2021-12
modis_maiac_aod_2021-12-24.tif,/workspace/geovision-cali-hf/data/modis/modis_maiac_aod_2021-12-24.tif,.tif,0.0026,2021-12-24,/workspace/geovision-cali-hf/data/modis,2026-05-22 03:43:14,2021.0,2021-12
modis_maiac_aod_2021-12-26.tif,/workspace/geovision-cali-hf/data/modis/modis_maiac_aod_2021-12-26.tif,.tif,0.0014,2021-12-26,/workspace/geovision-cali-hf/data/modis,2026-05-22 03:43:14,2021.0,2021-12
modis_maiac_aod_2021-12-30.tif,/workspace/geovision-cali-hf/data/modis/modis_maiac_aod_2021-12-30.tif,.tif,0.0041,2021-12-30,/workspace/geovision-cali-hf/data/modis,2026-05-22 03:43:14,2021.0,2021-12
modis_maiac_aod_2022-01-02.tif,/workspace/geovision-cali-hf/data/modis/modis_maiac_aod_2022-01-02.tif,.tif,0.0027,2022-01-02,/workspace/geovision-cali-hf/data/modis,2026-05-22 03:43:14,2022.0,2022-01
modis_maiac_aod_2022-01-03.tif,/workspace/geovision-cali-hf/data/modis/modis_maiac_aod_2022-01-03.tif,.tif,0.0023,2022-01-03,/workspace/geovision-cali-hf/data/modis,2026-05-22 03:43:14,2022.0,2022-01
modis_maiac_aod_2022-01-04.tif,/workspace/geovision-cali-hf/data/modis/modis_maiac_aod_2022-01-04.tif,.tif,0.0014,2022-01-04,/workspace/geovision-cali-hf/data/modis,2026-05-22 03:43:14,2022.0,2022-01
modis_maiac_aod_2022-01-06.tif,/workspace/geovision-cali-hf/data/modis/modis_maiac_aod_2022-01-06.tif,.tif,0.0014,2022-01-06,/workspace/geovision-cali-hf/data/modis,2026-05-22 03:43:14,2022.0,2022-01
modis_maiac_aod_2022-01-08.tif,/workspace/geovision-cali-hf/data/modis/modis_maiac_aod_2022-01-08.tif,.tif,0.0049,2022-01-08,/workspace/geovision-cali-hf/data/modis,2026-05-22 03:43:14,2022.0,2022-01
modis_maiac_aod_2022-01-09.tif,/workspace/geovision-cali-hf/data/modis/modis_maiac_aod_2022-01-09.tif,.tif,0.0044,2022-01-09,/workspace/geovision-cali-hf/data/modis,2026-05-22 03:43:14,2022.0,2022-01
modis_maiac_aod_2022-01-10.tif,/workspace/geovision-cali-hf/data/modis/modis_maiac_aod_2022-01-10.tif,.tif,0.0021,2022-01-10,/workspace/geovision-cali-hf/data/modis,2026-05-22 03:43:14,2022.0,2022-01
modis_maiac_aod_2022-01-11.tif,/workspace/geovision-cali-hf/data/modis/modis_maiac_aod_2022-01-11.tif,.tif,0.0014,2022-01-11,/workspace/geovision-cali-hf/data/modis,2026-05-22 03:43:14,2022.0,2022-01
modis_maiac_aod_2022-01-12.tif,/workspace/geovision-cali-hf/data/modis/modis_maiac_aod_2022-01-12.tif,.tif,0.0046,2022-01-12,/workspace/geovision-cali-hf/data/modis,2026-05-22 03:43:14,2022.0,2022-01
modis_maiac_aod_2022-01-13.tif,/workspace/geovision-cali-hf/data/modis/modis_maiac_aod_2022-01-13.tif,.tif,0.0017,2022-01-13,/workspace/geovision-cali-hf/data/modis,2026-05-22 03:43:14,2022.0,2022-01
modis_maiac_aod_2022-01-15.tif,/workspace/geovision-cali-hf/data/modis/modis_maiac_aod_2022-01-15.tif,.tif,0.0015,2022-01-15,/workspace/geovision-cali-hf/data/modis,2026-05-22 03:43:14,2022.0,2022-01
modis_maiac_aod_2022-01-16.tif,/workspace/geovision-cali-hf/data/modis/modis_maiac_aod_2022-01-16.tif,.tif,0.0036,2022-01-16,/workspace/geovision-cali-hf/data/modis,2026-05-22 03:43:14,2022.0,2022-01
modis_maiac_aod_2022-01-17.tif,/workspace/geovision-cali-hf/data/modis/modis_maiac_aod_2022-01-17.tif,.tif,0.0025,2022-01-17,/workspace/geovision-cali-hf/data/modis,2026-05-22 03:43:14,2022.0,2022-01
modis_maiac_aod_2022-01-18.tif,/workspace/geovision-cali-hf/data/modis/modis_maiac_aod_2022-01-18.tif,.tif,0.0021,2022-01-18,/workspace/geovision-cali-hf/data/modis,2026-05-22 03:43:14,2022.0,2022-01
modis_maiac_aod_2022-01-19.tif,/workspace/geovision-cali-hf/data/modis/modis_maiac_aod_2022-01-19.tif,.tif,0.0051,2022-01-19,/workspace/geovision-cali-hf/data/modis,2026-05-22 03:43:14,2022.0,2022-01
modis_maiac_aod_2022-01-20.tif,/workspace/geovision-cali-hf/data/modis/modis_maiac_aod_2022-01-20.tif,.tif,0.0045,2022-01-20,/workspace/geovision-cali-hf/data/modis,2026-05-22 03:43:14,2022.0,2022-01
modis_maiac_aod_2022-01-22.tif,/workspace/geovision-cali-hf/data/modis/modis_maiac_aod_2022-01-22.tif,.tif,0.0025,2022-01-22,/workspace/geovision-cali-hf/data/modis,2026-05-22 03:43:14,2022.0,2022-01
modis_maiac_aod_2022-01-23.tif,/workspace/geovision-cali-hf/data/modis/modis_maiac_aod_2022-01-23.tif,.tif,0.0029,2022-01-23,/workspace/geovision-cali-hf/data/modis,2026-05-22 03:43:14,2022.0,2022-01
modis_maiac_aod_2022-01-24.tif,/workspace/geovision-cali-hf/data/modis/modis_maiac_aod_2022-01-24.tif,.tif,0.0041,2022-01-24,/workspace/geovision-cali-hf/data/modis,2026-05-22 03:43:15,2022.0,2022-01
modis_maiac_aod_2022-01-27.tif,/workspace/geovision-cali-hf/data/modis/modis_maiac_aod_2022-01-27.tif,.tif,0.0037,2022-01-27,/workspace/geovision-cali-hf/data/modis,2026-05-22 03:43:14,2022.0,2022-01
modis_maiac_aod_2022-01-28.tif,/workspace/geovision-cali-hf/data/modis/modis_maiac_aod_2022-01-28.tif,.tif,0.0024,2022-01-28,/workspace/geovision-cali-hf/data/modis,2026-05-22 03:43:15,2022.0,2022-01
modis_maiac_aod_2022-01-29.tif,/workspace/geovision-cali-hf/data/modis/modis_maiac_aod_2022-01-29.tif,.tif,0.0027,2022-01-29,/workspace/geovision-cali-hf/data/modis,2026-05-22 03:43:15,2022.0,2022-01
modis_maiac_aod_2022-01-31.tif,/workspace/geovision-cali-hf/data/modis/modis_maiac_aod_2022-01-31.tif,.tif,0.0014,2022-01-31,/workspace/geovision-cali-hf/data/modis,2026-05-22 03:43:15,2022.0,2022-01
modis_maiac_aod_2022-02-01.tif,/workspace/geovision-cali-hf/data/modis/modis_maiac_aod_2022-02-01.tif,.tif,0.0022,2022-02-01,/workspace/geovision-cali-hf/data/modis,2026-05-22 03:43:15,2022.0,2022-02
modis_maiac_aod_2022-02-02.tif,/workspace/geovision-cali-hf/data/modis/modis_maiac_aod_2022-02-02.tif,.tif,0.0019,2022-02-02,/workspace/geovision-cali-hf/data/modis,2026-05-22 03:43:15,2022.0,2022-02
modis_maiac_aod_2022-02-03.tif,/workspace/geovision-cali-hf/data/modis/modis_maiac_aod_2022-02-03.tif,.tif,0.0028,2022-02-03,/workspace/geovision-cali-hf/data/modis,2026-05-22 03:43:15,2022.0,2022-02
modis_maiac_aod_2022-02-05.tif,/workspace/geovision-cali-hf/data/modis/modis_maiac_aod_2022-02-05.tif,.tif,0.0021,2022-02-05,/workspace/geovision-cali-hf/data/modis,2026-05-22 03:43:15,2022.0,2022-02
modis_maiac_aod_2022-02-07.tif,/workspace/geovision-cali-hf/data/modis/modis_maiac_aod_2022-02-07.tif,.tif,0.0018,2022-02-07,/workspace/geovision-cali-hf/data/modis,2026-05-22 03:43:15,2022.0,2022-02
modis_maiac_aod_2022-02-11.tif,/workspace/geovision-cali-hf/data/modis/modis_maiac_aod_2022-02-11.tif,.tif,0.0034,2022-02-11,/workspace/geovision-cali-hf/data/modis,2026-05-22 03:43:15,2022.0,2022-02
modis_maiac_aod_2022-02-12.tif,/workspace/geovision-cali-hf/data/modis/modis_maiac_aod_2022-02-12.tif,.tif,0.0033,2022-02-12,/workspace/geovision-cali-hf/data/modis,2026-05-22 03:43:15,2022.0,2022-02
modis_maiac_aod_2022-02-16.tif,/workspace/geovision-cali-hf/data/modis/modis_maiac_aod_2022-02-16.tif,.tif,0.0029,2022-02-16,/workspace/geovision-cali-hf/data/modis,2026-05-22 03:43:15,2022.0,2022-02
modis_maiac_aod_2022-02-17.tif,/workspace/geovision-cali-hf/data/modis/modis_maiac_aod_2022-02-17.tif,.tif,0.0015,2022-02-17,/workspace/geovision-cali-hf/data/modis,2026-05-22 03:43:15,2022.0,2022-02
modis_maiac_aod_2022-02-19.tif,/workspace/geovision-cali-hf/data/modis/modis_maiac_aod_2022-02-19.tif,.tif,0.0036,2022-02-19,/workspace/geovision-cali-hf/data/modis,2026-05-22 03:43:15,2022.0,2022-02
modis_maiac_aod_2022-02-20.tif,/workspace/geovision-cali-hf/data/modis/modis_maiac_aod_2022-02-20.tif,.tif,0.0024,2022-02-20,/workspace/geovision-cali-hf/data/modis,2026-05-22 03:43:15,2022.0,2022-02
modis_maiac_aod_2022-02-21.tif,/workspace/geovision-cali-hf/data/modis/modis_maiac_aod_2022-02-21.tif,.tif,0.0021,2022-02-21,/workspace/geovision-cali-hf/data/modis,2026-05-22 03:43:15,2022.0,2022-02
modis_maiac_aod_2022-02-23.tif,/workspace/geovision-cali-hf/data/modis/modis_maiac_aod_2022-02-23.tif,.tif,0.0034,2022-02-23,/workspace/geovision-cali-hf/data/modis,2026-05-22 03:43:15,2022.0,2022-02
modis_maiac_aod_2022-02-25.tif,/workspace/geovision-cali-hf/data/modis/modis_maiac_aod_2022-02-25.tif,.tif,0.0027,2022-02-25,/workspace/geovision-cali-hf/data/modis,2026-05-22 03:43:15,2022.0,2022-02
modis_maiac_aod_2022-02-26.tif,/workspace/geovision-cali-hf/data/modis/modis_maiac_aod_2022-02-26.tif,.tif,0.0014,2022-02-26,/workspace/geovision-cali-hf/data/modis,2026-05-22 03:43:15,2022.0,2022-02
modis_maiac_aod_2022-02-28.tif,/workspace/geovision-cali-hf/data/modis/modis_maiac_aod_2022-02-28.tif,.tif,0.0016,2022-02-28,/workspace/geovision-cali-hf/data/modis,2026-05-22 03:43:15,2022.0,2022-02
modis_maiac_aod_2022-03-07.tif,/workspace/geovision-cali-hf/data/modis/modis_maiac_aod_2022-03-07.tif,.tif,0.0021,2022-03-07,/workspace/geovision-cali-hf/data/modis,2026-05-22 03:43:15,2022.0,2022-03
modis_maiac_aod_2022-03-08.tif,/workspace/geovision-cali-hf/data/modis/modis_maiac_aod_2022-03-08.tif,.tif,0.0045,2022-03-08,/workspace/geovision-cali-hf/data/modis,2026-05-22 03:43:15,2022.0,2022-03
modis_maiac_aod_2022-03-09.tif,/workspace/geovision-cali-hf/data/modis/modis_maiac_aod_2022-03-09.tif,.tif,0.0039,2022-03-09,/workspace/geovision-cali-hf/data/modis,2026-05-22 03:43:15,2022.0,2022-03
modis_maiac_aod_2022-03-11.tif,/workspace/geovision-cali-hf/data/modis/modis_maiac_aod_2022-03-11.tif,.tif,0.0027,2022-03-11,/workspace/geovision-cali-hf/data/modis,2026-05-22 03:43:15,2022.0,2022-03
modis_maiac_aod_2022-03-12.tif,/workspace/geovision-cali-hf/data/modis/modis_maiac_aod_2022-03-12.tif,.tif,0.0019,2022-03-12,/workspace/geovision-cali-hf/data/modis,2026-05-22 03:43:16,2022.0,2022-03
modis_maiac_aod_2022-03-13.tif,/workspace/geovision-cali-hf/data/modis/modis_maiac_aod_2022-03-13.tif,.tif,0.0055,2022-03-13,/workspace/geovision-cali-hf/data/modis,2026-05-22 03:43:16,2022.0,2022-03
modis_maiac_aod_2022-03-14.tif,/workspace/geovision-cali-hf/data/modis/modis_maiac_aod_2022-03-14.tif,.tif,0.0048,2022-03-14,/workspace/geovision-cali-hf/data/modis,2026-05-22 03:43:16,2022.0,2022-03
modis_maiac_aod_2022-03-15.tif,/workspace/geovision-cali-hf/data/modis/modis_maiac_aod_2022-03-15.tif,.tif,0.0032,2022-03-15,/workspace/geovision-cali-hf/data/modis,2026-05-22 03:43:16,2022.0,2022-03
modis_maiac_aod_2022-03-16.tif,/workspace/geovision-cali-hf/data/modis/modis_maiac_aod_2022-03-16.tif,.tif,0.0031,2022-03-16,/workspace/geovision-cali-hf/data/modis,2026-05-22 03:43:16,2022.0,2022-03
modis_maiac_aod_2022-03-18.tif,/workspace/geovision-cali-hf/data/modis/modis_maiac_aod_2022-03-18.tif,.tif,0.0018,2022-03-18,/workspace/geovision-cali-hf/data/modis,2026-05-22 03:43:16,2022.0,2022-03
modis_maiac_aod_2022-03-20.tif,/workspace/geovision-cali-hf/data/modis/modis_maiac_aod_2022-03-20.tif,.tif,0.0018,2022-03-20,/workspace/geovision-cali-hf/data/modis,2026-05-22 03:43:16,2022.0,2022-03
modis_maiac_aod_2022-03-23.tif,/workspace/geovision-cali-hf/data/modis/modis_maiac_aod_2022-03-23.tif,.tif,0.0015,2022-03-23,/workspace/geovision-cali-hf/data/modis,2026-05-22 03:43:16,2022.0,2022-03
modis_maiac_aod_2022-03-24.tif,/workspace/geovision-cali-hf/data/modis/modis_maiac_aod_2022-03-24.tif,.tif,0.0014,2022-03-24,/workspace/geovision-cali-hf/data/modis,2026-05-22 03:43:16,2022.0,2022-03
modis_maiac_aod_2022-03-25.tif,/workspace/geovision-cali-hf/data/modis/modis_maiac_aod_2022-03-25.tif,.tif,0.0036,2022-03-25,/workspace/geovision-cali-hf/data/modis,2026-05-22 03:43:16,2022.0,2022-03
modis_maiac_aod_2022-03-28.tif,/workspace/geovision-cali-hf/data/modis/modis_maiac_aod_2022-03-28.tif,.tif,0.0014,2022-03-28,/workspace/geovision-cali-hf/data/modis,2026-05-22 03:43:16,2022.0,2022-03
modis_maiac_aod_2022-03-29.tif,/workspace/geovision-cali-hf/data/modis/modis_maiac_aod_2022-03-29.tif,.tif,0.0024,2022-03-29,/workspace/geovision-cali-hf/data/modis,2026-05-22 03:43:16,2022.0,2022-03
modis_maiac_aod_2022-03-30.tif,/workspace/geovision-cali-hf/data/modis/modis_maiac_aod_2022-03-30.tif,.tif,0.0019,2022-03-30,/workspace/geovision-cali-hf/data/modis,2026-05-22 03:43:16,2022.0,2022-03
modis_maiac_aod_2022-04-01.tif,/workspace/geovision-cali-hf/data/modis/modis_maiac_aod_2022-04-01.tif,.tif,0.0025,2022-04-01,/workspace/geovision-cali-hf/data/modis,2026-05-22 03:43:16,2022.0,2022-04
modis_maiac_aod_2022-04-03.tif,/workspace/geovision-cali-hf/data/modis/modis_maiac_aod_2022-04-03.tif,.tif,0.0021,2022-04-03,/workspace/geovision-cali-hf/data/modis,2026-05-22 03:43:16,2022.0,2022-04
modis_maiac_aod_2022-04-05.tif,/workspace/geovision-cali-hf/data/modis/modis_maiac_aod_2022-04-05.tif,.tif,0.0015,2022-04-05,/workspace/geovision-cali-hf/data/modis,2026-05-22 03:43:16,2022.0,2022-04
modis_maiac_aod_2022-04-06.tif,/workspace/geovision-cali-hf/data/modis/modis_maiac_aod_2022-04-06.tif,.tif,0.0015,2022-04-06,/workspace/geovision-cali-hf/data/modis,2026-05-22 03:43:16,2022.0,2022-04
modis_maiac_aod_2022-04-08.tif,/workspace/geovision-cali-hf/data/modis/modis_maiac_aod_2022-04-08.tif,.tif,0.0014,2022-04-08,/workspace/geovision-cali-hf/data/modis,2026-05-22 03:43:16,2022.0,2022-04
modis_maiac_aod_2022-04-14.tif,/workspace/geovision-cali-hf/data/modis/modis_maiac_aod_2022-04-14.tif,.tif,0.0031,2022-04-14,/workspace/geovision-cali-hf/data/modis,2026-05-22 03:43:16,2022.0,2022-04
modis_maiac_aod_2022-04-17.tif,/workspace/geovision-cali-hf/data/modis/modis_maiac_aod_2022-04-17.tif,.tif,0.0019,2022-04-17,/workspace/geovision-cali-hf/data/modis,2026-05-22 03:43:16,2022.0,2022-04
modis_maiac_aod_2022-04-21.tif,/workspace/geovision-cali-hf/data/modis/modis_maiac_aod_2022-04-21.tif,.tif,0.0026,2022-04-21,/workspace/geovision-cali-hf/data/modis,2026-05-22 03:43:16,2022.0,2022-04
modis_maiac_aod_2022-04-22.tif,/workspace/geovision-cali-hf/data/modis/modis_maiac_aod_2022-04-22.tif,.tif,0.0016,2022-04-22,/workspace/geovision-cali-hf/data/modis,2026-05-22 03:43:16,2022.0,2022-04
modis_maiac_aod_2022-04-23.tif,/workspace/geovision-cali-hf/data/modis/modis_maiac_aod_2022-04-23.tif,.tif,0.004,2022-04-23,/workspace/geovision-cali-hf/data/modis,2026-05-22 03:43:16,2022.0,2022-04
modis_maiac_aod_2022-04-24.tif,/workspace/geovision-cali-hf/data/modis/modis_maiac_aod_2022-04-24.tif,.tif,0.0024,2022-04-24,/workspace/geovision-cali-hf/data/modis,2026-05-22 03:43:16,2022.0,2022-04
modis_maiac_aod_2022-04-26.tif,/workspace/geovision-cali-hf/data/modis/modis_maiac_aod_2022-04-26.tif,.tif,0.0026,2022-04-26,/workspace/geovision-cali-hf/data/modis,2026-05-22 03:43:16,2022.0,2022-04
modis_maiac_aod_2022-05-02.tif,/workspace/geovision-cali-hf/data/modis/modis_maiac_aod_2022-05-02.tif,.tif,0.0037,2022-05-02,/workspace/geovision-cali-hf/data/modis,2026-05-22 03:43:17,2022.0,2022-05
modis_maiac_aod_2022-05-03.tif,/workspace/geovision-cali-hf/data/modis/modis_maiac_aod_2022-05-03.tif,.tif,0.0057,2022-05-03,/workspace/geovision-cali-hf/data/modis,2026-05-22 03:43:17,2022.0,2022-05
modis_maiac_aod_2022-05-08.tif,/workspace/geovision-cali-hf/data/modis/modis_maiac_aod_2022-05-08.tif,.tif,0.0027,2022-05-08,/workspace/geovision-cali-hf/data/modis,2026-05-22 03:43:17,2022.0,2022-05
modis_maiac_aod_2022-05-10.tif,/workspace/geovision-cali-hf/data/modis/modis_maiac_aod_2022-05-10.tif,.tif,0.003,2022-05-10,/workspace/geovision-cali-hf/data/modis,2026-05-22 03:43:17,2022.0,2022-05
modis_maiac_aod_2022-05-11.tif,/workspace/geovision-cali-hf/data/modis/modis_maiac_aod_2022-05-11.tif,.tif,0.0019,2022-05-11,/workspace/geovision-cali-hf/data/modis,2026-05-22 03:43:17,2022.0,2022-05
modis_maiac_aod_2022-05-12.tif,/workspace/geovision-cali-hf/data/modis/modis_maiac_aod_2022-05-12.tif,.tif,0.003,2022-05-12,/workspace/geovision-cali-hf/data/modis,2026-05-22 03:43:17,2022.0,2022-05
modis_maiac_aod_2022-05-19.tif,/workspace/geovision-cali-hf/data/modis/modis_maiac_aod_2022-05-19.tif,.tif,0.0017,2022-05-19,/workspace/geovision-cali-hf/data/modis,2026-05-22 03:43:17,2022.0,2022-05
modis_maiac_aod_2022-05-21.tif,/workspace/geovision-cali-hf/data/modis/modis_maiac_aod_2022-05-21.tif,.tif,0.0022,2022-05-21,/workspace/geovision-cali-hf/data/modis,2026-05-22 03:43:17,2022.0,2022-05
modis_maiac_aod_2022-05-22.tif,/workspace/geovision-cali-hf/data/modis/modis_maiac_aod_2022-05-22.tif,.tif,0.0029,2022-05-22,/workspace/geovision-cali-hf/data/modis,2026-05-22 03:43:17,2022.0,2022-05
modis_maiac_aod_2022-06-01.tif,/workspace/geovision-cali-hf/data/modis/modis_maiac_aod_2022-06-01.tif,.tif,0.0043,2022-06-01,/workspace/geovision-cali-hf/data/modis,2026-05-22 03:43:17,2022.0,2022-06
modis_maiac_aod_2022-06-04.tif,/workspace/geovision-cali-hf/data/modis/modis_maiac_aod_2022-06-04.tif,.tif,0.0017,2022-06-04,/workspace/geovision-cali-hf/data/modis,2026-05-22 03:43:17,2022.0,2022-06
modis_maiac_aod_2022-06-05.tif,/workspace/geovision-cali-hf/data/modis/modis_maiac_aod_2022-06-05.tif,.tif,0.0019,2022-06-05,/workspace/geovision-cali-hf/data/modis,2026-05-22 03:43:17,2022.0,2022-06
modis_maiac_aod_2022-06-06.tif,/workspace/geovision-cali-hf/data/modis/modis_maiac_aod_2022-06-06.tif,.tif,0.0043,2022-06-06,/workspace/geovision-cali-hf/data/modis,2026-05-22 03:43:17,2022.0,2022-06
modis_maiac_aod_2022-06-08.tif,/workspace/geovision-cali-hf/data/modis/modis_maiac_aod_2022-06-08.tif,.tif,0.0022,2022-06-08,/workspace/geovision-cali-hf/data/modis,2026-05-22 03:43:17,2022.0,2022-06
modis_maiac_aod_2022-06-09.tif,/workspace/geovision-cali-hf/data/modis/modis_maiac_aod_2022-06-09.tif,.tif,0.0017,2022-06-09,/workspace/geovision-cali-hf/data/modis,2026-05-22 03:43:17,2022.0,2022-06
modis_maiac_aod_2022-06-10.tif,/workspace/geovision-cali-hf/data/modis/modis_maiac_aod_2022-06-10.tif,.tif,0.0034,2022-06-10,/workspace/geovision-cali-hf/data/modis,2026-05-22 03:43:17,2022.0,2022-06
modis_maiac_aod_2022-06-13.tif,/workspace/geovision-cali-hf/data/modis/modis_maiac_aod_2022-06-13.tif,.tif,0.0017,2022-06-13,/workspace/geovision-cali-hf/data/modis,2026-05-22 03:43:17,2022.0,2022-06
modis_maiac_aod_2022-06-15.tif,/workspace/geovision-cali-hf/data/modis/modis_maiac_aod_2022-06-15.tif,.tif,0.0035,2022-06-15,/workspace/geovision-cali-hf/data/modis,2026-05-22 03:43:17,2022.0,2022-06
modis_maiac_aod_2022-06-18.tif,/workspace/geovision-cali-hf/data/modis/modis_maiac_aod_2022-06-18.tif,.tif,0.0014,2022-06-18,/workspace/geovision-cali-hf/data/modis,2026-05-22 03:43:17,2022.0,2022-06
modis_maiac_aod_2022-06-19.tif,/workspace/geovision-cali-hf/data/modis/modis_maiac_aod_2022-06-19.tif,.tif,0.0015,2022-06-19,/workspace/geovision-cali-hf/data/modis,2026-05-22 03:43:17,2022.0,2022-06
modis_maiac_aod_2022-06-20.tif,/workspace/geovision-cali-hf/data/modis/modis_maiac_aod_2022-06-20.tif,.tif,0.0023,2022-06-20,/workspace/geovision-cali-hf/data/modis,2026-05-22 03:43:17,2022.0,2022-06
modis_maiac_aod_2022-06-22.tif,/workspace/geovision-cali-hf/data/modis/modis_maiac_aod_2022-06-22.tif,.tif,0.0022,2022-06-22,/workspace/geovision-cali-hf/data/modis,2026-05-22 03:43:17,2022.0,2022-06
modis_maiac_aod_2022-06-24.tif,/workspace/geovision-cali-hf/data/modis/modis_maiac_aod_2022-06-24.tif,.tif,0.0017,2022-06-24,/workspace/geovision-cali-hf/data/modis,2026-05-22 03:43:17,2022.0,2022-06
modis_maiac_aod_2022-06-25.tif,/workspace/geovision-cali-hf/data/modis/modis_maiac_aod_2022-06-25.tif,.tif,0.0014,2022-06-25,/workspace/geovision-cali-hf/data/modis,2026-05-22 03:43:17,2022.0,2022-06
modis_maiac_aod_2022-06-26.tif,/workspace/geovision-cali-hf/data/modis/modis_maiac_aod_2022-06-26.tif,.tif,0.0029,2022-06-26,/workspace/geovision-cali-hf/data/modis,2026-05-22 03:43:18,2022.0,2022-06
modis_maiac_aod_2022-06-27.tif,/workspace/geovision-cali-hf/data/modis/modis_maiac_aod_2022-06-27.tif,.tif,0.0041,2022-06-27,/workspace/geovision-cali-hf/data/modis,2026-05-22 03:43:18,2022.0,2022-06
modis_maiac_aod_2022-06-29.tif,/workspace/geovision-cali-hf/data/modis/modis_maiac_aod_2022-06-29.tif,.tif,0.0042,2022-06-29,/workspace/geovision-cali-hf/data/modis,2026-05-22 03:43:18,2022.0,2022-06
modis_maiac_aod_2022-06-30.tif,/workspace/geovision-cali-hf/data/modis/modis_maiac_aod_2022-06-30.tif,.tif,0.0021,2022-06-30,/workspace/geovision-cali-hf/data/modis,2026-05-22 03:43:18,2022.0,2022-06
modis_maiac_aod_2022-07-01.tif,/workspace/geovision-cali-hf/data/modis/modis_maiac_aod_2022-07-01.tif,.tif,0.0044,2022-07-01,/workspace/geovision-cali-hf/data/modis,2026-05-22 03:43:18,2022.0,2022-07
modis_maiac_aod_2022-07-03.tif,/workspace/geovision-cali-hf/data/modis/modis_maiac_aod_2022-07-03.tif,.tif,0.0031,2022-07-03,/workspace/geovision-cali-hf/data/modis,2026-05-22 03:43:18,2022.0,2022-07
modis_maiac_aod_2022-07-04.tif,/workspace/geovision-cali-hf/data/modis/modis_maiac_aod_2022-07-04.tif,.tif,0.0022,2022-07-04,/workspace/geovision-cali-hf/data/modis,2026-05-22 03:43:18,2022.0,2022-07
modis_maiac_aod_2022-07-05.tif,/workspace/geovision-cali-hf/data/modis/modis_maiac_aod_2022-07-05.tif,.tif,0.002,2022-07-05,/workspace/geovision-cali-hf/data/modis,2026-05-22 03:43:18,2022.0,2022-07
modis_maiac_aod_2022-07-06.tif,/workspace/geovision-cali-hf/data/modis/modis_maiac_aod_2022-07-06.tif,.tif,0.004,2022-07-06,/workspace/geovision-cali-hf/data/modis,2026-05-22 03:43:18,2022.0,2022-07
modis_maiac_aod_2022-07-07.tif,/workspace/geovision-cali-hf/data/modis/modis_maiac_aod_2022-07-07.tif,.tif,0.0045,2022-07-07,/workspace/geovision-cali-hf/data/modis,2026-05-22 03:43:18,2022.0,2022-07
modis_maiac_aod_2022-07-08.tif,/workspace/geovision-cali-hf/data/modis/modis_maiac_aod_2022-07-08.tif,.tif,0.002,2022-07-08,/workspace/geovision-cali-hf/data/modis,2026-05-22 03:43:18,2022.0,2022-07
modis_maiac_aod_2022-07-09.tif,/workspace/geovision-cali-hf/data/modis/modis_maiac_aod_2022-07-09.tif,.tif,0.0018,2022-07-09,/workspace/geovision-cali-hf/data/modis,2026-05-22 03:43:18,2022.0,2022-07
modis_maiac_aod_2022-07-10.tif,/workspace/geovision-cali-hf/data/modis/modis_maiac_aod_2022-07-10.tif,.tif,0.0025,2022-07-10,/workspace/geovision-cali-hf/data/modis,2026-05-22 03:43:18,2022.0,2022-07
modis_maiac_aod_2022-07-11.tif,/workspace/geovision-cali-hf/data/modis/modis_maiac_aod_2022-07-11.tif,.tif,0.0014,2022-07-11,/workspace/geovision-cali-hf/data/modis,2026-05-22 03:43:18,2022.0,2022-07
modis_maiac_aod_2022-07-12.tif,/workspace/geovision-cali-hf/data/modis/modis_maiac_aod_2022-07-12.tif,.tif,0.0027,2022-07-12,/workspace/geovision-cali-hf/data/modis,2026-05-22 03:43:18,2022.0,2022-07
modis_maiac_aod_2022-07-13.tif,/workspace/geovision-cali-hf/data/modis/modis_maiac_aod_2022-07-13.tif,.tif,0.0023,2022-07-13,/workspace/geovision-cali-hf/data/modis,2026-05-22 03:43:18,2022.0,2022-07
modis_maiac_aod_2022-07-14.tif,/workspace/geovision-cali-hf/data/modis/modis_maiac_aod_2022-07-14.tif,.tif,0.0021,2022-07-14,/workspace/geovision-cali-hf/data/modis,2026-05-22 03:43:18,2022.0,2022-07
modis_maiac_aod_2022-07-15.tif,/workspace/geovision-cali-hf/data/modis/modis_maiac_aod_2022-07-15.tif,.tif,0.0014,2022-07-15,/workspace/geovision-cali-hf/data/modis,2026-05-22 03:43:18,2022.0,2022-07
modis_maiac_aod_2022-07-16.tif,/workspace/geovision-cali-hf/data/modis/modis_maiac_aod_2022-07-16.tif,.tif,0.0023,2022-07-16,/workspace/geovision-cali-hf/data/modis,2026-05-22 03:43:18,2022.0,2022-07
modis_maiac_aod_2022-07-17.tif,/workspace/geovision-cali-hf/data/modis/modis_maiac_aod_2022-07-17.tif,.tif,0.0014,2022-07-17,/workspace/geovision-cali-hf/data/modis,2026-05-22 03:43:18,2022.0,2022-07
modis_maiac_aod_2022-07-19.tif,/workspace/geovision-cali-hf/data/modis/modis_maiac_aod_2022-07-19.tif,.tif,0.0041,2022-07-19,/workspace/geovision-cali-hf/data/modis,2026-05-22 03:43:18,2022.0,2022-07
modis_maiac_aod_2022-07-22.tif,/workspace/geovision-cali-hf/data/modis/modis_maiac_aod_2022-07-22.tif,.tif,0.0015,2022-07-22,/workspace/geovision-cali-hf/data/modis,2026-05-22 03:43:18,2022.0,2022-07
modis_maiac_aod_2022-07-24.tif,/workspace/geovision-cali-hf/data/modis/modis_maiac_aod_2022-07-24.tif,.tif,0.0019,2022-07-24,/workspace/geovision-cali-hf/data/modis,2026-05-22 03:43:18,2022.0,2022-07
modis_maiac_aod_2022-07-26.tif,/workspace/geovision-cali-hf/data/modis/modis_maiac_aod_2022-07-26.tif,.tif,0.0022,2022-07-26,/workspace/geovision-cali-hf/data/modis,2026-05-22 03:43:18,2022.0,2022-07
modis_maiac_aod_2022-07-29.tif,/workspace/geovision-cali-hf/data/modis/modis_maiac_aod_2022-07-29.tif,.tif,0.004,2022-07-29,/workspace/geovision-cali-hf/data/modis,2026-05-22 03:43:18,2022.0,2022-07
modis_maiac_aod_2022-07-30.tif,/workspace/geovision-cali-hf/data/modis/modis_maiac_aod_2022-07-30.tif,.tif,0.0046,2022-07-30,/workspace/geovision-cali-hf/data/modis,2026-05-22 03:43:18,2022.0,2022-07
modis_maiac_aod_2022-08-01.tif,/workspace/geovision-cali-hf/data/modis/modis_maiac_aod_2022-08-01.tif,.tif,0.0026,2022-08-01,/workspace/geovision-cali-hf/data/modis,2026-05-22 03:43:19,2022.0,2022-08
modis_maiac_aod_2022-08-05.tif,/workspace/geovision-cali-hf/data/modis/modis_maiac_aod_2022-08-05.tif,.tif,0.0014,2022-08-05,/workspace/geovision-cali-hf/data/modis,2026-05-22 03:43:19,2022.0,2022-08
modis_maiac_aod_2022-08-07.tif,/workspace/geovision-cali-hf/data/modis/modis_maiac_aod_2022-08-07.tif,.tif,0.0026,2022-08-07,/workspace/geovision-cali-hf/data/modis,2026-05-22 03:43:19,2022.0,2022-08
modis_maiac_aod_2022-08-08.tif,/workspace/geovision-cali-hf/data/modis/modis_maiac_aod_2022-08-08.tif,.tif,0.0031,2022-08-08,/workspace/geovision-cali-hf/data/modis,2026-05-22 03:43:19,2022.0,2022-08
modis_maiac_aod_2022-08-09.tif,/workspace/geovision-cali-hf/data/modis/modis_maiac_aod_2022-08-09.tif,.tif,0.0022,2022-08-09,/workspace/geovision-cali-hf/data/modis,2026-05-22 03:43:19,2022.0,2022-08
modis_maiac_aod_2022-08-11.tif,/workspace/geovision-cali-hf/data/modis/modis_maiac_aod_2022-08-11.tif,.tif,0.0028,2022-08-11,/workspace/geovision-cali-hf/data/modis,2026-05-22 03:43:19,2022.0,2022-08
modis_maiac_aod_2022-08-12.tif,/workspace/geovision-cali-hf/data/modis/modis_maiac_aod_2022-08-12.tif,.tif,0.0018,2022-08-12,/workspace/geovision-cali-hf/data/modis,2026-05-22 03:43:19,2022.0,2022-08
modis_maiac_aod_2022-08-14.tif,/workspace/geovision-cali-hf/data/modis/modis_maiac_aod_2022-08-14.tif,.tif,0.0025,2022-08-14,/workspace/geovision-cali-hf/data/modis,2026-05-22 03:43:19,2022.0,2022-08
modis_maiac_aod_2022-08-15.tif,/workspace/geovision-cali-hf/data/modis/modis_maiac_aod_2022-08-15.tif,.tif,0.0015,2022-08-15,/workspace/geovision-cali-hf/data/modis,2026-05-22 03:43:19,2022.0,2022-08
modis_maiac_aod_2022-08-16.tif,/workspace/geovision-cali-hf/data/modis/modis_maiac_aod_2022-08-16.tif,.tif,0.0034,2022-08-16,/workspace/geovision-cali-hf/data/modis,2026-05-22 03:43:19,2022.0,2022-08
modis_maiac_aod_2022-08-17.tif,/workspace/geovision-cali-hf/data/modis/modis_maiac_aod_2022-08-17.tif,.tif,0.002,2022-08-17,/workspace/geovision-cali-hf/data/modis,2026-05-22 03:43:19,2022.0,2022-08
modis_maiac_aod_2022-08-19.tif,/workspace/geovision-cali-hf/data/modis/modis_maiac_aod_2022-08-19.tif,.tif,0.0022,2022-08-19,/workspace/geovision-cali-hf/data/modis,2026-05-22 03:43:19,2022.0,2022-08
modis_maiac_aod_2022-08-21.tif,/workspace/geovision-cali-hf/data/modis/modis_maiac_aod_2022-08-21.tif,.tif,0.0016,2022-08-21,/workspace/geovision-cali-hf/data/modis,2026-05-22 03:43:19,2022.0,2022-08
modis_maiac_aod_2022-08-23.tif,/workspace/geovision-cali-hf/data/modis/modis_maiac_aod_2022-08-23.tif,.tif,0.0047,2022-08-23,/workspace/geovision-cali-hf/data/modis,2026-05-22 03:43:19,2022.0,2022-08
modis_maiac_aod_2022-08-24.tif,/workspace/geovision-cali-hf/data/modis/modis_maiac_aod_2022-08-24.tif,.tif,0.0049,2022-08-24,/workspace/geovision-cali-hf/data/modis,2026-05-22 03:43:19,2022.0,2022-08
modis_maiac_aod_2022-08-25.tif,/workspace/geovision-cali-hf/data/modis/modis_maiac_aod_2022-08-25.tif,.tif,0.0042,2022-08-25,/workspace/geovision-cali-hf/data/modis,2026-05-22 03:43:19,2022.0,2022-08
modis_maiac_aod_2022-08-26.tif,/workspace/geovision-cali-hf/data/modis/modis_maiac_aod_2022-08-26.tif,.tif,0.0018,2022-08-26,/workspace/geovision-cali-hf/data/modis,2026-05-22 03:43:19,2022.0,2022-08
modis_maiac_aod_2022-08-27.tif,/workspace/geovision-cali-hf/data/modis/modis_maiac_aod_2022-08-27.tif,.tif,0.0026,2022-08-27,/workspace/geovision-cali-hf/data/modis,2026-05-22 03:43:19,2022.0,2022-08
modis_maiac_aod_2022-08-28.tif,/workspace/geovision-cali-hf/data/modis/modis_maiac_aod_2022-08-28.tif,.tif,0.0017,2022-08-28,/workspace/geovision-cali-hf/data/modis,2026-05-22 03:43:19,2022.0,2022-08
modis_maiac_aod_2022-08-30.tif,/workspace/geovision-cali-hf/data/modis/modis_maiac_aod_2022-08-30.tif,.tif,0.0043,2022-08-30,/workspace/geovision-cali-hf/data/modis,2026-05-22 03:43:19,2022.0,2022-08
modis_maiac_aod_2022-08-31.tif,/workspace/geovision-cali-hf/data/modis/modis_maiac_aod_2022-08-31.tif,.tif,0.0033,2022-08-31,/workspace/geovision-cali-hf/data/modis,2026-05-22 03:43:19,2022.0,2022-08
modis_maiac_aod_2022-09-01.tif,/workspace/geovision-cali-hf/data/modis/modis_maiac_aod_2022-09-01.tif,.tif,0.004,2022-09-01,/workspace/geovision-cali-hf/data/modis,2026-05-22 03:43:19,2022.0,2022-09
modis_maiac_aod_2022-09-02.tif,/workspace/geovision-cali-hf/data/modis/modis_maiac_aod_2022-09-02.tif,.tif,0.0015,2022-09-02,/workspace/geovision-cali-hf/data/modis,2026-05-22 03:43:19,2022.0,2022-09
modis_maiac_aod_2022-09-03.tif,/workspace/geovision-cali-hf/data/modis/modis_maiac_aod_2022-09-03.tif,.tif,0.0018,2022-09-03,/workspace/geovision-cali-hf/data/modis,2026-05-22 03:43:19,2022.0,2022-09
modis_maiac_aod_2022-09-04.tif,/workspace/geovision-cali-hf/data/modis/modis_maiac_aod_2022-09-04.tif,.tif,0.0016,2022-09-04,/workspace/geovision-cali-hf/data/modis,2026-05-22 03:43:19,2022.0,2022-09
modis_maiac_aod_2022-09-05.tif,/workspace/geovision-cali-hf/data/modis/modis_maiac_aod_2022-09-05.tif,.tif,0.0028,2022-09-05,/workspace/geovision-cali-hf/data/modis,2026-05-22 03:43:20,2022.0,2022-09
modis_maiac_aod_2022-09-08.tif,/workspace/geovision-cali-hf/data/modis/modis_maiac_aod_2022-09-08.tif,.tif,0.0046,2022-09-08,/workspace/geovision-cali-hf/data/modis,2026-05-22 03:43:20,2022.0,2022-09
modis_maiac_aod_2022-09-11.tif,/workspace/geovision-cali-hf/data/modis/modis_maiac_aod_2022-09-11.tif,.tif,0.0016,2022-09-11,/workspace/geovision-cali-hf/data/modis,2026-05-22 03:43:20,2022.0,2022-09
modis_maiac_aod_2022-09-12.tif,/workspace/geovision-cali-hf/data/modis/modis_maiac_aod_2022-09-12.tif,.tif,0.0022,2022-09-12,/workspace/geovision-cali-hf/data/modis,2026-05-22 03:43:20,2022.0,2022-09
modis_maiac_aod_2022-09-13.tif,/workspace/geovision-cali-hf/data/modis/modis_maiac_aod_2022-09-13.tif,.tif,0.0017,2022-09-13,/workspace/geovision-cali-hf/data/modis,2026-05-22 03:43:20,2022.0,2022-09
modis_maiac_aod_2022-09-15.tif,/workspace/geovision-cali-hf/data/modis/modis_maiac_aod_2022-09-15.tif,.tif,0.0042,2022-09-15,/workspace/geovision-cali-hf/data/modis,2026-05-22 03:43:20,2022.0,2022-09
modis_maiac_aod_2022-09-19.tif,/workspace/geovision-cali-hf/data/modis/modis_maiac_aod_2022-09-19.tif,.tif,0.0018,2022-09-19,/workspace/geovision-cali-hf/data/modis,2026-05-22 03:43:20,2022.0,2022-09
modis_maiac_aod_2022-09-20.tif,/workspace/geovision-cali-hf/data/modis/modis_maiac_aod_2022-09-20.tif,.tif,0.0028,2022-09-20,/workspace/geovision-cali-hf/data/modis,2026-05-22 03:43:20,2022.0,2022-09
modis_maiac_aod_2022-09-22.tif,/workspace/geovision-cali-hf/data/modis/modis_maiac_aod_2022-09-22.tif,.tif,0.0036,2022-09-22,/workspace/geovision-cali-hf/data/modis,2026-05-22 03:43:20,2022.0,2022-09
modis_maiac_aod_2022-09-23.tif,/workspace/geovision-cali-hf/data/modis/modis_maiac_aod_2022-09-23.tif,.tif,0.0047,2022-09-23,/workspace/geovision-cali-hf/data/modis,2026-05-22 03:43:20,2022.0,2022-09
modis_maiac_aod_2022-09-25.tif,/workspace/geovision-cali-hf/data/modis/modis_maiac_aod_2022-09-25.tif,.tif,0.0016,2022-09-25,/workspace/geovision-cali-hf/data/modis,2026-05-22 03:43:20,2022.0,2022-09
modis_maiac_aod_2022-09-26.tif,/workspace/geovision-cali-hf/data/modis/modis_maiac_aod_2022-09-26.tif,.tif,0.0031,2022-09-26,/workspace/geovision-cali-hf/data/modis,2026-05-22 03:43:20,2022.0,2022-09
modis_maiac_aod_2022-09-27.tif,/workspace/geovision-cali-hf/data/modis/modis_maiac_aod_2022-09-27.tif,.tif,0.0032,2022-09-27,/workspace/geovision-cali-hf/data/modis,2026-05-22 03:43:20,2022.0,2022-09
modis_maiac_aod_2022-09-29.tif,/workspace/geovision-cali-hf/data/modis/modis_maiac_aod_2022-09-29.tif,.tif,0.0026,2022-09-29,/workspace/geovision-cali-hf/data/modis,2026-05-22 03:43:20,2022.0,2022-09
modis_maiac_aod_2022-09-30.tif,/workspace/geovision-cali-hf/data/modis/modis_maiac_aod_2022-09-30.tif,.tif,0.002,2022-09-30,/workspace/geovision-cali-hf/data/modis,2026-05-22 03:43:20,2022.0,2022-09
modis_maiac_aod_2022-10-01.tif,/workspace/geovision-cali-hf/data/modis/modis_maiac_aod_2022-10-01.tif,.tif,0.0026,2022-10-01,/workspace/geovision-cali-hf/data/modis,2026-05-22 03:43:20,2022.0,2022-10
modis_maiac_aod_2022-10-02.tif,/workspace/geovision-cali-hf/data/modis/modis_maiac_aod_2022-10-02.tif,.tif,0.0021,2022-10-02,/workspace/geovision-cali-hf/data/modis,2026-05-22 03:43:20,2022.0,2022-10
modis_maiac_aod_2022-10-03.tif,/workspace/geovision-cali-hf/data/modis/modis_maiac_aod_2022-10-03.tif,.tif,0.0045,2022-10-03,/workspace/geovision-cali-hf/data/modis,2026-05-22 03:43:20,2022.0,2022-10
modis_maiac_aod_2022-10-05.tif,/workspace/geovision-cali-hf/data/modis/modis_maiac_aod_2022-10-05.tif,.tif,0.0014,2022-10-05,/workspace/geovision-cali-hf/data/modis,2026-05-22 03:43:20,2022.0,2022-10
modis_maiac_aod_2022-10-06.tif,/workspace/geovision-cali-hf/data/modis/modis_maiac_aod_2022-10-06.tif,.tif,0.0031,2022-10-06,/workspace/geovision-cali-hf/data/modis,2026-05-22 03:43:20,2022.0,2022-10
modis_maiac_aod_2022-10-07.tif,/workspace/geovision-cali-hf/data/modis/modis_maiac_aod_2022-10-07.tif,.tif,0.0022,2022-10-07,/workspace/geovision-cali-hf/data/modis,2026-05-22 03:43:20,2022.0,2022-10
modis_maiac_aod_2022-10-10.tif,/workspace/geovision-cali-hf/data/modis/modis_maiac_aod_2022-10-10.tif,.tif,0.0034,2022-10-10,/workspace/geovision-cali-hf/data/modis,2026-05-22 03:43:20,2022.0,2022-10
modis_maiac_aod_2022-10-11.tif,/workspace/geovision-cali-hf/data/modis/modis_maiac_aod_2022-10-11.tif,.tif,0.0014,2022-10-11,/workspace/geovision-cali-hf/data/modis,2026-05-22 03:43:20,2022.0,2022-10
modis_maiac_aod_2022-10-13.tif,/workspace/geovision-cali-hf/data/modis/modis_maiac_aod_2022-10-13.tif,.tif,0.0021,2022-10-13,/workspace/geovision-cali-hf/data/modis,2026-05-22 03:43:20,2022.0,2022-10
modis_maiac_aod_2022-10-18.tif,/workspace/geovision-cali-hf/data/modis/modis_maiac_aod_2022-10-18.tif,.tif,0.0016,2022-10-18,/workspace/geovision-cali-hf/data/modis,2026-05-22 03:43:21,2022.0,2022-10
modis_maiac_aod_2022-10-19.tif,/workspace/geovision-cali-hf/data/modis/modis_maiac_aod_2022-10-19.tif,.tif,0.0014,2022-10-19,/workspace/geovision-cali-hf/data/modis,2026-05-22 03:43:21,2022.0,2022-10
modis_maiac_aod_2022-10-22.tif,/workspace/geovision-cali-hf/data/modis/modis_maiac_aod_2022-10-22.tif,.tif,0.0014,2022-10-22,/workspace/geovision-cali-hf/data/modis,2026-05-22 03:43:21,2022.0,2022-10
modis_maiac_aod_2022-10-25.tif,/workspace/geovision-cali-hf/data/modis/modis_maiac_aod_2022-10-25.tif,.tif,0.0017,2022-10-25,/workspace/geovision-cali-hf/data/modis,2026-05-22 03:43:21,2022.0,2022-10
modis_maiac_aod_2022-10-27.tif,/workspace/geovision-cali-hf/data/modis/modis_maiac_aod_2022-10-27.tif,.tif,0.0023,2022-10-27,/workspace/geovision-cali-hf/data/modis,2026-05-22 03:43:21,2022.0,2022-10
modis_maiac_aod_2022-10-30.tif,/workspace/geovision-cali-hf/data/modis/modis_maiac_aod_2022-10-30.tif,.tif,0.0029,2022-10-30,/workspace/geovision-cali-hf/data/modis,2026-05-22 03:43:21,2022.0,2022-10
modis_maiac_aod_2022-10-31.tif,/workspace/geovision-cali-hf/data/modis/modis_maiac_aod_2022-10-31.tif,.tif,0.0036,2022-10-31,/workspace/geovision-cali-hf/data/modis,2026-05-22 03:43:21,2022.0,2022-10
modis_maiac_aod_2022-11-01.tif,/workspace/geovision-cali-hf/data/modis/modis_maiac_aod_2022-11-01.tif,.tif,0.0032,2022-11-01,/workspace/geovision-cali-hf/data/modis,2026-05-22 03:43:21,2022.0,2022-11
modis_maiac_aod_2022-11-06.tif,/workspace/geovision-cali-hf/data/modis/modis_maiac_aod_2022-11-06.tif,.tif,0.003,2022-11-06,/workspace/geovision-cali-hf/data/modis,2026-05-22 03:43:21,2022.0,2022-11
modis_maiac_aod_2022-11-07.tif,/workspace/geovision-cali-hf/data/modis/modis_maiac_aod_2022-11-07.tif,.tif,0.0033,2022-11-07,/workspace/geovision-cali-hf/data/modis,2026-05-22 03:43:21,2022.0,2022-11
modis_maiac_aod_2022-11-08.tif,/workspace/geovision-cali-hf/data/modis/modis_maiac_aod_2022-11-08.tif,.tif,0.0023,2022-11-08,/workspace/geovision-cali-hf/data/modis,2026-05-22 03:43:21,2022.0,2022-11
modis_maiac_aod_2022-11-09.tif,/workspace/geovision-cali-hf/data/modis/modis_maiac_aod_2022-11-09.tif,.tif,0.0014,2022-11-09,/workspace/geovision-cali-hf/data/modis,2026-05-22 03:43:21,2022.0,2022-11
modis_maiac_aod_2022-11-10.tif,/workspace/geovision-cali-hf/data/modis/modis_maiac_aod_2022-11-10.tif,.tif,0.0029,2022-11-10,/workspace/geovision-cali-hf/data/modis,2026-05-22 03:43:21,2022.0,2022-11
modis_maiac_aod_2022-11-11.tif,/workspace/geovision-cali-hf/data/modis/modis_maiac_aod_2022-11-11.tif,.tif,0.0015,2022-11-11,/workspace/geovision-cali-hf/data/modis,2026-05-22 03:43:21,2022.0,2022-11
modis_maiac_aod_2022-11-14.tif,/workspace/geovision-cali-hf/data/modis/modis_maiac_aod_2022-11-14.tif,.tif,0.0021,2022-11-14,/workspace/geovision-cali-hf/data/modis,2026-05-22 03:43:21,2022.0,2022-11
modis_maiac_aod_2022-11-15.tif,/workspace/geovision-cali-hf/data/modis/modis_maiac_aod_2022-11-15.tif,.tif,0.0016,2022-11-15,/workspace/geovision-cali-hf/data/modis,2026-05-22 03:43:21,2022.0,2022-11
modis_maiac_aod_2022-11-17.tif,/workspace/geovision-cali-hf/data/modis/modis_maiac_aod_2022-11-17.tif,.tif,0.0014,2022-11-17,/workspace/geovision-cali-hf/data/modis,2026-05-22 03:43:21,2022.0,2022-11
modis_maiac_aod_2022-11-18.tif,/workspace/geovision-cali-hf/data/modis/modis_maiac_aod_2022-11-18.tif,.tif,0.0015,2022-11-18,/workspace/geovision-cali-hf/data/modis,2026-05-22 03:43:21,2022.0,2022-11
modis_maiac_aod_2022-11-19.tif,/workspace/geovision-cali-hf/data/modis/modis_maiac_aod_2022-11-19.tif,.tif,0.0046,2022-11-19,/workspace/geovision-cali-hf/data/modis,2026-05-22 03:43:21,2022.0,2022-11
modis_maiac_aod_2022-11-21.tif,/workspace/geovision-cali-hf/data/modis/modis_maiac_aod_2022-11-21.tif,.tif,0.003,2022-11-21,/workspace/geovision-cali-hf/data/modis,2026-05-22 03:43:21,2022.0,2022-11
modis_maiac_aod_2022-11-22.tif,/workspace/geovision-cali-hf/data/modis/modis_maiac_aod_2022-11-22.tif,.tif,0.0019,2022-11-22,/workspace/geovision-cali-hf/data/modis,2026-05-22 03:43:21,2022.0,2022-11
modis_maiac_aod_2022-11-24.tif,/workspace/geovision-cali-hf/data/modis/modis_maiac_aod_2022-11-24.tif,.tif,0.0019,2022-11-24,/workspace/geovision-cali-hf/data/modis,2026-05-22 03:43:21,2022.0,2022-11
modis_maiac_aod_2022-11-25.tif,/workspace/geovision-cali-hf/data/modis/modis_maiac_aod_2022-11-25.tif,.tif,0.0046,2022-11-25,/workspace/geovision-cali-hf/data/modis,2026-05-22 03:43:21,2022.0,2022-11
modis_maiac_aod_2022-11-26.tif,/workspace/geovision-cali-hf/data/modis/modis_maiac_aod_2022-11-26.tif,.tif,0.0034,2022-11-26,/workspace/geovision-cali-hf/data/modis,2026-05-22 03:43:21,2022.0,2022-11
modis_maiac_aod_2022-11-28.tif,/workspace/geovision-cali-hf/data/modis/modis_maiac_aod_2022-11-28.tif,.tif,0.0018,2022-11-28,/workspace/geovision-cali-hf/data/modis,2026-05-22 03:43:21,2022.0,2022-11
modis_maiac_aod_2022-11-30.tif,/workspace/geovision-cali-hf/data/modis/modis_maiac_aod_2022-11-30.tif,.tif,0.0022,2022-11-30,/workspace/geovision-cali-hf/data/modis,2026-05-22 03:43:21,2022.0,2022-11
modis_maiac_aod_2022-12-02.tif,/workspace/geovision-cali-hf/data/modis/modis_maiac_aod_2022-12-02.tif,.tif,0.0019,2022-12-02,/workspace/geovision-cali-hf/data/modis,2026-05-22 03:43:22,2022.0,2022-12
modis_maiac_aod_2022-12-03.tif,/workspace/geovision-cali-hf/data/modis/modis_maiac_aod_2022-12-03.tif,.tif,0.0017,2022-12-03,/workspace/geovision-cali-hf/data/modis,2026-05-22 03:43:22,2022.0,2022-12
modis_maiac_aod_2022-12-05.tif,/workspace/geovision-cali-hf/data/modis/modis_maiac_aod_2022-12-05.tif,.tif,0.0027,2022-12-05,/workspace/geovision-cali-hf/data/modis,2026-05-22 03:43:22,2022.0,2022-12
modis_maiac_aod_2022-12-06.tif,/workspace/geovision-cali-hf/data/modis/modis_maiac_aod_2022-12-06.tif,.tif,0.0039,2022-12-06,/workspace/geovision-cali-hf/data/modis,2026-05-22 03:43:22,2022.0,2022-12
modis_maiac_aod_2022-12-07.tif,/workspace/geovision-cali-hf/data/modis/modis_maiac_aod_2022-12-07.tif,.tif,0.0017,2022-12-07,/workspace/geovision-cali-hf/data/modis,2026-05-22 03:43:22,2022.0,2022-12
modis_maiac_aod_2022-12-08.tif,/workspace/geovision-cali-hf/data/modis/modis_maiac_aod_2022-12-08.tif,.tif,0.0018,2022-12-08,/workspace/geovision-cali-hf/data/modis,2026-05-22 03:43:22,2022.0,2022-12
modis_maiac_aod_2022-12-09.tif,/workspace/geovision-cali-hf/data/modis/modis_maiac_aod_2022-12-09.tif,.tif,0.002,2022-12-09,/workspace/geovision-cali-hf/data/modis,2026-05-22 03:43:22,2022.0,2022-12
modis_maiac_aod_2022-12-10.tif,/workspace/geovision-cali-hf/data/modis/modis_maiac_aod_2022-12-10.tif,.tif,0.0015,2022-12-10,/workspace/geovision-cali-hf/data/modis,2026-05-22 03:43:22,2022.0,2022-12
modis_maiac_aod_2022-12-11.tif,/workspace/geovision-cali-hf/data/modis/modis_maiac_aod_2022-12-11.tif,.tif,0.0022,2022-12-11,/workspace/geovision-cali-hf/data/modis,2026-05-22 03:43:22,2022.0,2022-12
modis_maiac_aod_2022-12-12.tif,/workspace/geovision-cali-hf/data/modis/modis_maiac_aod_2022-12-12.tif,.tif,0.0028,2022-12-12,/workspace/geovision-cali-hf/data/modis,2026-05-22 03:43:22,2022.0,2022-12
modis_maiac_aod_2022-12-15.tif,/workspace/geovision-cali-hf/data/modis/modis_maiac_aod_2022-12-15.tif,.tif,0.0017,2022-12-15,/workspace/geovision-cali-hf/data/modis,2026-05-22 03:43:22,2022.0,2022-12
modis_maiac_aod_2022-12-16.tif,/workspace/geovision-cali-hf/data/modis/modis_maiac_aod_2022-12-16.tif,.tif,0.0029,2022-12-16,/workspace/geovision-cali-hf/data/modis,2026-05-22 03:43:22,2022.0,2022-12
modis_maiac_aod_2022-12-17.tif,/workspace/geovision-cali-hf/data/modis/modis_maiac_aod_2022-12-17.tif,.tif,0.0014,2022-12-17,/workspace/geovision-cali-hf/data/modis,2026-05-22 03:43:22,2022.0,2022-12
modis_maiac_aod_2022-12-18.tif,/workspace/geovision-cali-hf/data/modis/modis_maiac_aod_2022-12-18.tif,.tif,0.0016,2022-12-18,/workspace/geovision-cali-hf/data/modis,2026-05-22 03:43:22,2022.0,2022-12
modis_maiac_aod_2022-12-19.tif,/workspace/geovision-cali-hf/data/modis/modis_maiac_aod_2022-12-19.tif,.tif,0.0025,2022-12-19,/workspace/geovision-cali-hf/data/modis,2026-05-22 03:43:22,2022.0,2022-12
modis_maiac_aod_2022-12-20.tif,/workspace/geovision-cali-hf/data/modis/modis_maiac_aod_2022-12-20.tif,.tif,0.0035,2022-12-20,/workspace/geovision-cali-hf/data/modis,2026-05-22 03:43:22,2022.0,2022-12
modis_maiac_aod_2022-12-21.tif,/workspace/geovision-cali-hf/data/modis/modis_maiac_aod_2022-12-21.tif,.tif,0.0032,2022-12-21,/workspace/geovision-cali-hf/data/modis,2026-05-22 03:43:22,2022.0,2022-12
modis_maiac_aod_2022-12-22.tif,/workspace/geovision-cali-hf/data/modis/modis_maiac_aod_2022-12-22.tif,.tif,0.004,2022-12-22,/workspace/geovision-cali-hf/data/modis,2026-05-22 03:43:22,2022.0,2022-12
modis_maiac_aod_2022-12-23.tif,/workspace/geovision-cali-hf/data/modis/modis_maiac_aod_2022-12-23.tif,.tif,0.0038,2022-12-23,/workspace/geovision-cali-hf/data/modis,2026-05-22 03:43:22,2022.0,2022-12
modis_maiac_aod_2022-12-25.tif,/workspace/geovision-cali-hf/data/modis/modis_maiac_aod_2022-12-25.tif,.tif,0.0014,2022-12-25,/workspace/geovision-cali-hf/data/modis,2026-05-22 03:43:22,2022.0,2022-12
modis_maiac_aod_2022-12-26.tif,/workspace/geovision-cali-hf/data/modis/modis_maiac_aod_2022-12-26.tif,.tif,0.0014,2022-12-26,/workspace/geovision-cali-hf/data/modis,2026-05-22 03:43:22,2022.0,2022-12
modis_maiac_aod_2022-12-28.tif,/workspace/geovision-cali-hf/data/modis/modis_maiac_aod_2022-12-28.tif,.tif,0.0032,2022-12-28,/workspace/geovision-cali-hf/data/modis,2026-05-22 03:43:22,2022.0,2022-12
modis_maiac_aod_2022-12-29.tif,/workspace/geovision-cali-hf/data/modis/modis_maiac_aod_2022-12-29.tif,.tif,0.0036,2022-12-29,/workspace/geovision-cali-hf/data/modis,2026-05-22 03:43:22,2022.0,2022-12
modis_maiac_aod_2022-12-30.tif,/workspace/geovision-cali-hf/data/modis/modis_maiac_aod_2022-12-30.tif,.tif,0.0038,2022-12-30,/workspace/geovision-cali-hf/data/modis,2026-05-22 03:43:22,2022.0,2022-12
modis_maiac_aod_2023-01-01.tif,/workspace/geovision-cali-hf/data/modis/modis_maiac_aod_2023-01-01.tif,.tif,0.0015,2023-01-01,/workspace/geovision-cali-hf/data/modis,2026-05-22 03:43:22,2023.0,2023-01
modis_maiac_aod_2023-01-03.tif,/workspace/geovision-cali-hf/data/modis/modis_maiac_aod_2023-01-03.tif,.tif,0.0014,2023-01-03,/workspace/geovision-cali-hf/data/modis,2026-05-22 03:43:23,2023.0,2023-01
modis_maiac_aod_2023-01-04.tif,/workspace/geovision-cali-hf/data/modis/modis_maiac_aod_2023-01-04.tif,.tif,0.0024,2023-01-04,/workspace/geovision-cali-hf/data/modis,2026-05-22 03:43:23,2023.0,2023-01
modis_maiac_aod_2023-01-06.tif,/workspace/geovision-cali-hf/data/modis/modis_maiac_aod_2023-01-06.tif,.tif,0.0028,2023-01-06,/workspace/geovision-cali-hf/data/modis,2026-05-22 03:43:23,2023.0,2023-01
modis_maiac_aod_2023-01-08.tif,/workspace/geovision-cali-hf/data/modis/modis_maiac_aod_2023-01-08.tif,.tif,0.0019,2023-01-08,/workspace/geovision-cali-hf/data/modis,2026-05-22 03:43:23,2023.0,2023-01
modis_maiac_aod_2023-01-09.tif,/workspace/geovision-cali-hf/data/modis/modis_maiac_aod_2023-01-09.tif,.tif,0.0025,2023-01-09,/workspace/geovision-cali-hf/data/modis,2026-05-22 03:43:23,2023.0,2023-01
modis_maiac_aod_2023-01-11.tif,/workspace/geovision-cali-hf/data/modis/modis_maiac_aod_2023-01-11.tif,.tif,0.0019,2023-01-11,/workspace/geovision-cali-hf/data/modis,2026-05-22 03:43:23,2023.0,2023-01
modis_maiac_aod_2023-01-13.tif,/workspace/geovision-cali-hf/data/modis/modis_maiac_aod_2023-01-13.tif,.tif,0.0031,2023-01-13,/workspace/geovision-cali-hf/data/modis,2026-05-22 03:43:23,2023.0,2023-01
modis_maiac_aod_2023-01-14.tif,/workspace/geovision-cali-hf/data/modis/modis_maiac_aod_2023-01-14.tif,.tif,0.0015,2023-01-14,/workspace/geovision-cali-hf/data/modis,2026-05-22 03:43:23,2023.0,2023-01
modis_maiac_aod_2023-01-15.tif,/workspace/geovision-cali-hf/data/modis/modis_maiac_aod_2023-01-15.tif,.tif,0.0015,2023-01-15,/workspace/geovision-cali-hf/data/modis,2026-05-22 03:43:23,2023.0,2023-01
modis_maiac_aod_2023-01-16.tif,/workspace/geovision-cali-hf/data/modis/modis_maiac_aod_2023-01-16.tif,.tif,0.0024,2023-01-16,/workspace/geovision-cali-hf/data/modis,2026-05-22 03:43:23,2023.0,2023-01
modis_maiac_aod_2023-01-18.tif,/workspace/geovision-cali-hf/data/modis/modis_maiac_aod_2023-01-18.tif,.tif,0.0014,2023-01-18,/workspace/geovision-cali-hf/data/modis,2026-05-22 03:43:23,2023.0,2023-01
modis_maiac_aod_2023-01-20.tif,/workspace/geovision-cali-hf/data/modis/modis_maiac_aod_2023-01-20.tif,.tif,0.003,2023-01-20,/workspace/geovision-cali-hf/data/modis,2026-05-22 03:43:23,2023.0,2023-01
modis_maiac_aod_2023-01-21.tif,/workspace/geovision-cali-hf/data/modis/modis_maiac_aod_2023-01-21.tif,.tif,0.0014,2023-01-21,/workspace/geovision-cali-hf/data/modis,2026-05-22 03:43:23,2023.0,2023-01
modis_maiac_aod_2023-01-23.tif,/workspace/geovision-cali-hf/data/modis/modis_maiac_aod_2023-01-23.tif,.tif,0.003,2023-01-23,/workspace/geovision-cali-hf/data/modis,2026-05-22 03:43:23,2023.0,2023-01
modis_maiac_aod_2023-01-25.tif,/workspace/geovision-cali-hf/data/modis/modis_maiac_aod_2023-01-25.tif,.tif,0.0034,2023-01-25,/workspace/geovision-cali-hf/data/modis,2026-05-22 03:43:23,2023.0,2023-01
modis_maiac_aod_2023-01-27.tif,/workspace/geovision-cali-hf/data/modis/modis_maiac_aod_2023-01-27.tif,.tif,0.0039,2023-01-27,/workspace/geovision-cali-hf/data/modis,2026-05-22 03:43:23,2023.0,2023-01
modis_maiac_aod_2023-01-28.tif,/workspace/geovision-cali-hf/data/modis/modis_maiac_aod_2023-01-28.tif,.tif,0.0036,2023-01-28,/workspace/geovision-cali-hf/data/modis,2026-05-22 03:43:23,2023.0,2023-01
modis_maiac_aod_2023-01-29.tif,/workspace/geovision-cali-hf/data/modis/modis_maiac_aod_2023-01-29.tif,.tif,0.0044,2023-01-29,/workspace/geovision-cali-hf/data/modis,2026-05-22 03:43:23,2023.0,2023-01
modis_maiac_aod_2023-01-30.tif,/workspace/geovision-cali-hf/data/modis/modis_maiac_aod_2023-01-30.tif,.tif,0.0042,2023-01-30,/workspace/geovision-cali-hf/data/modis,2026-05-22 03:43:23,2023.0,2023-01
modis_maiac_aod_2023-02-01.tif,/workspace/geovision-cali-hf/data/modis/modis_maiac_aod_2023-02-01.tif,.tif,0.0036,2023-02-01,/workspace/geovision-cali-hf/data/modis,2026-05-22 03:43:23,2023.0,2023-02
modis_maiac_aod_2023-02-03.tif,/workspace/geovision-cali-hf/data/modis/modis_maiac_aod_2023-02-03.tif,.tif,0.0035,2023-02-03,/workspace/geovision-cali-hf/data/modis,2026-05-22 03:43:23,2023.0,2023-02
modis_maiac_aod_2023-02-04.tif,/workspace/geovision-cali-hf/data/modis/modis_maiac_aod_2023-02-04.tif,.tif,0.0015,2023-02-04,/workspace/geovision-cali-hf/data/modis,2026-05-22 03:43:23,2023.0,2023-02
modis_maiac_aod_2023-02-05.tif,/workspace/geovision-cali-hf/data/modis/modis_maiac_aod_2023-02-05.tif,.tif,0.0045,2023-02-05,/workspace/geovision-cali-hf/data/modis,2026-05-22 03:43:24,2023.0,2023-02
modis_maiac_aod_2023-02-06.tif,/workspace/geovision-cali-hf/data/modis/modis_maiac_aod_2023-02-06.tif,.tif,0.0026,2023-02-06,/workspace/geovision-cali-hf/data/modis,2026-05-22 03:43:24,2023.0,2023-02
modis_maiac_aod_2023-02-07.tif,/workspace/geovision-cali-hf/data/modis/modis_maiac_aod_2023-02-07.tif,.tif,0.0018,2023-02-07,/workspace/geovision-cali-hf/data/modis,2026-05-22 03:43:24,2023.0,2023-02
modis_maiac_aod_2023-02-08.tif,/workspace/geovision-cali-hf/data/modis/modis_maiac_aod_2023-02-08.tif,.tif,0.0017,2023-02-08,/workspace/geovision-cali-hf/data/modis,2026-05-22 03:43:24,2023.0,2023-02
modis_maiac_aod_2023-02-10.tif,/workspace/geovision-cali-hf/data/modis/modis_maiac_aod_2023-02-10.tif,.tif,0.0035,2023-02-10,/workspace/geovision-cali-hf/data/modis,2026-05-22 03:43:24,2023.0,2023-02
modis_maiac_aod_2023-02-11.tif,/workspace/geovision-cali-hf/data/modis/modis_maiac_aod_2023-02-11.tif,.tif,0.0024,2023-02-11,/workspace/geovision-cali-hf/data/modis,2026-05-22 03:43:24,2023.0,2023-02
modis_maiac_aod_2023-02-15.tif,/workspace/geovision-cali-hf/data/modis/modis_maiac_aod_2023-02-15.tif,.tif,0.0019,2023-02-15,/workspace/geovision-cali-hf/data/modis,2026-05-22 03:43:24,2023.0,2023-02
modis_maiac_aod_2023-02-17.tif,/workspace/geovision-cali-hf/data/modis/modis_maiac_aod_2023-02-17.tif,.tif,0.0037,2023-02-17,/workspace/geovision-cali-hf/data/modis,2026-05-22 03:43:24,2023.0,2023-02
modis_maiac_aod_2023-02-19.tif,/workspace/geovision-cali-hf/data/modis/modis_maiac_aod_2023-02-19.tif,.tif,0.0025,2023-02-19,/workspace/geovision-cali-hf/data/modis,2026-05-22 03:43:24,2023.0,2023-02
modis_maiac_aod_2023-02-23.tif,/workspace/geovision-cali-hf/data/modis/modis_maiac_aod_2023-02-23.tif,.tif,0.0035,2023-02-23,/workspace/geovision-cali-hf/data/modis,2026-05-22 03:43:24,2023.0,2023-02
modis_maiac_aod_2023-02-24.tif,/workspace/geovision-cali-hf/data/modis/modis_maiac_aod_2023-02-24.tif,.tif,0.0029,2023-02-24,/workspace/geovision-cali-hf/data/modis,2026-05-22 03:43:24,2023.0,2023-02
modis_maiac_aod_2023-02-25.tif,/workspace/geovision-cali-hf/data/modis/modis_maiac_aod_2023-02-25.tif,.tif,0.0035,2023-02-25,/workspace/geovision-cali-hf/data/modis,2026-05-22 03:43:24,2023.0,2023-02
modis_maiac_aod_2023-02-26.tif,/workspace/geovision-cali-hf/data/modis/modis_maiac_aod_2023-02-26.tif,.tif,0.0014,2023-02-26,/workspace/geovision-cali-hf/data/modis,2026-05-22 03:43:24,2023.0,2023-02
modis_maiac_aod_2023-02-27.tif,/workspace/geovision-cali-hf/data/modis/modis_maiac_aod_2023-02-27.tif,.tif,0.0043,2023-02-27,/workspace/geovision-cali-hf/data/modis,2026-05-22 03:43:24,2023.0,2023-02
modis_maiac_aod_2023-02-28.tif,/workspace/geovision-cali-hf/data/modis/modis_maiac_aod_2023-02-28.tif,.tif,0.0026,2023-02-28,/workspace/geovision-cali-hf/data/modis,2026-05-22 03:43:24,2023.0,2023-02
modis_maiac_aod_2023-03-01.tif,/workspace/geovision-cali-hf/data/modis/modis_maiac_aod_2023-03-01.tif,.tif,0.003,2023-03-01,/workspace/geovision-cali-hf/data/modis,2026-05-22 03:43:24,2023.0,2023-03
modis_maiac_aod_2023-03-02.tif,/workspace/geovision-cali-hf/data/modis/modis_maiac_aod_2023-03-02.tif,.tif,0.0025,2023-03-02,/workspace/geovision-cali-hf/data/modis,2026-05-22 03:43:24,2023.0,2023-03
modis_maiac_aod_2023-03-03.tif,/workspace/geovision-cali-hf/data/modis/modis_maiac_aod_2023-03-03.tif,.tif,0.0014,2023-03-03,/workspace/geovision-cali-hf/data/modis,2026-05-22 03:43:24,2023.0,2023-03
modis_maiac_aod_2023-03-06.tif,/workspace/geovision-cali-hf/data/modis/modis_maiac_aod_2023-03-06.tif,.tif,0.0021,2023-03-06,/workspace/geovision-cali-hf/data/modis,2026-05-22 03:43:24,2023.0,2023-03
modis_maiac_aod_2023-03-08.tif,/workspace/geovision-cali-hf/data/modis/modis_maiac_aod_2023-03-08.tif,.tif,0.0022,2023-03-08,/workspace/geovision-cali-hf/data/modis,2026-05-22 03:43:24,2023.0,2023-03
modis_maiac_aod_2023-03-12.tif,/workspace/geovision-cali-hf/data/modis/modis_maiac_aod_2023-03-12.tif,.tif,0.0014,2023-03-12,/workspace/geovision-cali-hf/data/modis,2026-05-22 03:43:24,2023.0,2023-03
modis_maiac_aod_2023-03-14.tif,/workspace/geovision-cali-hf/data/modis/modis_maiac_aod_2023-03-14.tif,.tif,0.002,2023-03-14,/workspace/geovision-cali-hf/data/modis,2026-05-22 03:43:24,2023.0,2023-03
modis_maiac_aod_2023-03-17.tif,/workspace/geovision-cali-hf/data/modis/modis_maiac_aod_2023-03-17.tif,.tif,0.002,2023-03-17,/workspace/geovision-cali-hf/data/modis,2026-05-22 03:43:24,2023.0,2023-03
modis_maiac_aod_2023-03-19.tif,/workspace/geovision-cali-hf/data/modis/modis_maiac_aod_2023-03-19.tif,.tif,0.0024,2023-03-19,/workspace/geovision-cali-hf/data/modis,2026-05-22 03:43:24,2023.0,2023-03
modis_maiac_aod_2023-03-20.tif,/workspace/geovision-cali-hf/data/modis/modis_maiac_aod_2023-03-20.tif,.tif,0.0016,2023-03-20,/workspace/geovision-cali-hf/data/modis,2026-05-22 03:43:24,2023.0,2023-03
modis_maiac_aod_2023-03-21.tif,/workspace/geovision-cali-hf/data/modis/modis_maiac_aod_2023-03-21.tif,.tif,0.0027,2023-03-21,/workspace/geovision-cali-hf/data/modis,2026-05-22 03:43:24,2023.0,2023-03
modis_maiac_aod_2023-03-23.tif,/workspace/geovision-cali-hf/data/modis/modis_maiac_aod_2023-03-23.tif,.tif,0.0018,2023-03-23,/workspace/geovision-cali-hf/data/modis,2026-05-22 03:43:25,2023.0,2023-03
modis_maiac_aod_2023-03-25.tif,/workspace/geovision-cali-hf/data/modis/modis_maiac_aod_2023-03-25.tif,.tif,0.002,2023-03-25,/workspace/geovision-cali-hf/data/modis,2026-05-22 03:43:25,2023.0,2023-03
modis_maiac_aod_2023-03-26.tif,/workspace/geovision-cali-hf/data/modis/modis_maiac_aod_2023-03-26.tif,.tif,0.0017,2023-03-26,/workspace/geovision-cali-hf/data/modis,2026-05-22 03:43:25,2023.0,2023-03
modis_maiac_aod_2023-03-28.tif,/workspace/geovision-cali-hf/data/modis/modis_maiac_aod_2023-03-28.tif,.tif,0.0044,2023-03-28,/workspace/geovision-cali-hf/data/modis,2026-05-22 03:43:25,2023.0,2023-03
modis_maiac_aod_2023-03-30.tif,/workspace/geovision-cali-hf/data/modis/modis_maiac_aod_2023-03-30.tif,.tif,0.0047,2023-03-30,/workspace/geovision-cali-hf/data/modis,2026-05-22 03:43:25,2023.0,2023-03
modis_maiac_aod_2023-03-31.tif,/workspace/geovision-cali-hf/data/modis/modis_maiac_aod_2023-03-31.tif,.tif,0.0014,2023-03-31,/workspace/geovision-cali-hf/data/modis,2026-05-22 03:43:25,2023.0,2023-03
modis_maiac_aod_2023-04-01.tif,/workspace/geovision-cali-hf/data/modis/modis_maiac_aod_2023-04-01.tif,.tif,0.0033,2023-04-01,/workspace/geovision-cali-hf/data/modis,2026-05-22 03:43:25,2023.0,2023-04
modis_maiac_aod_2023-04-03.tif,/workspace/geovision-cali-hf/data/modis/modis_maiac_aod_2023-04-03.tif,.tif,0.0032,2023-04-03,/workspace/geovision-cali-hf/data/modis,2026-05-22 03:43:25,2023.0,2023-04
modis_maiac_aod_2023-04-05.tif,/workspace/geovision-cali-hf/data/modis/modis_maiac_aod_2023-04-05.tif,.tif,0.002,2023-04-05,/workspace/geovision-cali-hf/data/modis,2026-05-22 03:43:25,2023.0,2023-04
modis_maiac_aod_2023-04-07.tif,/workspace/geovision-cali-hf/data/modis/modis_maiac_aod_2023-04-07.tif,.tif,0.0015,2023-04-07,/workspace/geovision-cali-hf/data/modis,2026-05-22 03:43:25,2023.0,2023-04
modis_maiac_aod_2023-04-09.tif,/workspace/geovision-cali-hf/data/modis/modis_maiac_aod_2023-04-09.tif,.tif,0.0042,2023-04-09,/workspace/geovision-cali-hf/data/modis,2026-05-22 03:43:25,2023.0,2023-04
modis_maiac_aod_2023-04-11.tif,/workspace/geovision-cali-hf/data/modis/modis_maiac_aod_2023-04-11.tif,.tif,0.0014,2023-04-11,/workspace/geovision-cali-hf/data/modis,2026-05-22 03:43:25,2023.0,2023-04
modis_maiac_aod_2023-04-12.tif,/workspace/geovision-cali-hf/data/modis/modis_maiac_aod_2023-04-12.tif,.tif,0.0029,2023-04-12,/workspace/geovision-cali-hf/data/modis,2026-05-22 03:43:25,2023.0,2023-04
modis_maiac_aod_2023-04-15.tif,/workspace/geovision-cali-hf/data/modis/modis_maiac_aod_2023-04-15.tif,.tif,0.0018,2023-04-15,/workspace/geovision-cali-hf/data/modis,2026-05-22 03:43:25,2023.0,2023-04
modis_maiac_aod_2023-04-18.tif,/workspace/geovision-cali-hf/data/modis/modis_maiac_aod_2023-04-18.tif,.tif,0.0042,2023-04-18,/workspace/geovision-cali-hf/data/modis,2026-05-22 03:43:25,2023.0,2023-04
modis_maiac_aod_2023-04-19.tif,/workspace/geovision-cali-hf/data/modis/modis_maiac_aod_2023-04-19.tif,.tif,0.0014,2023-04-19,/workspace/geovision-cali-hf/data/modis,2026-05-22 03:43:25,2023.0,2023-04
modis_maiac_aod_2023-04-25.tif,/workspace/geovision-cali-hf/data/modis/modis_maiac_aod_2023-04-25.tif,.tif,0.002,2023-04-25,/workspace/geovision-cali-hf/data/modis,2026-05-22 03:43:25,2023.0,2023-04
modis_maiac_aod_2023-04-27.tif,/workspace/geovision-cali-hf/data/modis/modis_maiac_aod_2023-04-27.tif,.tif,0.0015,2023-04-27,/workspace/geovision-cali-hf/data/modis,2026-05-22 03:43:25,2023.0,2023-04
modis_maiac_aod_2023-04-28.tif,/workspace/geovision-cali-hf/data/modis/modis_maiac_aod_2023-04-28.tif,.tif,0.0016,2023-04-28,/workspace/geovision-cali-hf/data/modis,2026-05-22 03:43:25,2023.0,2023-04
modis_maiac_aod_2023-05-01.tif,/workspace/geovision-cali-hf/data/modis/modis_maiac_aod_2023-05-01.tif,.tif,0.003,2023-05-01,/workspace/geovision-cali-hf/data/modis,2026-05-22 03:43:25,2023.0,2023-05
modis_maiac_aod_2023-05-02.tif,/workspace/geovision-cali-hf/data/modis/modis_maiac_aod_2023-05-02.tif,.tif,0.0046,2023-05-02,/workspace/geovision-cali-hf/data/modis,2026-05-22 03:43:25,2023.0,2023-05
modis_maiac_aod_2023-05-03.tif,/workspace/geovision-cali-hf/data/modis/modis_maiac_aod_2023-05-03.tif,.tif,0.0018,2023-05-03,/workspace/geovision-cali-hf/data/modis,2026-05-22 03:43:25,2023.0,2023-05
modis_maiac_aod_2023-05-04.tif,/workspace/geovision-cali-hf/data/modis/modis_maiac_aod_2023-05-04.tif,.tif,0.0048,2023-05-04,/workspace/geovision-cali-hf/data/modis,2026-05-22 03:43:26,2023.0,2023-05
modis_maiac_aod_2023-05-05.tif,/workspace/geovision-cali-hf/data/modis/modis_maiac_aod_2023-05-05.tif,.tif,0.0042,2023-05-05,/workspace/geovision-cali-hf/data/modis,2026-05-22 03:43:26,2023.0,2023-05
modis_maiac_aod_2023-05-07.tif,/workspace/geovision-cali-hf/data/modis/modis_maiac_aod_2023-05-07.tif,.tif,0.005,2023-05-07,/workspace/geovision-cali-hf/data/modis,2026-05-22 03:43:25,2023.0,2023-05
modis_maiac_aod_2023-05-11.tif,/workspace/geovision-cali-hf/data/modis/modis_maiac_aod_2023-05-11.tif,.tif,0.0022,2023-05-11,/workspace/geovision-cali-hf/data/modis,2026-05-22 03:43:26,2023.0,2023-05
modis_maiac_aod_2023-05-12.tif,/workspace/geovision-cali-hf/data/modis/modis_maiac_aod_2023-05-12.tif,.tif,0.004,2023-05-12,/workspace/geovision-cali-hf/data/modis,2026-05-22 03:43:25,2023.0,2023-05
modis_maiac_aod_2023-05-17.tif,/workspace/geovision-cali-hf/data/modis/modis_maiac_aod_2023-05-17.tif,.tif,0.0026,2023-05-17,/workspace/geovision-cali-hf/data/modis,2026-05-22 03:43:26,2023.0,2023-05
modis_maiac_aod_2023-05-18.tif,/workspace/geovision-cali-hf/data/modis/modis_maiac_aod_2023-05-18.tif,.tif,0.0029,2023-05-18,/workspace/geovision-cali-hf/data/modis,2026-05-22 03:43:26,2023.0,2023-05
modis_maiac_aod_2023-05-22.tif,/workspace/geovision-cali-hf/data/modis/modis_maiac_aod_2023-05-22.tif,.tif,0.0026,2023-05-22,/workspace/geovision-cali-hf/data/modis,2026-05-22 03:43:26,2023.0,2023-05
modis_maiac_aod_2023-05-24.tif,/workspace/geovision-cali-hf/data/modis/modis_maiac_aod_2023-05-24.tif,.tif,0.0034,2023-05-24,/workspace/geovision-cali-hf/data/modis,2026-05-22 03:43:26,2023.0,2023-05
modis_maiac_aod_2023-05-25.tif,/workspace/geovision-cali-hf/data/modis/modis_maiac_aod_2023-05-25.tif,.tif,0.004,2023-05-25,/workspace/geovision-cali-hf/data/modis,2026-05-22 03:43:26,2023.0,2023-05
modis_maiac_aod_2023-05-27.tif,/workspace/geovision-cali-hf/data/modis/modis_maiac_aod_2023-05-27.tif,.tif,0.0022,2023-05-27,/workspace/geovision-cali-hf/data/modis,2026-05-22 03:43:26,2023.0,2023-05
modis_maiac_aod_2023-06-02.tif,/workspace/geovision-cali-hf/data/modis/modis_maiac_aod_2023-06-02.tif,.tif,0.002,2023-06-02,/workspace/geovision-cali-hf/data/modis,2026-05-22 03:43:26,2023.0,2023-06
modis_maiac_aod_2023-06-03.tif,/workspace/geovision-cali-hf/data/modis/modis_maiac_aod_2023-06-03.tif,.tif,0.004,2023-06-03,/workspace/geovision-cali-hf/data/modis,2026-05-22 03:43:26,2023.0,2023-06
modis_maiac_aod_2023-06-05.tif,/workspace/geovision-cali-hf/data/modis/modis_maiac_aod_2023-06-05.tif,.tif,0.0015,2023-06-05,/workspace/geovision-cali-hf/data/modis,2026-05-22 03:43:26,2023.0,2023-06
modis_maiac_aod_2023-06-07.tif,/workspace/geovision-cali-hf/data/modis/modis_maiac_aod_2023-06-07.tif,.tif,0.0018,2023-06-07,/workspace/geovision-cali-hf/data/modis,2026-05-22 03:43:26,2023.0,2023-06
modis_maiac_aod_2023-06-08.tif,/workspace/geovision-cali-hf/data/modis/modis_maiac_aod_2023-06-08.tif,.tif,0.0018,2023-06-08,/workspace/geovision-cali-hf/data/modis,2026-05-22 03:43:26,2023.0,2023-06
modis_maiac_aod_2023-06-09.tif,/workspace/geovision-cali-hf/data/modis/modis_maiac_aod_2023-06-09.tif,.tif,0.0018,2023-06-09,/workspace/geovision-cali-hf/data/modis,2026-05-22 03:43:26,2023.0,2023-06
modis_maiac_aod_2023-06-10.tif,/workspace/geovision-cali-hf/data/modis/modis_maiac_aod_2023-06-10.tif,.tif,0.0025,2023-06-10,/workspace/geovision-cali-hf/data/modis,2026-05-22 03:43:26,2023.0,2023-06
modis_maiac_aod_2023-06-11.tif,/workspace/geovision-cali-hf/data/modis/modis_maiac_aod_2023-06-11.tif,.tif,0.0018,2023-06-11,/workspace/geovision-cali-hf/data/modis,2026-05-22 03:43:26,2023.0,2023-06
modis_maiac_aod_2023-06-12.tif,/workspace/geovision-cali-hf/data/modis/modis_maiac_aod_2023-06-12.tif,.tif,0.005,2023-06-12,/workspace/geovision-cali-hf/data/modis,2026-05-22 03:43:26,2023.0,2023-06
modis_maiac_aod_2023-06-13.tif,/workspace/geovision-cali-hf/data/modis/modis_maiac_aod_2023-06-13.tif,.tif,0.0029,2023-06-13,/workspace/geovision-cali-hf/data/modis,2026-05-22 03:43:26,2023.0,2023-06
modis_maiac_aod_2023-06-15.tif,/workspace/geovision-cali-hf/data/modis/modis_maiac_aod_2023-06-15.tif,.tif,0.0017,2023-06-15,/workspace/geovision-cali-hf/data/modis,2026-05-22 03:43:26,2023.0,2023-06
modis_maiac_aod_2023-06-18.tif,/workspace/geovision-cali-hf/data/modis/modis_maiac_aod_2023-06-18.tif,.tif,0.002,2023-06-18,/workspace/geovision-cali-hf/data/modis,2026-05-22 03:43:26,2023.0,2023-06
modis_maiac_aod_2023-06-19.tif,/workspace/geovision-cali-hf/data/modis/modis_maiac_aod_2023-06-19.tif,.tif,0.0051,2023-06-19,/workspace/geovision-cali-hf/data/modis,2026-05-22 03:43:26,2023.0,2023-06
modis_maiac_aod_2023-06-20.tif,/workspace/geovision-cali-hf/data/modis/modis_maiac_aod_2023-06-20.tif,.tif,0.0047,2023-06-20,/workspace/geovision-cali-hf/data/modis,2026-05-22 03:43:26,2023.0,2023-06
modis_maiac_aod_2023-06-22.tif,/workspace/geovision-cali-hf/data/modis/modis_maiac_aod_2023-06-22.tif,.tif,0.0017,2023-06-22,/workspace/geovision-cali-hf/data/modis,2026-05-22 03:43:26,2023.0,2023-06
modis_maiac_aod_2023-06-23.tif,/workspace/geovision-cali-hf/data/modis/modis_maiac_aod_2023-06-23.tif,.tif,0.0016,2023-06-23,/workspace/geovision-cali-hf/data/modis,2026-05-22 03:43:26,2023.0,2023-06
modis_maiac_aod_2023-06-24.tif,/workspace/geovision-cali-hf/data/modis/modis_maiac_aod_2023-06-24.tif,.tif,0.0018,2023-06-24,/workspace/geovision-cali-hf/data/modis,2026-05-22 03:43:26,2023.0,2023-06
modis_maiac_aod_2023-06-26.tif,/workspace/geovision-cali-hf/data/modis/modis_maiac_aod_2023-06-26.tif,.tif,0.0022,2023-06-26,/workspace/geovision-cali-hf/data/modis,2026-05-22 03:43:27,2023.0,2023-06
modis_maiac_aod_2023-06-27.tif,/workspace/geovision-cali-hf/data/modis/modis_maiac_aod_2023-06-27.tif,.tif,0.0025,2023-06-27,/workspace/geovision-cali-hf/data/modis,2026-05-22 03:43:27,2023.0,2023-06
modis_maiac_aod_2023-06-28.tif,/workspace/geovision-cali-hf/data/modis/modis_maiac_aod_2023-06-28.tif,.tif,0.0031,2023-06-28,/workspace/geovision-cali-hf/data/modis,2026-05-22 03:43:27,2023.0,2023-06
modis_maiac_aod_2023-06-29.tif,/workspace/geovision-cali-hf/data/modis/modis_maiac_aod_2023-06-29.tif,.tif,0.0041,2023-06-29,/workspace/geovision-cali-hf/data/modis,2026-05-22 03:43:27,2023.0,2023-06
modis_maiac_aod_2023-07-01.tif,/workspace/geovision-cali-hf/data/modis/modis_maiac_aod_2023-07-01.tif,.tif,0.0046,2023-07-01,/workspace/geovision-cali-hf/data/modis,2026-05-22 03:43:27,2023.0,2023-07
modis_maiac_aod_2023-07-02.tif,/workspace/geovision-cali-hf/data/modis/modis_maiac_aod_2023-07-02.tif,.tif,0.002,2023-07-02,/workspace/geovision-cali-hf/data/modis,2026-05-22 03:43:27,2023.0,2023-07
modis_maiac_aod_2023-07-05.tif,/workspace/geovision-cali-hf/data/modis/modis_maiac_aod_2023-07-05.tif,.tif,0.0014,2023-07-05,/workspace/geovision-cali-hf/data/modis,2026-05-22 03:43:27,2023.0,2023-07
modis_maiac_aod_2023-07-09.tif,/workspace/geovision-cali-hf/data/modis/modis_maiac_aod_2023-07-09.tif,.tif,0.0037,2023-07-09,/workspace/geovision-cali-hf/data/modis,2026-05-22 03:43:27,2023.0,2023-07
modis_maiac_aod_2023-07-10.tif,/workspace/geovision-cali-hf/data/modis/modis_maiac_aod_2023-07-10.tif,.tif,0.0036,2023-07-10,/workspace/geovision-cali-hf/data/modis,2026-05-22 03:43:27,2023.0,2023-07
modis_maiac_aod_2023-07-11.tif,/workspace/geovision-cali-hf/data/modis/modis_maiac_aod_2023-07-11.tif,.tif,0.0019,2023-07-11,/workspace/geovision-cali-hf/data/modis,2026-05-22 03:43:27,2023.0,2023-07
modis_maiac_aod_2023-07-12.tif,/workspace/geovision-cali-hf/data/modis/modis_maiac_aod_2023-07-12.tif,.tif,0.0015,2023-07-12,/workspace/geovision-cali-hf/data/modis,2026-05-22 03:43:27,2023.0,2023-07
modis_maiac_aod_2023-07-13.tif,/workspace/geovision-cali-hf/data/modis/modis_maiac_aod_2023-07-13.tif,.tif,0.0025,2023-07-13,/workspace/geovision-cali-hf/data/modis,2026-05-22 03:43:27,2023.0,2023-07
modis_maiac_aod_2023-07-16.tif,/workspace/geovision-cali-hf/data/modis/modis_maiac_aod_2023-07-16.tif,.tif,0.003,2023-07-16,/workspace/geovision-cali-hf/data/modis,2026-05-22 03:43:27,2023.0,2023-07
modis_maiac_aod_2023-07-17.tif,/workspace/geovision-cali-hf/data/modis/modis_maiac_aod_2023-07-17.tif,.tif,0.0026,2023-07-17,/workspace/geovision-cali-hf/data/modis,2026-05-22 03:43:27,2023.0,2023-07
modis_maiac_aod_2023-07-18.tif,/workspace/geovision-cali-hf/data/modis/modis_maiac_aod_2023-07-18.tif,.tif,0.0043,2023-07-18,/workspace/geovision-cali-hf/data/modis,2026-05-22 03:43:27,2023.0,2023-07
modis_maiac_aod_2023-07-19.tif,/workspace/geovision-cali-hf/data/modis/modis_maiac_aod_2023-07-19.tif,.tif,0.0045,2023-07-19,/workspace/geovision-cali-hf/data/modis,2026-05-22 03:43:27,2023.0,2023-07
modis_maiac_aod_2023-07-20.tif,/workspace/geovision-cali-hf/data/modis/modis_maiac_aod_2023-07-20.tif,.tif,0.0044,2023-07-20,/workspace/geovision-cali-hf/data/modis,2026-05-22 03:43:27,2023.0,2023-07
modis_maiac_aod_2023-07-23.tif,/workspace/geovision-cali-hf/data/modis/modis_maiac_aod_2023-07-23.tif,.tif,0.0019,2023-07-23,/workspace/geovision-cali-hf/data/modis,2026-05-22 03:43:27,2023.0,2023-07
modis_maiac_aod_2023-07-24.tif,/workspace/geovision-cali-hf/data/modis/modis_maiac_aod_2023-07-24.tif,.tif,0.0032,2023-07-24,/workspace/geovision-cali-hf/data/modis,2026-05-22 03:43:27,2023.0,2023-07
modis_maiac_aod_2023-07-28.tif,/workspace/geovision-cali-hf/data/modis/modis_maiac_aod_2023-07-28.tif,.tif,0.0051,2023-07-28,/workspace/geovision-cali-hf/data/modis,2026-05-22 03:43:27,2023.0,2023-07
modis_maiac_aod_2023-07-29.tif,/workspace/geovision-cali-hf/data/modis/modis_maiac_aod_2023-07-29.tif,.tif,0.0023,2023-07-29,/workspace/geovision-cali-hf/data/modis,2026-05-22 03:43:27,2023.0,2023-07
modis_maiac_aod_2023-07-31.tif,/workspace/geovision-cali-hf/data/modis/modis_maiac_aod_2023-07-31.tif,.tif,0.0016,2023-07-31,/workspace/geovision-cali-hf/data/modis,2026-05-22 03:43:27,2023.0,2023-07
modis_maiac_aod_2023-08-01.tif,/workspace/geovision-cali-hf/data/modis/modis_maiac_aod_2023-08-01.tif,.tif,0.0018,2023-08-01,/workspace/geovision-cali-hf/data/modis,2026-05-22 03:43:27,2023.0,2023-08
modis_maiac_aod_2023-08-02.tif,/workspace/geovision-cali-hf/data/modis/modis_maiac_aod_2023-08-02.tif,.tif,0.0037,2023-08-02,/workspace/geovision-cali-hf/data/modis,2026-05-22 03:43:27,2023.0,2023-08
modis_maiac_aod_2023-08-04.tif,/workspace/geovision-cali-hf/data/modis/modis_maiac_aod_2023-08-04.tif,.tif,0.0041,2023-08-04,/workspace/geovision-cali-hf/data/modis,2026-05-22 03:43:27,2023.0,2023-08
modis_maiac_aod_2023-08-05.tif,/workspace/geovision-cali-hf/data/modis/modis_maiac_aod_2023-08-05.tif,.tif,0.0042,2023-08-05,/workspace/geovision-cali-hf/data/modis,2026-05-22 03:43:27,2023.0,2023-08
modis_maiac_aod_2023-08-08.tif,/workspace/geovision-cali-hf/data/modis/modis_maiac_aod_2023-08-08.tif,.tif,0.0017,2023-08-08,/workspace/geovision-cali-hf/data/modis,2026-05-22 03:43:27,2023.0,2023-08
modis_maiac_aod_2023-08-09.tif,/workspace/geovision-cali-hf/data/modis/modis_maiac_aod_2023-08-09.tif,.tif,0.0015,2023-08-09,/workspace/geovision-cali-hf/data/modis,2026-05-22 03:43:28,2023.0,2023-08
modis_maiac_aod_2023-08-10.tif,/workspace/geovision-cali-hf/data/modis/modis_maiac_aod_2023-08-10.tif,.tif,0.002,2023-08-10,/workspace/geovision-cali-hf/data/modis,2026-05-22 03:43:28,2023.0,2023-08
modis_maiac_aod_2023-08-11.tif,/workspace/geovision-cali-hf/data/modis/modis_maiac_aod_2023-08-11.tif,.tif,0.0024,2023-08-11,/workspace/geovision-cali-hf/data/modis,2026-05-22 03:43:28,2023.0,2023-08
modis_maiac_aod_2023-08-12.tif,/workspace/geovision-cali-hf/data/modis/modis_maiac_aod_2023-08-12.tif,.tif,0.0022,2023-08-12,/workspace/geovision-cali-hf/data/modis,2026-05-22 03:43:28,2023.0,2023-08
modis_maiac_aod_2023-08-14.tif,/workspace/geovision-cali-hf/data/modis/modis_maiac_aod_2023-08-14.tif,.tif,0.0018,2023-08-14,/workspace/geovision-cali-hf/data/modis,2026-05-22 03:43:28,2023.0,2023-08
modis_maiac_aod_2023-08-16.tif,/workspace/geovision-cali-hf/data/modis/modis_maiac_aod_2023-08-16.tif,.tif,0.0041,2023-08-16,/workspace/geovision-cali-hf/data/modis,2026-05-22 03:43:28,2023.0,2023-08
modis_maiac_aod_2023-08-17.tif,/workspace/geovision-cali-hf/data/modis/modis_maiac_aod_2023-08-17.tif,.tif,0.0016,2023-08-17,/workspace/geovision-cali-hf/data/modis,2026-05-22 03:43:28,2023.0,2023-08
modis_maiac_aod_2023-08-18.tif,/workspace/geovision-cali-hf/data/modis/modis_maiac_aod_2023-08-18.tif,.tif,0.0021,2023-08-18,/workspace/geovision-cali-hf/data/modis,2026-05-22 03:43:28,2023.0,2023-08
modis_maiac_aod_2023-08-19.tif,/workspace/geovision-cali-hf/data/modis/modis_maiac_aod_2023-08-19.tif,.tif,0.0031,2023-08-19,/workspace/geovision-cali-hf/data/modis,2026-05-22 03:43:28,2023.0,2023-08
modis_maiac_aod_2023-08-21.tif,/workspace/geovision-cali-hf/data/modis/modis_maiac_aod_2023-08-21.tif,.tif,0.0014,2023-08-21,/workspace/geovision-cali-hf/data/modis,2026-05-22 03:43:28,2023.0,2023-08
modis_maiac_aod_2023-08-23.tif,/workspace/geovision-cali-hf/data/modis/modis_maiac_aod_2023-08-23.tif,.tif,0.0021,2023-08-23,/workspace/geovision-cali-hf/data/modis,2026-05-22 03:43:28,2023.0,2023-08
modis_maiac_aod_2023-08-24.tif,/workspace/geovision-cali-hf/data/modis/modis_maiac_aod_2023-08-24.tif,.tif,0.0024,2023-08-24,/workspace/geovision-cali-hf/data/modis,2026-05-22 03:43:28,2023.0,2023-08
modis_maiac_aod_2023-08-25.tif,/workspace/geovision-cali-hf/data/modis/modis_maiac_aod_2023-08-25.tif,.tif,0.0018,2023-08-25,/workspace/geovision-cali-hf/data/modis,2026-05-22 03:43:28,2023.0,2023-08
modis_maiac_aod_2023-08-26.tif,/workspace/geovision-cali-hf/data/modis/modis_maiac_aod_2023-08-26.tif,.tif,0.0051,2023-08-26,/workspace/geovision-cali-hf/data/modis,2026-05-22 03:43:28,2023.0,2023-08
modis_maiac_aod_2023-08-27.tif,/workspace/geovision-cali-hf/data/modis/modis_maiac_aod_2023-08-27.tif,.tif,0.0045,2023-08-27,/workspace/geovision-cali-hf/data/modis,2026-05-22 03:43:28,2023.0,2023-08
modis_maiac_aod_2023-08-28.tif,/workspace/geovision-cali-hf/data/modis/modis_maiac_aod_2023-08-28.tif,.tif,0.0049,2023-08-28,/workspace/geovision-cali-hf/data/modis,2026-05-22 03:43:28,2023.0,2023-08
modis_maiac_aod_2023-08-29.tif,/workspace/geovision-cali-hf/data/modis/modis_maiac_aod_2023-08-29.tif,.tif,0.0041,2023-08-29,/workspace/geovision-cali-hf/data/modis,2026-05-22 03:43:28,2023.0,2023-08
modis_maiac_aod_2023-09-01.tif,/workspace/geovision-cali-hf/data/modis/modis_maiac_aod_2023-09-01.tif,.tif,0.0046,2023-09-01,/workspace/geovision-cali-hf/data/modis,2026-05-22 03:43:28,2023.0,2023-09
modis_maiac_aod_2023-09-04.tif,/workspace/geovision-cali-hf/data/modis/modis_maiac_aod_2023-09-04.tif,.tif,0.0016,2023-09-04,/workspace/geovision-cali-hf/data/modis,2026-05-22 03:43:28,2023.0,2023-09
modis_maiac_aod_2023-09-05.tif,/workspace/geovision-cali-hf/data/modis/modis_maiac_aod_2023-09-05.tif,.tif,0.0027,2023-09-05,/workspace/geovision-cali-hf/data/modis,2026-05-22 03:43:28,2023.0,2023-09
modis_maiac_aod_2023-09-06.tif,/workspace/geovision-cali-hf/data/modis/modis_maiac_aod_2023-09-06.tif,.tif,0.0052,2023-09-06,/workspace/geovision-cali-hf/data/modis,2026-05-22 03:43:28,2023.0,2023-09
modis_maiac_aod_2023-09-11.tif,/workspace/geovision-cali-hf/data/modis/modis_maiac_aod_2023-09-11.tif,.tif,0.0039,2023-09-11,/workspace/geovision-cali-hf/data/modis,2026-05-22 03:43:28,2023.0,2023-09
modis_maiac_aod_2023-09-12.tif,/workspace/geovision-cali-hf/data/modis/modis_maiac_aod_2023-09-12.tif,.tif,0.0039,2023-09-12,/workspace/geovision-cali-hf/data/modis,2026-05-22 03:43:28,2023.0,2023-09
modis_maiac_aod_2023-09-13.tif,/workspace/geovision-cali-hf/data/modis/modis_maiac_aod_2023-09-13.tif,.tif,0.0021,2023-09-13,/workspace/geovision-cali-hf/data/modis,2026-05-22 03:43:28,2023.0,2023-09
modis_maiac_aod_2023-09-15.tif,/workspace/geovision-cali-hf/data/modis/modis_maiac_aod_2023-09-15.tif,.tif,0.0027,2023-09-15,/workspace/geovision-cali-hf/data/modis,2026-05-22 03:43:29,2023.0,2023-09
modis_maiac_aod_2023-09-18.tif,/workspace/geovision-cali-hf/data/modis/modis_maiac_aod_2023-09-18.tif,.tif,0.0018,2023-09-18,/workspace/geovision-cali-hf/data/modis,2026-05-22 03:43:29,2023.0,2023-09
modis_maiac_aod_2023-09-20.tif,/workspace/geovision-cali-hf/data/modis/modis_maiac_aod_2023-09-20.tif,.tif,0.0031,2023-09-20,/workspace/geovision-cali-hf/data/modis,2026-05-22 03:43:29,2023.0,2023-09
modis_maiac_aod_2023-09-21.tif,/workspace/geovision-cali-hf/data/modis/modis_maiac_aod_2023-09-21.tif,.tif,0.0052,2023-09-21,/workspace/geovision-cali-hf/data/modis,2026-05-22 03:43:29,2023.0,2023-09
modis_maiac_aod_2023-09-22.tif,/workspace/geovision-cali-hf/data/modis/modis_maiac_aod_2023-09-22.tif,.tif,0.0023,2023-09-22,/workspace/geovision-cali-hf/data/modis,2026-05-22 03:43:29,2023.0,2023-09
modis_maiac_aod_2023-09-23.tif,/workspace/geovision-cali-hf/data/modis/modis_maiac_aod_2023-09-23.tif,.tif,0.0044,2023-09-23,/workspace/geovision-cali-hf/data/modis,2026-05-22 03:43:29,2023.0,2023-09
modis_maiac_aod_2023-09-25.tif,/workspace/geovision-cali-hf/data/modis/modis_maiac_aod_2023-09-25.tif,.tif,0.0039,2023-09-25,/workspace/geovision-cali-hf/data/modis,2026-05-22 03:43:29,2023.0,2023-09
modis_maiac_aod_2023-09-26.tif,/workspace/geovision-cali-hf/data/modis/modis_maiac_aod_2023-09-26.tif,.tif,0.0014,2023-09-26,/workspace/geovision-cali-hf/data/modis,2026-05-22 03:43:29,2023.0,2023-09
modis_maiac_aod_2023-09-27.tif,/workspace/geovision-cali-hf/data/modis/modis_maiac_aod_2023-09-27.tif,.tif,0.0021,2023-09-27,/workspace/geovision-cali-hf/data/modis,2026-05-22 03:43:29,2023.0,2023-09
modis_maiac_aod_2023-09-28.tif,/workspace/geovision-cali-hf/data/modis/modis_maiac_aod_2023-09-28.tif,.tif,0.0025,2023-09-28,/workspace/geovision-cali-hf/data/modis,2026-05-22 03:43:29,2023.0,2023-09
modis_maiac_aod_2023-09-29.tif,/workspace/geovision-cali-hf/data/modis/modis_maiac_aod_2023-09-29.tif,.tif,0.0052,2023-09-29,/workspace/geovision-cali-hf/data/modis,2026-05-22 03:43:29,2023.0,2023-09
modis_maiac_aod_2023-09-30.tif,/workspace/geovision-cali-hf/data/modis/modis_maiac_aod_2023-09-30.tif,.tif,0.0038,2023-09-30,/workspace/geovision-cali-hf/data/modis,2026-05-22 03:43:29,2023.0,2023-09
modis_maiac_aod_2023-10-02.tif,/workspace/geovision-cali-hf/data/modis/modis_maiac_aod_2023-10-02.tif,.tif,0.0043,2023-10-02,/workspace/geovision-cali-hf/data/modis,2026-05-22 03:43:29,2023.0,2023-10
modis_maiac_aod_2023-10-03.tif,/workspace/geovision-cali-hf/data/modis/modis_maiac_aod_2023-10-03.tif,.tif,0.0014,2023-10-03,/workspace/geovision-cali-hf/data/modis,2026-05-22 03:43:29,2023.0,2023-10
modis_maiac_aod_2023-10-06.tif,/workspace/geovision-cali-hf/data/modis/modis_maiac_aod_2023-10-06.tif,.tif,0.0043,2023-10-06,/workspace/geovision-cali-hf/data/modis,2026-05-22 03:43:29,2023.0,2023-10
modis_maiac_aod_2023-10-09.tif,/workspace/geovision-cali-hf/data/modis/modis_maiac_aod_2023-10-09.tif,.tif,0.0014,2023-10-09,/workspace/geovision-cali-hf/data/modis,2026-05-22 03:43:29,2023.0,2023-10
modis_maiac_aod_2023-10-10.tif,/workspace/geovision-cali-hf/data/modis/modis_maiac_aod_2023-10-10.tif,.tif,0.0041,2023-10-10,/workspace/geovision-cali-hf/data/modis,2026-05-22 03:43:29,2023.0,2023-10
modis_maiac_aod_2023-10-12.tif,/workspace/geovision-cali-hf/data/modis/modis_maiac_aod_2023-10-12.tif,.tif,0.0048,2023-10-12,/workspace/geovision-cali-hf/data/modis,2026-05-22 03:43:29,2023.0,2023-10
modis_maiac_aod_2023-10-13.tif,/workspace/geovision-cali-hf/data/modis/modis_maiac_aod_2023-10-13.tif,.tif,0.0039,2023-10-13,/workspace/geovision-cali-hf/data/modis,2026-05-22 03:43:29,2023.0,2023-10
modis_maiac_aod_2023-10-14.tif,/workspace/geovision-cali-hf/data/modis/modis_maiac_aod_2023-10-14.tif,.tif,0.0033,2023-10-14,/workspace/geovision-cali-hf/data/modis,2026-05-22 03:43:29,2023.0,2023-10
modis_maiac_aod_2023-10-15.tif,/workspace/geovision-cali-hf/data/modis/modis_maiac_aod_2023-10-15.tif,.tif,0.0017,2023-10-15,/workspace/geovision-cali-hf/data/modis,2026-05-22 03:43:29,2023.0,2023-10
modis_maiac_aod_2023-10-16.tif,/workspace/geovision-cali-hf/data/modis/modis_maiac_aod_2023-10-16.tif,.tif,0.0048,2023-10-16,/workspace/geovision-cali-hf/data/modis,2026-05-22 03:43:29,2023.0,2023-10
modis_maiac_aod_2023-10-17.tif,/workspace/geovision-cali-hf/data/modis/modis_maiac_aod_2023-10-17.tif,.tif,0.0033,2023-10-17,/workspace/geovision-cali-hf/data/modis,2026-05-22 03:43:29,2023.0,2023-10
modis_maiac_aod_2023-10-18.tif,/workspace/geovision-cali-hf/data/modis/modis_maiac_aod_2023-10-18.tif,.tif,0.0034,2023-10-18,/workspace/geovision-cali-hf/data/modis,2026-05-22 03:43:29,2023.0,2023-10
modis_maiac_aod_2023-10-21.tif,/workspace/geovision-cali-hf/data/modis/modis_maiac_aod_2023-10-21.tif,.tif,0.0017,2023-10-21,/workspace/geovision-cali-hf/data/modis,2026-05-22 03:43:29,2023.0,2023-10
modis_maiac_aod_2023-10-23.tif,/workspace/geovision-cali-hf/data/modis/modis_maiac_aod_2023-10-23.tif,.tif,0.0034,2023-10-23,/workspace/geovision-cali-hf/data/modis,2026-05-22 03:43:29,2023.0,2023-10
modis_maiac_aod_2023-10-25.tif,/workspace/geovision-cali-hf/data/modis/modis_maiac_aod_2023-10-25.tif,.tif,0.0023,2023-10-25,/workspace/geovision-cali-hf/data/modis,2026-05-22 03:43:30,2023.0,2023-10
modis_maiac_aod_2023-10-30.tif,/workspace/geovision-cali-hf/data/modis/modis_maiac_aod_2023-10-30.tif,.tif,0.0024,2023-10-30,/workspace/geovision-cali-hf/data/modis,2026-05-22 03:43:30,2023.0,2023-10
modis_maiac_aod_2023-11-02.tif,/workspace/geovision-cali-hf/data/modis/modis_maiac_aod_2023-11-02.tif,.tif,0.0027,2023-11-02,/workspace/geovision-cali-hf/data/modis,2026-05-22 03:43:30,2023.0,2023-11
modis_maiac_aod_2023-11-03.tif,/workspace/geovision-cali-hf/data/modis/modis_maiac_aod_2023-11-03.tif,.tif,0.002,2023-11-03,/workspace/geovision-cali-hf/data/modis,2026-05-22 03:43:30,2023.0,2023-11
modis_maiac_aod_2023-11-04.tif,/workspace/geovision-cali-hf/data/modis/modis_maiac_aod_2023-11-04.tif,.tif,0.0031,2023-11-04,/workspace/geovision-cali-hf/data/modis,2026-05-22 03:43:30,2023.0,2023-11
modis_maiac_aod_2023-11-09.tif,/workspace/geovision-cali-hf/data/modis/modis_maiac_aod_2023-11-09.tif,.tif,0.0017,2023-11-09,/workspace/geovision-cali-hf/data/modis,2026-05-22 03:43:30,2023.0,2023-11
modis_maiac_aod_2023-11-10.tif,/workspace/geovision-cali-hf/data/modis/modis_maiac_aod_2023-11-10.tif,.tif,0.0016,2023-11-10,/workspace/geovision-cali-hf/data/modis,2026-05-22 03:43:30,2023.0,2023-11
modis_maiac_aod_2023-11-11.tif,/workspace/geovision-cali-hf/data/modis/modis_maiac_aod_2023-11-11.tif,.tif,0.0029,2023-11-11,/workspace/geovision-cali-hf/data/modis,2026-05-22 03:43:30,2023.0,2023-11
modis_maiac_aod_2023-11-13.tif,/workspace/geovision-cali-hf/data/modis/modis_maiac_aod_2023-11-13.tif,.tif,0.0026,2023-11-13,/workspace/geovision-cali-hf/data/modis,2026-05-22 03:43:30,2023.0,2023-11
modis_maiac_aod_2023-11-14.tif,/workspace/geovision-cali-hf/data/modis/modis_maiac_aod_2023-11-14.tif,.tif,0.0032,2023-11-14,/workspace/geovision-cali-hf/data/modis,2026-05-22 03:43:30,2023.0,2023-11
modis_maiac_aod_2023-11-16.tif,/workspace/geovision-cali-hf/data/modis/modis_maiac_aod_2023-11-16.tif,.tif,0.0046,2023-11-16,/workspace/geovision-cali-hf/data/modis,2026-05-22 03:43:30,2023.0,2023-11
modis_maiac_aod_2023-11-18.tif,/workspace/geovision-cali-hf/data/modis/modis_maiac_aod_2023-11-18.tif,.tif,0.0014,2023-11-18,/workspace/geovision-cali-hf/data/modis,2026-05-22 03:43:30,2023.0,2023-11
modis_maiac_aod_2023-11-20.tif,/workspace/geovision-cali-hf/data/modis/modis_maiac_aod_2023-11-20.tif,.tif,0.0023,2023-11-20,/workspace/geovision-cali-hf/data/modis,2026-05-22 03:43:30,2023.0,2023-11
modis_maiac_aod_2023-11-21.tif,/workspace/geovision-cali-hf/data/modis/modis_maiac_aod_2023-11-21.tif,.tif,0.0015,2023-11-21,/workspace/geovision-cali-hf/data/modis,2026-05-22 03:43:30,2023.0,2023-11
modis_maiac_aod_2023-11-22.tif,/workspace/geovision-cali-hf/data/modis/modis_maiac_aod_2023-11-22.tif,.tif,0.0016,2023-11-22,/workspace/geovision-cali-hf/data/modis,2026-05-22 03:43:30,2023.0,2023-11
modis_maiac_aod_2023-11-23.tif,/workspace/geovision-cali-hf/data/modis/modis_maiac_aod_2023-11-23.tif,.tif,0.0035,2023-11-23,/workspace/geovision-cali-hf/data/modis,2026-05-22 03:43:30,2023.0,2023-11
modis_maiac_aod_2023-11-26.tif,/workspace/geovision-cali-hf/data/modis/modis_maiac_aod_2023-11-26.tif,.tif,0.0048,2023-11-26,/workspace/geovision-cali-hf/data/modis,2026-05-22 03:43:30,2023.0,2023-11
modis_maiac_aod_2023-11-27.tif,/workspace/geovision-cali-hf/data/modis/modis_maiac_aod_2023-11-27.tif,.tif,0.0051,2023-11-27,/workspace/geovision-cali-hf/data/modis,2026-05-22 03:43:30,2023.0,2023-11
modis_maiac_aod_2023-11-30.tif,/workspace/geovision-cali-hf/data/modis/modis_maiac_aod_2023-11-30.tif,.tif,0.0039,2023-11-30,/workspace/geovision-cali-hf/data/modis,2026-05-22 03:43:30,2023.0,2023-11
modis_maiac_aod_2023-12-01.tif,/workspace/geovision-cali-hf/data/modis/modis_maiac_aod_2023-12-01.tif,.tif,0.0041,2023-12-01,/workspace/geovision-cali-hf/data/modis,2026-05-22 03:43:30,2023.0,2023-12
modis_maiac_aod_2023-12-02.tif,/workspace/geovision-cali-hf/data/modis/modis_maiac_aod_2023-12-02.tif,.tif,0.0027,2023-12-02,/workspace/geovision-cali-hf/data/modis,2026-05-22 03:43:30,2023.0,2023-12
modis_maiac_aod_2023-12-03.tif,/workspace/geovision-cali-hf/data/modis/modis_maiac_aod_2023-12-03.tif,.tif,0.0032,2023-12-03,/workspace/geovision-cali-hf/data/modis,2026-05-22 03:43:30,2023.0,2023-12
modis_maiac_aod_2023-12-05.tif,/workspace/geovision-cali-hf/data/modis/modis_maiac_aod_2023-12-05.tif,.tif,0.0033,2023-12-05,/workspace/geovision-cali-hf/data/modis,2026-05-22 03:43:30,2023.0,2023-12
modis_maiac_aod_2023-12-07.tif,/workspace/geovision-cali-hf/data/modis/modis_maiac_aod_2023-12-07.tif,.tif,0.0018,2023-12-07,/workspace/geovision-cali-hf/data/modis,2026-05-22 03:43:30,2023.0,2023-12
modis_maiac_aod_2023-12-08.tif,/workspace/geovision-cali-hf/data/modis/modis_maiac_aod_2023-12-08.tif,.tif,0.0033,2023-12-08,/workspace/geovision-cali-hf/data/modis,2026-05-22 03:43:30,2023.0,2023-12
modis_maiac_aod_2023-12-09.tif,/workspace/geovision-cali-hf/data/modis/modis_maiac_aod_2023-12-09.tif,.tif,0.0043,2023-12-09,/workspace/geovision-cali-hf/data/modis,2026-05-22 03:43:30,2023.0,2023-12
modis_maiac_aod_2023-12-11.tif,/workspace/geovision-cali-hf/data/modis/modis_maiac_aod_2023-12-11.tif,.tif,0.0024,2023-12-11,/workspace/geovision-cali-hf/data/modis,2026-05-22 03:43:30,2023.0,2023-12
modis_maiac_aod_2023-12-12.tif,/workspace/geovision-cali-hf/data/modis/modis_maiac_aod_2023-12-12.tif,.tif,0.0016,2023-12-12,/workspace/geovision-cali-hf/data/modis,2026-05-22 03:43:31,2023.0,2023-12
modis_maiac_aod_2023-12-13.tif,/workspace/geovision-cali-hf/data/modis/modis_maiac_aod_2023-12-13.tif,.tif,0.0019,2023-12-13,/workspace/geovision-cali-hf/data/modis,2026-05-22 03:43:31,2023.0,2023-12
modis_maiac_aod_2023-12-14.tif,/workspace/geovision-cali-hf/data/modis/modis_maiac_aod_2023-12-14.tif,.tif,0.0015,2023-12-14,/workspace/geovision-cali-hf/data/modis,2026-05-22 03:43:31,2023.0,2023-12
modis_maiac_aod_2023-12-18.tif,/workspace/geovision-cali-hf/data/modis/modis_maiac_aod_2023-12-18.tif,.tif,0.0024,2023-12-18,/workspace/geovision-cali-hf/data/modis,2026-05-22 03:43:31,2023.0,2023-12
modis_maiac_aod_2023-12-19.tif,/workspace/geovision-cali-hf/data/modis/modis_maiac_aod_2023-12-19.tif,.tif,0.0019,2023-12-19,/workspace/geovision-cali-hf/data/modis,2026-05-22 03:43:31,2023.0,2023-12
modis_maiac_aod_2023-12-20.tif,/workspace/geovision-cali-hf/data/modis/modis_maiac_aod_2023-12-20.tif,.tif,0.0032,2023-12-20,/workspace/geovision-cali-hf/data/modis,2026-05-22 03:43:31,2023.0,2023-12
modis_maiac_aod_2023-12-21.tif,/workspace/geovision-cali-hf/data/modis/modis_maiac_aod_2023-12-21.tif,.tif,0.0045,2023-12-21,/workspace/geovision-cali-hf/data/modis,2026-05-22 03:43:31,2023.0,2023-12
modis_maiac_aod_2023-12-24.tif,/workspace/geovision-cali-hf/data/modis/modis_maiac_aod_2023-12-24.tif,.tif,0.0033,2023-12-24,/workspace/geovision-cali-hf/data/modis,2026-05-22 03:43:31,2023.0,2023-12
modis_maiac_aod_2023-12-27.tif,/workspace/geovision-cali-hf/data/modis/modis_maiac_aod_2023-12-27.tif,.tif,0.002,2023-12-27,/workspace/geovision-cali-hf/data/modis,2026-05-22 03:43:31,2023.0,2023-12
modis_maiac_aod_2023-12-28.tif,/workspace/geovision-cali-hf/data/modis/modis_maiac_aod_2023-12-28.tif,.tif,0.0023,2023-12-28,/workspace/geovision-cali-hf/data/modis,2026-05-22 03:43:31,2023.0,2023-12
modis_maiac_aod_2023-12-29.tif,/workspace/geovision-cali-hf/data/modis/modis_maiac_aod_2023-12-29.tif,.tif,0.0019,2023-12-29,/workspace/geovision-cali-hf/data/modis,2026-05-22 03:43:31,2023.0,2023-12
modis_maiac_aod_2023-12-30.tif,/workspace/geovision-cali-hf/data/modis/modis_maiac_aod_2023-12-30.tif,.tif,0.0022,2023-12-30,/workspace/geovision-cali-hf/data/modis,2026-05-22 03:43:31,2023.0,2023-12
modis_maiac_aod_2023-12-31.tif,/workspace/geovision-cali-hf/data/modis/modis_maiac_aod_2023-12-31.tif,.tif,0.0025,2023-12-31,/workspace/geovision-cali-hf/data/modis,2026-05-22 03:43:31,2023.0,2023-12
modis_maiac_aod_2024-01-03.tif,/workspace/geovision-cali-hf/data/modis/modis_maiac_aod_2024-01-03.tif,.tif,0.0042,2024-01-03,/workspace/geovision-cali-hf/data/modis,2026-05-22 03:43:31,2024.0,2024-01
modis_maiac_aod_2024-01-04.tif,/workspace/geovision-cali-hf/data/modis/modis_maiac_aod_2024-01-04.tif,.tif,0.0031,2024-01-04,/workspace/geovision-cali-hf/data/modis,2026-05-22 03:43:31,2024.0,2024-01
modis_maiac_aod_2024-01-05.tif,/workspace/geovision-cali-hf/data/modis/modis_maiac_aod_2024-01-05.tif,.tif,0.0033,2024-01-05,/workspace/geovision-cali-hf/data/modis,2026-05-22 03:43:31,2024.0,2024-01
modis_maiac_aod_2024-01-06.tif,/workspace/geovision-cali-hf/data/modis/modis_maiac_aod_2024-01-06.tif,.tif,0.0039,2024-01-06,/workspace/geovision-cali-hf/data/modis,2026-05-22 03:43:31,2024.0,2024-01
modis_maiac_aod_2024-01-07.tif,/workspace/geovision-cali-hf/data/modis/modis_maiac_aod_2024-01-07.tif,.tif,0.005,2024-01-07,/workspace/geovision-cali-hf/data/modis,2026-05-22 03:43:31,2024.0,2024-01
modis_maiac_aod_2024-01-08.tif,/workspace/geovision-cali-hf/data/modis/modis_maiac_aod_2024-01-08.tif,.tif,0.0046,2024-01-08,/workspace/geovision-cali-hf/data/modis,2026-05-22 03:43:31,2024.0,2024-01
modis_maiac_aod_2024-01-09.tif,/workspace/geovision-cali-hf/data/modis/modis_maiac_aod_2024-01-09.tif,.tif,0.0032,2024-01-09,/workspace/geovision-cali-hf/data/modis,2026-05-22 03:43:31,2024.0,2024-01
modis_maiac_aod_2024-01-10.tif,/workspace/geovision-cali-hf/data/modis/modis_maiac_aod_2024-01-10.tif,.tif,0.0045,2024-01-10,/workspace/geovision-cali-hf/data/modis,2026-05-22 03:43:31,2024.0,2024-01
modis_maiac_aod_2024-01-11.tif,/workspace/geovision-cali-hf/data/modis/modis_maiac_aod_2024-01-11.tif,.tif,0.0023,2024-01-11,/workspace/geovision-cali-hf/data/modis,2026-05-22 03:43:31,2024.0,2024-01
modis_maiac_aod_2024-01-12.tif,/workspace/geovision-cali-hf/data/modis/modis_maiac_aod_2024-01-12.tif,.tif,0.0029,2024-01-12,/workspace/geovision-cali-hf/data/modis,2026-05-22 03:43:31,2024.0,2024-01
modis_maiac_aod_2024-01-13.tif,/workspace/geovision-cali-hf/data/modis/modis_maiac_aod_2024-01-13.tif,.tif,0.0024,2024-01-13,/workspace/geovision-cali-hf/data/modis,2026-05-22 03:43:31,2024.0,2024-01
modis_maiac_aod_2024-01-14.tif,/workspace/geovision-cali-hf/data/modis/modis_maiac_aod_2024-01-14.tif,.tif,0.0024,2024-01-14,/workspace/geovision-cali-hf/data/modis,2026-05-22 03:43:32,2024.0,2024-01
modis_maiac_aod_2024-01-15.tif,/workspace/geovision-cali-hf/data/modis/modis_maiac_aod_2024-01-15.tif,.tif,0.005,2024-01-15,/workspace/geovision-cali-hf/data/modis,2026-05-22 03:43:32,2024.0,2024-01
modis_maiac_aod_2024-01-16.tif,/workspace/geovision-cali-hf/data/modis/modis_maiac_aod_2024-01-16.tif,.tif,0.0031,2024-01-16,/workspace/geovision-cali-hf/data/modis,2026-05-22 03:43:32,2024.0,2024-01
modis_maiac_aod_2024-01-17.tif,/workspace/geovision-cali-hf/data/modis/modis_maiac_aod_2024-01-17.tif,.tif,0.0034,2024-01-17,/workspace/geovision-cali-hf/data/modis,2026-05-22 03:43:32,2024.0,2024-01
modis_maiac_aod_2024-01-18.tif,/workspace/geovision-cali-hf/data/modis/modis_maiac_aod_2024-01-18.tif,.tif,0.0043,2024-01-18,/workspace/geovision-cali-hf/data/modis,2026-05-22 03:43:32,2024.0,2024-01
modis_maiac_aod_2024-01-19.tif,/workspace/geovision-cali-hf/data/modis/modis_maiac_aod_2024-01-19.tif,.tif,0.0034,2024-01-19,/workspace/geovision-cali-hf/data/modis,2026-05-22 03:43:32,2024.0,2024-01
modis_maiac_aod_2024-01-22.tif,/workspace/geovision-cali-hf/data/modis/modis_maiac_aod_2024-01-22.tif,.tif,0.0046,2024-01-22,/workspace/geovision-cali-hf/data/modis,2026-05-22 03:43:32,2024.0,2024-01
modis_maiac_aod_2024-01-23.tif,/workspace/geovision-cali-hf/data/modis/modis_maiac_aod_2024-01-23.tif,.tif,0.0052,2024-01-23,/workspace/geovision-cali-hf/data/modis,2026-05-22 03:43:32,2024.0,2024-01
modis_maiac_aod_2024-01-24.tif,/workspace/geovision-cali-hf/data/modis/modis_maiac_aod_2024-01-24.tif,.tif,0.0053,2024-01-24,/workspace/geovision-cali-hf/data/modis,2026-05-22 03:43:32,2024.0,2024-01
modis_maiac_aod_2024-01-25.tif,/workspace/geovision-cali-hf/data/modis/modis_maiac_aod_2024-01-25.tif,.tif,0.0044,2024-01-25,/workspace/geovision-cali-hf/data/modis,2026-05-22 03:43:32,2024.0,2024-01
modis_maiac_aod_2024-01-26.tif,/workspace/geovision-cali-hf/data/modis/modis_maiac_aod_2024-01-26.tif,.tif,0.0042,2024-01-26,/workspace/geovision-cali-hf/data/modis,2026-05-22 03:43:32,2024.0,2024-01
modis_maiac_aod_2024-01-27.tif,/workspace/geovision-cali-hf/data/modis/modis_maiac_aod_2024-01-27.tif,.tif,0.0014,2024-01-27,/workspace/geovision-cali-hf/data/modis,2026-05-22 03:43:32,2024.0,2024-01
modis_maiac_aod_2024-01-28.tif,/workspace/geovision-cali-hf/data/modis/modis_maiac_aod_2024-01-28.tif,.tif,0.0042,2024-01-28,/workspace/geovision-cali-hf/data/modis,2026-05-22 03:43:32,2024.0,2024-01
modis_maiac_aod_2024-01-29.tif,/workspace/geovision-cali-hf/data/modis/modis_maiac_aod_2024-01-29.tif,.tif,0.0047,2024-01-29,/workspace/geovision-cali-hf/data/modis,2026-05-22 03:43:32,2024.0,2024-01
modis_maiac_aod_2024-01-30.tif,/workspace/geovision-cali-hf/data/modis/modis_maiac_aod_2024-01-30.tif,.tif,0.0039,2024-01-30,/workspace/geovision-cali-hf/data/modis,2026-05-22 03:43:32,2024.0,2024-01
modis_maiac_aod_2024-02-01.tif,/workspace/geovision-cali-hf/data/modis/modis_maiac_aod_2024-02-01.tif,.tif,0.0018,2024-02-01,/workspace/geovision-cali-hf/data/modis,2026-05-22 03:43:32,2024.0,2024-02
modis_maiac_aod_2024-02-03.tif,/workspace/geovision-cali-hf/data/modis/modis_maiac_aod_2024-02-03.tif,.tif,0.0016,2024-02-03,/workspace/geovision-cali-hf/data/modis,2026-05-22 03:43:32,2024.0,2024-02
modis_maiac_aod_2024-02-04.tif,/workspace/geovision-cali-hf/data/modis/modis_maiac_aod_2024-02-04.tif,.tif,0.0035,2024-02-04,/workspace/geovision-cali-hf/data/modis,2026-05-22 03:43:32,2024.0,2024-02
modis_maiac_aod_2024-02-07.tif,/workspace/geovision-cali-hf/data/modis/modis_maiac_aod_2024-02-07.tif,.tif,0.0035,2024-02-07,/workspace/geovision-cali-hf/data/modis,2026-05-22 03:43:32,2024.0,2024-02
modis_maiac_aod_2024-02-08.tif,/workspace/geovision-cali-hf/data/modis/modis_maiac_aod_2024-02-08.tif,.tif,0.0042,2024-02-08,/workspace/geovision-cali-hf/data/modis,2026-05-22 03:43:32,2024.0,2024-02
modis_maiac_aod_2024-02-09.tif,/workspace/geovision-cali-hf/data/modis/modis_maiac_aod_2024-02-09.tif,.tif,0.0036,2024-02-09,/workspace/geovision-cali-hf/data/modis,2026-05-22 03:43:32,2024.0,2024-02
modis_maiac_aod_2024-02-11.tif,/workspace/geovision-cali-hf/data/modis/modis_maiac_aod_2024-02-11.tif,.tif,0.0041,2024-02-11,/workspace/geovision-cali-hf/data/modis,2026-05-22 03:43:32,2024.0,2024-02
modis_maiac_aod_2024-02-13.tif,/workspace/geovision-cali-hf/data/modis/modis_maiac_aod_2024-02-13.tif,.tif,0.0038,2024-02-13,/workspace/geovision-cali-hf/data/modis,2026-05-22 03:43:32,2024.0,2024-02
modis_maiac_aod_2024-02-14.tif,/workspace/geovision-cali-hf/data/modis/modis_maiac_aod_2024-02-14.tif,.tif,0.0049,2024-02-14,/workspace/geovision-cali-hf/data/modis,2026-05-22 03:43:32,2024.0,2024-02
modis_maiac_aod_2024-02-15.tif,/workspace/geovision-cali-hf/data/modis/modis_maiac_aod_2024-02-15.tif,.tif,0.0045,2024-02-15,/workspace/geovision-cali-hf/data/modis,2026-05-22 03:43:32,2024.0,2024-02
modis_maiac_aod_2024-02-16.tif,/workspace/geovision-cali-hf/data/modis/modis_maiac_aod_2024-02-16.tif,.tif,0.0033,2024-02-16,/workspace/geovision-cali-hf/data/modis,2026-05-22 03:43:32,2024.0,2024-02
modis_maiac_aod_2024-02-17.tif,/workspace/geovision-cali-hf/data/modis/modis_maiac_aod_2024-02-17.tif,.tif,0.0023,2024-02-17,/workspace/geovision-cali-hf/data/modis,2026-05-22 03:43:33,2024.0,2024-02
modis_maiac_aod_2024-02-18.tif,/workspace/geovision-cali-hf/data/modis/modis_maiac_aod_2024-02-18.tif,.tif,0.0036,2024-02-18,/workspace/geovision-cali-hf/data/modis,2026-05-22 03:43:33,2024.0,2024-02
modis_maiac_aod_2024-02-19.tif,/workspace/geovision-cali-hf/data/modis/modis_maiac_aod_2024-02-19.tif,.tif,0.0014,2024-02-19,/workspace/geovision-cali-hf/data/modis,2026-05-22 03:43:33,2024.0,2024-02
modis_maiac_aod_2024-02-22.tif,/workspace/geovision-cali-hf/data/modis/modis_maiac_aod_2024-02-22.tif,.tif,0.0043,2024-02-22,/workspace/geovision-cali-hf/data/modis,2026-05-22 03:43:33,2024.0,2024-02
modis_maiac_aod_2024-02-23.tif,/workspace/geovision-cali-hf/data/modis/modis_maiac_aod_2024-02-23.tif,.tif,0.005,2024-02-23,/workspace/geovision-cali-hf/data/modis,2026-05-22 03:43:33,2024.0,2024-02
modis_maiac_aod_2024-02-24.tif,/workspace/geovision-cali-hf/data/modis/modis_maiac_aod_2024-02-24.tif,.tif,0.0019,2024-02-24,/workspace/geovision-cali-hf/data/modis,2026-05-22 03:43:33,2024.0,2024-02
modis_maiac_aod_2024-02-25.tif,/workspace/geovision-cali-hf/data/modis/modis_maiac_aod_2024-02-25.tif,.tif,0.0021,2024-02-25,/workspace/geovision-cali-hf/data/modis,2026-05-22 03:43:33,2024.0,2024-02
modis_maiac_aod_2024-02-26.tif,/workspace/geovision-cali-hf/data/modis/modis_maiac_aod_2024-02-26.tif,.tif,0.0029,2024-02-26,/workspace/geovision-cali-hf/data/modis,2026-05-22 03:43:33,2024.0,2024-02
modis_maiac_aod_2024-02-28.tif,/workspace/geovision-cali-hf/data/modis/modis_maiac_aod_2024-02-28.tif,.tif,0.004,2024-02-28,/workspace/geovision-cali-hf/data/modis,2026-05-22 03:43:33,2024.0,2024-02
modis_maiac_aod_2024-03-01.tif,/workspace/geovision-cali-hf/data/modis/modis_maiac_aod_2024-03-01.tif,.tif,0.0021,2024-03-01,/workspace/geovision-cali-hf/data/modis,2026-05-22 03:43:33,2024.0,2024-03
modis_maiac_aod_2024-03-04.tif,/workspace/geovision-cali-hf/data/modis/modis_maiac_aod_2024-03-04.tif,.tif,0.0042,2024-03-04,/workspace/geovision-cali-hf/data/modis,2026-05-22 03:43:33,2024.0,2024-03
modis_maiac_aod_2024-03-05.tif,/workspace/geovision-cali-hf/data/modis/modis_maiac_aod_2024-03-05.tif,.tif,0.0042,2024-03-05,/workspace/geovision-cali-hf/data/modis,2026-05-22 03:43:33,2024.0,2024-03
modis_maiac_aod_2024-03-06.tif,/workspace/geovision-cali-hf/data/modis/modis_maiac_aod_2024-03-06.tif,.tif,0.0039,2024-03-06,/workspace/geovision-cali-hf/data/modis,2026-05-22 03:43:33,2024.0,2024-03
modis_maiac_aod_2024-03-07.tif,/workspace/geovision-cali-hf/data/modis/modis_maiac_aod_2024-03-07.tif,.tif,0.0026,2024-03-07,/workspace/geovision-cali-hf/data/modis,2026-05-22 03:43:33,2024.0,2024-03
modis_maiac_aod_2024-03-08.tif,/workspace/geovision-cali-hf/data/modis/modis_maiac_aod_2024-03-08.tif,.tif,0.0034,2024-03-08,/workspace/geovision-cali-hf/data/modis,2026-05-22 03:43:33,2024.0,2024-03
modis_maiac_aod_2024-03-10.tif,/workspace/geovision-cali-hf/data/modis/modis_maiac_aod_2024-03-10.tif,.tif,0.0021,2024-03-10,/workspace/geovision-cali-hf/data/modis,2026-05-22 03:43:33,2024.0,2024-03
modis_maiac_aod_2024-03-13.tif,/workspace/geovision-cali-hf/data/modis/modis_maiac_aod_2024-03-13.tif,.tif,0.0043,2024-03-13,/workspace/geovision-cali-hf/data/modis,2026-05-22 03:43:33,2024.0,2024-03
modis_maiac_aod_2024-03-14.tif,/workspace/geovision-cali-hf/data/modis/modis_maiac_aod_2024-03-14.tif,.tif,0.0043,2024-03-14,/workspace/geovision-cali-hf/data/modis,2026-05-22 03:43:33,2024.0,2024-03
modis_maiac_aod_2024-03-15.tif,/workspace/geovision-cali-hf/data/modis/modis_maiac_aod_2024-03-15.tif,.tif,0.0036,2024-03-15,/workspace/geovision-cali-hf/data/modis,2026-05-22 03:43:33,2024.0,2024-03
modis_maiac_aod_2024-03-16.tif,/workspace/geovision-cali-hf/data/modis/modis_maiac_aod_2024-03-16.tif,.tif,0.0049,2024-03-16,/workspace/geovision-cali-hf/data/modis,2026-05-22 03:43:33,2024.0,2024-03
modis_maiac_aod_2024-03-17.tif,/workspace/geovision-cali-hf/data/modis/modis_maiac_aod_2024-03-17.tif,.tif,0.0042,2024-03-17,/workspace/geovision-cali-hf/data/modis,2026-05-22 03:43:33,2024.0,2024-03
modis_maiac_aod_2024-03-18.tif,/workspace/geovision-cali-hf/data/modis/modis_maiac_aod_2024-03-18.tif,.tif,0.0049,2024-03-18,/workspace/geovision-cali-hf/data/modis,2026-05-22 03:43:33,2024.0,2024-03
modis_maiac_aod_2024-03-19.tif,/workspace/geovision-cali-hf/data/modis/modis_maiac_aod_2024-03-19.tif,.tif,0.0021,2024-03-19,/workspace/geovision-cali-hf/data/modis,2026-05-22 03:43:33,2024.0,2024-03
modis_maiac_aod_2024-03-20.tif,/workspace/geovision-cali-hf/data/modis/modis_maiac_aod_2024-03-20.tif,.tif,0.0017,2024-03-20,/workspace/geovision-cali-hf/data/modis,2026-05-22 03:43:33,2024.0,2024-03
modis_maiac_aod_2024-03-23.tif,/workspace/geovision-cali-hf/data/modis/modis_maiac_aod_2024-03-23.tif,.tif,0.0016,2024-03-23,/workspace/geovision-cali-hf/data/modis,2026-05-22 03:43:33,2024.0,2024-03
modis_maiac_aod_2024-03-24.tif,/workspace/geovision-cali-hf/data/modis/modis_maiac_aod_2024-03-24.tif,.tif,0.0032,2024-03-24,/workspace/geovision-cali-hf/data/modis,2026-05-22 03:43:34,2024.0,2024-03
modis_maiac_aod_2024-03-26.tif,/workspace/geovision-cali-hf/data/modis/modis_maiac_aod_2024-03-26.tif,.tif,0.0032,2024-03-26,/workspace/geovision-cali-hf/data/modis,2026-05-22 03:43:34,2024.0,2024-03
modis_maiac_aod_2024-03-28.tif,/workspace/geovision-cali-hf/data/modis/modis_maiac_aod_2024-03-28.tif,.tif,0.0045,2024-03-28,/workspace/geovision-cali-hf/data/modis,2026-05-22 03:43:34,2024.0,2024-03
modis_maiac_aod_2024-03-30.tif,/workspace/geovision-cali-hf/data/modis/modis_maiac_aod_2024-03-30.tif,.tif,0.0035,2024-03-30,/workspace/geovision-cali-hf/data/modis,2026-05-22 03:43:34,2024.0,2024-03
modis_maiac_aod_2024-04-01.tif,/workspace/geovision-cali-hf/data/modis/modis_maiac_aod_2024-04-01.tif,.tif,0.0025,2024-04-01,/workspace/geovision-cali-hf/data/modis,2026-05-22 03:43:34,2024.0,2024-04
modis_maiac_aod_2024-04-02.tif,/workspace/geovision-cali-hf/data/modis/modis_maiac_aod_2024-04-02.tif,.tif,0.0014,2024-04-02,/workspace/geovision-cali-hf/data/modis,2026-05-22 03:43:34,2024.0,2024-04
modis_maiac_aod_2024-04-04.tif,/workspace/geovision-cali-hf/data/modis/modis_maiac_aod_2024-04-04.tif,.tif,0.0017,2024-04-04,/workspace/geovision-cali-hf/data/modis,2026-05-22 03:43:34,2024.0,2024-04
modis_maiac_aod_2024-04-06.tif,/workspace/geovision-cali-hf/data/modis/modis_maiac_aod_2024-04-06.tif,.tif,0.0014,2024-04-06,/workspace/geovision-cali-hf/data/modis,2026-05-22 03:43:34,2024.0,2024-04
modis_maiac_aod_2024-04-07.tif,/workspace/geovision-cali-hf/data/modis/modis_maiac_aod_2024-04-07.tif,.tif,0.0037,2024-04-07,/workspace/geovision-cali-hf/data/modis,2026-05-22 03:43:34,2024.0,2024-04
modis_maiac_aod_2024-04-09.tif,/workspace/geovision-cali-hf/data/modis/modis_maiac_aod_2024-04-09.tif,.tif,0.0045,2024-04-09,/workspace/geovision-cali-hf/data/modis,2026-05-22 03:43:34,2024.0,2024-04
modis_maiac_aod_2024-04-10.tif,/workspace/geovision-cali-hf/data/modis/modis_maiac_aod_2024-04-10.tif,.tif,0.0032,2024-04-10,/workspace/geovision-cali-hf/data/modis,2026-05-22 03:43:34,2024.0,2024-04
modis_maiac_aod_2024-04-11.tif,/workspace/geovision-cali-hf/data/modis/modis_maiac_aod_2024-04-11.tif,.tif,0.0035,2024-04-11,/workspace/geovision-cali-hf/data/modis,2026-05-22 03:43:34,2024.0,2024-04
modis_maiac_aod_2024-04-12.tif,/workspace/geovision-cali-hf/data/modis/modis_maiac_aod_2024-04-12.tif,.tif,0.0039,2024-04-12,/workspace/geovision-cali-hf/data/modis,2026-05-22 03:43:34,2024.0,2024-04
modis_maiac_aod_2024-04-13.tif,/workspace/geovision-cali-hf/data/modis/modis_maiac_aod_2024-04-13.tif,.tif,0.0028,2024-04-13,/workspace/geovision-cali-hf/data/modis,2026-05-22 03:43:34,2024.0,2024-04
modis_maiac_aod_2024-04-14.tif,/workspace/geovision-cali-hf/data/modis/modis_maiac_aod_2024-04-14.tif,.tif,0.0021,2024-04-14,/workspace/geovision-cali-hf/data/modis,2026-05-22 03:43:34,2024.0,2024-04
modis_maiac_aod_2024-04-16.tif,/workspace/geovision-cali-hf/data/modis/modis_maiac_aod_2024-04-16.tif,.tif,0.0032,2024-04-16,/workspace/geovision-cali-hf/data/modis,2026-05-22 03:43:34,2024.0,2024-04
modis_maiac_aod_2024-04-18.tif,/workspace/geovision-cali-hf/data/modis/modis_maiac_aod_2024-04-18.tif,.tif,0.002,2024-04-18,/workspace/geovision-cali-hf/data/modis,2026-05-22 03:43:34,2024.0,2024-04
modis_maiac_aod_2024-04-19.tif,/workspace/geovision-cali-hf/data/modis/modis_maiac_aod_2024-04-19.tif,.tif,0.0027,2024-04-19,/workspace/geovision-cali-hf/data/modis,2026-05-22 03:43:34,2024.0,2024-04
modis_maiac_aod_2024-04-21.tif,/workspace/geovision-cali-hf/data/modis/modis_maiac_aod_2024-04-21.tif,.tif,0.0039,2024-04-21,/workspace/geovision-cali-hf/data/modis,2026-05-22 03:43:34,2024.0,2024-04
modis_maiac_aod_2024-04-24.tif,/workspace/geovision-cali-hf/data/modis/modis_maiac_aod_2024-04-24.tif,.tif,0.0024,2024-04-24,/workspace/geovision-cali-hf/data/modis,2026-05-22 03:43:34,2024.0,2024-04
modis_maiac_aod_2024-04-25.tif,/workspace/geovision-cali-hf/data/modis/modis_maiac_aod_2024-04-25.tif,.tif,0.0017,2024-04-25,/workspace/geovision-cali-hf/data/modis,2026-05-22 03:43:34,2024.0,2024-04
modis_maiac_aod_2024-04-26.tif,/workspace/geovision-cali-hf/data/modis/modis_maiac_aod_2024-04-26.tif,.tif,0.0022,2024-04-26,/workspace/geovision-cali-hf/data/modis,2026-05-22 03:43:34,2024.0,2024-04
modis_maiac_aod_2024-04-28.tif,/workspace/geovision-cali-hf/data/modis/modis_maiac_aod_2024-04-28.tif,.tif,0.0019,2024-04-28,/workspace/geovision-cali-hf/data/modis,2026-05-22 03:43:34,2024.0,2024-04
modis_maiac_aod_2024-04-29.tif,/workspace/geovision-cali-hf/data/modis/modis_maiac_aod_2024-04-29.tif,.tif,0.0016,2024-04-29,/workspace/geovision-cali-hf/data/modis,2026-05-22 03:43:34,2024.0,2024-04
modis_maiac_aod_2024-04-30.tif,/workspace/geovision-cali-hf/data/modis/modis_maiac_aod_2024-04-30.tif,.tif,0.0036,2024-04-30,/workspace/geovision-cali-hf/data/modis,2026-05-22 03:43:34,2024.0,2024-04
modis_maiac_aod_2024-05-01.tif,/workspace/geovision-cali-hf/data/modis/modis_maiac_aod_2024-05-01.tif,.tif,0.0019,2024-05-01,/workspace/geovision-cali-hf/data/modis,2026-05-22 03:43:35,2024.0,2024-05
modis_maiac_aod_2024-05-03.tif,/workspace/geovision-cali-hf/data/modis/modis_maiac_aod_2024-05-03.tif,.tif,0.0016,2024-05-03,/workspace/geovision-cali-hf/data/modis,2026-05-22 03:43:35,2024.0,2024-05
modis_maiac_aod_2024-05-04.tif,/workspace/geovision-cali-hf/data/modis/modis_maiac_aod_2024-05-04.tif,.tif,0.0014,2024-05-04,/workspace/geovision-cali-hf/data/modis,2026-05-22 03:43:35,2024.0,2024-05
modis_maiac_aod_2024-05-05.tif,/workspace/geovision-cali-hf/data/modis/modis_maiac_aod_2024-05-05.tif,.tif,0.0025,2024-05-05,/workspace/geovision-cali-hf/data/modis,2026-05-22 03:43:35,2024.0,2024-05
modis_maiac_aod_2024-05-06.tif,/workspace/geovision-cali-hf/data/modis/modis_maiac_aod_2024-05-06.tif,.tif,0.002,2024-05-06,/workspace/geovision-cali-hf/data/modis,2026-05-22 03:43:35,2024.0,2024-05
modis_maiac_aod_2024-05-10.tif,/workspace/geovision-cali-hf/data/modis/modis_maiac_aod_2024-05-10.tif,.tif,0.004,2024-05-10,/workspace/geovision-cali-hf/data/modis,2026-05-22 03:43:35,2024.0,2024-05
modis_maiac_aod_2024-05-11.tif,/workspace/geovision-cali-hf/data/modis/modis_maiac_aod_2024-05-11.tif,.tif,0.0019,2024-05-11,/workspace/geovision-cali-hf/data/modis,2026-05-22 03:43:35,2024.0,2024-05
modis_maiac_aod_2024-05-12.tif,/workspace/geovision-cali-hf/data/modis/modis_maiac_aod_2024-05-12.tif,.tif,0.0017,2024-05-12,/workspace/geovision-cali-hf/data/modis,2026-05-22 03:43:35,2024.0,2024-05
modis_maiac_aod_2024-05-13.tif,/workspace/geovision-cali-hf/data/modis/modis_maiac_aod_2024-05-13.tif,.tif,0.0045,2024-05-13,/workspace/geovision-cali-hf/data/modis,2026-05-22 03:43:35,2024.0,2024-05
modis_maiac_aod_2024-05-17.tif,/workspace/geovision-cali-hf/data/modis/modis_maiac_aod_2024-05-17.tif,.tif,0.0024,2024-05-17,/workspace/geovision-cali-hf/data/modis,2026-05-22 03:43:35,2024.0,2024-05
modis_maiac_aod_2024-05-18.tif,/workspace/geovision-cali-hf/data/modis/modis_maiac_aod_2024-05-18.tif,.tif,0.003,2024-05-18,/workspace/geovision-cali-hf/data/modis,2026-05-22 03:43:35,2024.0,2024-05
modis_maiac_aod_2024-05-19.tif,/workspace/geovision-cali-hf/data/modis/modis_maiac_aod_2024-05-19.tif,.tif,0.0041,2024-05-19,/workspace/geovision-cali-hf/data/modis,2026-05-22 03:43:35,2024.0,2024-05
modis_maiac_aod_2024-05-22.tif,/workspace/geovision-cali-hf/data/modis/modis_maiac_aod_2024-05-22.tif,.tif,0.002,2024-05-22,/workspace/geovision-cali-hf/data/modis,2026-05-22 03:43:35,2024.0,2024-05
modis_maiac_aod_2024-05-28.tif,/workspace/geovision-cali-hf/data/modis/modis_maiac_aod_2024-05-28.tif,.tif,0.0023,2024-05-28,/workspace/geovision-cali-hf/data/modis,2026-05-22 03:43:35,2024.0,2024-05
modis_maiac_aod_2024-05-30.tif,/workspace/geovision-cali-hf/data/modis/modis_maiac_aod_2024-05-30.tif,.tif,0.0024,2024-05-30,/workspace/geovision-cali-hf/data/modis,2026-05-22 03:43:35,2024.0,2024-05
modis_maiac_aod_2024-06-01.tif,/workspace/geovision-cali-hf/data/modis/modis_maiac_aod_2024-06-01.tif,.tif,0.0056,2024-06-01,/workspace/geovision-cali-hf/data/modis,2026-05-22 03:43:35,2024.0,2024-06
modis_maiac_aod_2024-06-08.tif,/workspace/geovision-cali-hf/data/modis/modis_maiac_aod_2024-06-08.tif,.tif,0.0029,2024-06-08,/workspace/geovision-cali-hf/data/modis,2026-05-22 03:43:35,2024.0,2024-06
modis_maiac_aod_2024-06-09.tif,/workspace/geovision-cali-hf/data/modis/modis_maiac_aod_2024-06-09.tif,.tif,0.0014,2024-06-09,/workspace/geovision-cali-hf/data/modis,2026-05-22 03:43:35,2024.0,2024-06
modis_maiac_aod_2024-06-10.tif,/workspace/geovision-cali-hf/data/modis/modis_maiac_aod_2024-06-10.tif,.tif,0.0018,2024-06-10,/workspace/geovision-cali-hf/data/modis,2026-05-22 03:43:35,2024.0,2024-06
modis_maiac_aod_2024-06-13.tif,/workspace/geovision-cali-hf/data/modis/modis_maiac_aod_2024-06-13.tif,.tif,0.0022,2024-06-13,/workspace/geovision-cali-hf/data/modis,2026-05-22 03:43:35,2024.0,2024-06
modis_maiac_aod_2024-06-20.tif,/workspace/geovision-cali-hf/data/modis/modis_maiac_aod_2024-06-20.tif,.tif,0.0021,2024-06-20,/workspace/geovision-cali-hf/data/modis,2026-05-22 03:43:35,2024.0,2024-06
modis_maiac_aod_2024-06-21.tif,/workspace/geovision-cali-hf/data/modis/modis_maiac_aod_2024-06-21.tif,.tif,0.0015,2024-06-21,/workspace/geovision-cali-hf/data/modis,2026-05-22 03:43:35,2024.0,2024-06
modis_maiac_aod_2024-06-22.tif,/workspace/geovision-cali-hf/data/modis/modis_maiac_aod_2024-06-22.tif,.tif,0.0028,2024-06-22,/workspace/geovision-cali-hf/data/modis,2026-05-22 03:43:35,2024.0,2024-06
modis_maiac_aod_2024-06-24.tif,/workspace/geovision-cali-hf/data/modis/modis_maiac_aod_2024-06-24.tif,.tif,0.0014,2024-06-24,/workspace/geovision-cali-hf/data/modis,2026-05-22 03:43:35,2024.0,2024-06
modis_maiac_aod_2024-06-25.tif,/workspace/geovision-cali-hf/data/modis/modis_maiac_aod_2024-06-25.tif,.tif,0.0027,2024-06-25,/workspace/geovision-cali-hf/data/modis,2026-05-22 03:43:36,2024.0,2024-06
modis_maiac_aod_2024-06-28.tif,/workspace/geovision-cali-hf/data/modis/modis_maiac_aod_2024-06-28.tif,.tif,0.0018,2024-06-28,/workspace/geovision-cali-hf/data/modis,2026-05-22 03:43:35,2024.0,2024-06
modis_maiac_aod_2024-07-01.tif,/workspace/geovision-cali-hf/data/modis/modis_maiac_aod_2024-07-01.tif,.tif,0.0017,2024-07-01,/workspace/geovision-cali-hf/data/modis,2026-05-22 03:43:35,2024.0,2024-07
modis_maiac_aod_2024-07-03.tif,/workspace/geovision-cali-hf/data/modis/modis_maiac_aod_2024-07-03.tif,.tif,0.0014,2024-07-03,/workspace/geovision-cali-hf/data/modis,2026-05-22 03:43:35,2024.0,2024-07
modis_maiac_aod_2024-07-06.tif,/workspace/geovision-cali-hf/data/modis/modis_maiac_aod_2024-07-06.tif,.tif,0.0017,2024-07-06,/workspace/geovision-cali-hf/data/modis,2026-05-22 03:43:36,2024.0,2024-07
modis_maiac_aod_2024-07-07.tif,/workspace/geovision-cali-hf/data/modis/modis_maiac_aod_2024-07-07.tif,.tif,0.0018,2024-07-07,/workspace/geovision-cali-hf/data/modis,2026-05-22 03:43:36,2024.0,2024-07
modis_maiac_aod_2024-07-08.tif,/workspace/geovision-cali-hf/data/modis/modis_maiac_aod_2024-07-08.tif,.tif,0.0051,2024-07-08,/workspace/geovision-cali-hf/data/modis,2026-05-22 03:43:36,2024.0,2024-07
modis_maiac_aod_2024-07-10.tif,/workspace/geovision-cali-hf/data/modis/modis_maiac_aod_2024-07-10.tif,.tif,0.0053,2024-07-10,/workspace/geovision-cali-hf/data/modis,2026-05-22 03:43:36,2024.0,2024-07
modis_maiac_aod_2024-07-11.tif,/workspace/geovision-cali-hf/data/modis/modis_maiac_aod_2024-07-11.tif,.tif,0.0018,2024-07-11,/workspace/geovision-cali-hf/data/modis,2026-05-22 03:43:36,2024.0,2024-07
modis_maiac_aod_2024-07-13.tif,/workspace/geovision-cali-hf/data/modis/modis_maiac_aod_2024-07-13.tif,.tif,0.0015,2024-07-13,/workspace/geovision-cali-hf/data/modis,2026-05-22 03:43:36,2024.0,2024-07
modis_maiac_aod_2024-07-14.tif,/workspace/geovision-cali-hf/data/modis/modis_maiac_aod_2024-07-14.tif,.tif,0.0027,2024-07-14,/workspace/geovision-cali-hf/data/modis,2026-05-22 03:43:36,2024.0,2024-07
modis_maiac_aod_2024-07-15.tif,/workspace/geovision-cali-hf/data/modis/modis_maiac_aod_2024-07-15.tif,.tif,0.0047,2024-07-15,/workspace/geovision-cali-hf/data/modis,2026-05-22 03:43:36,2024.0,2024-07
modis_maiac_aod_2024-07-16.tif,/workspace/geovision-cali-hf/data/modis/modis_maiac_aod_2024-07-16.tif,.tif,0.0038,2024-07-16,/workspace/geovision-cali-hf/data/modis,2026-05-22 03:43:36,2024.0,2024-07
modis_maiac_aod_2024-07-19.tif,/workspace/geovision-cali-hf/data/modis/modis_maiac_aod_2024-07-19.tif,.tif,0.0044,2024-07-19,/workspace/geovision-cali-hf/data/modis,2026-05-22 03:43:36,2024.0,2024-07
modis_maiac_aod_2024-07-20.tif,/workspace/geovision-cali-hf/data/modis/modis_maiac_aod_2024-07-20.tif,.tif,0.0024,2024-07-20,/workspace/geovision-cali-hf/data/modis,2026-05-22 03:43:36,2024.0,2024-07
modis_maiac_aod_2024-07-21.tif,/workspace/geovision-cali-hf/data/modis/modis_maiac_aod_2024-07-21.tif,.tif,0.0015,2024-07-21,/workspace/geovision-cali-hf/data/modis,2026-05-22 03:43:36,2024.0,2024-07
modis_maiac_aod_2024-07-22.tif,/workspace/geovision-cali-hf/data/modis/modis_maiac_aod_2024-07-22.tif,.tif,0.0031,2024-07-22,/workspace/geovision-cali-hf/data/modis,2026-05-22 03:43:36,2024.0,2024-07
modis_maiac_aod_2024-07-27.tif,/workspace/geovision-cali-hf/data/modis/modis_maiac_aod_2024-07-27.tif,.tif,0.0028,2024-07-27,/workspace/geovision-cali-hf/data/modis,2026-05-22 03:43:36,2024.0,2024-07
modis_maiac_aod_2024-07-28.tif,/workspace/geovision-cali-hf/data/modis/modis_maiac_aod_2024-07-28.tif,.tif,0.0029,2024-07-28,/workspace/geovision-cali-hf/data/modis,2026-05-22 03:43:36,2024.0,2024-07
modis_maiac_aod_2024-07-29.tif,/workspace/geovision-cali-hf/data/modis/modis_maiac_aod_2024-07-29.tif,.tif,0.0039,2024-07-29,/workspace/geovision-cali-hf/data/modis,2026-05-22 03:43:36,2024.0,2024-07
modis_maiac_aod_2024-08-02.tif,/workspace/geovision-cali-hf/data/modis/modis_maiac_aod_2024-08-02.tif,.tif,0.0038,2024-08-02,/workspace/geovision-cali-hf/data/modis,2026-05-22 03:43:36,2024.0,2024-08
modis_maiac_aod_2024-08-03.tif,/workspace/geovision-cali-hf/data/modis/modis_maiac_aod_2024-08-03.tif,.tif,0.0035,2024-08-03,/workspace/geovision-cali-hf/data/modis,2026-05-22 03:43:36,2024.0,2024-08
modis_maiac_aod_2024-08-04.tif,/workspace/geovision-cali-hf/data/modis/modis_maiac_aod_2024-08-04.tif,.tif,0.0027,2024-08-04,/workspace/geovision-cali-hf/data/modis,2026-05-22 03:43:36,2024.0,2024-08
modis_maiac_aod_2024-08-05.tif,/workspace/geovision-cali-hf/data/modis/modis_maiac_aod_2024-08-05.tif,.tif,0.002,2024-08-05,/workspace/geovision-cali-hf/data/modis,2026-05-22 03:43:36,2024.0,2024-08
modis_maiac_aod_2024-08-06.tif,/workspace/geovision-cali-hf/data/modis/modis_maiac_aod_2024-08-06.tif,.tif,0.0016,2024-08-06,/workspace/geovision-cali-hf/data/modis,2026-05-22 03:43:36,2024.0,2024-08
modis_maiac_aod_2024-08-08.tif,/workspace/geovision-cali-hf/data/modis/modis_maiac_aod_2024-08-08.tif,.tif,0.0015,2024-08-08,/workspace/geovision-cali-hf/data/modis,2026-05-22 03:43:36,2024.0,2024-08
modis_maiac_aod_2024-08-11.tif,/workspace/geovision-cali-hf/data/modis/modis_maiac_aod_2024-08-11.tif,.tif,0.004,2024-08-11,/workspace/geovision-cali-hf/data/modis,2026-05-22 03:43:36,2024.0,2024-08
modis_maiac_aod_2024-08-12.tif,/workspace/geovision-cali-hf/data/modis/modis_maiac_aod_2024-08-12.tif,.tif,0.0014,2024-08-12,/workspace/geovision-cali-hf/data/modis,2026-05-22 03:43:36,2024.0,2024-08
modis_maiac_aod_2024-08-13.tif,/workspace/geovision-cali-hf/data/modis/modis_maiac_aod_2024-08-13.tif,.tif,0.0043,2024-08-13,/workspace/geovision-cali-hf/data/modis,2026-05-22 03:43:36,2024.0,2024-08
modis_maiac_aod_2024-08-15.tif,/workspace/geovision-cali-hf/data/modis/modis_maiac_aod_2024-08-15.tif,.tif,0.005,2024-08-15,/workspace/geovision-cali-hf/data/modis,2026-05-22 03:43:37,2024.0,2024-08
modis_maiac_aod_2024-08-17.tif,/workspace/geovision-cali-hf/data/modis/modis_maiac_aod_2024-08-17.tif,.tif,0.0041,2024-08-17,/workspace/geovision-cali-hf/data/modis,2026-05-22 03:43:37,2024.0,2024-08
modis_maiac_aod_2024-08-18.tif,/workspace/geovision-cali-hf/data/modis/modis_maiac_aod_2024-08-18.tif,.tif,0.0055,2024-08-18,/workspace/geovision-cali-hf/data/modis,2026-05-22 03:43:37,2024.0,2024-08
modis_maiac_aod_2024-08-20.tif,/workspace/geovision-cali-hf/data/modis/modis_maiac_aod_2024-08-20.tif,.tif,0.0032,2024-08-20,/workspace/geovision-cali-hf/data/modis,2026-05-22 03:43:37,2024.0,2024-08
modis_maiac_aod_2024-08-21.tif,/workspace/geovision-cali-hf/data/modis/modis_maiac_aod_2024-08-21.tif,.tif,0.0041,2024-08-21,/workspace/geovision-cali-hf/data/modis,2026-05-22 03:43:37,2024.0,2024-08
modis_maiac_aod_2024-08-22.tif,/workspace/geovision-cali-hf/data/modis/modis_maiac_aod_2024-08-22.tif,.tif,0.0014,2024-08-22,/workspace/geovision-cali-hf/data/modis,2026-05-22 03:43:37,2024.0,2024-08
modis_maiac_aod_2024-08-23.tif,/workspace/geovision-cali-hf/data/modis/modis_maiac_aod_2024-08-23.tif,.tif,0.0041,2024-08-23,/workspace/geovision-cali-hf/data/modis,2026-05-22 03:43:37,2024.0,2024-08
modis_maiac_aod_2024-08-25.tif,/workspace/geovision-cali-hf/data/modis/modis_maiac_aod_2024-08-25.tif,.tif,0.0014,2024-08-25,/workspace/geovision-cali-hf/data/modis,2026-05-22 03:43:37,2024.0,2024-08
modis_maiac_aod_2024-08-26.tif,/workspace/geovision-cali-hf/data/modis/modis_maiac_aod_2024-08-26.tif,.tif,0.0014,2024-08-26,/workspace/geovision-cali-hf/data/modis,2026-05-22 03:43:37,2024.0,2024-08
modis_maiac_aod_2024-08-27.tif,/workspace/geovision-cali-hf/data/modis/modis_maiac_aod_2024-08-27.tif,.tif,0.0055,2024-08-27,/workspace/geovision-cali-hf/data/modis,2026-05-22 03:43:37,2024.0,2024-08
modis_maiac_aod_2024-08-28.tif,/workspace/geovision-cali-hf/data/modis/modis_maiac_aod_2024-08-28.tif,.tif,0.0046,2024-08-28,/workspace/geovision-cali-hf/data/modis,2026-05-22 03:43:37,2024.0,2024-08
modis_maiac_aod_2024-08-30.tif,/workspace/geovision-cali-hf/data/modis/modis_maiac_aod_2024-08-30.tif,.tif,0.0057,2024-08-30,/workspace/geovision-cali-hf/data/modis,2026-05-22 03:43:37,2024.0,2024-08
modis_maiac_aod_2024-08-31.tif,/workspace/geovision-cali-hf/data/modis/modis_maiac_aod_2024-08-31.tif,.tif,0.0044,2024-08-31,/workspace/geovision-cali-hf/data/modis,2026-05-22 03:43:37,2024.0,2024-08
modis_maiac_aod_2024-09-01.tif,/workspace/geovision-cali-hf/data/modis/modis_maiac_aod_2024-09-01.tif,.tif,0.0042,2024-09-01,/workspace/geovision-cali-hf/data/modis,2026-05-22 03:43:37,2024.0,2024-09
modis_maiac_aod_2024-09-02.tif,/workspace/geovision-cali-hf/data/modis/modis_maiac_aod_2024-09-02.tif,.tif,0.0044,2024-09-02,/workspace/geovision-cali-hf/data/modis,2026-05-22 03:43:37,2024.0,2024-09
modis_maiac_aod_2024-09-03.tif,/workspace/geovision-cali-hf/data/modis/modis_maiac_aod_2024-09-03.tif,.tif,0.0014,2024-09-03,/workspace/geovision-cali-hf/data/modis,2026-05-22 03:43:37,2024.0,2024-09
modis_maiac_aod_2024-09-04.tif,/workspace/geovision-cali-hf/data/modis/modis_maiac_aod_2024-09-04.tif,.tif,0.0049,2024-09-04,/workspace/geovision-cali-hf/data/modis,2026-05-22 03:43:37,2024.0,2024-09
modis_maiac_aod_2024-09-06.tif,/workspace/geovision-cali-hf/data/modis/modis_maiac_aod_2024-09-06.tif,.tif,0.0057,2024-09-06,/workspace/geovision-cali-hf/data/modis,2026-05-22 03:43:37,2024.0,2024-09
modis_maiac_aod_2024-09-10.tif,/workspace/geovision-cali-hf/data/modis/modis_maiac_aod_2024-09-10.tif,.tif,0.0038,2024-09-10,/workspace/geovision-cali-hf/data/modis,2026-05-22 03:43:37,2024.0,2024-09
modis_maiac_aod_2024-09-11.tif,/workspace/geovision-cali-hf/data/modis/modis_maiac_aod_2024-09-11.tif,.tif,0.0049,2024-09-11,/workspace/geovision-cali-hf/data/modis,2026-05-22 03:43:37,2024.0,2024-09
modis_maiac_aod_2024-09-12.tif,/workspace/geovision-cali-hf/data/modis/modis_maiac_aod_2024-09-12.tif,.tif,0.0034,2024-09-12,/workspace/geovision-cali-hf/data/modis,2026-05-22 03:43:37,2024.0,2024-09
modis_maiac_aod_2024-09-13.tif,/workspace/geovision-cali-hf/data/modis/modis_maiac_aod_2024-09-13.tif,.tif,0.0026,2024-09-13,/workspace/geovision-cali-hf/data/modis,2026-05-22 03:43:37,2024.0,2024-09
modis_maiac_aod_2024-09-14.tif,/workspace/geovision-cali-hf/data/modis/modis_maiac_aod_2024-09-14.tif,.tif,0.0043,2024-09-14,/workspace/geovision-cali-hf/data/modis,2026-05-22 03:43:37,2024.0,2024-09
modis_maiac_aod_2024-09-15.tif,/workspace/geovision-cali-hf/data/modis/modis_maiac_aod_2024-09-15.tif,.tif,0.0044,2024-09-15,/workspace/geovision-cali-hf/data/modis,2026-05-22 03:43:37,2024.0,2024-09
modis_maiac_aod_2024-09-16.tif,/workspace/geovision-cali-hf/data/modis/modis_maiac_aod_2024-09-16.tif,.tif,0.0051,2024-09-16,/workspace/geovision-cali-hf/data/modis,2026-05-22 03:43:38,2024.0,2024-09
modis_maiac_aod_2024-09-17.tif,/workspace/geovision-cali-hf/data/modis/modis_maiac_aod_2024-09-17.tif,.tif,0.0042,2024-09-17,/workspace/geovision-cali-hf/data/modis,2026-05-22 03:43:38,2024.0,2024-09
modis_maiac_aod_2024-09-18.tif,/workspace/geovision-cali-hf/data/modis/modis_maiac_aod_2024-09-18.tif,.tif,0.0045,2024-09-18,/workspace/geovision-cali-hf/data/modis,2026-05-22 03:43:38,2024.0,2024-09
modis_maiac_aod_2024-09-19.tif,/workspace/geovision-cali-hf/data/modis/modis_maiac_aod_2024-09-19.tif,.tif,0.0021,2024-09-19,/workspace/geovision-cali-hf/data/modis,2026-05-22 03:43:38,2024.0,2024-09
modis_maiac_aod_2024-09-21.tif,/workspace/geovision-cali-hf/data/modis/modis_maiac_aod_2024-09-21.tif,.tif,0.0017,2024-09-21,/workspace/geovision-cali-hf/data/modis,2026-05-22 03:43:38,2024.0,2024-09
modis_maiac_aod_2024-09-23.tif,/workspace/geovision-cali-hf/data/modis/modis_maiac_aod_2024-09-23.tif,.tif,0.0047,2024-09-23,/workspace/geovision-cali-hf/data/modis,2026-05-22 03:43:38,2024.0,2024-09
modis_maiac_aod_2024-09-24.tif,/workspace/geovision-cali-hf/data/modis/modis_maiac_aod_2024-09-24.tif,.tif,0.0045,2024-09-24,/workspace/geovision-cali-hf/data/modis,2026-05-22 03:43:38,2024.0,2024-09
modis_maiac_aod_2024-09-26.tif,/workspace/geovision-cali-hf/data/modis/modis_maiac_aod_2024-09-26.tif,.tif,0.0032,2024-09-26,/workspace/geovision-cali-hf/data/modis,2026-05-22 03:43:38,2024.0,2024-09
modis_maiac_aod_2024-09-27.tif,/workspace/geovision-cali-hf/data/modis/modis_maiac_aod_2024-09-27.tif,.tif,0.0015,2024-09-27,/workspace/geovision-cali-hf/data/modis,2026-05-22 03:43:38,2024.0,2024-09
modis_maiac_aod_2024-09-29.tif,/workspace/geovision-cali-hf/data/modis/modis_maiac_aod_2024-09-29.tif,.tif,0.0022,2024-09-29,/workspace/geovision-cali-hf/data/modis,2026-05-22 03:43:38,2024.0,2024-09
modis_maiac_aod_2024-09-30.tif,/workspace/geovision-cali-hf/data/modis/modis_maiac_aod_2024-09-30.tif,.tif,0.0037,2024-09-30,/workspace/geovision-cali-hf/data/modis,2026-05-22 03:43:38,2024.0,2024-09
modis_maiac_aod_2024-10-01.tif,/workspace/geovision-cali-hf/data/modis/modis_maiac_aod_2024-10-01.tif,.tif,0.0016,2024-10-01,/workspace/geovision-cali-hf/data/modis,2026-05-22 03:43:38,2024.0,2024-10
modis_maiac_aod_2024-10-02.tif,/workspace/geovision-cali-hf/data/modis/modis_maiac_aod_2024-10-02.tif,.tif,0.0032,2024-10-02,/workspace/geovision-cali-hf/data/modis,2026-05-22 03:43:38,2024.0,2024-10
modis_maiac_aod_2024-10-03.tif,/workspace/geovision-cali-hf/data/modis/modis_maiac_aod_2024-10-03.tif,.tif,0.0044,2024-10-03,/workspace/geovision-cali-hf/data/modis,2026-05-22 03:43:38,2024.0,2024-10
modis_maiac_aod_2024-10-05.tif,/workspace/geovision-cali-hf/data/modis/modis_maiac_aod_2024-10-05.tif,.tif,0.0042,2024-10-05,/workspace/geovision-cali-hf/data/modis,2026-05-22 03:43:38,2024.0,2024-10
modis_maiac_aod_2024-10-06.tif,/workspace/geovision-cali-hf/data/modis/modis_maiac_aod_2024-10-06.tif,.tif,0.0034,2024-10-06,/workspace/geovision-cali-hf/data/modis,2026-05-22 03:43:38,2024.0,2024-10
modis_maiac_aod_2024-10-09.tif,/workspace/geovision-cali-hf/data/modis/modis_maiac_aod_2024-10-09.tif,.tif,0.0014,2024-10-09,/workspace/geovision-cali-hf/data/modis,2026-05-22 03:43:38,2024.0,2024-10
modis_maiac_aod_2024-10-14.tif,/workspace/geovision-cali-hf/data/modis/modis_maiac_aod_2024-10-14.tif,.tif,0.0042,2024-10-14,/workspace/geovision-cali-hf/data/modis,2026-05-22 03:43:38,2024.0,2024-10
modis_maiac_aod_2024-10-15.tif,/workspace/geovision-cali-hf/data/modis/modis_maiac_aod_2024-10-15.tif,.tif,0.0022,2024-10-15,/workspace/geovision-cali-hf/data/modis,2026-05-22 03:43:38,2024.0,2024-10
modis_maiac_aod_2024-10-16.tif,/workspace/geovision-cali-hf/data/modis/modis_maiac_aod_2024-10-16.tif,.tif,0.005,2024-10-16,/workspace/geovision-cali-hf/data/modis,2026-05-22 03:43:38,2024.0,2024-10
modis_maiac_aod_2024-10-17.tif,/workspace/geovision-cali-hf/data/modis/modis_maiac_aod_2024-10-17.tif,.tif,0.0047,2024-10-17,/workspace/geovision-cali-hf/data/modis,2026-05-22 03:43:38,2024.0,2024-10
modis_maiac_aod_2024-10-18.tif,/workspace/geovision-cali-hf/data/modis/modis_maiac_aod_2024-10-18.tif,.tif,0.0041,2024-10-18,/workspace/geovision-cali-hf/data/modis,2026-05-22 03:43:38,2024.0,2024-10
modis_maiac_aod_2024-10-20.tif,/workspace/geovision-cali-hf/data/modis/modis_maiac_aod_2024-10-20.tif,.tif,0.0024,2024-10-20,/workspace/geovision-cali-hf/data/modis,2026-05-22 03:43:38,2024.0,2024-10
modis_maiac_aod_2024-10-21.tif,/workspace/geovision-cali-hf/data/modis/modis_maiac_aod_2024-10-21.tif,.tif,0.0045,2024-10-21,/workspace/geovision-cali-hf/data/modis,2026-05-22 03:43:38,2024.0,2024-10
modis_maiac_aod_2024-10-22.tif,/workspace/geovision-cali-hf/data/modis/modis_maiac_aod_2024-10-22.tif,.tif,0.0015,2024-10-22,/workspace/geovision-cali-hf/data/modis,2026-05-22 03:43:38,2024.0,2024-10
modis_maiac_aod_2024-10-23.tif,/workspace/geovision-cali-hf/data/modis/modis_maiac_aod_2024-10-23.tif,.tif,0.002,2024-10-23,/workspace/geovision-cali-hf/data/modis,2026-05-22 03:43:39,2024.0,2024-10
modis_maiac_aod_2024-10-24.tif,/workspace/geovision-cali-hf/data/modis/modis_maiac_aod_2024-10-24.tif,.tif,0.0016,2024-10-24,/workspace/geovision-cali-hf/data/modis,2026-05-22 03:43:39,2024.0,2024-10
modis_maiac_aod_2024-10-25.tif,/workspace/geovision-cali-hf/data/modis/modis_maiac_aod_2024-10-25.tif,.tif,0.005,2024-10-25,/workspace/geovision-cali-hf/data/modis,2026-05-22 03:43:39,2024.0,2024-10
modis_maiac_aod_2024-10-31.tif,/workspace/geovision-cali-hf/data/modis/modis_maiac_aod_2024-10-31.tif,.tif,0.0017,2024-10-31,/workspace/geovision-cali-hf/data/modis,2026-05-22 03:43:39,2024.0,2024-10
modis_maiac_aod_2024-11-02.tif,/workspace/geovision-cali-hf/data/modis/modis_maiac_aod_2024-11-02.tif,.tif,0.0019,2024-11-02,/workspace/geovision-cali-hf/data/modis,2026-05-22 03:43:39,2024.0,2024-11
modis_maiac_aod_2024-11-04.tif,/workspace/geovision-cali-hf/data/modis/modis_maiac_aod_2024-11-04.tif,.tif,0.0021,2024-11-04,/workspace/geovision-cali-hf/data/modis,2026-05-22 03:43:39,2024.0,2024-11
modis_maiac_aod_2024-11-05.tif,/workspace/geovision-cali-hf/data/modis/modis_maiac_aod_2024-11-05.tif,.tif,0.0025,2024-11-05,/workspace/geovision-cali-hf/data/modis,2026-05-22 03:43:39,2024.0,2024-11
modis_maiac_aod_2024-11-06.tif,/workspace/geovision-cali-hf/data/modis/modis_maiac_aod_2024-11-06.tif,.tif,0.0031,2024-11-06,/workspace/geovision-cali-hf/data/modis,2026-05-22 03:43:39,2024.0,2024-11
modis_maiac_aod_2024-11-07.tif,/workspace/geovision-cali-hf/data/modis/modis_maiac_aod_2024-11-07.tif,.tif,0.0025,2024-11-07,/workspace/geovision-cali-hf/data/modis,2026-05-22 03:43:39,2024.0,2024-11
modis_maiac_aod_2024-11-12.tif,/workspace/geovision-cali-hf/data/modis/modis_maiac_aod_2024-11-12.tif,.tif,0.0016,2024-11-12,/workspace/geovision-cali-hf/data/modis,2026-05-22 03:43:39,2024.0,2024-11
modis_maiac_aod_2024-11-13.tif,/workspace/geovision-cali-hf/data/modis/modis_maiac_aod_2024-11-13.tif,.tif,0.0029,2024-11-13,/workspace/geovision-cali-hf/data/modis,2026-05-22 03:43:39,2024.0,2024-11
modis_maiac_aod_2024-11-16.tif,/workspace/geovision-cali-hf/data/modis/modis_maiac_aod_2024-11-16.tif,.tif,0.0014,2024-11-16,/workspace/geovision-cali-hf/data/modis,2026-05-22 03:43:39,2024.0,2024-11
modis_maiac_aod_2024-11-17.tif,/workspace/geovision-cali-hf/data/modis/modis_maiac_aod_2024-11-17.tif,.tif,0.0016,2024-11-17,/workspace/geovision-cali-hf/data/modis,2026-05-22 03:43:39,2024.0,2024-11
modis_maiac_aod_2024-11-18.tif,/workspace/geovision-cali-hf/data/modis/modis_maiac_aod_2024-11-18.tif,.tif,0.0018,2024-11-18,/workspace/geovision-cali-hf/data/modis,2026-05-22 03:43:39,2024.0,2024-11
modis_maiac_aod_2024-11-19.tif,/workspace/geovision-cali-hf/data/modis/modis_maiac_aod_2024-11-19.tif,.tif,0.0014,2024-11-19,/workspace/geovision-cali-hf/data/modis,2026-05-22 03:43:39,2024.0,2024-11
modis_maiac_aod_2024-11-22.tif,/workspace/geovision-cali-hf/data/modis/modis_maiac_aod_2024-11-22.tif,.tif,0.0014,2024-11-22,/workspace/geovision-cali-hf/data/modis,2026-05-22 03:43:39,2024.0,2024-11
modis_maiac_aod_2024-11-24.tif,/workspace/geovision-cali-hf/data/modis/modis_maiac_aod_2024-11-24.tif,.tif,0.0031,2024-11-24,/workspace/geovision-cali-hf/data/modis,2026-05-22 03:43:39,2024.0,2024-11
modis_maiac_aod_2024-11-26.tif,/workspace/geovision-cali-hf/data/modis/modis_maiac_aod_2024-11-26.tif,.tif,0.0022,2024-11-26,/workspace/geovision-cali-hf/data/modis,2026-05-22 03:43:39,2024.0,2024-11
modis_maiac_aod_2024-11-27.tif,/workspace/geovision-cali-hf/data/modis/modis_maiac_aod_2024-11-27.tif,.tif,0.0023,2024-11-27,/workspace/geovision-cali-hf/data/modis,2026-05-22 03:43:39,2024.0,2024-11
modis_maiac_aod_2024-11-28.tif,/workspace/geovision-cali-hf/data/modis/modis_maiac_aod_2024-11-28.tif,.tif,0.0025,2024-11-28,/workspace/geovision-cali-hf/data/modis,2026-05-22 03:43:39,2024.0,2024-11
modis_maiac_aod_2024-11-29.tif,/workspace/geovision-cali-hf/data/modis/modis_maiac_aod_2024-11-29.tif,.tif,0.0025,2024-11-29,/workspace/geovision-cali-hf/data/modis,2026-05-22 03:43:39,2024.0,2024-11
modis_maiac_aod_2024-12-01.tif,/workspace/geovision-cali-hf/data/modis/modis_maiac_aod_2024-12-01.tif,.tif,0.0044,2024-12-01,/workspace/geovision-cali-hf/data/modis,2026-05-22 03:43:39,2024.0,2024-12
modis_maiac_aod_2024-12-02.tif,/workspace/geovision-cali-hf/data/modis/modis_maiac_aod_2024-12-02.tif,.tif,0.0035,2024-12-02,/workspace/geovision-cali-hf/data/modis,2026-05-22 03:43:39,2024.0,2024-12
modis_maiac_aod_2024-12-03.tif,/workspace/geovision-cali-hf/data/modis/modis_maiac_aod_2024-12-03.tif,.tif,0.0025,2024-12-03,/workspace/geovision-cali-hf/data/modis,2026-05-22 03:43:39,2024.0,2024-12
modis_maiac_aod_2024-12-04.tif,/workspace/geovision-cali-hf/data/modis/modis_maiac_aod_2024-12-04.tif,.tif,0.0028,2024-12-04,/workspace/geovision-cali-hf/data/modis,2026-05-22 03:43:39,2024.0,2024-12
modis_maiac_aod_2024-12-06.tif,/workspace/geovision-cali-hf/data/modis/modis_maiac_aod_2024-12-06.tif,.tif,0.0017,2024-12-06,/workspace/geovision-cali-hf/data/modis,2026-05-22 03:43:39,2024.0,2024-12
modis_maiac_aod_2024-12-07.tif,/workspace/geovision-cali-hf/data/modis/modis_maiac_aod_2024-12-07.tif,.tif,0.0026,2024-12-07,/workspace/geovision-cali-hf/data/modis,2026-05-22 03:43:40,2024.0,2024-12
modis_maiac_aod_2024-12-08.tif,/workspace/geovision-cali-hf/data/modis/modis_maiac_aod_2024-12-08.tif,.tif,0.0015,2024-12-08,/workspace/geovision-cali-hf/data/modis,2026-05-22 03:43:40,2024.0,2024-12
modis_maiac_aod_2024-12-09.tif,/workspace/geovision-cali-hf/data/modis/modis_maiac_aod_2024-12-09.tif,.tif,0.0042,2024-12-09,/workspace/geovision-cali-hf/data/modis,2026-05-22 03:43:40,2024.0,2024-12
modis_maiac_aod_2024-12-11.tif,/workspace/geovision-cali-hf/data/modis/modis_maiac_aod_2024-12-11.tif,.tif,0.0035,2024-12-11,/workspace/geovision-cali-hf/data/modis,2026-05-22 03:43:40,2024.0,2024-12
modis_maiac_aod_2024-12-12.tif,/workspace/geovision-cali-hf/data/modis/modis_maiac_aod_2024-12-12.tif,.tif,0.0018,2024-12-12,/workspace/geovision-cali-hf/data/modis,2026-05-22 03:43:40,2024.0,2024-12
modis_maiac_aod_2024-12-14.tif,/workspace/geovision-cali-hf/data/modis/modis_maiac_aod_2024-12-14.tif,.tif,0.0021,2024-12-14,/workspace/geovision-cali-hf/data/modis,2026-05-22 03:43:40,2024.0,2024-12
modis_maiac_aod_2024-12-16.tif,/workspace/geovision-cali-hf/data/modis/modis_maiac_aod_2024-12-16.tif,.tif,0.0032,2024-12-16,/workspace/geovision-cali-hf/data/modis,2026-05-22 03:43:40,2024.0,2024-12
modis_maiac_aod_2024-12-17.tif,/workspace/geovision-cali-hf/data/modis/modis_maiac_aod_2024-12-17.tif,.tif,0.0027,2024-12-17,/workspace/geovision-cali-hf/data/modis,2026-05-22 03:43:40,2024.0,2024-12
modis_maiac_aod_2024-12-18.tif,/workspace/geovision-cali-hf/data/modis/modis_maiac_aod_2024-12-18.tif,.tif,0.0049,2024-12-18,/workspace/geovision-cali-hf/data/modis,2026-05-22 03:43:40,2024.0,2024-12
modis_maiac_aod_2024-12-19.tif,/workspace/geovision-cali-hf/data/modis/modis_maiac_aod_2024-12-19.tif,.tif,0.0041,2024-12-19,/workspace/geovision-cali-hf/data/modis,2026-05-22 03:43:40,2024.0,2024-12
modis_maiac_aod_2024-12-20.tif,/workspace/geovision-cali-hf/data/modis/modis_maiac_aod_2024-12-20.tif,.tif,0.0026,2024-12-20,/workspace/geovision-cali-hf/data/modis,2026-05-22 03:43:40,2024.0,2024-12
modis_maiac_aod_2024-12-21.tif,/workspace/geovision-cali-hf/data/modis/modis_maiac_aod_2024-12-21.tif,.tif,0.0019,2024-12-21,/workspace/geovision-cali-hf/data/modis,2026-05-22 03:43:40,2024.0,2024-12
modis_maiac_aod_2024-12-25.tif,/workspace/geovision-cali-hf/data/modis/modis_maiac_aod_2024-12-25.tif,.tif,0.0045,2024-12-25,/workspace/geovision-cali-hf/data/modis,2026-05-22 03:43:40,2024.0,2024-12
