grid_id,lat,lon,NO2_t1_pred,NO2_t1_var,NO2_t3_pred,NO2_t3_var,NO2_t7_pred,NO2_t7_var,SO2_t1_pred,SO2_t1_var,SO2_t3_pred,SO2_t3_var,SO2_t7_pred,SO2_t7_var,O3_t1_pred,O3_t1_var,O3_t3_pred,O3_t3_var,O3_t7_pred,O3_t7_var,cluster,mean_prediction_profile,max_prediction_profile,mean_uncertainty_profile
g_001_000,3.3075,-76.5975,11.768237590789797,59.08142852783203,8.640517234802246,55.4069938659668,10.554168701171877,55.60676574707031,10.093140602111816,208.09263610839844,9.653950214385986,214.24473571777344,10.388051509857178,217.3756866455078,25.229990005493164,95.48184967041016,23.174448013305664,75.21269989013672,18.66277027130127,83.96865844726562,3,14.240586015913221,25.229990005493164,118.27460606892903
g_001_001,3.3075,-76.5925,10.478307247161863,57.699745178222656,8.071222305297852,54.079376220703125,9.202508449554443,54.7098503112793,6.529669761657715,204.00965881347656,6.4691267013549805,210.0392303466797,6.695124387741089,213.1082000732422,30.21188223361969,94.6920394897461,28.249623104929924,74.8464584350586,23.82936143875122,83.2625961303711,2,14.41520284778542,30.21188223361969,116.27190611097548
g_001_002,3.3075,-76.58749999999999,9.669003009796144,56.387508392333984,8.028011798858643,52.81843566894531,8.839577198028564,53.85893630981445,4.18731689453125,200.17498779296875,4.425602436065674,206.0893402099609,4.38813853263855,209.1000061035156,32.889806032180786,93.9386978149414,31.055110678076744,74.49706268310547,27.100085258483887,82.58914947509766,2,14.509183537628916,32.889806032180786,114.38379160563152
g_001_003,3.3075,-76.5825,9.303706645965576,55.15151596069336,8.062609672546387,51.63071441650391,8.790849208831787,53.05835723876953,2.8559532165527344,196.5961456298828,3.268247365951538,202.4027709960937,3.1034834384918213,205.35891723632807,33.85972738265991,93.2252960205078,32.157006964087486,74.16604614257812,28.51875638961792,81.95145416259766,2,14.43559336496724,33.85972738265991,112.61569086710612
g_001_004,3.3075,-76.5775,9.235032558441162,53.99905776977539,8.023330688476562,50.523216247558594,8.754494190216064,52.312721252441406,2.4156856536865234,193.2796936035156,2.912469387054444,198.9862823486328,2.682466506958008,201.8917999267578,33.77189028263092,92.55555725097656,32.23267391324043,73.85504913330078,28.64056158065796,81.35286712646484,2,14.296511640151342,33.77189028263092,110.97291607326932
g_001_005,3.3075,-76.57249999999999,9.302024841308594,52.937801361083984,7.935823917388916,49.50331497192383,8.689741611480713,51.62686538696289,2.57531476020813,190.23117065429688,3.029503583908081,195.84559631347656,2.802475452423096,198.7044219970703,33.24486994743347,91.9333953857422,31.82231773436069,73.56578063964844,28.13024425506592,80.79691314697266,2,14.170257344841957,33.24486994743347,109.4605844285753
g_001_006,3.3075,-76.5675,9.326197624206545,51.97568893432617,7.854289054870605,48.578651428222656,8.627869606018066,51.00577545166016,2.821441888809204,187.4550018310547,3.1702535152435303,192.9852294921875,3.0117077827453613,195.8014068603516,33.05508577823639,91.3628387451172,31.591660365462303,73.29999542236328,27.801105976104736,80.2872314453125,2,14.13995684352186,33.05508577823639,108.0835355122884
g_001_007,3.3075,-76.5625,9.218111991882324,51.12075805664063,7.8069000244140625,47.75696563720703,8.57870864868164,50.45446014404297,2.665276527404785,184.9543914794922,2.9481663703918457,190.4084930419922,2.849884271621704,193.1861114501953,33.40449106693268,90.84789276123048,31.79412866383791,73.05945587158203,28.105722427368164,79.82744598388672,2,14.152376665837235,33.40449106693268,106.84621938069661
g_001_008,3.3075,-76.55749999999999,9.047892570495604,50.38090515136719,7.840603828430176,47.04585647583008,8.582103729248047,49.97782897949219,2.1888091564178467,182.73147583007807,2.461544990539551,188.1175537109375,2.385908603668213,190.8607177734375,34.07877278327942,90.3924331665039,32.35903509892523,72.84583282470703,28.885267734527588,79.42105865478516,2,14.20332649950352,34.07877278327942,105.75262917412653
g_001_009,3.3075,-76.5525,8.902802467346191,49.76362228393555,7.882115364074707,46.45252990722656,8.601091384887695,49.58051300048828,1.660226583480835,180.78726196289065,1.93863582611084,186.11346435546875,1.9203393459320068,188.82632446289065,34.618805289268494,89.99996185302734,32.84384701214731,72.66067504882812,29.61680126190185,79.07123565673828,2,14.220518281683326,34.618805289268494,104.80617650349934
g_001_010,3.3075,-76.5475,8.781537055969238,49.275665283203125,7.961421966552734,45.98349380493164,8.619403839111328,49.26667404174805,1.2932443618774414,179.12191772460938,1.6412372589111328,184.3963928222656,1.5354256629943848,187.0830841064453,34.768600821495056,89.6734619140625,32.998331405222416,72.50528717041016,29.951863288879395,78.78069305419922,2,14.172340629001459,34.768600821495056,104.00962999131944
g_001_011,3.3075,-76.54249999999999,8.798047065734863,48.9227294921875,8.007341861724854,45.64423751831055,8.561859607696533,49.03981399536133,1.0852773189544678,177.7349395751953,1.5364370346069336,182.96578979492188,1.3013527393341064,185.63047790527344,34.29185962677002,89.41517639160156,32.59397600591183,72.38066864013672,29.56827640533448,78.55144500732422,2,13.971603074007565,34.29185962677002,103.36503092447917
g_001_012,3.3075,-76.5375,8.982101440429688,48.70915222167969,7.991817951202393,45.43893432617188,8.443471431732178,48.902587890625,1.0405607223510742,176.62542724609375,1.6075539588928225,181.8207244873047,1.1778573989868164,184.4675445556641,33.13669693470001,89.2264175415039,31.51098945736885,72.28742980957031,28.396987199783325,78.38469696044922,2,13.58755961060524,33.13669693470001,102.8736572265625
g_001_013,3.3075,-76.5325,9.275445938110352,48.63765335083008,7.961794376373291,45.37020492553711,8.423582553863525,48.85665893554688,1.2405283451080322,175.7923583984375,1.784503936767578,180.9601287841797,1.2696661949157717,183.59326171875,31.56399631500244,89.10746765136719,30.03891918063164,72.22574615478516,26.71279644966125,78.28067779541016,2,13.141248143381542,31.56399631500244,102.53601752387152
g_001_014,3.3075,-76.5275,9.553606986999512,48.70915222167969,7.928785800933838,45.43893432617188,8.490391254425049,48.902587890625,1.6778337955474854,175.23487854003906,2.0417609214782715,180.38311767578125,1.5917389392852783,183.00672912597656,30.16189444065094,89.05748748779297,28.64138752222061,72.19532775878906,25.15531754493713,78.2386245727539,2,12.804746356275347,30.16189444065094,102.35187106662326
g_001_015,3.3075,-76.5225,9.81059741973877,48.9227294921875,7.959835529327393,45.64423751831055,8.640458583831787,49.03981399536133,2.358830451965332,174.95252990722656,2.461930274963379,180.08920288085938,2.149570941925049,182.7074584960937,28.95302450656891,89.07456970214844,27.47367262840271,72.19542694091797,23.869331121444706,78.2568130493164,2,12.630805717574226,28.95302450656891,102.32030910915799
g_001_016,3.3075,-76.5175,10.194920539855955,49.275665283203125,8.061412811279297,45.98349380493164,8.962449073791504,49.26667404174805,3.193620204925537,174.9453582763672,3.0578484535217285,180.0784149169922,2.890768527984619,182.695556640625,27.350138306617737,89.15587615966797,26.04315549135208,72.22489166259766,22.31760883331299,78.33263397216797,2,12.452435804737938,27.350138306617737,102.43984052870009
g_001_017,3.3075,-76.5125,10.695235252380373,49.76362228393555,8.216287612915039,46.45252990722656,9.469663619995115,49.58051300048828,4.200076580047607,175.21405029296875,3.785599708557129,180.35145568847656,3.790520668029785,182.9717559814453,25.34705436229705,89.29780578613281,24.23641699552536,72.28225708007812,20.43382406234741,78.46280670166016,2,12.241630984677208,25.34705436229705,102.7085329691569
g_001_018,3.3075,-76.5075,11.166460037231444,50.38090515136719,8.437865257263184,47.04585647583008,10.055574417114258,49.97782897949219,5.385066270828247,175.75985717773438,4.622637748718262,180.9096069335937,4.941009521484375,183.53738403320312,23.74205112457276,89.49623107910156,22.67386358976364,72.36582946777344,18.99464511871338,78.64359283447266,2,12.224352565076616,23.74205112457276,103.12412134806316
g_001_019,3.3075,-76.5025,11.407395362854004,51.12075805664063,8.540020942687988,47.75696563720703,10.359674453735352,50.45446014404297,6.406377077102661,176.58448791503906,5.373167037963867,181.75457763671875,5.9847025871276855,184.3942413330078,23.167806386947632,89.7468032836914,22.02482795715332,72.4737777709961,18.538912057876587,78.87102508544922,2,12.422542651494345,23.167806386947632,103.68412187364366
g_001_020,3.3075,-76.4975,11.359018325805664,51.97568893432617,8.484251022338867,48.578651428222656,10.24436092376709,51.00577545166016,6.755510330200195,177.68984985351562,5.57432222366333,182.88833618164065,6.395589113235474,185.5443725585937,24.044288635253903,90.04512023925781,22.706271469593048,72.6042709350586,19.31589102745056,79.14111328125,2,12.764389230145348,24.044288635253903,104.38590876261394
g_001_021,3.3075,-76.49249999999999,11.080814361572266,52.937801361083984,8.360358715057373,49.50331497192383,9.886104106903076,51.62686538696289,6.363933563232422,179.07781982421875,5.288499355316162,184.3127899169922,6.0207436084747314,186.98976135253903,25.6548285484314,90.3870086669922,24.22178828716278,72.75553131103516,20.86186122894287,79.4500503540039,2,13.082103530565897,25.6548285484314,105.2267714606391
g_001_022,3.3075,-76.4875,10.81948709487915,53.99905776977539,8.36514663696289,50.523216247558594,9.60545015335083,52.312721252441406,5.592818737030029,180.7499084472656,4.731816291809082,186.0294952392578,5.2474448680877686,188.73204040527344,26.829002141952515,90.76861572265624,25.461334466934204,72.92591857910156,22.194464087486267,79.79436492919922,2,13.205218275388082,26.829002141952515,106.20392651028104
g_001_023,3.3075,-76.4825,10.846989154815674,55.15151596069336,8.424947738647461,51.63071441650391,9.606799602508543,53.05835723876953,4.996291160583496,182.7069549560547,4.334234714508057,188.039306640625,4.648805141448975,190.7721405029297,26.707300901412964,91.18655395507812,25.56857347488404,73.11393737792969,22.29891645908356,80.17097473144531,2,13.048095371988085,26.707300901412964,107.31449508666992
g_001_024,3.3075,-76.47749999999999,11.06909990310669,56.387508392333984,8.518958568572998,52.81843566894531,9.868248462677002,53.85893630981445,5.115814447402954,184.94891357421875,4.333290100097656,190.3421173095703,4.71842360496521,193.1100006103516,25.88953757286072,91.63790130615234,24.92013025283813,73.31832885742188,21.691962718963623,80.5772476196289,2,12.902829514609444,25.88953757286072,108.55548773871527
g_001_025,3.3075,-76.4725,11.346039295196531,57.699745178222656,8.615116119384766,54.079376220703125,10.203376293182371,54.7098503112793,5.859468221664429,187.4745635986328,4.767974376678467,192.93667602539065,5.441211462020874,195.7444000244141,25.26590371131897,92.12024688720705,24.25577223300934,73.53800201416016,21.186288595199585,81.01101684570312,2,12.993461145295036,25.26590371131897,109.923764122857
g_001_026,3.3075,-76.4675,11.61470651626587,59.08142852783203,8.752579689025879,55.4069938659668,10.494823455810549,55.60676574707031,6.779616594314575,190.2813720703125,5.425114631652832,195.8204040527344,6.423299074172974,198.67274475097656,24.88242506980896,92.63166046142578,23.844609022140503,73.77205657958984,20.935221433639526,81.47053527832031,2,13.239155054092407,24.88242506980896,111.41599570380316
g_001_027,3.3075,-76.46249999999999,11.777133464813232,60.52626419067383,8.885862827301025,56.79524612426758,10.69111394882202,56.54566192626953,7.428528070449829,193.36553955078125,5.993522644042969,198.9893035888672,7.136571884155273,201.8910217285156,24.67738485336304,93.17061614990234,23.68190670013428,74.01976776123047,20.80918490886688,81.95443725585938,2,13.453467700216505,24.67738485336304,113.02865091959636
g_001_028,3.3075,-76.4575,11.84449338912964,62.02849197387695,9.014662742614746,58.23859405517578,10.837928295135498,57.5228271484375,7.720299243927002,196.7218780517578,6.30893611907959,202.4380340576172,7.456952333450317,205.3938446044922,24.50101423263549,93.73592376708984,23.515859365463257,74.28056335449219,20.742264986038208,82.461669921875,2,13.549156745274862,24.50101423263549,114.75798077053494
g_001_029,3.3075,-76.4525,11.893287181854248,63.58287811279297,9.130671977996826,59.73200988769531,10.92094898223877,58.534889221191406,7.741367101669311,200.3439483642578,6.355178356170654,206.16000366210932,7.431404829025267,209.17449951171875,24.38592314720153,94.3267059326172,23.41267204284668,74.55397033691406,20.802904725074768,82.99144744873047,2,13.563817593786451,24.38592314720153,116.60003916422527
g_001_030,3.3075,-76.44749999999999,11.920825958251951,65.18468475341797,9.167843341827393,61.27094650268555,10.97285795211792,59.57876586914063,7.721662282943726,204.2242584228516,6.326421737670898,210.14743041992188,7.422417163848877,213.22512817382807,24.46085906028748,94.9422836303711,23.419082403182983,74.83961486816406,20.983759000897408,83.54317474365234,2,13.599525433447626,24.46085906028748,118.5506985982259
g_001_031,3.3075,-76.4425,11.947324752807615,66.82964324951172,9.174261569976808,62.8513069152832,10.95823049545288,60.65168380737305,7.828224182128906,208.3543243408203,6.3466386795043945,214.3915863037109,7.518001794815063,217.536865234375,24.83421468734741,95.58213806152344,23.74218225479126,75.13719177246094,21.422928649932143,84.11640167236328,2,13.75244522963961,24.83421468734741,120.60568237304688
g_001_032,3.3075,-76.4375,11.898192644119264,68.51393127441406,9.1233229637146,64.46941375732422,10.858342170715332,61.75113677978516,7.897972583770752,212.72494506835932,6.426295757293701,218.88299560546875,7.627293109893799,222.1000518798828,25.55512428283692,96.24584197998048,24.441863298416138,75.4464340209961,22.118533834815025,84.71076202392578,2,13.994104516175058,25.55512428283692,122.76061248779297
g_001_033,3.3075,-76.43249999999999,11.727956771850586,70.2341079711914,8.988801002502441,66.12197875976562,10.56540870666504,62.87487030029297,7.790764570236206,217.3263702392578,6.399231910705566,223.6116180419922,7.590445518493652,226.90447998046875,27.008010149002075,96.93303680419922,25.850632905960083,75.76709747314453,23.54240825772285,85.32594299316406,2,14.384851088126501,27.008010149002075,125.01105584038629
g_001_034,3.3075,-76.4275,11.344902515411375,71.98711395263672,8.840924263000488,67.80604553222656,10.148866653442385,64.02085876464844,7.429964065551758,222.14854431152344,6.142267227172852,228.5670623779297,7.33595609664917,231.93955993652344,29.04674792289734,97.64336395263672,27.85488772392273,76.09895324707031,25.60132700204849,85.96165466308594,2,14.860649274455177,29.04674792289734,127.35257297092014
g_001_035,3.3075,-76.4225,11.03797960281372,73.77020263671875,8.828834533691406,69.51899719238281,9.889200687408447,65.18729400634766,6.921092033386231,227.18118286132807,5.781653881072998,233.73876953125,6.842761754989624,237.194564819336,30.554062128067017,98.37647247314452,29.438725471496586,76.44176483154297,27.295854568481445,86.6175765991211,2,15.176684962378609,30.554062128067017,129.780758327908
g_001_036,3.3075,-76.41749999999999,10.981266736984251,75.5809097290039,8.907291889190674,71.25846862792969,9.884507656097412,66.3725357055664,6.476863622665405,232.4140625,5.575613975524902,239.1161956787109,6.4509899616241455,242.65872192382807,30.59999370574951,99.13197326660156,29.707278966903687,76.7953109741211,27.57831978797913,87.29339599609375,2,15.129125144746569,30.59999370574951,132.2912860446506
g_001_037,3.3075,-76.4125,11.326212882995604,77.41706085205078,9.132511138916016,73.02235412597656,10.27423334121704,67.57512664794922,6.816704988479614,237.8370361328125,5.891296148300171,244.6889190673828,6.702744960784912,248.32139587402344,28.94595313072205,99.90946197509766,28.26322293281555,77.15933227539062,26.07816594839096,87.98873901367188,2,14.825671719180214,28.94595313072205,134.87993621826172
g_001_038,3.3075,-76.4075,12.121232748031616,79.27667236328125,9.53600549697876,74.80877685546875,11.145825386047363,68.79375457763672,8.1884446144104,243.44027709960932,6.914308309555054,250.44677734375,8.01687753200531,254.17225646972656,26.03367018699646,100.7084732055664,25.45214295387268,77.5335693359375,23.271559715271,88.7032241821289,3,14.520007438129849,26.03367018699646,137.54264238145618
g_001_039,3.3075,-76.4025,13.04609727859497,81.15798950195312,10.050650596618652,76.61604309082031,12.286437034606934,70.02723693847656,11.081591844558716,249.2141876220703,9.372734546661375,256.37994384765625,11.156068444252014,260.2012634277344,23.173211336135864,101.52851104736328,22.50062131881714,77.9177474975586,20.748241305351257,89.43640899658203,3,14.823961522844103,23.173211336135864,140.27548133002387
g_002_000,3.3125,-76.5975,10.926032543182371,57.58725738525391,7.862729072570801,53.971290588378906,9.232748985290527,54.63687133789063,7.437930107116699,200.5816650390625,6.972120761871338,206.51531982421875,7.919790267944336,209.533203125,30.23570442199707,94.59124755859376,27.43943038582801,74.79981994628906,22.82499313354492,83.1738052368164,2,14.53905329770512,30.23570442199707,115.04338667127821
g_002_001,3.3125,-76.5925,9.615764141082764,56.15497589111328,7.645084381103516,52.59498977661133,8.653059482574463,53.708251953125,3.346163511276245,196.3879852294922,3.0740556716918945,202.19595336914065,4.0472941398620605,205.1502227783203,34.9963458776474,93.77479553222656,32.528031796216965,74.4217300415039,28.900261878967285,82.44375610351562,2,14.756228986713621,34.9963458776474,112.98140674167209
g_002_002,3.3125,-76.58749999999999,8.856488227844238,54.791236877441406,7.871537685394287,51.28449630737305,8.917035102844238,52.82516479492188,1.252800703048706,192.4481658935547,1.1182799339294434,198.13790893554688,2.146148681640625,201.03233337402344,36.754263043403625,92.99404907226562,34.38002133369446,74.0601806640625,31.694858074188232,81.7456283569336,2,14.776825865109762,36.754263043403625,111.035462697347
g_002_003,3.3125,-76.5825,8.484721660614014,53.50334167480469,8.01503324508667,50.04682159423828,9.136435508728027,51.99225997924805,0.1683669090270996,188.7705535888672,0.2213256359100341,194.34976196289065,1.2219102382659912,197.188232421875,37.31611078977585,92.25273895263672,34.94365109503269,73.71681213378906,32.82079219818115,81.0827865600586,2,14.703149697846836,37.31611078977585,109.21147876315646
g_002_004,3.3125,-76.5775,8.410542488098145,52.299198150634766,7.984341144561768,48.88957214355469,9.140249252319336,51.214542388916016,2.8832950592041016,185.3624725341797,3.603747367858887,190.839096069336,0.8746049404144287,193.6255645751953,37.24487262964249,91.55491638183594,34.981028854846954,73.3934097290039,32.959534645080566,80.45887756347656,2,15.342468486891853,37.24487262964249,107.51529439290364
g_002_005,3.3125,-76.57249999999999,8.462058067321777,51.18725204467773,7.8668317794799805,47.82087707519531,9.02073860168457,50.49732208251953,2.9235916137695312,182.23008728027344,3.7438173294067374,187.61219787597656,0.8862786293029785,190.3507537841797,36.95605182647705,90.9049301147461,34.78623208403587,73.09185028076172,32.636301040649414,79.8778305053711,2,15.253544552458656,36.95605182647705,105.95256678263347
g_002_006,3.3125,-76.5675,8.447054862976074,50.17637634277344,7.774215221405029,46.849266052246094,8.9166898727417,49.84614562988281,3.154305458068848,179.3782196044922,0.048274278640747,184.6740264892578,1.05287504196167,187.36883544921875,36.96626496315002,90.3073272705078,34.78555826842785,72.81413269042969,32.52638626098633,79.34375762939453,2,14.852402692039808,36.96626496315002,104.52867635091145
g_002_007,3.3125,-76.5625,8.322672843933105,49.275665283203125,7.777445793151855,45.98349380493164,8.912623405456543,49.26667404174805,3.1063385009765625,176.81028747558594,3.789576530456543,182.02813720703125,0.9365801811218262,184.6833953857422,37.32956469058991,89.76673126220703,34.93949697166681,72.56224822998047,32.85061597824097,78.86083221435547,2,15.329434988399347,37.32956469058991,103.24860721164279
g_002_008,3.3125,-76.55749999999999,8.106711387634277,48.49418258666992,7.874507427215576,45.23229217529297,9.04662561416626,48.76451110839844,2.780231475830078,174.5283660888672,3.4780502319335938,179.6766357421875,0.6200413703918457,182.29656982421875,37.83474409580231,89.28768920898438,35.25935071706772,72.33817291259766,33.503304958343506,78.43316650390625,2,15.389285253153908,37.83474409580231,102.11684290568034
g_002_009,3.3125,-76.5525,7.898703575134277,47.840633392333984,7.984419345855713,44.60403060913086,9.235857009887695,48.345008850097656,2.478907585144043,172.5332489013672,3.241097450256348,177.6203155517578,0.3334498405456543,180.20916748046875,38.18926382064819,88.87440490722656,35.50003659538925,72.14373779296875,34.09059524536133,78.06459045410156,2,15.4391478298025,38.18926382064819,101.13723754882812
g_002_010,3.3125,-76.5475,7.786147594451904,47.32295608520508,8.075850009918213,44.10636520385742,9.337082862854004,48.01302719116211,2.245981216430664,170.82461547851562,3.1100339889526367,175.85885620117188,0.0979161262512207,178.4208984375,38.21080052852631,88.5305404663086,35.508905578404665,71.98052978515625,34.35316276550293,77.75840759277344,2,15.413986741254726,38.21080052852631,100.31291071573894
g_002_011,3.3125,-76.54249999999999,7.819211483001709,46.94791793823242,8.07046127319336,43.74581527709961,9.26280641555786,47.77269744873047,2.086043357849121,169.4014129638672,3.106378555297852,174.39114379882812,3.263479232788086,176.9306182861328,37.933390736579895,88.25890350341797,35.25699540227652,71.84980010986328,34.18624544143677,77.5171890258789,2,15.665001321997908,37.933390736579895,99.6461664835612
g_002_012,3.3125,-76.5375,8.01728630065918,46.7207145690918,8.024012565612793,43.527381896972656,9.017043590545654,47.627174377441406,2.0158510208129883,168.26205444335938,3.3009090423583984,173.21556091308594,3.1906566619873047,175.73672485351562,37.22849714756012,88.06122589111328,34.67193755507469,71.75231170654297,33.47323417663574,77.34248352050781,2,15.43771422902743,37.22849714756012,99.13840357462566
g_002_013,3.3125,-76.5325,8.260047435760498,46.64460754394531,7.94304084777832,43.4542121887207,8.673773765563965,47.57844161987305,2.077001571655273,167.40493774414062,3.570752143859864,172.33042907714844,3.1824092864990234,174.83749389648438,36.2672905921936,87.9379653930664,33.799477219581604,71.68833923339844,32.35800576210022,77.2347183227539,2,15.12575540277693,36.2672905921936,98.79012722439236
g_002_014,3.3125,-76.5275,8.497108459472656,46.7207145690918,7.877046585083008,43.527381896972656,8.364231586456299,47.627174377441406,2.26595401763916,166.82867431640625,3.849174499511719,171.7342987060547,3.2632436752319336,174.2315216064453,35.22603678703308,87.8882064819336,32.81227535009384,71.65756225585938,31.054399728775024,77.19304656982422,2,14.801052298810747,35.22603678703308,98.60095342000325
g_002_015,3.3125,-76.5225,8.722385883331299,46.94791793823242,7.802534103393555,43.74581527709961,8.199341297149658,47.77269744873047,2.580699920654297,166.53245544433594,4.149822235107422,171.4263458251953,0.062406301498413,173.91798400878906,34.32078301906586,87.90972900390625,31.94817769527436,71.65910339355469,29.87910199165344,77.2154312133789,2,14.185028049680922,34.32078301906586,98.56971995035808
g_002_016,3.3125,-76.5175,9.009397029876707,47.32295608520508,7.803069591522217,44.10636520385742,8.1461820602417,48.01302719116211,3.0354156494140625,166.5162811279297,0.0725412368774414,171.40655517578125,0.3323032855987549,173.89688110351562,32.94814121723175,87.9991226196289,30.77770859003067,71.69160461425781,28.32412624359131,77.29878234863281,2,13.383209433820513,32.94814121723175,98.6946194966634
g_002_017,3.3125,-76.5125,9.484487533569336,47.840633392333984,7.846677303314209,44.60403060913086,8.292532920837402,48.345008850097656,0.281841516494751,166.781005859375,0.6585078239440918,171.67576599121094,0.6776180267333984,174.16912841796875,30.66480541229248,88.15208435058594,28.84397113323212,71.75330352783203,25.90553879737854,77.43915557861328,2,12.51733116308848,30.66480541229248,98.97334628634982
g_002_018,3.3125,-76.5075,10.027902603149414,48.49418258666992,7.944753170013428,45.23229217529297,8.678918361663818,48.76451110839844,1.097597599029541,167.3283233642578,1.1842851638793943,172.2357177734375,1.1758482456207275,174.7365264892578,28.292468309402462,88.36372375488281,26.64384526014328,71.8421859741211,23.36708617210388,77.6321029663086,2,12.045856098333994,28.292468309402462,99.4032851325141
g_002_019,3.3125,-76.5025,10.337260246276855,49.275665283203125,7.997794151306152,45.98349380493164,8.948629379272461,49.26667404174805,1.9536142349243164,168.16055297851562,1.6600728034973145,173.08880615234375,1.849737882614136,175.6015625,27.282647728919983,88.62890625,25.59308588504792,71.95611572265625,22.25945210456848,77.87294006347656,2,11.98692160182529,27.282647728919983,99.98163519965277
g_002_020,3.3125,-76.4975,10.202643394470217,50.17637634277344,7.8606276512146,46.849266052246094,8.758825302124023,49.84614562988281,2.400562524795532,169.2804412841797,1.825940608978272,174.23780822753906,2.3733575344085693,176.76708984375,28.67652118206024,88.94253540039062,26.73134237527848,72.09297180175781,23.526225328445435,78.15704345703125,2,12.484005100197262,28.67652118206024,100.7055197821723
g_002_021,3.3125,-76.49249999999999,9.86094856262207,51.18725204467773,7.73569393157959,47.82087707519531,8.434052467346191,50.49732208251953,2.204753398895264,170.690673828125,1.613804817199707,175.6855010986328,2.356653928756714,178.23602294921875,30.912639141082764,89.29985809326172,28.79437792301178,72.250732421875,25.84458327293396,78.48008728027344,2,13.084167493714226,30.912639141082764,101.57203631930881
g_002_022,3.3125,-76.4875,9.647147178649902,52.299198150634766,7.80829381942749,48.88957214355469,8.35754108428955,51.214542388916016,1.6903502941131592,172.3936004638672,1.3139324188232422,177.43426513671875,2.028361558914185,180.01080322265625,32.21785235404968,89.69657135009766,30.21808993816376,72.42755889892578,27.54927694797516,78.83818054199219,2,13.42564951048957,32.21785235404968,102.57825469970703
g_002_023,3.3125,-76.4825,9.796491146087646,53.50334167480469,7.899606227874756,50.04682159423828,8.455057144165039,51.99225997924805,1.301142692565918,174.3907470703125,1.1054620742797852,179.48565673828125,1.7118816375732422,182.09310913085932,31.838053226470947,90.12899780273438,30.064242601394653,72.62186431884766,27.47653365135193,79.22798156738281,2,13.294274489084879,31.838053226470947,103.72119776407878
g_002_024,3.3125,-76.47749999999999,10.163936614990234,54.791236877441406,7.9586663246154785,51.28449630737305,8.70041275024414,52.82516479492188,1.367530345916748,176.68252563476562,1.1850090026855469,181.8401031494141,1.6509549617767334,184.48336791992188,30.31315803527832,90.59406280517578,28.76686382293701,72.832275390625,26.01690113544464,79.64671325683594,2,12.90260366598765,30.31315803527832,104.99777179294162
g_002_025,3.3125,-76.4725,10.626171588897703,56.15497589111328,8.088735580444336,52.59498977661133,9.095642566680908,53.708251953125,2.0962629318237305,179.26795959472656,1.5750036239624023,184.49655151367188,2.1908118724823,187.18063354492188,28.73181295394897,91.0893096923828,27.27826142311096,73.05770111083984,24.419087171554565,80.0921630859375,2,12.67797663476732,28.73181295394897,106.40472624037001
g_002_026,3.3125,-76.4675,10.965881824493408,57.58725738525391,8.266698837280273,53.971290588378906,9.47125244140625,54.63687133789063,3.2061712741851807,182.1445159912109,2.27323055267334,187.452377319336,3.180625915527344,190.1822509765625,27.8071928024292,91.61282348632812,26.319936156272888,73.2972412109375,23.46003794670105,80.56261444091797,2,12.772336416774326,27.8071928024292,107.93858252631293
g_002_027,3.3125,-76.46249999999999,11.09869623184204,59.08142852783203,8.384868621826172,55.4069938659668,9.71254539489746,55.60676574707031,3.957275390625,185.3080139160156,2.844857692718506,190.7032928466797,3.959925413131714,193.48390197753903,27.54565453529358,92.1631851196289,25.998327493667603,73.55020141601562,23.1838727593422,81.05679321289062,2,12.965113725927141,27.54565453529358,109.59561962551541
g_002_028,3.3125,-76.4575,11.135335445404053,60.6314582824707,8.509788513183594,56.89632034301758,9.82865285873413,56.61405563354492,4.311391592025757,188.7527313232422,3.147618293762207,194.24337768554688,4.227520704269409,197.07958984375,27.486252784729004,92.73934936523438,25.88808166980744,73.8160629272461,23.1974458694458,81.57378387451172,2,13.081343081262377,27.486252784729004,111.37185880872939
g_002_029,3.3125,-76.4525,11.188791751861572,62.23193740844727,8.659833908081055,58.43406295776367,9.907402515411375,57.655235290527344,4.2856292724609375,192.4714813232422,3.147334098815918,198.0652008056641,4.141286611557007,200.9618377685547,27.404895305633545,93.34059143066406,25.81496286392212,74.09440612792969,23.29282987117768,82.11293029785156,2,13.093662910991245,27.404895305633545,113.26307593451605
g_002_030,3.3125,-76.44749999999999,11.212621688842772,63.87801361083984,8.712730407714844,60.015567779541016,9.95127534866333,58.72715759277344,4.164486169815064,196.455810546875,3.0510382652282715,202.1600646972656,3.986734390258789,205.1217498779297,27.49810147285461,93.96637725830078,25.875004053115845,74.38491821289062,23.477457240223885,82.67378997802734,2,13.103272115190824,27.49810147285461,115.26482772827148
g_002_031,3.3125,-76.4425,11.139386653900146,65.56537628173828,8.67160940170288,61.63668823242188,9.86255931854248,59.82699203491211,4.1661787033081055,200.6961975097656,3.0549802780151367,206.5181427001953,4.034533739089966,209.5493927001953,28.26210904121399,94.6163330078125,26.58782720565796,74.68734741210938,24.29779038578272,83.25603485107422,2,13.341886080801487,28.26210904121399,117.3725005255805
g_002_032,3.3125,-76.4375,10.932756900787354,67.29016876220703,8.53316068649292,63.29374313354492,9.583013534545898,60.95221710205078,4.177686452865601,205.1823883056641,3.084090232849121,211.1288604736328,4.147702932357788,214.23399353027344,29.785778045654297,95.29016876220705,28.00891923904419,75.00146484375,25.8416724652052,83.85942077636719,2,13.788308943311373,29.785778045654297,119.58138063218858
g_002_033,3.3125,-76.43249999999999,10.64851212501526,69.04899597167969,8.370266914367676,64.98344421386719,9.231744766235352,62.10058975219727,3.9759583473205566,209.9035186767578,2.9588894844055176,215.9810333251953,4.175889015197754,219.16416931152344,32.05037784576416,95.98760223388672,30.20590901374817,75.32706451416016,28.2096663415432,84.48371887207031,2,14.42524598373307,32.05037784576416,121.8866818745931
g_002_034,3.3125,-76.4275,10.299241065979004,70.83881378173828,8.28722333908081,66.7029037475586,9.025376796722412,63.27009201049805,3.648899555206299,214.8484344482422,2.68022084236145,221.06317138671875,4.112707138061523,224.32823181152344,34.4839506149292,96.70836639404295,32.662017583847046,75.66395568847656,31.001414120197296,85.12870788574219,2,15.133450117376116,34.4839506149292,124.283630794949
g_002_035,3.3125,-76.4225,10.002115488052368,72.65693664550781,8.384912014007568,68.44952392578125,9.097261428833008,64.45894622802734,3.3106517791748047,220.00592041015625,2.365081310272217,226.3637084960937,3.898061513900757,229.71438598632807,35.84258437156677,97.4521484375,34.17210507392883,76.01191711425781,32.831711769104004,85.79412841796875,2,15.544942749871147,35.84258437156677,126.76751285129123
g_002_036,3.3125,-76.41749999999999,10.052772521972656,74.50098419189453,8.5010404586792,70.22103118896484,9.205023765563965,65.66555786132812,3.1053545475006104,225.3647918701172,2.310229778289795,231.87115478515625,3.799197673797608,235.31088256835932,35.69197225570679,98.2186050415039,34.21581530570984,76.37071990966797,32.97038495540619,86.47968292236328,2,15.539087918069628,35.69197225570679,129.33371225992838
g_002_037,3.3125,-76.4125,10.47803235054016,76.36883544921875,8.644158363342285,72.015380859375,9.392435550689695,66.88850402832031,3.6037580966949454,230.9141082763672,2.9188804626464844,237.57421875,4.173509120941162,241.10626220703125,33.76429390907288,99.00732421875,32.543500900268555,76.74011993408203,31.015225410461422,87.18501281738281,2,15.170421573850843,33.76429390907288,131.97775183783637
g_002_038,3.3125,-76.4075,11.39247465133667,78.25859832763672,9.022178649902344,73.83077239990234,10.132312774658203,68.12651824951172,5.113044738769531,236.643295288086,4.258005142211914,243.46202087402344,5.342918515205383,247.0894012451172,29.668240070343018,99.81784057617188,28.728577136993408,77.1198501586914,26.732581734657288,87.90972137451172,2,14.487814823786417,29.668240070343018,134.6953353881836
g_002_039,3.3125,-76.4025,12.721825361251833,80.16858673095703,9.672083377838137,75.66558837890625,11.642446517944336,69.37846374511719,8.815757036209106,242.54217529296875,7.276248216629028,249.5240936279297,8.880007863044739,253.2496337890625,24.94114112854004,100.64962768554688,24.17696714401245,77.5096206665039,22.16878116130829,88.65335083007812,3,14.477250867419773,24.94114112854004,137.4823489718967
g_003_000,3.3175,-76.5975,10.605350971221924,56.15497589111328,7.574678421020508,52.59498977661133,8.800977230072021,53.708251953125,6.359922170639038,193.16070556640625,5.83198881149292,198.87820434570312,6.997477769851685,201.7843780517578,32.07078313827515,93.7321548461914,29.048672676086422,74.40135955810547,24.552839279174805,82.40715026855469,2,14.649187829759386,32.07078313827515,111.86913002861871
g_003_001,3.3175,-76.5925,9.31153917312622,54.670406341552734,7.567287445068359,51.16838073730469,8.614872455596924,52.746978759765625,2.4538440704345703,188.8494873046875,2.0893917083740234,194.4379119873047,3.3872172832489014,197.2787628173828,35.95642191171646,92.88816833496094,33.45560120046139,74.01105499267578,30.22189474105835,81.65230560302734,2,14.784229998787245,35.95642191171646,109.74482854207356
g_003_002,3.3175,-76.58749999999999,8.584922790527344,53.2530403137207,7.810998439788818,49.8062744140625,8.973699569702148,51.83051300048828,0.6264331340789795,184.7978363037109,0.4004473686218261,190.2648468017578,1.7687063217163086,193.0442047119141,37.324738681316376,92.07882690429688,34.8221331089735,73.6368637084961,32.58367681503296,80.92841339111328,2,14.766195136639807,37.324738681316376,107.73786883884006
g_003_003,3.3175,-76.5825,8.22515869140625,51.910640716552734,7.937800407409668,48.5161361694336,9.184637546539308,50.963809967041016,2.677384376525879,181.01515197753903,3.072052001953125,186.36865234375,0.953866481781006,189.0904998779297,37.77991962432861,91.30809020996094,35.164975702762604,73.280517578125,33.48713779449463,80.23902893066406,2,15.386992514133453,37.77991962432861,105.85472530788846
g_003_004,3.3175,-76.5775,8.149479389190674,50.65175628662109,7.9002580642700195,47.30618667602539,9.180432796478271,50.15226364135742,2.3546066284179688,177.50970458984375,2.904385566711426,182.75784301757807,0.641237735748291,185.42628479003903,37.72590661048889,90.58033752441406,35.17494137585163,72.94393157958984,33.58702754974365,79.58811950683594,2,15.290919524100092,37.72590661048889,104.10182529025606
g_003_005,3.3175,-76.57249999999999,8.181706428527832,49.485652923583984,7.772417068481445,46.185340881347656,9.077892780303957,49.40170669555664,2.391620635986328,174.2883758544922,3.003432273864746,179.4394989013672,0.661848783493042,182.0587310791016,37.56922334432602,89.9003677368164,35.10285943746567,72.62919616699219,33.40923261642456,78.97999572753906,2,15.241137040985954,37.56922334432602,102.48542955186632
g_003_006,3.3175,-76.5675,8.121503829956055,48.42221450805664,7.725682258605957,45.16310501098633,9.016124725341797,48.71829605102539,2.56475830078125,171.3565216064453,3.103479385375977,176.4191436767578,0.7539839744567871,178.99343872070312,37.72718036174774,89.27330017089844,35.19739234447479,72.33853149414062,33.47705841064453,78.41930389404297,2,15.298573732376099,37.72718036174774,101.01153945922852
g_003_007,3.3175,-76.5625,7.92379903793335,47.47172546386719,7.775524616241455,44.24938583374024,9.07445478439331,48.10840606689453,2.438875198364258,168.7178497314453,2.9292116165161133,173.70054626464844,0.5990302562713623,176.2342529296875,38.14942020177841,88.70446014404297,35.35486960411072,72.07423400878906,33.88113355636597,77.91084289550781,2,15.347368763552772,38.14942020177841,99.68574481540256
g_003_008,3.3175,-76.55749999999999,7.634632587432861,46.64460754394531,7.903472900390625,43.4542121887207,9.258914947509766,47.57844161987305,2.1524105072021484,166.37435913085938,2.653262138366699,171.2858123779297,0.3213798999786377,173.7832794189453,38.6805362701416,88.19917297363281,35.616163700819016,71.8386001586914,34.572083950042725,77.45946502685547,2,15.421428544653786,38.6805362701416,98.51310560438368
g_003_009,3.3175,-76.5525,7.388967990875244,45.95099258422852,8.03283166885376,42.78734588623047,9.47613525390625,47.13460922241211,1.8893136978149407,164.32650756835938,2.431511878967285,169.1753692626953,0.0453276634216308,171.64100646972656,38.97111785411835,87.76253509521484,35.73825842142105,71.63381958007812,35.08881235122681,77.06978607177734,2,15.451364086733925,38.97111785411835,97.49799686008029
g_003_010,3.3175,-76.5475,7.290242195129394,45.40026473999024,8.09604787826538,42.25783157348633,9.563107967376707,46.78261566162109,1.6547775268554688,162.57345581054688,2.2761268615722656,167.36834716796875,3.0636768341064453,169.80650329589844,38.96668207645416,87.39904022216797,35.67326690256596,71.46184539794922,35.291640281677246,76.74590301513672,2,15.763952058222559,38.96668207645416,96.64397854275174
g_003_011,3.3175,-76.54249999999999,7.329482078552246,45.00052261352539,8.062257766723633,41.87347030639648,9.50611686706543,46.5273551940918,1.5447206497192385,161.11331176757812,2.321476936340332,165.86279296875,2.976226806640625,168.27783203125,38.78688192367554,87.11226654052734,35.555557791143656,71.32422637939453,35.239022731781006,76.4910659790039,2,15.702415950182411,38.78688192367554,95.9536493089464
g_003_012,3.3175,-76.5375,7.513988971710205,44.75802230834961,8.031128883361816,41.64029312133789,9.2974591255188,46.37260055541992,1.5063276290893557,159.9436798095703,2.48624324798584,164.65623474121094,2.9314422607421875,167.052490234375,38.3303644657135,86.90448760986328,35.233981385827065,71.22199249267578,34.8090615272522,76.30734252929688,2,15.57111083302233,38.3303644657135,95.42857148912218
g_003_013,3.3175,-76.5325,7.73587703704834,44.67673873901367,7.95978832244873,41.562129974365234,8.955716609954834,46.32074737548828,1.47186279296875,159.0620880126953,2.6930065155029297,163.74612426757812,2.898625373840332,166.12789916992188,37.66567838191986,86.77644348144531,34.674519166350365,71.15550231933594,34.08582830429077,76.19540405273438,2,15.348989167147213,37.66567838191986,95.06923082139757
g_003_014,3.3175,-76.5275,7.992558002471924,44.75802230834961,7.868178367614746,41.64029312133789,8.581716060638428,46.37260055541992,1.5383644104003906,158.46646118164062,2.915321350097656,163.13027954101562,2.9216766357421875,165.50189208984375,36.84161341190338,86.7271499633789,33.97001466155052,71.12442016601562,33.13958501815796,76.15435028076172,2,15.085447546508577,36.84161341190338,94.87505213419597
g_003_015,3.3175,-76.5225,8.224905967712402,45.00052261352539,7.771184921264648,41.87347030639648,8.304086685180664,46.5273551940918,1.6519794464111328,158.15554809570312,3.1079301834106445,162.80743408203125,2.9595117568969727,165.17318725585938,36.09810602664948,86.75395965576172,33.22925254702568,71.12771606445312,32.10830092430115,76.1817626953125,2,14.82836205098364,36.09810602664948,94.84455066257053
g_003_016,3.3175,-76.5175,8.468841552734375,45.40026473999024,7.722967624664307,42.25783157348633,8.110019207000732,46.78261566162109,1.9080486297607424,158.12918090820312,3.431357383728028,162.7773895263672,3.099057197570801,165.14163208007812,35.20553934574127,86.85277557373047,32.437718003988266,71.16374969482422,30.96560788154602,76.27388763427734,2,14.59435075852606,35.20553934574127,94.97548082139757
g_003_017,3.3175,-76.5125,8.843908786773682,45.95099258422852,7.744482517242432,42.78734588623047,8.030734062194824,47.13460922241211,2.294839859008789,158.38844299316406,3.918410301208496,163.04122924804688,3.2444419860839844,165.40838623046875,33.65957355499268,87.01838684082031,31.15682554244995,71.23040008544922,29.2254958152771,76.42597961425781,2,14.235412491692436,33.65957355499268,95.2650858561198
g_003_018,3.3175,-76.5075,9.26963186264038,46.64460754394531,7.752674102783203,43.4542121887207,8.121474266052246,47.57844161987305,2.7277088165283203,158.9355926513672,4.3460893630981445,163.6012725830078,0.0938832759857177,165.97581481933594,31.669108390808105,87.24492645263672,29.415745854377747,71.32524871826172,27.03759527206421,76.6326675415039,2,13.381545689370897,31.669108390808105,95.71030934651692
g_003_019,3.3175,-76.5025,9.532590389251707,47.47172546386719,7.744414806365967,44.24938583374024,8.232663631439209,48.10840606689453,3.139071464538574,159.77377319335938,0.0650858879089355,164.4607696533203,0.3399503231048584,166.8472900390625,30.690502285957336,87.52630615234375,28.479806125164032,71.44578552246094,25.877751350402832,76.8884048461914,2,12.677981807125938,30.690502285957336,96.30798297458225
g_003_020,3.3175,-76.4975,9.4529447555542,48.42221450805664,7.63250732421875,45.16310501098633,8.071579933166504,48.71829605102539,0.2198119163513183,160.90676879882812,0.0853071212768554,165.62356567382812,0.7525582313537598,168.02676391601562,32.01735723018646,87.85661315917969,29.62381166219712,71.58953857421875,27.126218795776367,77.18781280517578,2,12.775788552231258,32.01735723018646,97.05496427747939
g_003_021,3.3175,-76.49249999999999,9.251070022583008,49.485652923583984,7.574469566345215,46.185340881347656,8.00206708908081,49.40170669555664,0.2660622596740722,162.33839416503906,4.445170402526856,167.09356689453125,0.9774880409240724,169.51829528808594,33.75529623031616,88.23040771484375,31.34259366989136,71.75421142578125,29.11793684959412,77.52594757080078,2,13.85912823677063,33.75529623031616,97.9481692843967
g_003_022,3.3175,-76.4875,9.189098834991457,50.65175628662109,7.635485649108887,47.30618667602539,8.079317569732666,50.15226364135742,0.1753389835357666,164.07200622558594,4.344635009765625,168.87423706054688,1.029132604598999,171.325439453125,34.627951860427856,88.6429443359375,32.35843586921692,71.9377670288086,30.36780548095703,77.89849090576172,2,14.200800206926134,34.627951860427856,98.98456573486328
g_003_023,3.3175,-76.4825,9.342777252197266,51.910640716552734,7.756864547729492,48.5161361694336,8.218248844146729,50.963809967041016,0.1586380004882812,166.11004638671875,0.0791301727294921,170.96804809570312,1.0701992511749268,173.4507598876953,34.12313890457153,89.0902328491211,32.07866442203522,72.13848876953125,30.092204213142395,78.30184173583984,2,13.65776284535726,34.12313890457153,100.16111161973741
g_003_024,3.3175,-76.47749999999999,9.738266944885254,53.2530403137207,7.833407878875732,49.8062744140625,8.368873596191406,51.83051300048828,0.414851427078247,168.45352172851562,0.4258432388305664,173.37603759765625,1.160078048706055,175.89540100097656,32.4496808052063,89.569091796875,30.646991968154907,72.35496520996094,28.416931867599487,78.73311614990234,2,13.272769530614218,32.4496808052063,101.47466235690646
g_003_025,3.3175,-76.4725,10.315861225128174,54.670406341552734,7.953841209411621,51.16838073730469,8.73396348953247,52.746978759765625,1.0683629512786863,171.10171508789062,0.8763284683227539,176.09744262695312,1.5118825435638428,178.6586456298828,30.15950107574463,90.07706451416016,28.536430954933167,72.58607482910156,25.98276996612549,79.19010162353516,2,12.793215764893425,30.15950107574463,102.92186779446072
g_003_026,3.3175,-76.4675,10.778364658355711,56.15497589111328,8.162166595458984,52.59498977661133,9.180394649505615,53.708251953125,2.099482774734497,174.0520477294922,1.4682559967041016,179.1295928955078,2.270703315734864,181.73782348632807,28.486265420913696,90.6123504638672,26.874508023262024,72.83096313476562,24.16394716501236,79.67119598388672,2,12.609343177742428,28.486265420913696,104.4991323682997
g_003_027,3.3175,-76.46249999999999,10.94777536392212,57.699745178222656,8.339741706848145,54.079376220703125,9.484416484832764,54.7098503112793,2.9366466999053955,177.29995727539062,2.036540985107422,182.46774291992188,3.0135018825531006,185.128158569336,28.02409315109253,91.17367553710938,26.283793687820435,73.08899688720703,23.654825806617737,80.17526245117188,2,12.746815085411072,28.02409315109253,106.20252948337131
g_003_028,3.3175,-76.4575,10.90406322479248,59.29846954345703,8.40451955795288,55.61553955078125,9.50672483444214,55.747745513916016,3.17256236076355,180.83897399902344,2.168266773223877,186.1052703857422,3.246110200881958,188.8229522705078,28.340851068496704,91.7602081298828,26.407405614852905,73.35972595214844,23.997026920318604,80.7015609741211,2,12.905281172858345,28.340851068496704,108.02782736884222
g_003_029,3.3175,-76.4525,10.893389701843262,60.945594787597656,8.483909606933594,57.19814682006836,9.50081729888916,56.81832885742188,3.0534474849700928,184.66098022460932,2.143097400665283,190.0337371826172,3.1443400382995605,192.8136749267578,28.66747736930847,92.37141418457033,26.709126949310303,73.64281463623047,24.488724499940872,81.2496337890625,2,13.009370038906733,28.66747736930847,109.97048060099284
g_003_030,3.3175,-76.44749999999999,10.860317707061768,62.63621520996094,8.55337381362915,58.82248306274414,9.49363899230957,57.91840362548828,2.79878044128418,188.75636291503903,1.9499378204345703,194.2432861328125,2.857673406600952,197.0902862548828,28.922587394714355,93.0069580078125,26.97279644012451,73.9380111694336,24.867299489676952,81.8192138671875,2,13.030711722870668,28.922587394714355,112.02569113837347
g_003_031,3.3175,-76.4425,10.722082614898682,64.3659896850586,8.467563152313232,60.48439407348633,9.339677810668944,59.04512023925781,2.638657331466675,193.1143951416016,1.8012795448303225,198.72283935546875,2.7833597660064697,201.6415405273437,30.01975679397583,93.66664123535156,27.94604015350341,74.2451400756836,25.97170613706112,82.41012573242188,2,13.298902589413855,30.01975679397583,114.1884651184082
g_003_032,3.3175,-76.4375,10.447329998016356,66.13111114501953,8.286663055419922,62.180213928222656,9.025881290435793,60.19596481323242,2.625740528106689,197.7235107421875,1.7891278266906738,203.46044921875,2.939275026321411,206.455307006836,32.21511149406433,94.3502960205078,29.98886656761169,74.56401824951172,28.244733184576035,83.02225494384766,2,13.9514143301381,32.21511149406433,116.45368067423503
g_003_033,3.3175,-76.43249999999999,10.13845920562744,67.92821502685547,8.191481113433838,63.90671920776367,8.805539608001709,61.36870574951172,2.522280216217041,202.5716094970703,1.642768383026123,208.4436798095703,3.0742650032043457,211.51889038085932,34.60022449493408,95.05776977539062,32.4112913608551,74.89449310302734,31.017417907714844,83.65548706054688,2,14.711525254779392,34.60022449493408,118.8161744011773
g_003_034,3.3175,-76.4275,9.846045970916748,69.75434875488281,8.239834785461426,65.66107940673828,8.891605377197266,62.56137847900391,2.335010766983032,207.6463165283203,1.440918207168579,213.65977478027344,3.089730739593506,216.8193206787109,36.49869704246521,95.78887176513672,34.49771690368652,75.23638916015625,33.48396384716034,84.30965423583984,2,15.369280404514736,36.49869704246521,121.27079264322917
g_003_035,3.3175,-76.4225,9.694374084472656,71.60690307617188,8.349787712097168,67.44078826904297,9.07948112487793,63.772239685058594,2.210212469100952,212.935302734375,1.310532808303833,219.09600830078125,3.1257853507995605,222.3436279296875,37.32532906532288,96.54332733154295,35.47894072532654,75.5895004272461,34.76333582401276,84.98455810546875,2,15.704197684923807,37.32532906532288,123.81247287326389
g_003_036,3.3175,-76.41749999999999,9.827543020248411,73.48358154296875,8.452081680297852,69.24365234375,9.170825481414797,64.99974822998047,2.37567138671875,218.4263916015625,1.592787742614746,224.7398834228516,3.372656226158142,228.0790252685547,36.80825328826904,97.32080841064452,35.201645374298096,75.95360565185547,34.43177843093872,85.67990112304688,2,15.692582514550951,36.80825328826904,126.43628862169054
g_003_037,3.3175,-76.4125,10.339799404144289,75.38235473632812,8.540024757385254,71.0677261352539,9.271756172180176,66.2425308227539,3.1234054565429688,224.10775756835932,2.458840847015381,230.5791931152344,4.032891154289246,234.0131225585937,34.8680260181427,98.12090301513672,33.4314227104187,76.32845306396484,32.248242259025574,86.39533233642578,2,15.368267642127144,34.8680260181427,129.13748592800565
g_003_038,3.3175,-76.4075,11.302899599075316,77.30144500732422,8.853126049041748,72.91129302978516,9.949591159820557,67.49938201904297,4.853050708770752,229.96807861328125,4.041033744812012,236.602294921875,5.364745259284973,240.13400268554688,30.64919877052307,98.943115234375,29.50744938850403,76.71376037597656,27.65080213546753,87.13043212890625,2,14.68576631281111,30.64919877052307,131.91153377956815
g_003_039,3.3175,-76.4025,12.708122968673706,79.23924255371094,9.581751346588137,74.7728271484375,11.512327671051024,68.76922607421875,8.648201823234558,235.9965667724609,7.205910921096802,242.79806518554688,8.856813073158264,246.43032836914065,25.44063186645508,99.78690338134766,24.576675415039062,77.1092300415039,22.573283195495605,87.88472747802734,3,14.567079808976915,25.44063186645508,134.7541241115994
g_004_000,3.3225,-76.5975,10.512178421020508,54.791236877441406,7.473238468170166,51.28449630737305,8.657506942749023,52.82516479492188,6.079759359359741,185.8360748291016,5.5475990772247314,191.33990478515625,6.76376485824585,194.1358184814453,32.384728729724884,92.9075698852539,29.31047958135605,74.01862335205078,24.84186601638794,81.67141723632812,2,14.619013494915432,32.384728729724884,108.7567007276747
g_004_001,3.3225,-76.5925,9.270047187805176,53.2530403137207,7.4806227684021,49.8062744140625,8.547347068786621,51.83051300048828,2.30530333518982,181.39971923828125,1.9959945678710933,186.77085876464844,3.306143522262573,189.49961853027344,35.8849293589592,92.03534698486328,33.423340275883675,73.61582946777344,30.187344551086422,80.89112854003906,2,14.711230292916298,35.8849293589592,106.56692547268338
g_004_002,3.3225,-76.58749999999999,8.593822956085205,51.78019332885742,7.691921234130859,48.39076232910156,8.882453918457031,50.87965774536133,0.6428062915802002,177.22882080078125,0.4887926578521728,182.47511291503903,1.8266944885253904,185.14064025878903,37.09192109107971,91.19637298583984,34.69029334187508,73.22856140136719,32.33706760406494,80.14051055908203,2,14.693974842627844,37.09192109107971,104.49562581380208
g_004_003,3.3225,-76.5825,8.277894973754883,50.38090515136719,7.765634536743164,47.04585647583008,9.033207893371582,49.97782897949219,2.7082996368408203,173.33401489257812,3.108976364135742,178.46360778808594,1.1128461360931396,181.06997680664065,37.47844207286835,90.3947982788086,34.9963818192482,72.85865020751953,33.125675678253174,79.42328643798828,2,15.289706567923227,37.47844207286835,102.54988055759006
g_004_004,3.3225,-76.5775,8.219841003417969,49.06435012817383,7.6964945793151855,45.780372619628906,9.030701637268066,49.13083267211914,2.423673629760742,169.72471618652344,2.94404411315918,174.74598693847656,0.8281369209289551,177.29742431640625,37.46507745981216,89.63529968261719,35.001918748021126,72.50814056396484,33.22494459152222,78.74369812011719,2,15.203870298133957,37.46507745981216,100.73675791422527
g_004_005,3.3225,-76.57249999999999,8.176047325134277,47.840633392333984,7.629726886749268,44.60403060913086,8.963324546813965,48.345008850097656,2.472017288208008,166.4087677001953,3.0303497314453125,171.33033752441406,0.8597917556762695,173.83119201660156,37.465948820114136,88.92312622070312,35.02037800848484,72.17931365966797,33.207088470458984,78.10645294189453,2,15.20274142589834,37.465948820114136,99.06320699055989
g_004_006,3.3225,-76.5675,8.02791690826416,46.7207145690918,7.633634567260742,43.527381896972656,8.965631008148193,47.627174377441406,2.536407470703125,163.39219665527344,3.028727531433105,168.22288513183594,0.8434481620788574,170.6775665283203,37.76323485374451,88.26399230957031,35.19844798743725,71.87462615966797,33.45980978012085,77.51673889160156,2,15.273028696576754,37.76323485374451,97.53591961330838
g_004_007,3.3225,-76.5625,7.7494306564331055,45.71620941162109,7.733977317810059,42.56160736083984,9.06999683380127,46.98450469970703,2.30154800415039,160.6790313720703,2.7588605880737305,165.42774963378906,0.5866372585296631,167.8407440185547,38.254037618637085,87.66400909423828,35.389378637075424,71.59671783447266,34.029261112213135,76.98008728027344,2,15.319236447413763,38.254037618637085,96.16118452284071
g_004_008,3.3225,-76.55749999999999,7.427321434020996,44.83908081054688,7.873586654663086,41.71823501586914,9.26085329055786,46.42432022094727,1.940025329589844,158.2712860107422,2.410075187683105,162.94699096679688,0.2419955730438232,165.3228302001953,38.77367401123047,87.12944793701172,35.57381537556648,71.34827423095703,34.742576599121094,76.502197265625,2,15.360435939497417,38.77367401123047,94.94474029541016
g_004_009,3.3225,-76.5525,7.191487312316895,44.10118103027344,7.989274024963379,41.0086784362793,9.445290088653564,45.95382308959961,1.6459970474243164,156.1690216064453,2.133152961730957,160.78067016601562,3.05936050415039,163.12387084960938,39.02334117889404,86.66645812988281,35.579950638115406,71.13191223144531,35.1949028968811,76.08866119384766,2,15.695861850347784,39.02334117889404,93.89158630371094
g_004_010,3.3225,-76.5475,7.09930419921875,43.51364135742188,8.028489589691162,40.44367218017578,9.54007053375244,45.579734802246094,1.4201107025146484,154.37059020996094,2.044897079467773,158.92710876464844,2.924449920654297,161.24217224121094,39.0371675491333,86.28062438964844,35.54510287940502,70.95004272460938,35.389976024627686,75.74456787109375,2,15.669952053162786,39.0371675491333,93.00579494900174
g_004_011,3.3225,-76.54249999999999,7.115141868591309,43.086204528808594,8.014586925506592,40.03260040283203,9.51065969467163,45.30789566040039,1.369039535522461,152.8731689453125,2.1207809448242188,157.3833465576172,2.896087646484375,159.67474365234375,38.96000266075134,85.97652435302734,35.50232894800138,70.80462646484375,35.40335559844971,75.4740982055664,0,15.654664869200335,38.96000266075134,92.29035653008356
g_004_012,3.3225,-76.5375,7.228009223937988,42.82648468017578,8.017810821533203,39.78282165527344,9.370734691619871,45.142852783203125,1.3712215423583984,151.6731719970703,2.272773742675781,156.14572143554688,2.8680477142333984,158.41787719726562,38.69806468486786,85.75720977783203,35.34816823154688,70.69700622558594,35.16836357116699,75.28003692626953,0,15.593688247104486,38.69806468486786,91.74702029758029
g_004_013,3.3225,-76.5325,7.42823314666748,42.73935317993164,7.983489036560059,39.69902038574219,9.095763206481934,45.08750534057617,1.3408565521240234,150.76702880859375,2.4295339584350586,155.2105255126953,2.835011482238769,157.4678192138672,38.1426956653595,85.62380981445312,34.96681448817253,70.62771606445312,34.650972843170166,75.16341400146484,0,15.430374486578835,38.1426956653595,91.3762435913086
g_004_014,3.3225,-76.5275,7.707180976867676,42.82648468017578,7.873592376708984,39.78282165527344,8.701128482818604,45.142852783203125,1.3324260711669922,150.1516876220703,2.612722396850586,154.57460021972656,2.807671546936035,156.82142639160156,37.31918299198151,85.57527923583984,34.28453889489174,70.59642028808594,33.76551461219788,75.123291015625,0,15.155995372268888,37.31918299198151,91.17720709906683
g_004_015,3.3225,-76.5225,7.993765830993652,43.086204528808594,7.730076313018799,40.03260040283203,8.288389682769775,45.30789566040039,1.352092742919922,149.8252716064453,2.758697509765625,154.23602294921875,2.799358367919922,156.47671508789062,36.42968702316284,85.60845947265625,33.4704963862896,70.60186767578125,32.6537811756134,75.15675354003906,0,14.83070500360595,36.42968702316284,91.14797676934137
g_004_016,3.3225,-76.5175,8.244630813598633,43.51364135742188,7.617525577545166,40.44367218017578,8.008949279785156,45.579734802246094,1.5117578506469729,149.7873992919922,2.9784812927246094,154.19436645507812,2.896084785461426,156.433349609375,35.70119118690491,85.71833801269531,32.711254954338074,70.64205932617188,31.57574391365052,75.25921630859375,0,14.582846628295052,35.70119118690491,91.28575303819444
g_004_017,3.3225,-76.5125,8.537400245666504,44.10118103027344,7.579285621643066,41.0086784362793,7.872307300567627,45.95382308959961,1.7475576400756836,150.03941345214844,3.2765045166015625,154.45098876953125,2.996054649353028,156.69271850585938,34.75237953662872,85.8985366821289,31.85683983564377,70.71440124511719,30.389379262924194,75.42484283447266,0,14.334189845456017,34.75237953662872,91.58717600504558
g_004_018,3.3225,-76.5075,8.854912757873535,44.83908081054688,7.586976051330566,41.71823501586914,7.85449743270874,46.42432022094727,1.985435485839844,150.58425903320312,3.5415143966674805,155.00894165039062,2.997138977050781,157.25796508789062,33.505722999572754,86.1419448852539,30.76484417915344,70.81598663330078,29.01603364944458,75.64713287353516,2,14.011897325515747,33.505722999572754,92.04865180121527
g_004_019,3.3225,-76.5025,9.079715728759766,45.71620941162109,7.558099746704102,42.56160736083984,7.862221717834473,46.98450469970703,2.178346633911133,151.4262237548828,3.6852951049804688,155.8726043701172,3.064516067504883,158.13360595703125,32.871132016181946,86.4413070678711,30.24830007553101,70.9438247680664,28.29540777206421,75.9194564819336,2,13.871448318163553,32.871132016181946,92.66659376356337
g_004_020,3.3225,-76.4975,9.048982620239258,46.7207145690918,7.484491348266602,43.527381896972656,7.833736896514893,47.627174377441406,2.434028625488281,152.57041931152344,3.668049812316896,157.0471954345703,0.2147703170776367,159.3250274658203,33.85117471218109,86.78971862792969,31.195040464401245,71.09503173828125,29.27206039428711,76.23552703857422,2,13.889148354530334,33.85117471218109,93.43757671780057
g_004_021,3.3225,-76.49249999999999,8.986527442932129,47.840633392333984,7.445621967315674,44.60403060913086,7.905041694641113,48.345008850097656,2.540848731994629,154.02207946777344,3.6100454330444336,158.53814697265625,0.4715609550476074,160.83775329589844,34.969706535339355,87.18099975585938,32.463454842567444,71.26700592041016,30.67563009262085,76.58971405029297,2,14.340937521722582,34.969706535339355,94.3583747016059
g_004_022,3.3225,-76.4875,8.979133605957031,49.06435012817383,7.529808521270752,45.780372619628906,8.080158233642578,49.13083267211914,2.727357864379883,155.78594970703125,3.786052703857422,160.35028076171875,0.7471518516540527,162.67678833007812,35.56751036643982,87.60992431640625,33.27843642234802,71.45751190185547,31.59753561019897,76.97726440429688,2,14.699238353305393,35.56751036643982,95.42591942681207
g_004_023,3.3225,-76.4825,9.136056900024414,50.38090515136719,7.65403938293457,47.04585647583008,8.202911376953125,49.97782897949219,2.966501235961914,157.86557006835938,4.174830436706543,162.4872283935547,1.017578125,164.8459014892578,35.15621304512024,88.07225036621094,33.12939536571503,71.66471862792969,31.374786734581,77.39435577392578,2,14.756923622555203,35.15621304512024,96.63717948065863
g_004_024,3.3225,-76.47749999999999,9.482519626617432,51.78019332885742,7.785181999206543,48.39076232910156,8.304054260253906,50.87965774536133,0.3233034610748291,160.26271057128906,0.4009308815002441,164.95079040527344,1.244072675704956,167.34698486328125,33.71280789375305,88.56473541259766,31.913699746131897,71.88717651367188,29.933946013450623,77.8380355834961,2,13.677835173077053,33.71280789375305,97.98900519476996
g_004_025,3.3225,-76.4725,9.99575424194336,53.2530403137207,7.876861095428467,49.8062744140625,8.533190727233887,51.83051300048828,0.9419453144073486,162.97702026367188,0.9171538352966307,167.74061584472656,1.5185067653656006,170.1797332763672,31.304494380950928,89.08501434326172,29.70786738395691,72.12379455566406,27.38559997081757,78.30619812011719,2,13.131263746155632,31.304494380950928,99.47802268134222
g_004_026,3.3225,-76.4675,10.566091537475586,54.791236877441406,8.079077243804932,51.28449630737305,9.007282257080078,52.82516479492188,1.8445193767547607,166.0057830810547,1.4902968406677246,170.8538360595703,2.091650009155273,173.34130859375,29.05617499351501,89.6314697265625,27.52018344402313,72.37378692626953,24.95092415809632,78.79740142822266,2,12.734022206730312,29.05617499351501,101.10049819946289
g_004_027,3.3225,-76.46249999999999,10.834526538848875,56.387508392333984,8.272534847259521,52.81843566894531,9.34337854385376,53.85893630981445,2.5892598628997803,169.34385681152344,1.895359992980957,174.2852020263672,2.652992248535156,176.826416015625,28.26526260375977,90.20308685302734,26.53740584850312,72.6366195678711,24.060939729213715,79.31073760986328,2,12.716851135094961,28.26526260375977,102.85231102837457
g_004_028,3.3225,-76.4575,10.780836582183838,58.03542709350586,8.360146045684814,54.40192794799805,9.348511219024658,54.92766952514648,2.784350633621216,172.9839324951172,1.992387294769287,178.027099609375,2.876583814620972,180.6273803710937,28.73039603233337,90.79928588867188,26.73468422889709,72.91193389892578,24.56158980727196,79.84571838378906,2,12.907720628711912,28.73039603233337,104.72893057929144
g_004_029,3.3225,-76.4525,10.686310291290283,59.7293701171875,8.448883056640625,56.02956771850586,9.288482189178469,56.0276985168457,2.4800257682800293,176.9166259765625,1.796259880065918,182.0699157714844,2.6519808769226074,184.7344207763672,29.26197981834412,91.41979217529295,27.20128107070923,73.19950103759766,25.29212915897369,80.40211486816406,2,13.011925790044996,29.26197981834412,106.72544521755643
g_004_030,3.3225,-76.44749999999999,10.621708393096924,61.46441650390625,8.493570804595947,57.69663238525391,9.242755889892578,57.155799865722656,2.174485206604004,181.1309967041016,1.517014741897583,186.40231323242188,2.351637601852417,189.13604736328125,29.751659154891968,92.06451416015624,27.661561012268063,73.49916076660156,25.886726615950465,80.9798812866211,2,13.077902157894439,29.751659154891968,108.83664025200738
g_004_031,3.3225,-76.4425,10.439602375030518,63.23626708984375,8.349897384643555,59.39900207519531,9.05821180343628,58.30913162231445,2.004763126373291,185.6147918701172,1.2953596115112305,191.0117034912109,2.3012969493865967,193.8194580078125,31.198117971420288,92.7334442138672,28.916065216064453,73.81079864501953,27.312732979655262,81.57902526855469,2,13.430671935280165,31.198117971420288,111.0570691426595
g_004_032,3.3225,-76.4375,10.149448871612549,65.04117584228516,8.183063507080078,61.13307571411133,8.756289958953857,59.48521041870117,2.007549285888672,190.35494995117188,1.2869555950164795,195.88458251953125,2.530580520629883,198.7709350585937,33.726499795913696,93.42658233642578,31.26975560188293,74.13430786132812,29.91489925980568,82.19957733154297,2,14.202782488531536,33.726499795913696,113.38115522596571
g_004_033,3.3225,-76.43249999999999,9.795080661773682,66.8758773803711,8.139423847198486,62.89572525024414,8.712507247924805,60.68185424804688,1.97220778465271,195.33792114257807,1.1477477550506592,201.00701904296875,2.7192506790161133,203.9762420654297,36.01847457885742,94.14387512207033,33.69729924201965,74.46956634521484,32.73237305879593,82.84152221679688,2,14.992707206143272,36.01847457885742,115.80328920152452
g_004_034,3.3225,-76.4275,9.596606969833374,68.73751068115234,8.226312160491943,64.68421173095703,8.940524101257324,61.89715194702149,1.9789323806762693,200.5499725341797,1.074683666229248,206.36485290527344,2.8859522342681885,209.4209747314453,37.38511610031128,94.8852081298828,35.30849242210388,74.8164291381836,34.66335201263428,83.50477600097656,2,15.562219116422865,37.38511610031128,118.31789864434137
g_004_035,3.3225,-76.4225,9.54700756072998,70.62358856201172,8.357604503631592,66.49614715576172,9.113157749176024,63.12942123413086,2.105759382247925,205.97750854492188,1.2602527141571045,211.944076538086,3.108429193496704,215.09088134765625,37.66638708114624,95.6503448486328,35.82928228378296,75.1747055053711,35.273856937885284,84.18914794921875,2,15.806859711805979,37.66638708114624,120.91953574286566
g_004_036,3.3225,-76.41749999999999,9.857704162597656,72.53192901611328,8.409755229949951,68.32943725585938,9.17424249649048,64.37718200683594,2.5608127117156982,211.60731506347656,1.8418505191802976,217.7310791015625,3.5956493616104126,220.97203063964844,36.71775817871094,96.43895721435548,35.120312452316284,75.54415893554688,34.34111189842224,84.89437103271484,2,15.735466334554884,36.71775817871094,123.60294002956815
g_004_037,3.3225,-76.4125,10.494969844818115,74.46061706542969,8.48038101196289,70.1822509765625,9.33809232711792,65.6391372680664,3.700573801994324,217.42662048339844,3.034984827041626,223.71270751953125,4.62079656124115,227.0510406494141,34.356624364852905,97.2506103515625,33.00115346908569,75.9245376586914,31.6791775226593,85.62007141113281,2,15.411861525641548,34.356624364852905,126.36306593153212
g_004_038,3.3225,-76.4075,11.595447063446043,76.40796661376953,8.879581451416016,72.052978515625,10.138606548309326,66.91413879394531,5.897410750389099,223.42333984375,4.954176664352417,229.87652587890625,6.444598078727722,233.315185546875,30.10114526748657,98.08478546142578,28.98105406761169,76.31554412841797,27.0348002910614,86.36579132080078,2,14.891868909200033,30.10114526748657,129.19513956705728
g_004_039,3.3225,-76.4025,12.890302181243896,78.37250518798828,9.689233303070068,73.94020080566406,11.695245742797852,68.20116424560547,9.625850319862366,229.58604431152344,8.159817695617676,236.21075439453125,9.964137196540833,239.7524871826172,25.107823133468628,98.94086456298828,24.281153202056885,76.71684265136719,22.314971566200256,87.1310043334961,3,14.858726037873161,25.107823133468628,132.0946519639757
g_005_000,3.3275,-76.5975,10.545773983001707,53.50334167480469,7.463382244110107,50.04682159423828,8.664824485778809,51.99225997924805,6.288284063339233,178.61500549316406,5.78658938407898,183.90786743164065,6.972967147827148,186.5950927734375,31.95483034849167,92.12074279785156,28.862347841262817,73.65303039550781,24.32459545135498,80.96952819824219,2,14.54039943880505,31.95483034849167,105.71152114868164
g_005_001,3.3275,-76.5925,9.33266258239746,51.910640716552734,7.378037452697754,48.5161361694336,8.437767505645752,50.963809967041016,2.564408540725708,174.04510498046875,2.3034729957580566,179.20143127441406,3.565224885940552,181.81951904296875,35.48632991313934,91.21986389160156,33.01678702235222,73.23756408691406,29.62059783935547,80.16339874267578,2,14.633920970890257,35.48632991313934,103.4530520968967
g_005_002,3.3275,-76.58749999999999,8.72177505493164,50.38090515136719,7.531261444091797,47.04585647583008,8.721354484558105,49.97782897949219,0.99623441696167,169.74664306640625,0.9039456844329834,174.77442932128906,2.1661131381988525,177.32742309570312,36.643758714199066,90.35047149658205,34.338106483221054,72.83690643310547,31.70933628082276,79.38531494140625,2,14.636876189046436,36.643758714199066,101.31397544013129
g_005_003,3.3275,-76.5825,8.440272331237793,48.9227294921875,7.569528102874756,45.64423751831055,8.856255054473877,49.03981399536133,0.2545690536499023,165.73178100585938,0.2386181354522705,170.63938903808594,1.520164966583252,173.13148498535156,37.025641679763794,89.51683044433594,34.71755388379097,72.45293426513672,32.477874755859375,78.63912200927734,2,14.566719773742888,37.025641679763794,99.30203586154514
g_005_004,3.3275,-76.5775,8.331243515014648,47.54585266113281,7.529795169830322,44.32064437866211,8.88635540008545,48.15593338012695,0.0118565559387207,162.0113067626953,0.0313804149627685,166.8074188232422,1.329070806503296,169.2429656982422,37.13561135530472,88.72388458251953,34.83899700641632,72.08780670166016,32.70176315307617,77.92926788330078,2,14.532897041903603,37.13561135530472,97.42500898573134
g_005_005,3.3275,-76.57249999999999,8.181395053863525,46.26121520996094,7.524014949798584,43.08560943603516,8.893599510192871,47.33304977416992,2.820734024047852,158.59429931640625,3.3568782806396484,163.28782653808594,1.252288579940796,165.6713104248047,37.32520431280136,87.97727966308594,34.98722165822983,71.74396514892578,32.927942752838135,77.26084899902344,2,15.252142124705845,37.32520431280136,95.69060050116644
g_005_006,3.3275,-76.5675,7.931210517883301,45.08090972900391,7.567789554595947,41.95076370239258,8.941811561584473,46.57867050170898,2.642098426818848,155.48765563964844,3.133148193359375,160.08775329589844,1.0141212940216064,162.42376708984375,37.78800839185715,87.28335571289062,35.250722259283066,71.42415618896484,33.43783760070801,76.63960266113281,2,15.300749755567974,37.78800839185715,94.10629272460938
g_005_007,3.3275,-76.5625,7.641799926757812,44.01799774169922,7.668126106262207,40.928688049316406,9.034281730651855,45.90083312988281,2.203720092773437,152.6959228515625,2.701579093933105,157.21185302734375,0.6008074283599854,159.5050506591797,38.23045128583908,86.6490707397461,35.38844154775143,71.13134002685547,34.031513690948486,76.07183074951172,0,15.277857878141933,38.23045128583908,92.6791763305664
g_005_008,3.3275,-76.55749999999999,7.342982292175293,43.086204528808594,7.792133808135986,40.03260040283203,9.216453075408936,45.30789566040039,1.823857307434082,150.2211151123047,2.320123672485352,154.66220092773438,0.2349922657012939,156.91725158691406,38.67919290065765,86.081787109375,35.46254959702492,70.86865997314453,34.68948459625244,75.5642318725586,0,15.284641057252884,38.67919290065765,91.41577190823025
g_005_009,3.3275,-76.5525,7.127132892608643,42.29938125610352,7.911749362945557,39.27586364746094,9.360764503479004,44.80821990966797,1.512791633605957,148.06280517578125,2.097766876220703,152.43832397460938,2.983284950256348,154.65992736816406,38.87818390130997,85.58892059326172,35.4405542165041,70.6392822265625,35.06577682495117,75.12356567382812,0,15.597556129097939,38.87818390130997,90.32180998060439
g_005_010,3.3275,-76.5475,6.9873366355896,41.67080307006836,7.96762752532959,38.6712646484375,9.468706130981444,44.40975189208984,1.3661613464355469,146.2184295654297,2.0351715087890625,150.53761291503906,2.891781806945801,152.7304229736328,39.00839674472809,85.17747497558594,35.438091926276684,70.44615936279297,35.3189902305603,74.75623321533203,0,15.609140428404013,39.00839674472809,89.4020169576009
g_005_011,3.3275,-76.54249999999999,6.93060302734375,41.21225738525391,7.981013774871826,38.23018264770508,9.46922779083252,44.11948776245117,1.3448467254638672,144.68382263183594,2.0863494873046875,148.9557342529297,2.8607177734375,151.1243438720703,39.0218847990036,84.85336303710938,35.44196120277047,70.29181671142578,35.4169864654541,74.46763610839844,0,15.61706567183137,39.0218847990036,88.65984937879774
g_005_012,3.3275,-76.5375,6.979970455169678,40.9330940246582,7.985881805419922,37.96163558959961,9.393375396728516,43.94295883178711,1.2899761199951172,143.45391845703125,2.166234970092773,147.68748474121094,2.7992935180664062,149.83641052246094,38.87686586380005,84.6207046508789,35.34169881045818,70.17804718017578,35.32214546203613,74.2615737915039,0,15.572826933529642,38.87686586380005,88.09731419881184
g_005_013,3.3275,-76.5325,7.194131374359131,40.8393440246582,7.954610824584961,37.87145233154297,9.14292860031128,43.88370895385742,1.2363777160644531,142.52359008789062,2.324584007263184,146.7275848388672,2.753316879272461,148.86129760742188,38.34061765670776,84.48123168945312,35.00052270293236,70.10562896728516,34.8664927482605,74.13963317871094,0,15.423731389972898,38.34061765670776,87.71483018663194
g_005_014,3.3275,-76.5275,7.532406330108643,40.9330940246582,7.829380989074707,37.96163558959961,8.708251953125,43.94295883178711,1.179168701171875,141.88851928710938,2.486778259277344,146.07154846191406,2.7035837173461914,148.19447326660156,37.4652636051178,84.43387603759766,34.359653905034065,70.07422637939453,33.93129515647888,74.10084533691406,0,15.132864735192722,37.4652636051178,87.5112419128418
g_005_015,3.3275,-76.5225,7.928951263427734,41.21225738525391,7.641323566436768,38.23018264770508,8.208353042602539,44.11948776245117,1.2154903411865234,141.54591369628906,2.6814966201782227,145.71652221679688,2.715433120727539,147.8330535888672,36.33180069923401,84.47479248046875,33.3851632475853,70.08232879638672,32.540366411209106,74.14167785644531,0,14.738708701398638,36.33180069923401,87.48402404785156
g_005_016,3.3275,-76.5175,8.253490924835205,41.67080307006836,7.481828689575195,38.6712646484375,7.851712226867676,44.40975189208984,1.3648357391357422,141.4950714111328,2.886366844177246,145.6617431640625,2.791521072387696,147.77633666992188,35.370849609375,84.59776306152344,32.4200833439827,70.12744903564453,31.189218521118164,74.25640869140625,0,14.40110077460607,35.370849609375,87.62962129380968
g_005_017,3.3275,-76.5125,8.533877849578857,42.29938125610352,7.382388591766357,39.27586364746094,7.669651985168457,44.80821990966797,1.5232009887695312,141.73764038085938,2.999308586120605,145.9088897705078,2.8456735610961914,148.02606201171875,34.54579937458038,84.79488372802734,31.603864192962646,70.20639038085938,30.070794105529785,74.43779754638672,0,14.130506581730312,34.54579937458038,87.94390318128798
g_005_018,3.3275,-76.5075,8.76903247833252,43.086204528808594,7.368406772613525,40.03260040283203,7.66802453994751,45.30789566040039,1.680644989013672,142.2775115966797,3.15005874633789,146.46197509765625,2.87424373626709,148.58631896972656,33.797431111335754,85.05744934082031,30.934085428714752,70.31559753417969,29.203203916549683,74.67786407470703,0,13.938347968790266,33.797431111335754,88.42260191175673
g_005_019,3.3275,-76.5025,8.949432373046875,44.01799774169922,7.323966026306152,40.928688049316406,7.681036949157715,45.90083312988281,1.8737554550170896,143.1204071044922,3.2559518814086914,147.32684326171875,2.9488229751586914,149.463134765625,33.57825064659119,85.37674713134766,30.76479440927505,70.45149230957031,28.930859088897705,74.96863555908203,0,13.92298553387324,33.57825064659119,89.06164211697049
g_005_020,3.3275,-76.4975,8.919252395629883,45.08090972900391,7.292157649993896,41.95076370239258,7.688542366027832,46.57867050170898,2.0301246643066406,144.27317810058594,3.2509212493896484,148.5105743408203,0.125244140625,150.66375732421875,34.4547358751297,85.7447280883789,31.696178555488583,70.6107177734375,29.88798880577088,75.30276489257812,0,13.927238411373562,34.4547358751297,89.85734049479167
g_005_021,3.3275,-76.49249999999999,8.88655424118042,46.26121520996094,7.299813747406006,43.08560943603516,7.842580795288086,47.33304977416992,2.245848655700684,145.74298095703125,3.318944931030273,150.02049255371094,0.4367821216583252,152.19569396972656,35.45936417579651,86.15440368652344,32.90221560001373,70.79033660888672,31.26591658592224,75.67388916015625,0,14.406446761555141,35.45936417579651,90.8064079284668
g_005_022,3.3275,-76.4875,8.852826118469238,47.54585266113281,7.39708948135376,44.32064437866211,8.068765640258789,48.15593338012695,2.548704147338867,147.5363006591797,3.5763721466064453,151.86325073242188,0.7637853622436523,154.0657958984375,36.1294686794281,86.60005950927734,33.86339271068573,70.98792266845703,32.323290944099426,76.07681274414062,2,14.835966136720446,36.1294686794281,91.90584140353732
g_005_023,3.3275,-76.4825,8.943685531616211,48.9227294921875,7.523206233978271,45.64423751831055,8.252399921417236,49.03981399536133,2.8608598709106445,149.65809631347656,4.008001327514648,154.0439453125,1.1193358898162842,156.279296875,36.0467746257782,87.07728576660156,34.07473170757294,71.2015380859375,32.53981554508209,76.5075454711914,2,15.040978961520725,36.0467746257782,93.15272098117404
g_005_024,3.3275,-76.47749999999999,9.168649673461914,50.38090515136719,7.638765335083008,47.04585647583008,8.315296173095703,49.97782897949219,0.3135654926300049,152.111083984375,0.3070492744445801,156.5653533935547,1.3911373615264893,158.83912658691406,35.138697147369385,87.5828857421875,33.38671612739563,71.42975616455078,31.71185040473938,76.96320343017578,2,14.152414109971788,35.138697147369385,94.54399998982747
g_005_025,3.3275,-76.4725,9.610074996948242,51.910640716552734,7.744933128356934,48.5161361694336,8.363146305084229,50.963809967041016,0.8842451572418213,154.89529418945312,0.9769577980041504,159.42747497558594,1.7284924983978271,161.74534606933594,33.22810411453247,88.11470031738281,31.678826928138733,71.67156982421875,29.72067284584045,77.44185638427734,2,13.770605974727207,33.22810411453247,96.07631429036458
g_005_026,3.3275,-76.4675,10.126936435699465,53.50334167480469,7.881843090057373,50.04682159423828,8.627994537353516,51.99225997924805,1.620384931564331,158.00779724121094,1.618541240692139,162.6272735595703,2.178093194961548,164.99493408203125,30.98982572555542,88.67141723632812,29.51906561851501,71.9262924194336,27.20969980955124,77.94234466552734,2,13.308042731550005,30.98982572555542,97.74583138359918
g_005_027,3.3275,-76.46249999999999,10.414326190948486,55.15151596069336,8.079503059387207,51.63071441650391,8.907643795013428,53.05835723876953,2.2799534797668457,161.44273376464844,1.942067623138428,166.15872192382812,2.560718774795532,168.58181762695312,29.97168731689453,89.25235748291016,28.27198255062104,72.19352722167969,26.00088238716125,78.46408081054688,2,13.158751686414083,29.97168731689453,99.54820293850369
g_005_028,3.3275,-76.4575,10.444814205169678,56.84865188598633,8.20759630203247,53.26155853271485,8.975108623504639,54.15785598754883,2.335388422012329,165.1915740966797,1.8457574844360352,170.01296997070312,2.561731576919556,172.49708557128906,30.09751987457276,89.85729217529297,28.144119262695312,72.4730453491211,26.19320461153984,79.00688934326172,2,13.200582262542513,30.09751987457276,101.47854699028863
g_005_029,3.3275,-76.4525,10.400779247283936,58.58910751342773,8.309765338897705,54.93394470214844,8.994919300079346,55.28706741333008,2.0206754207611084,169.2434539794922,1.561729907989502,174.1788787841797,2.31817364692688,176.7293701171875,30.37051558494568,90.48625946044922,28.30966854095459,72.7647476196289,26.61313603818417,79.57084655761719,2,13.211040336224768,30.37051558494568,103.53151957194011
g_005_030,3.3275,-76.44749999999999,10.401638507843018,60.368011474609375,8.339776515960693,56.643192291259766,8.982666015625,56.44277572631836,1.695033073425293,173.58572387695312,1.2621190547943115,178.64332580566406,2.054607391357422,181.2653961181641,30.799733638763428,91.1394500732422,28.66003680229187,73.06857299804688,27.06598125398159,80.15614318847656,2,13.25128802822696,30.799733638763428,105.70139906141493
g_005_031,3.3275,-76.4425,10.241825580596924,62.18115615844727,8.232199668884277,58.38527297973633,8.827194213867188,57.622188568115234,1.6237635612487793,178.204345703125,1.0878169536590576,183.3918914794922,2.079030513763428,186.09048461914065,32.20067310333252,91.81707000732422,29.84858798980713,73.38450622558594,28.47135066986084,80.76300811767578,2,13.623604695002237,32.20067310333252,107.9822137620714
g_005_032,3.3275,-76.4375,9.964915752410889,64.02491760253906,8.08398723602295,60.15670394897461,8.616827011108398,58.82286834716797,1.735499143600464,183.08447265625,1.0158209800720217,188.4092559814453,2.38039231300354,191.1890563964844,34.55981922149658,92.51929473876952,32.04050302505493,73.71249389648438,30.94683313369751,81.3916244506836,2,14.371621979607475,34.55981922149658,110.36785422431097
g_005_033,3.3275,-76.43249999999999,9.673451900482178,65.89614868164062,8.060362815856934,61.95447540283203,8.666837692260742,60.04270935058594,1.8497984409332275,188.2108917236328,0.9548935890197754,193.6797332763672,2.696086168289185,196.5451202392578,36.675092458724976,93.24618530273438,34.26760697364807,74.05245208740234,33.53514909744263,82.04206848144531,2,15.153253237406412,36.675092458724976,112.85219828287761
g_005_034,3.3275,-76.4275,9.472906827926636,67.7921371459961,8.180120468139648,63.7759895324707,8.903247833251953,61.27986907958984,2.012391805648804,193.56832885742188,1.0438482761383057,199.18760681152344,2.974969744682312,202.1426544189453,37.8430917263031,93.99766540527344,35.62237071990967,74.40425872802734,35.183934926986694,82.71431732177734,2,15.692986925443014,37.8430917263031,115.42920303344727
g_005_035,3.3275,-76.4225,9.483683347702026,69.71052551269531,8.3479323387146,65.61898040771484,9.082560062408447,62.53274917602539,2.23457932472229,199.1418609619141,1.4275460243225098,204.91749572753903,3.2288801670074463,207.9659881591797,37.80700969696045,94.7735366821289,35.85495686531067,74.7677230834961,35.47801196575165,83.40821075439453,2,15.882795532544455,37.80700969696045,118.09300782945421
g_005_036,3.3275,-76.41749999999999,9.86466908454895,71.6492691040039,8.41595983505249,67.48149108886719,9.154625415802002,63.79994583129883,2.751458048820496,204.91709899902344,2.167980909347534,210.85455322265625,3.7521976232528687,213.9999542236328,36.462939739227295,95.5734405517578,34.89184594154358,75.14260864257812,34.15031373500824,84.12345123291016,2,15.734665592511496,36.462939739227295,120.83797921074762
g_005_037,3.3275,-76.4125,10.576897382736206,73.6065902709961,8.51655101776123,69.36181640625,9.35949993133545,65.08023071289062,4.134036779403687,210.8803253173828,3.60224723815918,216.9846954345703,5.021166086196899,220.2301788330078,33.752164125442505,96.39691162109376,32.470892667770386,75.52862548828125,31.11164355278015,84.85962677001953,2,15.393899864620632,33.752164125442505,123.65877787272136
g_005_038,3.3275,-76.4075,11.67680811882019,75.5809097290039,8.981045246124268,71.25846862792969,10.255069255828856,66.3725357055664,6.638450384140015,217.0186767578125,5.732190132141113,223.29461669921875,7.183738350868225,226.6431121826172,29.441577434539795,97.24334716796876,28.414851427078247,75.92545318603516,26.49405574798584,85.6162338256836,2,14.979754010836283,29.441577434539795,126.55037265353732
g_005_039,3.3275,-76.4025,12.94070816040039,77.57088470458984,9.770092487335203,73.17013549804688,11.815195083618164,67.67591094970703,10.351460218429564,223.32009887695312,8.90112566947937,229.77197265625,10.719138741493223,233.22610473632807,24.71930813789368,98.1120834350586,23.94691252708435,76.33273315429688,22.085055112838745,86.39268493652344,3,15.027666237619188,24.71930813789368,129.50806766086154
g_006_000,3.3325,-76.5975,10.683533668518066,52.299198150634766,7.508076190948486,48.88957214355469,8.784375190734863,51.214542388916016,6.860892295837402,171.50588989257812,6.385779142379761,176.59075927734375,7.549466848373413,179.1709442138672,31.03830325603485,91.37513732910156,27.97668877243996,73.30606079101562,23.324115753173828,80.30461120605469,2,14.456803457604515,31.03830325603485,102.73963504367404
g_006_001,3.3325,-76.5925,9.47442102432251,50.65175628662109,7.297662734985352,47.30618667602539,8.359086513519287,50.15226364135742,3.1690831184387207,166.7930908203125,2.964710235595703,171.73727416992188,4.167906045913696,174.2462615966797,34.80978083610535,90.44554901123048,32.31846112012863,72.87791442871094,28.65144681930542,79.47257995605469,2,14.579173160923851,34.80978083610535,100.40920850965712
g_006_002,3.3325,-76.58749999999999,8.884371757507324,49.06435012817383,7.3678154945373535,45.780372619628906,8.559327125549316,49.13083267211914,1.656397819519043,162.35772705078125,1.5677263736724854,167.16940307617188,2.822789192199707,169.6112823486328,36.08678907155991,89.54529571533203,33.81470504403114,72.46369171142578,30.85348415374756,78.66661834716797,2,14.623711781369316,36.08678907155991,98.19884151882596
g_006_003,3.3325,-76.5825,8.599539756774902,47.54585266113281,7.394857883453369,44.32064437866211,8.706281661987305,48.15593338012695,0.9459273815155028,158.21376037597656,0.9383349418640136,162.9015350341797,2.191971063613892,165.28062438964844,36.6030575633049,88.6786880493164,34.387796223163605,72.06529235839844,31.77745294570923,77.89060974121094,2,14.61613549126519,36.6030575633049,96.11699337429471
g_006_004,3.3325,-76.5775,8.372282028198242,46.10650253295898,7.396589756011963,42.936859130859375,8.775425434112549,47.23406982421875,0.6409096717834473,154.37374877929688,0.5913047790527344,158.94656372070312,1.899334192276001,161.26736450195312,36.947524428367615,87.850830078125,34.7268747985363,71.68495178222656,32.317397594451904,77.14913177490234,2,14.629738075865639,36.947524428367615,94.17222468058269
g_006_005,3.3325,-76.57249999999999,8.105149745941162,44.75802230834961,7.448305130004883,41.64029312133789,8.841830730438232,46.37260055541992,0.312812328338623,150.84829711914062,0.2011873722076416,155.3154296875,1.563074827194214,157.58258056640625,37.38313490152359,87.06771087646484,35.036288410425186,71.32526397705078,32.86623239517212,76.44759368896484,0,14.639779537916183,37.38313490152359,92.37308798895941
g_006_006,3.3325,-76.5675,7.797619819641113,43.51364135742188,7.509052753448486,40.44367218017578,8.905336380004883,45.579734802246094,2.6679134368896484,147.6455078125,3.091570854187012,152.0164794921875,1.125286340713501,154.23477172851562,37.93659842014313,86.33625030517578,35.31718194484711,70.98920440673828,33.51717948913574,75.79224395751953,0,15.318637715445625,37.93659842014313,90.72794511583116
g_006_007,3.3325,-76.5625,7.526498794555664,42.387962341308594,7.597621440887451,39.36105728149414,9.032922267913818,44.86442565917969,2.146190643310547,144.7706298828125,2.6273441314697266,149.05508422851562,0.6532149314880371,151.2293701171875,38.3125057220459,85.6642837524414,35.41358998417854,70.68011474609375,34.09712600708008,75.19020080566406,0,15.26744599143664,38.3125057220459,89.24479209052191
g_006_008,3.3325,-76.55749999999999,7.253255844116211,41.39666748046875,7.706465721130371,38.40756988525391,9.183152675628662,44.236175537109375,1.7691049575805664,142.2257843017578,2.3110218048095703,146.43344116210938,0.299354076385498,148.56858825683594,38.66491949558258,85.06038665771484,35.421268597245216,70.40162658691406,34.648603439331055,74.64926147460938,0,15.250794067978859,38.66491949558258,87.93105570475261
g_006_009,3.3325,-76.5525,7.022722244262695,40.55595016479492,7.828016757965088,37.59882354736328,9.286139011383057,43.7047004699707,1.4863004684448242,140.00999450683594,2.121830940246582,144.15052795410156,0.0635936260223388,146.25140380859375,38.81631016731262,84.53353881835938,35.348133966326714,70.15753173828125,34.984190940856934,74.17762756347656,0,15.21747090253565,38.81631016731262,86.79334428575304
g_006_010,3.3325,-76.5475,6.8530802726745605,39.88166046142578,7.869462966918945,36.950103759765625,9.363991260528564,43.279388427734375,1.3120613098144531,138.11952209472656,1.9961175918579104,142.20248413085938,2.8269948959350586,144.27391052246094,38.95797336101532,84.0925064086914,35.31214977800846,69.9515380859375,35.25526428222656,73.78334045410156,0,15.527455079886648,38.95797336101532,85.83716159396701
g_006_011,3.3325,-76.54249999999999,6.782117366790772,39.38815307617188,7.876154899597168,36.47526550292969,9.368884086608888,42.96868133544922,1.2429046630859375,136.54849243164062,1.9381179809570312,140.58326721191406,2.7565126419067383,142.62997436523438,39.01590633392334,83.7450180053711,35.30364476889372,69.7868881225586,35.348326683044434,73.47349548339844,0,15.51472993608978,39.01590633392334,85.06658172607422
g_006_012,3.3325,-76.5375,6.805292129516602,39.08699417114258,7.866292476654053,36.18548202514648,9.28919792175293,42.77932357788086,1.1706523895263672,135.2898406982422,1.9880695343017576,139.2855987548828,2.703697204589844,141.3122100830078,38.89707410335541,83.49673461914062,35.200755033642054,69.66600036621094,35.3194899559021,73.2533187866211,0,15.471168972137901,38.89707410335541,84.4839447869195
g_006_013,3.3325,-76.5325,7.062578201293945,38.98573303222656,7.828807353973389,36.08804321289063,8.994449138641357,42.7156982421875,1.052839279174805,134.3363800048828,2.094731330871582,138.30206298828125,2.61819076538086,140.31314086914062,38.26733219623566,83.35027313232422,34.80849985778332,69.59004211425781,34.7985200881958,73.12523651123047,0,15.280660912394524,38.26733219623566,84.0896233452691
g_006_014,3.3325,-76.5275,7.444694519042969,39.08699417114258,7.660693645477295,36.18548202514648,8.50166130065918,42.77932357788086,0.9584007263183594,133.68203735351562,2.2961997985839844,137.62637329101562,2.569386482238769,139.62637329101562,37.34405505657196,83.30462646484375,34.1549551486969,69.55868530273438,33.747801303863525,73.08832550048828,0,14.964205331272549,37.34405505657196,83.88202455308702
g_006_015,3.3325,-76.5225,7.928557872772217,39.38815307617188,7.464145660400391,36.47526550292969,7.99916934967041,42.96868133544922,1.0552692413330078,133.32273864746094,2.611658096313477,137.25436401367188,2.63454818725586,139.2477264404297,36.0566086769104,83.35504913330078,33.057516515254974,69.5700912475586,32.12124514579773,73.13822174072266,0,14.547635416189829,36.0566086769104,83.85781012641058
g_006_016,3.3325,-76.5175,8.345704555511475,39.88166046142578,7.326179504394531,36.950103759765625,7.665650844573975,43.279388427734375,1.2722740173339844,133.25732421875,2.8788938522338867,137.18479919433594,2.6938161849975586,139.1759796142578,34.746718406677246,83.49365997314453,31.849967926740646,69.6211166381836,30.410890102386475,73.26766967773438,0,14.132232821649975,34.746718406677246,84.01241132948134
g_006_017,3.3325,-76.5125,8.673320770263672,40.55595016479492,7.210896015167236,37.59882354736328,7.5368971824646,43.7047004699707,1.4568214416503906,133.48779296875,3.0299549102783203,137.4197235107422,2.724804878234864,139.4132537841797,33.5660445690155,83.71053314208984,30.770756721496586,69.7077407836914,28.90922260284424,73.467529296875,0,13.76430212126838,33.5660445690155,84.3406719631619
g_006_018,3.3325,-76.5075,8.904834747314453,41.39666748046875,7.134300231933594,38.40756988525391,7.536277294158935,44.236175537109375,1.7231121063232422,134.0192413330078,3.157843589782715,137.96438598632812,2.8884143829345703,139.96493530273438,33.1348592042923,83.99488067626953,30.35717511177063,69.82559204101562,28.26855564117432,73.72789001464844,0,13.678374701076084,33.1348592042923,84.83748202853732
g_006_019,3.3325,-76.5025,9.00808048248291,42.387962341308594,7.126645565032959,39.36105728149414,7.593266010284424,44.86442565917969,1.9880847930908203,134.8592987060547,3.298807144165039,138.8266143798828,0.1335058212280273,140.83901977539062,33.24511814117432,84.33621978759766,30.49173218011856,69.97035217285156,28.34641981124878,74.03913879394531,0,13.470184438758427,33.24511814117432,85.49823209974501
g_006_020,3.3325,-76.4975,8.91855239868164,43.51364135742188,7.122693538665772,40.44367218017578,7.598452568054199,45.579734802246094,2.152420997619629,136.01718139648438,3.336676597595215,140.015869140625,0.3599894046783447,142.0452117919922,34.315868854522705,84.72515869140625,31.639426469802856,70.13813018798828,29.614617824554443,74.39269256591797,0,13.895410961574978,34.315868854522705,86.31903245713976
g_006_021,3.3325,-76.49249999999999,8.826967716217041,44.75802230834961,7.112668037414551,41.64029312133789,7.761453151702881,46.37260055541992,2.3363704681396484,137.50247192382812,3.349228858947754,141.5420379638672,0.6299562454223633,143.59359741210938,35.647388219833374,85.15386962890625,33.073406457901,70.32563781738281,31.3088858127594,74.78141021728516,0,14.449591663148668,35.647388219833374,87.29666010538737
g_006_022,3.3325,-76.4875,8.764910697937012,46.10650253295898,7.253745555877685,42.936859130859375,8.053003787994385,47.23406982421875,2.605265617370605,139.32395935058594,3.515933036804199,143.41409301757812,0.9862287044525146,145.493408203125,36.619757890701294,85.61624145507812,34.30563449859619,70.53025817871094,32.82338297367096,75.19973754882812,0,14.991984751489428,36.619757890701294,88.42834769354926
g_006_023,3.3325,-76.4825,8.74811840057373,47.54585266113281,7.439585208892822,44.32064437866211,8.351826667785645,48.15593338012695,2.8400745391845703,141.48838806152344,3.821410179138184,145.63900756835938,1.2490825653076172,147.75181579589844,36.949334383010864,86.10780334472656,34.97807192802429,70.75003814697266,33.67017209529877,75.64363861083984,0,15.338630663024055,36.949334383010864,89.71145799424913
g_006_024,3.3325,-76.47749999999999,8.84545612335205,49.06435012817383,7.607922077178955,45.780372619628906,8.463334083557129,49.13083267211914,0.2746472358703613,143.99966430664062,0.1254434585571289,148.22076416015625,1.4989421367645264,150.37294006347656,36.60525107383728,86.62555694580078,34.877094745635986,70.9836196899414,33.586385011672974,76.11042785644531,0,14.653830660714043,36.60525107383728,91.14316982693143
g_006_025,3.3325,-76.4725,9.148803234100342,50.65175628662109,7.692736625671387,47.30618667602539,8.414700031280518,50.15226364135742,0.7277135848999023,146.85818481445312,0.7448549270629883,151.1597442626953,1.82256293296814,153.35726928710938,35.43780255317688,87.16770935058594,33.93143391609192,71.2301254272461,32.39182722568512,76.59849548339844,2,14.47915944788191,35.43780255317688,92.72019280327692
g_006_026,3.3325,-76.4675,9.53630542755127,52.299198150634766,7.7520575523376465,48.88957214355469,8.414204597473145,51.214542388916016,1.3175151348114014,150.0606689453125,1.4181337356567385,154.4525604248047,2.211824417114258,156.701416015625,33.81325602531433,87.7333755493164,32.39378583431244,71.4890365600586,30.541707158088684,77.10709381103516,2,14.155421098073324,33.81325602531433,94.43860710991754
g_006_027,3.3325,-76.46249999999999,9.82961130142212,53.99905776977539,7.855802536010742,50.523216247558594,8.492628574371338,52.312721252441406,1.8238649368286133,153.60023498535156,1.7463419437408447,158.0920867919922,2.48671293258667,160.3982391357422,32.78661632537842,88.32234191894531,31.186554670333862,71.76013946533203,29.258284837007523,77.63606262207031,2,13.940713117520014,32.78661632537842,96.29378890991211
g_006_028,3.3325,-76.4575,9.999052047729492,55.744815826416016,7.967661380767822,52.20085144042969,8.607378005981445,53.44253540039063,1.9375460147857664,157.466796875,1.7059834003448486,162.06793212890625,2.464899063110352,164.4372100830078,32.30898427963257,88.934814453125,30.46180939674377,72.04337310791016,28.75505882501602,78.18561553955078,2,13.800930268234676,32.30898427963257,98.28043831719293
g_006_029,3.3325,-76.4525,10.120875358581545,57.53090286254883,8.11891794204712,53.917137145996094,8.699885845184326,54.60031127929688,1.7269070148468018,161.6475830078125,1.4885563850402832,166.36692810058594,2.2442212104797363,168.80494689941406,31.891457080841064,89.57120513916016,29.925938606262207,72.33877563476562,28.39635867066681,78.75617980957031,2,13.623679790438878,31.891457080841064,100.3926633199056
g_006_030,3.3325,-76.44749999999999,10.220298767089844,59.3525619506836,8.21757984161377,55.66751480102539,8.785451889038086,55.78288269042969,1.5227515697479248,166.12783813476562,1.218491554260254,170.9738311767578,2.0545215606689453,173.48599243164062,31.77426266670227,90.23202514648438,29.64706587791443,72.64643859863281,28.21426333487034,79.3482437133789,2,13.517187451322874,31.77426266670227,102.62414762708876
g_006_031,3.3325,-76.4425,10.1457781791687,61.20573806762695,8.16277027130127,57.44809341430664,8.722500324249268,56.987525939941406,1.4296064376831057,170.891357421875,0.9729528427124025,175.87197875976562,2.027488946914673,178.46337890625,32.670695304870605,90.917724609375,30.250221252441406,72.9664077758789,29.0057492852211,79.9622573852539,2,13.709751427173615,32.670695304870605,104.96827358669705
g_006_032,3.3325,-76.4375,9.95576286315918,63.08695602416992,8.007730484008789,59.25554656982422,8.554235935211182,58.21189498901367,1.5944890975952148,175.92124938964844,0.9164390563964844,181.04391479492188,2.358729124069214,183.7193603515625,34.533281087875366,91.62863159179688,32.00898814201355,73.2987060546875,30.962029337883,80.59855651855469,2,14.32129834757911,34.533281087875366,107.41831292046442
g_006_033,3.3325,-76.43249999999999,9.731002807617188,64.99325561523438,7.943257808685303,61.087032318115234,8.563884258270264,59.4539680480957,1.7973322868347168,181.2003631591797,0.937591791152954,186.4719696044922,2.753503799438477,189.23590087890625,36.53742980957031,92.36489868164062,34.02762055397034,73.6432876586914,33.30052047967911,81.2573013305664,2,15.065793732802073,36.53742980957031,109.9675530327691
g_006_034,3.3325,-76.4275,9.53769874572754,66.92207336425781,8.064825534820557,62.94010543823242,8.776487350463867,60.71199798583984,2.0481202602386475,186.7117462158203,1.1252706050872805,192.1387176513672,3.098322987556457,194.9952392578125,37.66677188873291,93.12650299072266,35.33009624481201,74.00003051757812,34.89667844772339,81.93851470947266,2,15.616030229462517,37.66677188873291,112.6094364590115
g_006_035,3.3325,-76.4225,9.526821374893188,68.87122344970703,8.268802642822266,64.81266784667969,8.958808422088623,61.98447799682617,2.2652788162231445,192.4390106201172,1.519995927810669,198.0272216796875,3.3026641607284546,200.9801177978516,37.639952182769775,93.9132308959961,35.58315134048462,74.36874389648438,35.22082889080048,82.64201354980469,2,15.809589306513468,37.639952182769775,115.3376341925727
g_006_036,3.3325,-76.41749999999999,9.857434272766112,70.83881378173828,8.363382816314697,66.7029037475586,9.05402898788452,63.27009201049805,2.7302082777023315,198.3665313720703,2.2279231548309326,204.12142944335932,3.719066977500916,207.1741485595703,36.489217042922974,94.72467041015624,34.775479555130005,74.74916076660156,34.14837956428528,83.36747741699219,2,15.707235627704197,36.489217042922974,118.14613638983832
g_006_037,3.3325,-76.4125,10.439525604248049,72.82319641113281,8.529370784759521,68.60924530029297,9.257179737091064,64.56770324707031,3.97951912879944,204.4796600341797,3.5294995307922363,210.40621948242188,4.7586318254470825,213.56187438964844,33.95852017402649,95.56028747558594,32.622934103012085,75.14096069335938,31.43521893024445,84.11442565917969,2,15.390044424268934,33.95852017402649,121.02928585476346
g_006_038,3.3325,-76.4075,11.466306209564207,74.82295989990234,8.919178485870361,70.53033447265625,10.077299118041992,65.87631225585938,6.351240515708923,210.7647399902344,5.546884298324585,216.86753845214844,6.723414063453674,220.12896728515625,29.81772232055664,96.4193878173828,28.82755708694458,75.54378509521484,27.02784252166748,84.88227844238281,2,14.973049402236938,29.81772232055664,123.9818115234375
g_006_039,3.3325,-76.4025,12.791317462921144,76.83686065673828,9.686505317687988,72.4649887084961,11.626096248626707,67.19505310058594,10.133037567138672,217.2091827392578,8.725579500198364,223.492431640625,10.361042141914368,226.86219787597656,24.96754717826844,97.30120086669922,24.27468228340149,75.95722961425781,22.46915566921234,85.67034149169922,3,15.003884818818834,24.96754717826844,126.99883185492621
g_007_000,3.3375,-76.5975,10.886797904968262,51.18725204467773,7.614434242248535,47.82087707519531,9.02504825592041,50.49732208251953,7.631667137145996,164.5184783935547,7.139619827270508,169.3986358642578,8.275914192199707,171.87362670898438,29.75481951236725,90.67437744140624,26.81517380475998,72.9792709350586,22.04819869995117,79.67994689941406,2,14.354630397425758,29.75481951236725,99.84775416056316
g_007_001,3.3375,-76.5925,9.693504333496094,49.485652923583984,7.245212554931641,46.185340881347656,8.352856159210205,49.40170669555664,4.05488133430481,159.65245056152344,3.889116525650024,164.387451171875,5.032161235809326,166.7889862060547,33.87392050027847,89.71648406982422,31.394529342651367,72.53862762451172,27.4207501411438,78.82237243652344,2,14.550770236386192,33.87392050027847,97.44211917453342
g_007_002,3.3375,-76.58749999999999,9.100581169128418,47.840633392333984,7.262380123138428,44.60403060913086,8.442192077636719,48.345008850097656,2.5535709857940674,155.0696563720703,2.4692068099975586,159.6678466796875,3.694291353225708,162.0001220703125,35.412149488925934,88.78543090820312,33.192471504211426,72.11087799072266,29.863946437835693,77.98856353759766,2,14.665643327765995,35.412149488925934,95.15690782335069
g_007_003,3.3375,-76.5825,8.736323833465576,46.26121520996094,7.255927562713623,43.08560943603516,8.567255973815918,47.33304977416992,1.7074384689331057,150.78627014160156,1.6443769931793213,155.25650024414062,2.9067254066467285,157.52395629882812,36.19946378469467,87.88543701171875,34.04683491587639,71.69789123535156,31.128249168396,77.18231964111328,2,14.68806623419126,36.19946378469467,93.00136099921332
g_007_004,3.3375,-76.5775,8.386800289154053,44.75802230834961,7.279544830322266,41.64029312133789,8.64014196395874,46.37260055541992,1.1033201217651367,146.81703186035156,0.9860212802886964,151.1685791015625,2.3169777393341064,153.3758544921875,36.796359181404114,87.0216293334961,34.583101361989975,71.30193328857422,31.99518632888794,76.40823364257812,0,14.676383677456114,36.796359181404114,90.98490863376193
g_007_005,3.3375,-76.57249999999999,8.034385204315186,43.34346389770508,7.323809623718262,40.28001403808594,8.714598655700684,45.471473693847656,0.4840631484985351,143.174560546875,0.3027517795562744,147.41705322265625,1.713022232055664,149.56898498535156,37.40570062398911,86.20022583007812,34.994669407606125,70.9256820678711,32.79170656204224,75.6718978881836,0,14.640523026386896,37.40570062398911,89.11703957451715
g_007_006,3.3375,-76.5675,7.699816703796387,42.03184509277344,7.393054962158203,39.01853561401367,8.80751657485962,44.63854217529297,2.607344627380371,139.8685760498047,3.0060596466064453,144.01193237304688,1.1783525943756104,146.113525390625,37.94756680727005,85.42861938476562,35.271982818841934,70.57231903076172,33.49089813232422,74.9800033569336,0,15.266954763068092,37.94756680727005,87.40709982977972
g_007_007,3.3375,-76.5625,7.419433116912842,40.8393440246582,7.490804672241211,37.87145233154297,8.941609859466553,43.88370895385742,2.097113609313965,136.9053497314453,2.5703601837158203,140.9596710205078,0.7268762588500977,143.0159912109375,38.35419875383377,84.71549224853516,35.37983280420303,70.24553680419922,34.07639122009277,74.34041595458984,0,15.228513386514452,38.35419875383377,85.86410692003038
g_007_008,3.3375,-76.55749999999999,7.124874114990234,39.78377914428711,7.603691577911377,36.85592651367188,9.103752613067629,43.21772384643555,1.7570648193359375,134.28726196289062,2.28249454498291,138.26272583007812,0.3877980709075928,140.27886962890625,38.696388721466064,84.07072448730469,35.40460503101349,69.94951629638672,34.62142086029053,73.76213836669922,0,15.22023226155175,38.696388721466064,84.49651845296223
g_007_009,3.3375,-76.5525,6.918277263641357,38.8840217590332,7.724376678466797,35.990169525146484,9.183931350708008,42.65181350708008,1.4374027252197266,132.0127410888672,2.059772491455078,135.9194793701172,0.1108274459838867,137.90052795410156,38.77285248041153,83.5051040649414,35.25011119246483,69.68878173828125,34.89615821838379,73.25504302978516,0,15.150412205192778,38.77285248041153,83.31196467081706
g_007_010,3.3375,-76.5475,6.758543014526367,38.15900421142578,7.723562240600586,35.292449951171875,9.19831895828247,42.19710159301758,1.2298698425292969,130.07659912109375,1.9106340408325195,133.924560546875,2.751154899597168,135.87551879882812,38.84923768043518,83.02965545654297,35.151605024933815,69.46794128417969,35.08895683288574,72.82926177978516,0,15.40687583718035,38.84923768043518,82.31689919365778
g_007_011,3.3375,-76.54249999999999,6.705356597900391,37.62627029418945,7.715741157531738,34.77971267700195,9.165069580078123,41.86377334594727,1.1222915649414062,128.4707794189453,1.8401765823364256,132.26966857910156,2.6726388931274414,134.1954345703125,38.84680438041687,82.6545639038086,35.078982561826706,69.29124450683594,35.14091873168945,72.49418640136719,0,15.36533111664984,38.84680438041687,81.51618152194553
g_007_012,3.3375,-76.5375,6.789838790893555,37.30023956298828,7.697249412536621,34.46589279174805,9.008400917053224,41.66012191772461,1.018087387084961,127.185546875,1.8320741653442385,130.9447784423828,2.5924768447875977,132.85009765625,38.60574114322662,82.3876953125,34.89716243185103,69.1620101928711,35.003483295440674,72.25711059570312,0,15.271612709802058,38.60574114322662,80.91261037190755
g_007_013,3.3375,-76.5325,7.103461265563965,37.19044494628906,7.602640151977539,34.360206604003906,8.61968183517456,41.59160614013672,0.8609085083007812,126.21096801757812,1.9647789001464844,129.93966674804688,2.520758628845215,131.82916259765625,37.80031418800354,82.23307800292969,34.41366691887379,69.08198547363281,34.26712274551392,72.12181854248047,0,15.017037015822199,37.80031418800354,80.50654856363933
g_007_014,3.3375,-76.5275,7.521879196166992,37.30023956298828,7.412342071533203,34.46589279174805,8.127416610717773,41.66012191772461,0.797607421875,125.53848266601562,2.2106475830078125,129.24549865722656,2.510693550109864,131.1236572265625,36.82215678691864,82.18985748291016,33.680868431925774,69.05091857910156,33.06577157974243,72.0875244140625,0,14.683264803555277,36.82215678691864,80.2957992553711
g_007_015,3.3375,-76.5225,7.950858116149902,37.62627029418945,7.237820625305176,34.77971267700195,7.737522125244141,41.86377334594727,1.048418045043945,125.1623077392578,2.6183643341064453,128.85629272460938,2.654836654663086,130.72756958007812,35.666524171829224,82.2520751953125,32.69402605295181,69.06649017333984,31.52324867248535,72.14871978759766,0,14.347957644197676,35.666524171829224,80.27591239081488
g_007_016,3.3375,-76.5175,8.30691146850586,38.15900421142578,7.194315910339356,35.292449951171875,7.522254467010498,42.19710159301758,1.3977184295654297,125.08052825927734,3.0564088821411133,128.7700958251953,2.783964157104492,130.63893127441406,34.416900873184204,82.40956115722656,31.60625720024109,69.12464904785156,29.99734663963318,72.29601287841797,0,14.03134200308058,34.416900873184204,80.44092602199979
g_007_017,3.3375,-76.5125,8.658812046051025,38.8840217590332,7.172415733337402,35.990169525146484,7.473358154296875,42.65181350708008,1.667339324951172,125.29560089111328,3.394679069519043,128.98941040039062,0.0129425525665283,130.86033630371094,33.04842960834503,82.64958190917969,30.4413577914238,69.22027587890625,28.449554920196533,72.51763153076172,0,13.368765466743046,33.04842960834503,80.78431574503581
g_007_018,3.3375,-76.5075,8.882163047790527,39.78377914428711,7.086126804351807,36.85592651367188,7.497176647186279,43.21772384643555,2.0160722732543945,125.81422424316406,3.5883750915527344,129.52110290527344,0.2491455078125,131.39881896972656,32.48965322971344,82.95868682861328,29.979699969291687,69.34790802001953,27.678964614868164,72.8011703491211,0,13.274153020646837,32.48965322971344,81.2999267578125
g_007_019,3.3375,-76.5025,8.982635974884033,40.8393440246582,7.05911922454834,37.87145233154297,7.536909580230713,43.88370895385742,2.399836540222168,126.64653778076172,3.651341438293457,130.3756103515625,0.5056736469268799,132.26504516601562,32.71323823928833,83.32420349121094,30.18151199817657,69.50234985351562,27.80863642692566,73.13499450683594,0,13.426544785499573,32.71323823928833,81.98258293999567
g_007_020,3.3375,-76.4975,8.915865898132324,42.03184509277344,7.055637359619141,39.01853561401367,7.567733287811279,44.63854217529297,2.548412322998047,127.80486297607422,3.645820617675781,131.56561279296875,0.7661328315734863,133.471923828125,34.04870009422302,83.73526000976562,31.486075282096863,69.67910766601562,29.24144816398621,73.50914001464844,0,13.91953620645735,34.04870009422302,82.82831446329753
g_007_021,3.3375,-76.49249999999999,8.746528148651123,43.34346389770508,7.047097206115723,40.28001403808594,7.712700843811035,45.471473693847656,2.662925720214844,129.30206298828125,3.579514503479004,133.10430908203125,1.0108132362365725,135.0330047607422,35.80134344100952,84.18321990966797,33.259109020233154,69.87454986572266,31.37271738052368,73.91572570800781,0,14.576972166697184,35.80134344100952,83.83420266045465
g_007_022,3.3375,-76.4875,8.614248752593994,44.75802230834961,7.202587127685547,41.64029312133789,8.03295087814331,46.37260055541992,2.741806030273437,131.14984130859375,3.536524772644043,135.00375366210938,1.2078447341918943,136.96060180664062,37.03665041923523,84.66171264648438,34.68299055099487,70.08595275878906,33.25650250911713,74.34899139404297,0,15.145789530542162,37.03665041923523,84.99797439575195
g_007_023,3.3375,-76.4825,8.54934549331665,46.26121520996094,7.389792919158935,43.08560943603516,8.369964599609375,47.33304977416992,0.0060985088348388,133.35726928710938,3.573756217956543,137.2732696533203,1.3303492069244385,139.2642822265625,37.61783027648926,85.16643524169922,35.57023656368256,70.3114013671875,34.45774757862091,74.80504608154297,0,15.207235707177055,37.61783027648926,86.31750869750977
g_007_024,3.3375,-76.47749999999999,8.604438781738281,47.840633392333984,7.5635457038879395,44.60403060913086,8.594134330749512,48.345008850097656,0.1656677722930908,135.92962646484375,3.809069633483887,139.91824340820312,1.4833807945251465,141.94964599609375,37.63598823547363,85.69478607177734,35.83898627758026,70.54969024658203,34.85180902481079,75.28157043457031,0,15.394113394949171,37.63598823547363,87.79035949707031
g_007_025,3.3375,-76.4725,8.790152549743652,49.485652923583984,7.650741577148437,46.185340881347656,8.591833591461182,49.40170669555664,0.4493310451507568,138.86769104003906,0.317155122756958,142.93948364257812,1.736586093902588,145.017578125,37.125418186187744,86.24553680419922,35.51193690299988,70.80015563964844,34.40327304601669,75.77749633789062,0,14.9529364572631,37.125418186187744,89.41340467664931
g_007_026,3.3375,-76.4675,9.077068328857422,51.18725204467773,7.676483154296875,47.82087707519531,8.495325088500977,50.49732208251953,0.8923792839050293,142.1675567626953,0.8400013446807861,146.3329315185547,2.030430793762207,148.46408081054688,36.196301221847534,86.81838989257812,34.68007433414459,71.06253051757812,33.36359393596649,76.29261016845703,2,14.805739720662435,36.196301221847534,91.18261676364475
g_007_027,3.3375,-76.46249999999999,9.360755920410156,52.937801361083984,7.725562572479248,49.50331497192383,8.464182376861572,51.62686538696289,1.4322373867034912,145.8209228515625,1.331857204437256,150.0900115966797,2.4510035514831543,152.28048706054688,35.276747703552246,87.41372680664062,33.738572120666504,71.33680725097656,32.26445525884628,76.8272933959961,2,14.671708232826656,35.276747703552246,93.09302563137479
g_007_028,3.3375,-76.4575,9.655303955078123,54.73086929321289,7.790473937988281,51.22648239135742,8.490265369415283,52.78610229492188,1.8619074821472168,149.81564331054688,1.6593897342681885,154.19818115234375,2.7150375843048096,156.45411682128906,34.334325551986694,88.03225708007812,32.721128940582275,71.6231460571289,31.23816111683845,77.38225555419922,2,14.496221519178814,34.334325551986694,95.13878377278645
g_007_029,3.3375,-76.4525,9.922916412353516,56.56104278564453,7.91197395324707,52.98519134521485,8.554072380065918,53.97140884399414,1.93239164352417,154.1365203857422,1.7774989604949951,158.6417999267578,2.685272455215454,160.9690704345703,33.26921629905701,88.67486572265625,31.502748727798465,71.92176818847656,29.98711743950844,77.95832061767578,2,14.171467585696114,33.26921629905701,97.31333202785916
g_007_030,3.3375,-76.44749999999999,10.1836838722229,58.42374801635742,8.059215068817139,54.77505874633789,8.721172332763672,55.179718017578125,1.7673890590667725,158.76614379882812,1.495405197143555,163.40289306640625,2.353190422058105,165.80711364746094,32.241557598114014,89.34237670898438,30.270118951797485,72.23286437988281,28.74568483233452,78.55628967285156,2,13.759713037146462,32.241557598114014,99.60957845052083
g_007_031,3.3375,-76.4425,10.317506790161133,60.31513595581055,8.101921558380127,56.59238815307617,8.790143489837646,56.40840530395508,1.691389560699463,163.68580627441406,1.2538259029388428,168.46217346191406,2.2658897638320923,170.9486083984375,32.10974740982056,90.03549194335938,29.88618326187133,72.55661010742188,28.500016272068024,79.17684936523438,2,13.657402667734358,32.10974740982056,102.02016321818034
g_007_032,3.3375,-76.4375,10.24741792678833,62.23193740844727,8.030184745788574,58.43406295776367,8.664293766021729,57.655235290527344,1.862863302230835,168.87612915039062,1.242051362991333,173.79971313476562,2.566931366920471,176.37322998046875,33.39624524116516,90.7546844482422,30.97724485397339,72.89306640625,29.768658816814423,79.82044982910156,2,14.083987931410471,33.39624524116516,104.53761206732855
g_007_033,3.3375,-76.43249999999999,9.999742984771729,64.17137908935547,7.95995569229126,60.29742050170898,8.523845195770264,58.918304443359375,2.0333441495895386,174.31784057617188,1.2886617183685305,179.39556884765625,2.964164018630981,182.0607147216797,35.26612567901611,91.50019073486328,32.75703477859497,73.2422103881836,31.83219569921493,80.48735809326172,2,14.736118879583147,35.26612567901611,107.1545541551378
g_007_034,3.3375,-76.4275,9.801936626434326,66.13111114501953,8.028247833251953,62.180213928222656,8.609211444854736,60.19596481323242,2.161306142807007,179.99212646484375,1.3918466567993164,185.2304077148437,3.17828369140625,187.9912872314453,36.50895166397095,92.27197265625,34.14140176773071,73.60391235351562,33.50186228752136,81.17756652832031,2,15.258116457197401,36.50895166397095,109.86384031507704
g_007_035,3.3375,-76.4225,9.785553455352783,68.10912322998047,8.138260841369629,64.08051300048828,8.775925636291504,61.486812591552734,2.278555750846863,185.8810577392578,1.6155879497528076,191.2857360839844,3.3429622650146484,194.1460876464844,36.78437376022339,93.06977081298828,34.672465801239014,73.97796630859375,34.1734162569046,81.890869140625,2,15.507455746332804,36.78437376022339,112.65865961710612
g_007_036,3.3375,-76.41749999999999,9.926018476486206,70.10367584228516,8.227039337158203,65.99667358398438,8.929120063781738,62.78963470458984,2.6079059839248657,191.9677581787109,2.074397087097168,197.544189453125,3.5926908254623413,200.5074157714844,36.33341503143311,93.89309692382812,34.44938850402832,74.36405944824219,33.90895140171051,82.6268539428711,2,15.56099185678694,36.33341503143311,115.53259531656902
g_007_037,3.3375,-76.4125,10.317100286483765,72.11329650878906,8.426626205444336,67.9272689819336,9.138298511505129,64.10337829589844,3.5439239740371704,198.23663330078125,3.078019618988037,203.9896697998047,4.298567652702332,207.0587921142578,34.63552451133728,94.74128723144533,33.097636699676514,74.76183319091797,32.2270245552063,83.38496398925781,2,15.418080223931206,34.63552451133728,118.47968037923177
g_007_038,3.3375,-76.4075,11.106241941452026,74.13670349121094,8.796239852905273,69.87107849121094,9.73497438430786,65.42713928222656,5.4451824426651,204.6732940673828,4.864656448364258,210.60739135742188,5.868450164794922,213.78515625,31.06264519691468,95.6135482788086,29.96673560142517,75.17085266113281,28.49059975147248,84.16448211669922,2,15.037302864922417,31.06264519691468,121.49440511067708
g_007_039,3.3375,-76.4025,12.51147723197937,76.17278289794922,9.498730659484863,71.8270492553711,11.285578727722168,66.7601089477539,9.20975911617279,211.26467895507807,8.027715682983398,217.3838806152344,9.367403984069824,220.6727294921875,25.831721544265747,96.50896453857422,25.165621995925903,75.5906753540039,23.37645709514618,84.96463012695312,3,14.919385115305582,25.831721544265747,124.57172224256728
g_008_000,3.3425,-76.5975,11.064544677734377,50.17637634277344,7.718986988067627,46.849266052246094,9.282099723815918,49.84614562988281,8.343667030334473,157.66429138183594,7.821343183517456,162.34336853027344,8.909244298934937,164.71514892578125,28.597082376480103,90.02210998535156,25.794577419757843,72.67422485351562,20.952434062957764,79.09884643554688,2,14.275997751288944,28.597082376480103,97.0433086819119
g_008_001,3.3425,-76.5925,9.89065647125244,48.42221450805664,7.238210678100586,45.16310501098633,8.394936561584473,48.71829605102539,4.876322507858276,152.633544921875,4.72147011756897,157.1626434326172,5.799297332763672,159.45855712890625,33.01563614606857,89.03694152832031,30.563123434782028,72.22151184082031,26.34185266494751,78.21662902832031,2,14.537945101658503,33.01563614606857,94.55927149454753
g_008_002,3.3425,-76.58749999999999,9.254392623901367,46.7207145690918,7.193083763122559,43.527381896972656,8.377198696136475,47.627174377441406,3.2761027812957764,147.8914337158203,3.2115478515625,152.27906799316406,4.3686487674713135,154.50338745117188,34.845684826374054,88.0757827758789,32.667599588632584,71.78053283691406,29.07731008529663,77.3555908203125,2,14.696840998199251,34.845684826374054,92.19567404852972
g_008_003,3.3425,-76.5825,8.809779167175293,45.08090972900391,7.19235372543335,41.95076370239258,8.451202392578125,46.57867050170898,2.224886417388916,143.45677185058594,2.1689531803131104,147.71202087402344,3.379412651062012,149.86932373046875,35.84460777044296,87.14264678955078,33.73265901207924,71.35308074951172,30.606544971466064,76.51929473876953,2,14.712266587548786,35.84460777044296,89.96260918511285
g_008_004,3.3425,-76.5775,8.410103797912598,43.51364135742188,7.182255268096924,40.44367218017578,8.509206771850586,45.579734802246094,1.3536977767944336,139.34706115722656,1.260920524597168,143.4795379638672,2.5362610816955566,145.57461547851562,36.58440017700195,86.24251556396484,34.41220438480377,70.94136047363281,31.69617986679077,75.71221923828125,0,14.66058107217153,36.58440017700195,87.87048424614801
g_008_005,3.3425,-76.57249999999999,8.029088973999023,42.03184509277344,7.216245651245117,39.01853561401367,8.605719089508057,44.63854217529297,0.5776245594024658,135.5774688720703,0.4265685081481933,139.5972137451172,1.7933368682861328,141.63511657714844,37.25612622499466,85.38163757324219,34.85833942890167,70.54808044433594,32.62315368652344,74.93994903564453,0,14.598466999000973,37.25612622499466,85.9298210144043
g_008_006,3.3425,-76.5675,7.669473171234131,40.65077590942383,7.316499710083008,37.69004821777344,8.705652236938477,43.76457977294922,2.540072441101074,132.1599578857422,2.9878244400024414,136.07733154296875,1.241697072982788,138.06329345703125,37.80094581842423,84.56769561767578,35.148781299591064,70.17655181884766,33.376924991607666,74.20941925048828,0,15.198652353551653,37.80094581842423,84.15107260810004
g_008_007,3.3425,-76.5625,7.311540126800537,39.38815307617188,7.420920372009277,36.47526550292969,8.85376262664795,42.96868133544922,2.071347236633301,129.10226440429688,2.586954116821289,132.92791748046875,0.8234837055206299,134.8672332763672,38.31076484918594,83.81006622314453,35.32097169756889,69.83074951171875,34.051106452941895,73.52912139892578,0,15.194539020458857,38.31076484918594,82.54438357883029
g_008_008,3.3425,-76.55749999999999,7.024307727813721,38.26402282714844,7.528284072875977,35.39352035522461,9.001135349273682,42.26288986206055,1.7157478332519531,126.40736389160156,2.262345314025879,130.15199279785156,0.4826278686523437,132.050048828125,38.64044892787933,83.11993408203125,35.31372344493866,69.51538848876953,34.544777393341064,72.90924072265625,0,15.168155325783623,38.64044892787933,81.11937798394098
g_008_009,3.3425,-76.5525,6.847750663757324,37.30023956298828,7.580940246582031,34.46589279174805,9.008187294006348,41.66012191772461,1.3517208099365234,124.07308959960938,1.998826026916504,127.747314453125,0.1644327640533447,129.6094512939453,38.62850421667099,82.5101089477539,35.110715717077255,69.23580932617188,34.711934089660645,72.36151123046875,0,15.04477909207344,38.62850421667099,79.88483768039279
g_008_010,3.3425,-76.5475,6.764390468597412,36.51935577392578,7.556000709533691,33.71416473388672,8.961939334869385,41.17349624633789,1.1437129974365234,122.0924835205078,1.8660354614257808,125.70673370361328,2.689065933227539,127.53817749023438,38.592657923698425,81.99440002441406,34.95893558859825,68.99775695800781,34.77218580245972,71.89866638183594,0,15.25610269109408,38.592657923698425,78.84835942586263
g_008_011,3.3425,-76.54249999999999,6.766891956329346,35.94285583496094,7.508325576782227,33.15910339355469,8.860669612884521,40.81532287597656,1.010061264038086,120.45468139648438,1.823467254638672,124.01905822753906,2.6222524642944336,125.82488250732422,38.48479664325714,81.58631896972656,34.8430016040802,68.80682373046875,34.71129846572876,71.53323364257812,0,15.181196093559265,38.48479664325714,78.01580895317926
g_008_012,3.3425,-76.5375,6.891111373901367,35.588802337646484,7.459471702575684,32.818172454833984,8.657607555389404,40.59584045410156,0.9132347106933594,119.14643096923828,1.8614740371704104,122.67062377929688,2.556262969970703,124.4557113647461,38.16794180870056,81.2969741821289,34.6376270018518,68.66764068603516,34.40987062454224,71.27558898925781,0,15.061622420532835,38.16794180870056,77.39064280192058
g_008_013,3.3425,-76.5325,7.244338989257812,35.4693489074707,7.358375549316406,32.70314407348633,8.266062259674072,40.52187728881836,0.8192176818847656,118.15404510498048,2.0902538299560547,121.64733123779295,2.5381851196289062,123.41636657714844,37.31727087497711,81.13263702392578,34.103451397269964,68.5828628540039,33.535035610198975,71.13162994384766,0,14.808021256907118,37.31727087497711,76.97324922349718
g_008_014,3.3425,-76.5275,7.613537788391113,35.588802337646484,7.176919937133789,32.818172454833984,7.847301006317139,40.59584045410156,0.9061908721923828,117.46556854248048,2.4372777938842773,120.9368667602539,2.60044002532959,122.69436645507812,36.42402803897858,81.09283447265625,33.41089652478695,68.55241394042969,32.373263359069824,71.10096740722656,0,14.53220614956485,36.42402803897858,76.76064809163411
g_008_015,3.3425,-76.5225,7.8785271644592285,35.94285583496094,7.064438819885254,33.15910339355469,7.608828067779541,40.81532287597656,1.2636871337890625,117.07276916503906,2.837113380432129,120.5307388305664,0.0545961856842041,122.2811279296875,35.77488625049591,81.16989135742188,32.852948755025864,68.57330322265625,31.476577520370483,71.17648315429688,0,14.090178141991297,35.77488625049591,76.74684397379558
g_008_016,3.3425,-76.5175,8.06239652633667,36.51935577392578,7.127182960510254,33.71416473388672,7.550680637359619,41.17349624633789,1.6235408782958984,116.97266387939452,3.236665725708008,120.4258804321289,0.2306523323059082,122.1735610961914,35.173922419548035,81.350341796875,32.38091775774956,68.64018249511719,30.82132887840271,71.34563446044922,0,14.023032012912962,35.173922419548035,76.92392010158963
g_008_017,3.3425,-76.5125,8.332830429077148,37.30023956298828,7.201901435852051,34.46589279174805,7.511325836181641,41.66012191772461,1.8124494552612305,117.16825103759766,3.569278717041016,120.62533569335938,0.2635064125061035,122.37481689453124,34.05756366252899,81.61759185791016,31.540252566337585,68.74638366699219,29.75541853904724,71.59300231933594,0,13.782725228203667,34.05756366252899,77.28351508246527
g_008_018,3.3425,-76.5075,8.60312795639038,38.26402282714844,7.136094093322754,35.39352035522461,7.487182140350342,42.26288986206055,2.052001953125,117.66832733154295,3.778848648071289,121.13816833496094,0.3537025451660156,122.89413452148438,33.15695917606354,81.95466613769531,30.79754847288132,68.8850326538086,28.674236059188843,71.90290069580078,0,13.55996678272883,33.15695917606354,77.81818474663629
g_008_019,3.3425,-76.5025,8.80398416519165,39.38815307617188,7.042227745056152,36.47526550292969,7.504068374633789,42.96868133544922,2.3504953384399414,118.4864273071289,3.7334375381469727,121.97830200195312,0.5827949047088623,123.74571990966795,32.88022875785828,82.34632110595703,30.535744667053223,69.04989624023438,28.1788911819458,72.26126861572266,0,13.512430297003853,32.88022875785828,78.52222612169054
g_008_020,3.3425,-76.4975,8.814444065093994,40.65077590942383,6.975807189941406,37.69004821777344,7.510364532470703,43.76457977294922,2.637648582458496,119.63902282714844,3.760329246520996,123.16266632080078,0.975339651107788,124.94685363769533,34.02410173416138,82.78013610839844,31.53150224685669,69.23584747314453,29.214645862579346,72.65673065185547,0,13.938242567910088,34.02410173416138,79.39185121324327
g_008_021,3.3425,-76.49249999999999,8.636055946350098,42.03184509277344,7.006126403808594,39.01853561401367,7.617822170257568,44.63854217529297,2.765374183654785,121.1432876586914,3.630617141723633,124.70892333984376,1.19075345993042,126.5155792236328,35.91686725616455,83.246826171875,33.34149086475372,69.43898010253906,31.4068250656128,73.08082580566406,0,14.612436943584019,35.91686725616455,80.4248161315918
g_008_022,3.3425,-76.4875,8.5062837600708,43.51364135742188,7.120706081390381,40.44367218017578,7.910840034484863,45.579734802246094,2.707250595092773,123.0147933959961,3.4047985076904297,126.6331024169922,1.2850751876831057,128.46826171875,37.26205086708069,83.74003601074219,34.814231276512146,69.65655517578125,33.41052305698395,73.52781677246094,0,15.157973262998793,37.26205086708069,81.61973487006293
g_008_023,3.3425,-76.4825,8.421101570129395,45.08090972900391,7.292494297027588,41.95076370239258,8.297527313232422,46.57867050170898,2.667867660522461,125.2655029296875,3.332986831665039,128.94749450683594,1.365386724472046,130.81752014160156,38.00218939781189,84.25592041015625,35.800387144088745,69.88683319091797,34.79192781448364,73.99424743652344,0,15.55242986149258,38.00218939781189,82.9753180609809
g_008_024,3.3425,-76.47749999999999,8.400615692138672,46.7207145690918,7.465692520141602,43.527381896972656,8.564470767974854,47.627174377441406,0.0532283782958984,127.90231323242188,3.4205398559570312,131.6591796875,1.4791183471679688,133.5706787109375,38.30780053138733,84.79257202148438,36.28556835651398,70.12886810302734,35.530726194381714,74.47845458984375,0,15.500862293773228,38.30780053138733,84.48970413208008
g_008_025,3.3425,-76.4725,8.508492469787598,48.42221450805664,7.614109992980957,45.16310501098633,8.642107009887695,48.71829605102539,0.25469970703125,130.92626953125,3.689332962036133,134.76919555664062,1.6303634643554688,136.7288818359375,38.14663767814636,85.34952545166016,36.255595445632935,70.38230895996094,35.54945367574692,74.9800796508789,0,15.587865822845036,38.14663767814636,86.15998628404405
g_008_026,3.3425,-76.4675,8.74118709564209,50.17637634277344,7.659295558929443,46.849266052246094,8.57628345489502,49.84614562988281,0.5934336185455322,134.3324737548828,0.3689866065979004,138.27249145507812,1.9189703464508057,140.287109375,37.62077832221985,85.92729187011719,35.875587463378906,70.64718627929688,35.029609590768814,75.49964141845703,0,15.153792450825373,37.62077832221985,87.98199801974826
g_008_027,3.3425,-76.46249999999999,9.080367088317873,51.97568893432617,7.653864860534668,48.578651428222656,8.522835731506348,51.00577545166016,1.2669792175292969,138.11056518554688,1.0437238216400146,142.15838623046875,2.5106120109558105,144.23458862304688,36.76917338371277,86.52693939208984,35.18669080734253,70.92379760742188,34.080222219228745,76.03817749023438,2,15.123829904529783,36.76917338371277,89.95028559366862
g_008_028,3.3425,-76.4575,9.446272373199465,53.81391906738281,7.680728435516357,50.34529113769531,8.556437969207764,52.193016052246094,2.134772062301636,142.2456817626953,1.8583781719207764,146.41152954101562,3.2378594875335693,148.55577087402344,35.69119882583618,87.1498031616211,34.20684218406677,71.2125244140625,32.87490051612258,76.59696197509766,2,15.076376669522789,35.69119882583618,92.05827755398221
g_008_029,3.3425,-76.4525,9.812663555145264,55.68587875366211,7.804981708526611,52.14421463012695,8.567215919494629,53.40436553955078,2.555063247680664,146.71949768066406,2.3365635871887207,151.0130157470703,3.5246596336364746,153.23147583007812,34.20858430862427,87.7972412109375,32.70437717437744,71.51377868652344,31.16400250792504,77.17726135253906,2,14.742012404733234,34.20858430862427,94.29852549235027
g_008_030,3.3425,-76.44749999999999,10.171193599700928,57.58725738525391,7.969478607177734,53.971290588378906,8.709027290344238,54.63687133789063,2.472304344177246,151.51141357421875,2.26680326461792,155.9416046142578,3.2001549005508423,158.24009704589844,32.60559821128845,88.47042846679688,30.98409152030945,71.8279037475586,29.33026576042176,77.78022003173828,2,14.189879722065395,32.60559821128845,96.66300964355469
g_008_031,3.3425,-76.4425,10.429978370666504,59.51444625854492,8.057506084442139,55.82305908203125,8.828474998474121,55.8880500793457,2.3685818910598755,156.59962463378906,2.002023696899414,161.17483520507812,2.9250375032424927,163.55877685546875,31.68983745574951,89.1703109741211,29.811670780181885,72.1551513671875,28.28956770896912,78.40670776367188,2,13.82251983218723,31.68983745574951,99.14344024658203
g_008_032,3.3425,-76.4375,10.41216230392456,61.46441650390625,8.146837711334229,57.69663238525391,8.781682014465332,57.155799865722656,2.3349242210388184,161.96197509765625,1.8622932434082031,166.6898956298828,2.9309083223342896,169.16424560546875,32.24213647842407,89.89746856689453,30.053192138671875,72.4956283569336,28.74690979719162,79.05731964111328,2,13.945671803421444,32.24213647842407,101.73148685031467
g_008_033,3.3425,-76.43249999999999,10.226535320281982,63.43463516235352,8.119946002960205,59.58958435058594,8.646944522857666,58.43832778930664,2.326946973800659,167.57679748535156,1.817013502120972,172.46438598632812,3.108497738838196,175.03370666503906,33.68416786193848,90.65216064453124,31.360186338424683,72.84931945800781,30.300044655799866,79.73231506347656,2,14.398920324113634,33.68416786193848,104.41902584499783
g_008_034,3.3425,-76.4275,10.119962215423584,65.4229507446289,8.103147029876709,61.49985885620117,8.605391502380371,59.7341194152832,2.321106672286988,173.42324829101562,1.770576238632202,178.4768829345703,3.224987745285034,181.14529418945312,34.751617193222046,91.43431091308594,32.51569652557373,73.21607208251953,31.672842383384705,80.43167114257812,2,14.787258611785042,34.751617193222046,107.19826761881511
g_008_035,3.3425,-76.4225,10.08149766921997,67.42754364013672,8.086516380310059,63.42572021484375,8.67912483215332,61.04187774658203,2.441737651824951,179.4818115234375,1.869348764419556,184.707260131836,3.4357341527938843,187.4784393310547,35.492090463638306,92.24353790283205,33.423999071121216,73.59561157226562,32.701242089271545,81.15509033203125,2,15.134587897194756,35.492090463638306,110.06187693277995
g_008_036,3.3425,-76.41749999999999,10.047818899154665,69.44686889648438,8.142863750457764,65.36568450927734,8.833294868469238,62.36049270629883,2.8052409887313843,185.7344207763672,2.1824934482574463,191.1368865966797,3.7231125831604,194.01412963867188,35.89227032661438,93.07923126220705,33.955053091049194,73.98758697509766,33.33902609348297,81.90203094482422,2,15.435686005486382,35.89227032661438,113.00303692287869
g_008_037,3.3425,-76.4125,10.235587358474731,71.47960662841797,8.309285640716553,67.31849670410156,9.022413730621338,63.68900680541992,3.522566556930542,192.16455078125,2.9571566581726074,197.74874877929688,4.316579222679138,200.7350006103516,35.120163679122925,93.94056701660156,33.43123507499695,74.39154815673828,32.69656229019165,82.67179107666016,2,15.512394467989603,35.120163679122925,116.01547961764865
g_008_038,3.3425,-76.4075,10.928292512893677,73.52461242675781,8.656276226043701,69.28306579589844,9.523743629455566,65.02659606933594,5.120653390884399,198.75721740722656,4.574010133743286,204.5274353027344,5.655671715736389,207.62527465820312,32.124415159225464,94.82658386230467,30.95446944236756,74.80702209472656,29.68724095821381,83.4635238647461,2,15.247197018729317,32.124415159225464,119.0934812757704
g_008_039,3.3425,-76.4025,12.344350576400757,75.5809097290039,9.34520959854126,71.25846862792969,11.045801639556885,66.3725357055664,8.594804584980011,205.4989624023437,7.60529637336731,211.4590606689453,8.8562912940979,214.67079162597656,26.6423408985138,95.73622131347656,25.983168125152588,75.23347473144531,24.22911620140076,84.27629852294922,3,14.960708810223473,26.6423408985138,122.2318581475152
g_009_000,3.3475,-76.5975,11.179960250854492,49.275665283203125,7.787199020385742,45.98349380493164,9.461971282958984,49.26667404174805,8.86476182937622,150.95693969726562,8.349596500396729,155.43896484375,9.382728338241575,157.70973205566406,27.780620098114014,89.42193603515625,25.08217272162437,72.39244079589844,20.21688270568848,78.56455993652344,2,14.233988083071178,27.780620098114014,94.33448961046007
g_009_001,3.3475,-76.5925,9.98432683944702,47.47172546386719,7.225807666778564,44.24938583374024,8.426201343536377,48.10840606689453,5.4506800174713135,145.7488250732422,5.288722276687622,150.07566833496094,6.3100426197052,152.26797485351562,32.44400030374527,88.41119384765625,30.00770181417465,71.92838287353516,25.654014587402344,77.65924835205078,2,14.532388607660929,32.44400030374527,91.768978966607
g_009_002,3.3475,-76.58749999999999,9.311860084533691,45.71620941162109,7.149901390075684,42.56160736083984,8.338074684143066,46.98450469970703,3.745730638504028,140.83396911621094,3.682644844055176,145.0142822265625,4.788995265960693,147.13247680664062,34.54285168647766,87.42142486572266,32.37417870759964,71.47480773925781,28.652595043182373,76.77230834960938,2,14.731870260503557,34.54285168647766,89.3235100640191
g_009_003,3.3475,-76.5825,8.816619873046875,44.01799774169922,7.124560356140137,40.928688049316406,8.404892921447754,45.90083312988281,2.5057859420776367,136.23439025878906,2.476524591445923,140.2775115966797,3.619246482849121,142.32626342773438,35.691346883773804,86.45626831054688,33.63260659575462,71.03336334228516,30.39920997619629,75.90696716308594,0,14.741199291414684,35.691346883773804,87.00914255777995
g_009_004,3.3475,-76.5775,8.386881828308105,42.387962341308594,7.124528408050537,39.36105728149414,8.483882427215576,44.86442565917969,1.47133469581604,131.97096252441406,1.4468481540679932,135.88681030273438,2.6403026580810547,137.87110900878906,36.493847370147705,85.52039337158203,34.38324522972107,70.60614013671875,31.60650587081909,75.06737518310547,0,14.670819626914131,36.493847370147705,84.83735953436957
g_009_005,3.3475,-76.57249999999999,7.974990367889404,40.8393440246582,7.17494010925293,37.87145233154297,8.574450969696045,43.88370895385742,0.6172025203704834,128.06224060058594,0.5643301010131836,131.8612823486328,1.8642947673797607,133.78640747070312,37.20929127931595,84.61978912353516,34.88991451263428,70.19575500488281,32.5968599319458,74.25887298583984,0,14.607363839944204,37.20929127931595,82.8198725382487
g_009_006,3.3475,-76.5675,7.581599712371826,39.38815307617188,7.287456512451172,36.47526550292969,8.700407028198242,42.96868133544922,2.4822168350219727,124.5231475830078,2.978364944458008,128.21630859375,1.288860559463501,130.0877227783203,37.81166225671768,83.76215362548828,35.1930413544178,69.8055191040039,33.39339256286621,73.48836517333984,0,15.19077797399627,37.81166225671768,80.96836853027344
g_009_007,3.3475,-76.5625,7.230589866638184,38.05348587036133,7.4084272384643555,35.19089889526367,8.833383560180664,42.13102340698242,2.004069328308105,121.36366271972656,2.53995132446289,124.962158203125,0.8281283378601074,126.78548431396484,38.26982718706131,82.95726776123047,35.31444251537323,69.43960571289062,34.040518283843994,72.76467895507812,0,15.163259738021427,38.26982718706131,79.294251759847
g_009_008,3.3475,-76.55749999999999,6.9662251472473145,36.85760116577149,7.4528656005859375,34.039798736572266,8.895037174224854,41.38407897949219,1.6051969528198242,118.58778381347656,2.193165779113769,122.10293579101562,0.4623279571533203,123.88387298583984,38.43525165319443,82.21739959716797,35.19633084535599,69.1031494140625,34.37721014022827,72.09898376464844,0,15.064845694435967,38.43525165319443,77.8084004720052
g_009_009,3.3475,-76.5525,6.845350742340088,35.82554244995117,7.417575836181641,33.046142578125,8.82315969467163,40.742557525634766,1.2837772369384766,116.1929168701172,1.9779958724975584,119.63597869873048,0.216191291809082,121.38015747070312,38.38470512628555,81.55743408203125,34.94851133227348,68.80235290527344,34.4367413520813,71.5049057006836,0,14.926000942786535,38.38470512628555,76.52088758680556
g_009_010,3.3475,-76.5475,6.808743000030518,34.984004974365234,7.351188659667969,32.23572540283203,8.68921184539795,40.22182846069336,1.0797061920166016,114.17001342773438,1.890581130981445,117.55196380615234,0.0566682815551757,119.26488494873048,38.25674748420715,80.99449920654297,34.74988728761673,68.54428100585938,34.3339638710022,70.99828338623047,0,14.801855305830637,38.25674748420715,75.44060940212674
g_009_011,3.3475,-76.54249999999999,6.858992576599121,34.35923385620117,7.263635635375977,31.63392639160156,8.508487224578857,39.83673095703125,0.9636707305908204,112.50462341308594,1.8947906494140625,115.83599090576172,0.0003449916839599,117.52296447753906,38.03987503051758,80.54655456542969,34.55779953300953,68.3363265991211,34.11822843551636,70.59586334228516,0,14.689536089698473,38.03987503051758,74.57469050089519
g_009_012,3.3475,-76.5375,7.0018486976623535,33.973907470703125,7.189493179321289,31.26270866394043,8.285648822784424,39.59990692138672,0.9072208404541016,111.17879486083984,2.025914192199707,114.46959686279295,2.60102653503418,116.13562774658205,37.69313621520996,80.2295150756836,34.321164187043905,68.18505096435547,33.69446897506714,70.3126220703125,0,14.857769071641895,37.69313621520996,73.92752562628851
g_009_013,3.3475,-76.5325,7.308618545532227,33.843605041503906,7.089838981628418,31.13716697692871,7.976566314697266,39.51994705200195,0.9397449493408204,110.17375183105467,2.3345651626586914,113.43342590332033,2.6271286010742188,115.0832748413086,37.000279784202576,80.05331420898438,33.85888136178255,68.09459686279297,32.85584306716919,70.1579818725586,0,14.665718529787329,37.000279784202576,73.49967384338379
g_009_014,3.3475,-76.5275,7.530899524688721,33.973907470703125,6.95378303527832,31.26270866394043,7.710237979888916,39.59990692138672,1.1464920043945312,109.47283935546876,2.6411561965942383,112.71031951904295,0.0965757369995117,114.34849548339844,36.54636669158936,80.01831817626953,33.50083123147488,68.06526184082031,32.19368839263916,70.13240814208984,0,14.25778119928307,36.54636669158936,73.28712950812445
g_009_015,3.3475,-76.5225,7.658328056335449,34.35923385620117,6.914742469787598,31.63392639160156,7.625634670257568,39.83673095703125,1.4587364196777344,109.06436920166016,2.8557748794555664,112.28824615478516,0.2718603610992431,113.91911315917967,36.41530847549439,80.11431884765625,33.42371740937233,68.09304809570312,32.00011348724365,70.2263412475586,0,14.29157958096928,36.41530847549439,73.2817031012641
g_009_016,3.3475,-76.5175,7.70739221572876,34.984004974365234,7.025103569030762,32.23572540283203,7.646103858947754,40.22182846069336,1.6378889083862305,108.94378662109376,3.050477981567383,112.16248321533205,0.3700175285339355,113.79035949707033,36.312833070755005,80.32294464111328,33.37051343917847,68.17066955566406,32.027851819992065,70.42253875732422,0,14.34979804356893,36.312833070755005,73.4727045694987
g_009_017,3.3475,-76.5125,7.9199957847595215,35.82554244995117,7.120306015014648,33.046142578125,7.6284098625183105,40.742557525634766,1.6712055206298828,109.11471557617188,3.265909194946289,112.3367691040039,0.3817574977874756,113.96607208251952,35.64717221260071,80.62212371826172,32.90433049201965,68.28926086425781,31.50283527374268,70.70037078857422,0,14.226880206002129,35.64717221260071,73.84928385416667
g_009_018,3.3475,-76.5075,8.270899295806885,36.85760116577149,7.119681358337402,34.039798736572266,7.502015590667725,41.38407897949219,1.677964210510254,109.58879089355467,3.4454002380371094,112.82305145263672,0.3117353916168213,114.45843505859376,34.35896897315979,80.99038696289062,31.874579548835754,68.4401626586914,30.146215438842773,71.03988647460938,0,13.856384449534946,34.35896897315979,74.4024658203125
g_009_019,3.3475,-76.5025,8.636699676513672,38.05348587036133,6.995713233947754,35.19089889526367,7.435748100280762,42.13102340698242,1.9052400588989256,110.38412475585938,3.468672752380371,113.63997650146484,0.3630025386810303,115.28645324707033,33.38559055328369,81.4095458984375,31.00280034542084,68.61595153808594,28.87090539932251,71.42430114746094,0,13.562708073192173,33.38559055328369,75.12619569566515
g_009_020,3.3475,-76.4975,8.77349328994751,39.38815307617188,6.87503719329834,36.47526550292969,7.414065361022949,42.96868133544922,2.372764587402344,111.52278900146484,3.532243728637696,114.8102569580078,0.8310532569885254,116.4732666015625,33.833430767059326,81.86578369140625,31.286761164665226,68.81092071533203,29.06311535835266,71.84095001220703,0,13.775773856374952,33.833430767059326,76.01734076605902
g_009_021,3.3475,-76.49249999999999,8.669551372528076,40.8393440246582,6.863051414489746,37.87145233154297,7.490246295928955,43.88370895385742,2.646897315979004,113.02770233154295,3.492374420166016,116.3574676513672,1.2056553363800049,118.04293823242188,35.60484075546265,82.34954071044922,32.88386642932892,69.02102661132812,30.96623063087464,72.28115844726562,0,14.424745996793112,35.60484075546265,77.0749265882704
g_009_022,3.3475,-76.4875,8.541217803955078,42.387962341308594,6.972795009613037,39.36105728149414,7.740520000457764,44.86442565917969,2.6207847595214844,114.91949462890624,3.357646942138672,118.3028335571289,1.3792951107025146,120.01712036132812,37.05238366127014,82.85491943359375,34.463308572769165,69.24369812011719,33.02752983570099,72.73961639404297,0,15.017275744014317,37.05238366127014,78.2990141974555
g_009_023,3.3475,-76.4825,8.443864822387695,44.01799774169922,7.193264961242676,40.928688049316406,8.115382194519043,45.90083312988281,0.0295758247375488,117.21375274658205,3.313617706298828,120.66238403320312,1.492161750793457,122.41226196289062,37.87639117240906,83.37891387939453,35.542057275772095,69.4775390625,34.56588888168335,73.21369934082031,0,15.174689398871529,37.87639117240906,79.68956332736545
g_009_024,3.3475,-76.47749999999999,8.36606216430664,45.71620941162109,7.375795364379883,42.56160736083984,8.377483367919922,46.98450469970703,0.0571734905242919,119.91924285888672,3.2861900329589844,123.44512176513672,1.5321311950683594,125.23762512207033,38.35725688934326,83.920654296875,36.15158700942993,69.72198486328125,35.51442962884903,73.70268249511719,0,15.446456571420034,38.35725688934326,81.24551476372613
g_009_025,3.3475,-76.4725,8.451507091522217,47.47172546386719,7.53279447555542,44.24938583374024,8.516089916229248,48.10840606689453,0.1311123371124267,123.03700256347656,3.402412414550781,126.65208435058594,1.6044929027557373,128.4944305419922,38.286537647247314,84.480712890625,36.227243185043335,69.97710418701172,35.68144482374191,74.20718383789062,0,15.537070532639822,38.286537647247314,82.96422619289822
g_009_026,3.3475,-76.4675,8.653365135192871,49.275665283203125,7.557096481323242,45.98349380493164,8.47884750366211,49.26667404174805,0.4839236736297607,126.56049346923828,0.1646656990051269,130.27651977539062,1.8967573642730715,132.1759033203125,37.98290967941284,85.060546875,36.06144237518311,70.2433090209961,35.392987817525864,74.7286148071289,0,15.185777303245333,37.98290967941284,84.84124671088324
g_009_027,3.3475,-76.46249999999999,9.001957893371582,51.12075805664063,7.541878700256348,47.75696563720703,8.457571983337402,50.45446014404297,1.2591190338134766,130.47650146484375,0.9360854625701904,134.30479431152344,2.583858728408813,136.26829528808594,37.207701683044434,85.66206359863281,35.49687600135803,70.52122497558594,34.513369634747505,75.26879119873047,0,15.222046568989754,37.207701683044434,86.87042829725478
g_009_028,3.3475,-76.4575,9.35177230834961,53.00106048583984,7.555789470672607,49.564109802246094,8.501441955566406,51.667728424072266,2.386688709259033,134.76646423339844,2.013983964920044,138.7177734375,3.611562728881836,140.75221252441406,36.23113560676575,86.28728485107422,34.708789587020874,70.81151580810547,33.39663156867027,75.82958984375,2,15.306421766678492,36.23113560676575,89.04419326782227
g_009_029,3.3475,-76.4525,9.719041347503662,54.91169738769531,7.736991882324219,51.40025329589844,8.584416389465332,52.90312576293945,3.094877481460572,139.4080810546875,2.799506425857544,143.49246215820312,4.220574259757996,145.6042938232422,34.859130859375,86.93806457519531,33.418067932128906,71.11479187011719,31.809792280197144,76.41276550292969,2,15.138044317563375,34.859130859375,91.35394838121202
g_009_030,3.3475,-76.44749999999999,10.03021478652954,56.84865188598633,7.900156497955322,53.26155853271485,8.669836521148682,54.15785598754883,3.157029628753662,144.3768310546875,2.924302339553833,148.60354614257812,4.024677991867065,150.79881286621094,33.61150908470154,87.61592864990234,32.154093980789185,71.4315185546875,30.479331135749817,77.01976776123047,2,14.77235021856096,33.61150908470154,93.79049682617188
g_009_031,3.3475,-76.4425,10.132668495178224,58.8086051940918,8.086836338043213,55.14485168457031,8.731233596801758,55.42958831787109,2.964194893836975,149.64724731445312,2.7654380798339844,154.02481079101562,3.5870933532714844,156.30906677246094,32.83826947212219,88.3219985961914,31.18777823448181,71.76203155517578,29.69819313287735,77.65164947509766,2,14.443522844049665,32.83826947212219,96.34442774454753
g_009_032,3.3475,-76.4375,10.137353897094728,60.788795471191406,8.24189567565918,57.04749298095703,8.73482084274292,56.71636199951172,2.676804542541504,155.1940460205078,2.451693296432495,159.7301788330078,3.2640186548233032,162.10848999023438,32.79733657836914,89.05692291259766,30.951069116592407,72.10645294189453,29.727699875831604,78.30907440185547,2,14.331410275565254,32.79733657836914,99.00642395019531
g_009_033,3.3475,-76.43249999999999,10.142258167266846,62.78693389892578,8.269915103912354,58.96729278564453,8.735915184020996,58.01653289794922,2.4166024923324585,160.99288940429688,2.1532559394836426,165.694580078125,3.036447763442993,168.1714630126953,33.255173444747925,89.8209228515625,31.20873332023621,72.46472930908203,30.24183714389801,78.99225616455078,2,14.384459839926826,33.255173444747925,101.76751115587022
g_009_034,3.3475,-76.4275,10.203139781951904,64.80108642578125,8.274168491363525,60.90241241455078,8.720763683319092,59.32870101928711,2.380043148994446,167.02088928222656,2.034651279449463,171.89439392089844,3.087357997894287,174.47393798828125,33.580519676208496,90.6137924194336,31.542400360107425,72.836669921875,30.690487504005432,79.7010726928711,2,14.501503547032675,33.580519676208496,104.61921734280057
g_009_035,3.3475,-76.4225,10.225120544433594,66.82964324951172,8.151187419891357,62.8513069152832,8.719005107879639,60.65168380737305,2.603565812110901,173.25692749023438,2.15913200378418,178.30789184570312,3.422403573989868,180.99366760253903,34.35436677932739,91.43498992919922,32.36365604400635,73.221923828125,31.507408380508423,80.43507385253906,2,14.83398285177019,34.35436677932739,107.55367872450087
g_009_036,3.3475,-76.41749999999999,10.172428369522097,68.87122344970703,8.095437049865723,64.81266784667969,8.792737483978271,61.98447799682617,3.142175555229187,179.68177795410156,2.498686075210572,184.9152374267578,3.96880316734314,187.7104339599609,35.24893665313721,92.28369903564452,33.368008852005005,73.62004852294922,32.56991732120514,81.19354248046875,2,15.317458947499594,35.24893665313721,110.56367874145508
g_009_037,3.3475,-76.4125,10.267969608306885,70.92466735839844,8.245980739593506,66.78538513183594,9.017634391784668,63.32621765136719,3.9103094339370728,186.27816772460932,3.2281620502471924,191.6986389160156,4.70635986328125,194.60601806640625,35.08571672439575,93.15889739990234,33.429699420928955,74.03050994873047,32.61492598056793,81.97559356689453,2,15.611862023671469,35.08571672439575,113.64267730712889
g_009_038,3.3475,-76.4075,10.861649751663208,72.9889907836914,8.567721366882324,68.76851654052734,9.481424808502195,64.67616271972656,5.273485422134399,193.03060913085932,4.6900553703308105,198.6421813964844,5.958267986774445,201.66416931152344,32.5585720539093,94.05941009521484,31.366411209106445,74.4527359008789,30.14004611968994,82.78019714355469,2,15.433070454332563,32.5585720539093,116.78477478027344
g_009_039,3.3475,-76.4025,12.269867658615112,75.0633316040039,9.26143217086792,70.76124572753906,10.944445133209229,66.0336685180664,8.524502098560333,199.92539978027344,7.617865800857544,205.73171997070312,8.887299656867981,208.87045288085932,27.110042572021484,94.9839859008789,26.39995265007019,74.8861083984375,24.694008588790894,83.60623931884766,3,15.078824036651188,27.110042572021484,119.98468356662326
g_010_000,3.3525,-76.5975,11.26037883758545,48.49418258666992,7.81648588180542,45.23229217529297,9.562921047210692,48.76451110839844,9.210656881332396,144.41256713867188,8.708171844482422,148.7021026611328,9.70184075832367,150.87429809570312,27.20789450407028,88.87715911865234,24.58378231525421,72.13533020019531,19.719985485076904,78.08010864257812,2,14.196901950571272,27.20789450407028,91.73028352525499
g_010_001,3.3525,-76.5925,10.037992000579834,46.64460754394531,7.185971260070801,43.4542121887207,8.416987419128418,47.57844161987305,5.789887666702271,139.01329040527344,5.634137392044067,143.14199829101562,6.626708745956421,145.23292541503906,32.107156336307526,87.84333038330078,29.663944274187088,71.66096496582031,25.235122203826904,77.15393829345703,2,14.521989699867037,32.107156336307526,89.08041212293837
g_010_002,3.3525,-76.58749999999999,9.322284698486328,44.83908081054688,7.0765533447265625,41.71823501586914,8.285916805267334,46.42432022094727,4.020299434661865,133.91064453125,3.9436638355255127,137.88729858398438,5.063849449157715,139.90138244628906,34.455872774124146,86.82737731933594,32.26214149594307,71.19580078125,28.49207162857056,76.24329376220703,2,14.7691837184959,34.455872774124146,86.54971483018663
g_010_003,3.3525,-76.5825,8.777210235595703,43.086204528808594,7.057392597198486,40.03260040283203,8.385850429534912,45.30789566040039,2.691370964050293,129.1304168701172,2.6320929527282715,132.9645538330078,3.808572292327881,134.9065704345703,35.784853994846344,85.83243560791016,33.70583936572075,70.74130249023438,30.489957332611084,75.35091400146484,0,14.814793351623747,35.784853994846344,84.15032153659396
g_010_004,3.3525,-76.5775,8.310379028320312,41.39666748046875,7.075210571289063,38.40756988525391,8.506740093231201,44.236175537109375,1.5735487937927246,124.6976547241211,1.5393280982971191,128.39955139160156,2.752516031265259,130.274658203125,36.63253939151764,84.86262512207031,34.52334865927696,70.2993392944336,31.791900634765625,74.48041534423828,0,14.745056811306211,36.63253939151764,81.89496188693576
g_010_005,3.3525,-76.57249999999999,7.870552062988281,39.78377914428711,7.133224964141846,36.85592651367188,8.63408899307251,43.21772384643555,0.7003939151763916,120.63526916503906,0.6372931003570557,124.21587371826172,1.9368231296539309,126.02955627441406,37.39569145441055,83.92343139648438,35.048956990242004,69.87232208251953,32.83062744140625,73.63665008544922,0,14.687516894605425,37.39569145441055,79.79672580295139
g_010_006,3.3525,-76.5675,7.425857067108154,38.26402282714844,7.260329246520996,35.39352035522461,8.786405086517334,42.26288986206055,0.0402073860168457,116.9622573852539,2.9011354446411133,120.43307495117188,1.339662790298462,122.1911163330078,38.04686117172241,83.02215576171875,35.3275651037693,69.46343994140625,33.66173791885376,72.82610321044922,0,14.97664013504982,38.04686117172241,77.86873118082683
g_010_007,3.3525,-76.5625,7.089081287384033,36.85760116577149,7.357501983642578,34.039798736572266,8.882789134979248,41.38407897949219,1.9339675903320312,113.69186401367188,2.470034599304199,117.0647964477539,0.8830640316009521,118.77318572998048,38.39331924915314,82.16849517822266,35.35306504368782,69.07681274414062,34.183939933776855,72.05748748779297,0,15.171862539317873,38.39331924915314,76.12379116482205
g_010_008,3.3525,-76.55749999999999,6.916058540344238,35.588802337646484,7.331268310546875,32.818172454833984,8.859428882598877,40.59584045410156,1.5063743591308594,110.8299331665039,2.142812728881836,114.11705780029295,0.5051734447479248,115.7818374633789,38.39028757810593,81.37532806396484,35.164659291505814,68.71785736083984,34.30228805541992,71.34244537353516,0,15.013150132364697,38.39028757810593,74.57414160834418
g_010_009,3.3525,-76.5525,6.891234397888184,34.48588562011719,7.238855361938477,31.75592994689941,8.685137271881104,39.91468811035156,1.2318840026855469,108.37374877929688,2.016520500183105,111.58705139160156,0.3161571025848388,113.21424102783205,38.19451034069061,80.6593246459961,34.90014633536339,68.39347076416016,34.17134475708008,70.69622039794922,0,14.849532230032814,38.19451034069061,73.23117340935602
g_010_010,3.3525,-76.5475,6.901163101196289,33.5800895690918,7.14247989654541,30.88326072692871,8.430369853973389,39.35843276977539,1.1021957397460938,106.31189727783205,2.0074148178100586,109.46302795410156,0.2111096382141113,111.0584716796875,37.9169442653656,80.04122161865234,34.604598209261894,68.1121826171875,33.872891426086426,70.13801574707031,0,14.687685216466585,37.9169442653656,72.10517777336969
g_010_011,3.3525,-76.54249999999999,6.97273063659668,32.90321350097656,7.033040046691895,30.230955123901367,8.1901273727417,38.944820404052734,1.0230464935302734,104.6253662109375,2.077109336853028,107.72541046142578,0.1703600883483886,109.2946548461914,37.59823977947235,79.54470825195312,34.30804444849491,67.88368225097656,33.483614921569824,69.6900405883789,0,14.539590347144339,37.59823977947235,71.20476129319933
g_010_012,3.3525,-76.5375,7.075405597686768,32.483642578125,6.949438095092773,29.82652473449707,7.967773914337158,38.68939208984375,1.0128517150878906,103.28998565673828,2.255154609680176,106.34930419921876,0.1908259391784668,107.89755249023438,37.29165136814117,79.19287872314453,34.02016326785088,67.7174072265625,33.01551008224487,69.37421417236328,0,14.419863843255573,37.29165136814117,70.53565576341417
g_010_013,3.3525,-76.5325,7.252166271209717,32.34136962890625,6.8597412109375,29.68936920166016,7.698730945587158,38.60295104980469,1.0817127227783203,102.27999877929688,2.4500131607055664,105.30817413330078,0.2258334159851074,106.84024047851562,36.89760410785675,79.00178527832031,33.66571956500411,67.62000274658203,32.40516424179077,69.20599365234375,0,14.281853960206112,36.89760410785675,70.09887610541449
g_010_014,3.3525,-76.5275,7.351793766021728,32.483642578125,6.749114036560059,29.82652473449707,7.566726207733154,38.68939208984375,1.266885757446289,101.5722198486328,2.5565614700317383,104.57815551757812,0.2947018146514892,106.09851837158205,36.8935489654541,78.97357940673828,33.6352411955595,67.5925064086914,32.22057819366455,69.1876220703125,0,14.28168348968029,36.8935489654541,69.88912900288899
g_010_015,3.3525,-76.5225,7.4216156005859375,32.90321350097656,6.757944107055664,30.230955123901367,7.573799133300781,38.944820404052734,1.4624881744384766,101.15005493164062,2.614739418029785,104.14214324951172,0.405780553817749,105.65503692626952,37.053938031196594,79.0941162109375,33.81179776787758,67.62937927246094,32.447954177856445,69.30570220947266,0,14.394450773795446,37.053938031196594,69.89504686991374
g_010_016,3.3525,-76.5175,7.47882080078125,33.5800895690918,6.878551483154297,30.88326072692871,7.628773212432861,39.35843276977539,1.5191764831542969,101.00660705566406,2.712080955505371,103.99302673339844,0.4517679214477539,105.50262451171876,37.017887353897095,79.33740234375,33.85261830687523,67.72028350830078,32.65433669090271,69.53556823730469,0,14.466001467572319,37.017887353897095,70.10192171732585
g_010_017,3.3525,-76.5125,7.644574165344238,34.48588562011719,6.981651306152344,31.75592994689941,7.5839524269104,39.91468811035156,1.456085205078125,101.1462860107422,2.9083967208862305,104.13533020019533,0.411170482635498,105.64591217041016,36.38418710231781,79.673583984375,33.40281546115875,67.85325622558594,32.21012735366821,69.84910583496094,0,14.331440024905735,36.38418710231781,70.4955531226264
g_010_018,3.3525,-76.5075,8.093140602111816,35.588802337646484,7.006704330444336,32.818172454833984,7.399471759796143,40.59584045410156,1.381338119506836,101.58454132080078,3.0718202590942383,104.58494567871094,0.2906930446624756,106.10107421875,34.83639073371887,80.07561492919922,32.12769538164139,68.01739501953125,30.617372035980225,70.22103881835938,0,13.869402918550703,34.83639073371887,71.06526947021484
g_010_019,3.3525,-76.5025,8.5989089012146,36.85760116577149,6.865594863891602,34.039798736572266,7.34077787399292,41.38407897949219,1.519272804260254,102.3457260131836,3.105502128601074,105.36695098876952,0.216343879699707,106.89363861083984,33.17996549606323,80.52234649658203,30.634700536727905,68.20408630371094,28.598811388015747,70.63184356689453,0,13.339986430274116,33.17996549606323,71.80511898464627
g_010_020,3.3525,-76.4975,8.924803256988525,38.26402282714844,6.765891075134277,35.39352035522461,7.363099575042725,42.26288986206055,2.1411571502685547,103.45954895019533,3.3097000122070312,106.51190185546876,0.7023417949676514,108.05472564697266,32.88305926322937,80.9990463256836,30.27878773212433,68.4072265625,27.969151735305783,71.06807708740234,0,13.370887955029806,32.88305926322937,72.71343994140625
g_010_021,3.3525,-76.49249999999999,8.858946800231934,39.78377914428711,6.765914440155029,36.85592651367188,7.401818752288818,43.21772384643555,0.096651554107666,104.9566650390625,3.552366256713867,108.05135345458984,1.3266310691833496,109.61649322509766,34.5662362575531,81.49654388427734,31.7985497713089,68.6229248046875,29.71017158031464,71.5214614868164,0,13.78636516465081,34.5662362575531,73.7914301554362
g_010_022,3.3525,-76.4875,8.654438972473145,41.39666748046875,6.881440162658691,38.40756988525391,7.570062160491943,44.236175537109375,0.2286422252655029,106.8642807006836,3.551053047180176,110.01329803466795,1.6168835163116455,111.6075210571289,36.45132517814636,82.01001739501953,33.74904465675354,68.84901428222656,32.17917060852051,71.98774719238281,0,14.542451169755724,36.45132517814636,75.04136572943793
g_010_023,3.3525,-76.4825,8.490936279296875,43.086204528808594,7.1041131019592285,40.03260040283203,7.908844470977783,45.30789566040039,0.1549968719482422,109.20254516601562,3.406061172485352,112.4184799194336,1.643632888793945,114.0490264892578,37.52406430244446,82.53778839111328,35.06144952774048,69.08460235595703,34.03816878795624,72.46556091308594,0,15.03691860040029,37.52406430244446,76.46496709187825
g_010_024,3.3525,-76.47749999999999,8.425436973571777,44.83908081054688,7.302566528320312,41.71823501586914,8.18285322189331,46.42432022094727,0.0958123207092285,111.98223114013672,3.358917236328125,115.2779541015625,1.6314961910247805,116.9524154663086,37.97538995742798,83.08037567138672,35.731717467308044,69.32969665527344,35.04078733921051,72.95548248291016,0,15.304997470643785,37.97538995742798,78.06219906277127
g_010_025,3.3525,-76.4725,8.538600444793701,46.64460754394531,7.423722267150879,43.4542121887207,8.273858070373535,47.57844161987305,0.1782000064849853,115.20387268066406,3.4474401473999023,118.5922393798828,1.69590425491333,120.3183822631836,37.80140233039856,83.6396255493164,35.67282056808472,69.5848617553711,35.064163476228714,73.4593276977539,0,15.344012396203148,37.80140233039856,79.83061896430121
g_010_026,3.3525,-76.4675,8.806473731994629,48.49418258666992,7.455435276031494,45.23229217529297,8.222588062286377,48.76451110839844,0.5066349506378174,118.85830688476562,0.3423748016357422,122.35189056396484,1.997038006782532,124.13745880126952,37.33660364151001,84.2181396484375,35.32166409492493,69.85098266601562,34.551156371831894,73.97953796386719,0,14.948885437515047,37.33660364151001,81.76525582207574
g_010_027,3.3525,-76.46249999999999,9.17076587677002,50.38090515136719,7.448163986206055,47.04585647583008,8.206143379211426,49.97782897949219,1.243119239807129,122.92820739746094,1.0248541831970217,126.53902435302734,2.590179562568665,128.39157104492188,36.44473314285278,84.81875610351562,34.562870025634766,70.12904357910156,33.4229072034359,74.518798828125,0,14.901526288853752,36.44473314285278,83.85888799031575
g_010_028,3.3525,-76.4575,9.480344772338867,52.299198150634766,7.474358081817627,48.88957214355469,8.25890064239502,51.214542388916016,2.1763916015625,127.39012908935548,1.850149154663086,131.1294708251953,3.3899905681610107,133.0562286376953,35.63748574256897,85.44418334960938,33.82116389274597,70.41999816894531,32.40331348776817,75.07965087890625,0,14.94356643822458,35.63748574256897,86.10255262586806
g_010_029,3.3525,-76.4525,9.75134801864624,54.24453353881836,7.630099296569824,50.75911712646485,8.397689819335938,52.47146987915039,2.909217953681946,132.21669006347656,2.52474308013916,136.09500122070312,4.0103161334991455,138.1027374267578,34.84099006652832,86.0967788696289,33.07066249847412,70.72465515136719,31.49003678560257,75.664306640625,2,14.958344850275251,34.84099006652832,88.48614332411024
g_010_030,3.3525,-76.44749999999999,9.842200756072998,56.21323394775391,7.772774696350098,52.650970458984375,8.468550205230713,53.74599838256836,3.0878214836120605,137.37855529785156,2.696404457092285,141.40538024902344,3.986361026763916,143.50033569335938,34.5750846862793,86.77838134765625,32.78702759742737,71.0436019897461,31.318870842456818,76.27448272705078,2,14.94834397236506,34.5750846862793,90.99899334377713
g_010_031,3.3525,-76.4425,9.81355047225952,58.2022819519043,7.953631401062012,54.562255859375,8.55004358291626,55.03596115112305,2.840121626853943,142.84605407714844,2.52746319770813,147.02999877929688,3.5873905420303345,149.21783447265625,34.57721257209778,87.49022674560547,32.72140622138977,71.377197265625,31.509236693382263,76.91136932373047,2,14.897784034411112,34.57721257209778,93.63035329182942
g_010_032,3.3525,-76.4375,9.808942794799805,60.20920181274414,8.126482486724854,56.490604400634766,8.60197401046753,56.339542388916016,2.45934796333313,148.59039306640625,2.270098924636841,152.93917846679688,3.155058622360229,155.22499084472656,34.43370079994202,88.2329330444336,32.528820276260376,71.72555541992188,31.608211517333984,77.57559204101562,2,14.776959710650974,34.43370079994202,96.36977683173285
g_010_033,3.3525,-76.43249999999999,9.944732189178469,62.23193740844727,8.240171432495117,58.43406295776367,8.670469760894775,57.655235290527344,2.1718939542770386,154.58441162109375,2.050123929977417,159.10496520996094,2.886336088180542,161.4932403564453,33.971840620040894,89.00658416748047,31.97965693473816,72.08856964111328,31.233450651168823,78.26726531982422,2,14.572075062327915,33.971840620040894,99.20736355251736
g_010_034,3.3525,-76.4275,10.158069610595703,64.26878356933594,8.305742263793945,60.39099884033203,8.78170394897461,58.98177337646485,2.2276378870010376,160.8031768798828,2.0365304946899414,165.50161743164062,2.900599479675293,167.99630737304688,33.37905478477478,89.81077575683594,31.39435601234436,72.4659423828125,30.6305867433548,78.98606872558594,2,14.423809025022718,33.37905478477478,102.13393825954861
g_010_035,3.3525,-76.4225,10.269410610198976,66.31831359863281,8.152156352996826,62.36006164550781,8.76364517211914,60.31807708740234,2.625125288963318,167.22402954101562,2.228724718093872,172.10580444335938,3.3165363073349,174.71038818359375,33.790122747421265,90.64470672607422,31.806036949157715,72.85722351074219,30.92509663105011,79.7313232421875,2,14.652983864148458,33.790122747421265,105.14110310872395
g_010_036,3.3525,-76.41749999999999,10.265594959259031,68.37933349609375,8.106522560119629,64.34010314941406,8.791881084442139,61.66324615478516,3.340071678161621,173.82681274414062,2.729834794998169,178.89674377441406,4.088513255119324,181.6141967773437,34.6554274559021,91.50728607177734,32.75819635391235,73.2618408203125,31.85016131401062,80.50208282470703,2,15.17624482843611,34.6554274559021,108.22129397922092
g_010_037,3.3525,-76.4125,10.356455087661743,70.45082092285156,8.263041019439697,66.33016967773438,9.019452095031738,63.01650238037109,4.2385493516922,180.59359741210932,3.508903980255127,185.85597229003903,4.985655426979065,188.6889038085937,34.6827027797699,92.39723205566406,33.077556133270264,73.67916107177734,32.141578912734985,81.29721069335938,2,15.585988309648302,34.6827027797699,111.3677300347222
g_010_038,3.3525,-76.4075,10.85440444946289,72.53192901611328,8.622032642364502,68.32943725585938,9.486533641815186,64.37718200683594,5.5233266949653625,187.50868225097656,4.926450252532959,192.96731567382807,6.169600129127502,195.91793823242188,32.49550127983093,93.3131103515625,31.32496976852417,74.10848999023438,30.097803115844727,82.11546325683594,2,15.500069108274248,32.49550127983093,114.57439422607422
g_010_039,3.3525,-76.4025,12.172614097595217,74.6219253540039,9.266878604888916,70.33721160888672,10.878700733184814,65.74472045898438,8.574595749378204,194.55828857421875,7.64136528968811,200.2165679931641,8.888282775878906,203.2868194580078,27.21921443939209,94.25345611572266,26.53194761276245,74.54913330078125,24.893718719482425,82.95552062988281,3,15.118590891361237,27.21921443939209,117.8359603881836
g_011_000,3.3575,-76.5975,11.30301570892334,47.840633392333984,7.8393168449401855,44.60403060913086,9.628304481506348,48.345008850097656,9.43380045890808,138.05050659179688,8.967275381088257,142.15264892578125,9.91534662246704,144.22901916503906,26.785877585411072,88.39061737060547,24.231887996196747,71.90409851074219,19.39263916015625,77.64806365966797,2,14.166384915510813,26.785877585411072,89.24051411946614
g_011_001,3.3575,-76.5925,10.07347536087036,45.95099258422852,7.155681133270264,42.78734588623047,8.399994850158691,47.13460922241211,5.973914384841919,132.44517517089844,5.870261669158936,136.38043212890625,6.806702733039856,138.3725128173828,31.798206090927124,87.33699035644531,29.367896735668182,71.42078399658203,24.8928017616272,76.70402526855469,2,14.48210385772917,31.798206090927124,86.50365193684895
g_011_002,3.3575,-76.58749999999999,9.321063995361328,44.10118103027344,7.004714012145996,41.0086784362793,8.238511562347412,45.95382308959961,4.227447748184204,127.1379852294922,4.144864559173584,130.91514587402344,5.270709037780762,132.827392578125,34.38381379842758,86.29827880859375,32.18951514363289,70.94546508789062,28.39037036895752,75.77278900146484,0,14.796778914001253,34.38381379842758,83.88452657063802
g_011_003,3.3575,-76.5825,8.733356952667236,42.29938125610352,6.993163585662842,39.27586364746094,8.380544662475586,44.80821990966797,2.902144193649292,122.15901184082033,2.78403902053833,125.78781127929688,4.035160303115845,127.62507629394533,35.87859642505646,85.27703094482422,33.795210152864456,70.4793472290039,30.59854888916016,74.85652160644531,0,14.900084909465578,35.87859642505646,81.39647377861871
g_011_004,3.3575,-76.5775,8.220148086547852,40.55595016479492,7.043076038360596,37.59882354736328,8.549991130828857,43.7047004699707,1.7848060131072998,117.53842163085938,1.644784688949585,121.0294418334961,2.966176271438598,122.79705810546876,36.85278338193893,84.27666473388672,34.69934606552124,70.02403259277344,32.038604736328125,73.95818328857422,0,14.866635157002342,36.85278338193893,79.05369737413194
g_011_005,3.3575,-76.57249999999999,7.705838680267334,38.8840217590332,7.134234428405762,35.990169525146484,8.701905250549316,42.65181350708008,0.8811187744140625,113.30467987060548,0.7479159832000732,116.66936492919922,2.1228160858154297,118.37308502197266,37.66904240846634,83.30186462402344,35.24384123086929,69.58162689208984,33.1158447265625,73.08183288574219,0,14.813617507616678,37.66904240846634,76.87093989054362
g_011_006,3.3575,-76.5675,7.23396110534668,37.30023956298828,7.24942684173584,34.46589279174805,8.842921257019043,41.66012191772461,0.1745355129241943,109.48233795166016,0.0196094512939453,112.73285675048828,1.4865028858184814,114.3787841796875,38.31439703702927,82.35909271240234,35.47377648949623,69.15498352050781,33.93297529220581,72.2331314086914,0,14.747567319207722,38.31439703702927,74.86304897732205
g_011_007,3.3575,-76.5625,6.92958402633667,35.82554244995117,7.308740615844727,33.046142578125,8.90175485610962,40.742557525634766,1.9316940307617188,106.08941650390624,2.44692325592041,109.23847198486328,1.0057494640350342,110.83300018310548,38.555508494377136,81.4573745727539,35.39782440662384,68.74796295166016,34.297118186950684,71.4200668334961,0,15.19721081521776,38.555508494377136,73.04450395372179
g_011_008,3.3575,-76.55749999999999,6.836119651794434,34.48588562011719,7.232522964477539,31.75592994689941,8.812853336334229,39.91468811035156,1.5465154647827148,103.13485717773438,2.2078781127929688,106.19542694091795,0.6700336933135986,107.74504852294922,38.44391059875488,80.60934448242188,35.19197863340378,68.36589050292969,34.27600955963135,70.6539535522461,0,15.024202446142832,38.44391059875488,71.42900276184082
g_011_009,3.3575,-76.5525,6.864936828613281,33.31253433227539,7.084259033203125,30.62544059753418,8.591309070587158,39.19472122192383,1.344594955444336,100.61653137207033,2.159517288208008,103.6015167236328,0.532768726348877,105.11270904541016,38.15877187252045,79.83262634277344,34.94255355000496,68.01604461669922,34.009663581848145,69.9508056640625,0,14.854263878530926,38.15877187252045,70.02921443515353
g_011_010,3.3575,-76.5475,6.936279773712158,32.34136962890625,6.957638740539551,29.68936920166016,8.293760776519775,38.60295104980469,1.264789581298828,98.52049255371094,2.21665096282959,101.4423828125,0.4571981430053711,102.9214096069336,37.77946674823761,79.15119171142578,34.625274404883385,67.70822143554688,33.55667495727539,69.33274841308594,0,14.676414898700184,37.77946674823761,68.85668182373047
g_011_011,3.3575,-76.54249999999999,7.015207290649414,31.610349655151367,6.872084617614746,28.9844970703125,8.013634204864502,38.160282135009766,1.1727676391601562,96.8219985961914,2.3542308807373047,99.69254302978516,0.4240736961364746,101.14529418945312,37.37554109096527,78.59553527832031,34.2242026925087,67.45484924316406,33.032050132751465,68.8284912109375,0,14.498199138376448,37.37554109096527,67.92153782314725
g_011_012,3.3575,-76.5375,7.1041579246521,31.15459632873535,6.806180953979492,28.544910430908203,7.696683406829834,37.88561630249024,1.136709213256836,95.48858642578124,2.4814157485961914,98.3185806274414,0.3821964263916015,99.75045013427734,36.90934777259827,78.19921112060547,33.71478313207626,67.26957702636719,32.40226745605469,68.47023010253906,0,14.292638003826141,36.90934777259827,67.23130649990506
g_011_013,3.3575,-76.5325,7.241885185241699,30.99955368041992,6.67369270324707,28.39534378051757,7.404873371124268,37.792423248291016,1.0880470275878906,94.48493957519533,2.475758552551269,97.28411865234376,0.3269281387329101,98.69998168945312,36.558106780052185,77.98883056640625,33.28669513016939,67.16336822509766,31.80386972427368,68.2840576171875,0,14.095539623664486,36.558106780052185,66.78806855943468
g_011_014,3.3575,-76.5275,7.327870845794678,31.15459632873535,6.5547637939453125,28.544910430908203,7.289075374603271,37.88561630249024,1.1687049865722656,93.77870178222656,2.42758846282959,96.55582427978516,0.3666508197784424,97.9600830078125,36.72123825550079,77.97032165527344,33.300434306263924,67.13884735107422,31.750569820404053,68.27610778808594,0,14.100766296188036,36.72123825550079,66.58500099182129
g_011_015,3.3575,-76.5225,7.362168312072754,31.610349655151367,6.584836006164551,28.9844970703125,7.358426570892334,38.160282135009766,1.3329353332519531,93.34626770019533,2.469005584716797,96.10940551757812,0.485818862915039,97.50611114501952,37.00021553039551,78.12297821044922,33.59251946210861,67.18785095214844,32.15465688705444,68.4263916015625,0,14.26006472773022,37.00021553039551,66.60601488749187
g_011_016,3.3575,-76.5175,7.441024303436279,32.34136962890625,6.707820892333984,29.68936920166016,7.4136433601379395,38.60295104980469,1.3493804931640625,93.17733764648438,2.562387466430664,95.93421936035156,0.4969637393951416,97.32730102539062,36.88034391403198,78.40850830078125,33.6410186290741,67.29508972167969,32.3396852016449,68.69801330566406,0,14.314696444405449,36.88034391403198,66.83046213785808
g_011_017,3.3575,-76.5125,7.709745407104492,33.31253433227539,6.770871162414551,30.62544059753418,7.323196887969971,39.19472122192383,1.2681903839111328,93.27723693847656,2.712579727172852,96.0357437133789,0.4493184089660644,97.42925262451172,36.06887495517731,78.78622436523438,33.05019557476044,67.4442367553711,31.69662618637085,69.05220794677734,0,14.116622077094185,36.06887495517731,67.23973316616483
g_011_018,3.3575,-76.5075,8.240964889526367,34.48588562011719,6.772556304931641,31.75592994689941,7.196125507354736,39.91468811035156,1.1710281372070312,93.66661071777344,2.8726205825805664,96.43524169921876,0.2790534496307373,97.83357238769533,34.102757930755615,79.22272491455078,31.361398935318,67.62187194824219,29.594886302948,69.45773315429688,0,13.510154671139187,34.102757930755615,67.82158427768283
g_011_019,3.3575,-76.5025,8.863131999969482,35.82554244995117,6.742568016052246,33.046142578125,7.314366817474365,40.742557525634766,1.470743179321289,94.3784408569336,3.062108039855957,97.16664123535156,0.2680311203002929,98.57478332519533,31.92255163192749,79.69459533691406,29.36557126045227,67.81844329833984,27.040321350097656,69.89302062988281,0,12.894377046161228,31.92255163192749,68.57112969292535
g_011_020,3.3575,-76.4975,9.242547035217283,37.30023956298828,6.733589172363281,34.46589279174805,7.470613479614258,41.66012191772461,2.410787582397461,95.45288848876952,3.515385627746582,98.27129364013672,0.8940863609313965,99.69496154785156,31.296306371688843,80.18726348876953,28.759079456329346,68.02791595458984,26.133083820343018,70.34489440917969,0,12.939497656292385,31.296306371688843,69.48949686686198
g_011_021,3.3575,-76.49249999999999,9.092377185821531,38.8840217590332,6.720944404602051,35.990169525146484,7.430328369140625,42.65181350708008,0.6012845039367676,96.93107604980467,0.4166808128356933,99.79151916503906,1.6534621715545654,101.23721313476562,33.353530406951904,80.69290924072266,30.61333727836609,68.24689483642578,28.28940498828888,70.80645751953125,0,13.13015001349979,33.353530406951904,70.58134163750543
g_011_022,3.3575,-76.4875,8.719305038452148,40.55595016479492,6.836166858673096,37.59882354736328,7.498533725738525,43.7047004699707,0.5901896953582764,98.8488998413086,0.3490164279937744,101.76426696777344,1.896899461746216,103.23921966552734,35.914987325668335,81.20851135253906,33.141852021217346,68.47393035888672,31.527682423591614,71.27517700195312,0,14.05273699760437,35.914987325668335,71.85216437445746
g_011_023,3.3575,-76.4825,8.482798099517822,42.29938125610352,7.09829568862915,39.27586364746094,7.805242538452148,44.80821990966797,0.3295686244964599,101.23213958740234,0.1276485919952392,104.216064453125,1.820470809936524,105.72811126708984,37.319286584854126,81.73424530029297,34.80524504184723,68.7088623046875,33.83676552772522,71.7514419555664,0,14.625035723050436,37.319286584854126,73.30603663126628
g_011_024,3.3575,-76.47749999999999,8.464188575744629,44.10118103027344,7.31071662902832,41.0086784362793,8.074878215789795,45.95382308959961,0.2046682834625244,104.09353637695312,0.1655752658843994,107.1600112915039,1.7608709335327148,108.7174072265625,37.553622245788574,82.27233123779297,35.338852643966675,68.95238494873047,34.66634917259216,72.23743438720703,0,14.837746885087755,37.553622245788574,74.94408755832248
g_011_025,3.3575,-76.4725,8.701866626739502,45.95099258422852,7.411871433258057,42.78734588623047,8.119566917419434,47.13460922241211,0.2361805438995361,107.43218994140624,0.3637382984161377,110.59514617919922,1.7930759191513062,112.20633697509766,36.86924362182617,82.82611846923828,34.8462495803833,69.20565032958984,34.10571739077568,72.73635864257812,0,14.716390036874348,36.86924362182617,76.76386091444228
g_011_026,3.3575,-76.4675,9.13726806640625,47.840633392333984,7.422023296356201,44.60403060913086,8.025973320007324,48.345008850097656,0.5746541023254395,111.23477935791016,0.7267074584960938,114.50773620605467,2.0445501804351807,116.18109893798828,35.652273178100586,83.39944458007812,33.667128801345825,69.47006225585938,32.56384541839361,73.25182342529297,0,14.42382486909628,35.652273178100586,78.75940195719402
g_011_027,3.3575,-76.46249999999999,9.650996208190918,49.76362228393555,7.480053901672363,46.45252990722656,8.099726676940918,49.58051300048828,1.176335334777832,115.4781494140625,1.1370744705200195,118.87389373779295,2.403939723968506,120.61752319335938,34.060333013534546,83.99610137939453,32.02398180961609,69.74698638916016,30.48602893948555,73.78739166259766,0,14.057607786522972,34.060333013534546,80.92185677422418
g_011_028,3.3575,-76.4575,9.983497619628906,51.71479034423828,7.562623500823975,48.327903747558594,8.262683391571045,50.83747100830078,1.8769594430923464,120.1323013305664,1.5877704620361328,123.66270446777344,2.8684728145599365,125.48426818847656,33.14486289024353,84.6195297241211,30.98623633384705,70.03767395019531,29.2977392077446,74.34626770019531,0,13.952316184838613,33.14486289024353,83.24032338460286
g_011_029,3.3575,-76.4525,10.041497230529783,53.68999099731445,7.647480964660644,50.2261962890625,8.359101295471191,52.1129035949707,2.404661774635315,125.16345977783205,1.947656393051148,128.83934020996094,3.316965103149414,130.74591064453125,33.257715463638306,85.27252197265625,31.01035714149475,70.34310150146484,29.407549619674683,74.93107604980469,2,14.15477610958947,33.257715463638306,85.70272233751085
g_011_030,3.3575,-76.44749999999999,9.91921091079712,55.68587875366211,7.683623790740967,52.14421463012695,8.323720932006836,53.40436553955078,2.579999685287476,130.53652954101562,2.1108410358428955,134.36761474609375,3.4955326318740845,136.36561584472656,34.24847936630249,85.95712280273438,31.94325566291809,70.6639404296875,30.59654700756073,75.54373931884766,2,14.544579002592299,34.24847936630249,88.2965579562717
g_011_031,3.3575,-76.4425,9.820680141448976,57.699745178222656,7.8188982009887695,54.079376220703125,8.37174940109253,54.7098503112793,2.506215214729309,136.21701049804688,2.049074649810791,140.21200561523438,3.391768217086792,142.30715942382812,34.912068128585815,86.67459106445312,32.659364223480225,71.00055694580078,31.65379059314728,76.18547058105469,2,14.798178752263388,34.912068128585815,91.00952953762479
g_011_032,3.3575,-76.4375,9.827511310577393,59.7293701171875,7.972103118896484,56.02956771850586,8.490380764007568,56.0276985168457,2.2576948404312134,142.17233276367188,1.946200609207153,146.33888244628906,3.1468011140823364,148.5362548828125,34.77617597579956,87.42539978027344,32.597745180130005,71.35298156738281,31.85372722148896,76.85675811767578,2,14.76314890384674,34.77617597579956,93.82991621229384
g_011_033,3.3575,-76.43249999999999,10.014919757843018,61.77294158935547,8.147593975067139,57.99306106567383,8.669736862182617,57.35652923583984,2.153177499771118,148.37254333496094,1.9490325450897217,152.71739196777344,2.9630264043807983,155.02139282226562,33.86534643173218,88.2093734741211,31.656728506088257,71.72100067138672,30.9526104927063,77.55750274658203,2,14.485796941651238,33.86534643173218,96.74685965643988
g_011_034,3.3575,-76.4275,10.326558113098145,63.828948974609375,8.23723840713501,59.96842575073242,8.848186492919922,58.6951904296875,2.346158027648926,154.79067993164062,2.072061777114868,159.31976318359375,3.015955090522766,161.73419189453125,32.84064817428589,89.0257797241211,30.724178314208984,72.10417175292969,29.88458096981049,78.2870864868164,2,14.255062818527222,32.84064817428589,99.75047090318468
g_011_035,3.3575,-76.4225,10.47731351852417,65.89614868164062,8.203339576721191,61.95447540283203,8.888582229614258,60.04270935058594,2.9055323600769043,161.40286254882812,2.432621955871582,166.12135314941406,3.4736069440841675,168.6494598388672,32.876102685928345,89.87347412109375,30.75873827934265,72.50189208984375,29.8165500164032,79.04451751708984,2,14.425820840729607,32.876102685928345,102.83187696668837
g_011_036,3.3575,-76.41749999999999,10.47196650505066,67.97350311279297,8.174458026885986,63.95022201538086,8.895581722259521,61.39826965332031,3.581077218055725,168.18817138671875,2.9165728092193604,173.1006317138672,4.192711889743805,175.7451934814453,33.605159759521484,90.75100708007812,31.653029441833496,72.9134521484375,30.65183568000793,79.82853698730469,2,14.904710339175331,33.605159759521484,105.98322084214952
g_011_037,3.3575,-76.4125,10.507159948349,70.06012725830078,8.301192283630371,65.954833984375,9.038184642791748,62.76118087768555,4.304600536823273,175.12838745117188,3.619251251220703,180.23880004882807,4.9690300822258,183.00216674804688,33.88724207878113,91.6567611694336,32.17256283760071,73.33805847167969,31.131457328796387,80.63770294189453,2,15.325631221135458,33.88724207878113,109.19755766126845
g_011_038,3.3575,-76.4075,10.911997318267822,72.1552963256836,8.632580280303955,67.96761322021484,9.506619453430176,64.13085174560547,5.412712454795837,182.2077789306641,4.723435640335083,187.5196685791016,5.905808091163635,190.40382385253903,32.0031533241272,92.58902740478516,30.70213031768799,73.77490997314453,29.46701550483704,81.47051239013672,2,15.25171693166097,32.0031533241272,112.46883138020833
g_011_039,3.3575,-76.4025,12.144104957580566,74.25837707519531,9.28674030303955,69.98796844482422,10.913475513458252,65.50676727294922,8.41683053970337,189.41275024414065,7.443349957466125,194.9292449951172,8.661083906888962,197.93585205078125,27.115049362182617,93.54606628417967,26.35438776016236,74.22318267822266,24.830178260803223,82.3254165649414,3,15.018355617920557,27.115049362182617,115.79173617892795
g_012_000,3.3625,-76.5975,11.27901029586792,47.32295608520508,7.828985691070557,44.10636520385742,9.621981620788574,48.01302719116211,9.511823296546936,131.89378356933594,9.111663341522217,135.81436157226562,9.98525369167328,137.79800415039062,26.610984683036804,87.96439361572266,24.11518880724907,71.69962310791016,19.31224250793457,77.27033996582031,2,14.153014881743324,26.610984683036804,86.87587271796332
g_012_001,3.3625,-76.5925,10.060738563537598,45.40026473999024,7.126763820648193,42.25783157348633,8.361432552337646,46.78261566162109,5.973238945007324,126.06678771972656,5.962825298309326,129.8139190673828,6.787160634994507,131.71002197265625,31.61225461959839,86.89500427246094,29.23613560199737,71.20904541015625,24.749545574188232,76.3121109008789,2,14.430010623402065,31.61225461959839,84.0497334798177
g_012_002,3.3625,-76.58749999999999,9.311480522155762,43.51364135742188,6.94711446762085,40.44367218017578,8.193990707397461,45.579734802246094,4.256354331970215,120.53665924072266,4.243898868560791,124.11913299560548,5.303553938865662,125.93211364746094,34.293495655059814,85.8379898071289,32.13968676328659,70.72539520263672,28.335867881774902,75.36432647705078,0,14.780604792965782,34.293495655059814,81.3391850789388
g_012_003,3.3625,-76.5825,8.724475383758545,41.67080307006836,6.940716743469238,38.6712646484375,8.363208770751953,44.40975189208984,3.032017230987549,115.3383331298828,2.9093658924102783,118.76595306396484,4.19174063205719,120.5007553100586,35.88140648603439,84.79524230957031,33.82637107372284,70.24964141845703,30.653367042541504,74.4285659790039,0,14.946963250637054,35.88140648603439,78.7589234246148
g_012_004,3.3625,-76.5775,8.148045063018799,39.88166046142578,6.999945640563965,36.950103759765625,8.558172702789307,43.279388427734375,1.9883999824523928,110.50801849365234,1.8217628002166748,113.79166412353516,3.1753122806549072,115.4537582397461,36.957169234752655,83.7694091796875,34.81508305668831,69.78306579589844,32.18565559387207,73.50702667236328,0,14.96106070611212,36.957169234752655,76.32489946153429
g_012_005,3.3625,-76.57249999999999,7.6288862228393555,38.15900421142578,7.1010589599609375,35.292449951171875,8.689013957977295,42.19710159301758,1.049472093582153,106.08123779296876,0.8827605247497559,109.23285675048828,2.275845766067505,110.8282470703125,37.72851586341858,82.76419830322266,35.279142409563065,69.32740020751953,33.20405578613281,72.60282897949219,0,14.870972398254606,37.72851586341858,74.05392498440213
g_012_006,3.3625,-76.5675,7.153453350067139,36.51935577392578,7.1872758865356445,33.71416473388672,8.745712757110596,41.17349624633789,0.2690198421478271,102.09001922607422,0.1010406017303466,105.12249755859376,1.546466827392578,106.65766143798828,38.28702646493912,81.78490447998047,35.401816606521606,68.88501739501953,33.9169282913208,71.7204818725586,0,14.734304514196184,38.28702646493912,71.96306652492947
g_012_007,3.3625,-76.5625,6.901696681976318,34.984004974365234,7.201955795288086,32.23572540283203,8.707018852233887,40.22182846069336,1.8835582733154297,98.55931091308594,2.3576107025146484,101.48628997802734,1.072002649307251,102.96807861328124,38.41985499858856,80.83921813964844,35.23389965295792,68.45927429199219,34.13113498687744,70.86662292480469,0,15.100970288117727,38.41985499858856,70.06892818874783
g_012_008,3.3625,-76.55749999999999,6.8155927658081055,33.5800895690918,7.087492942810059,30.88326072692871,8.583837032318115,39.35843276977539,1.4916725158691406,95.50318145751952,2.153125762939453,98.33869934082033,0.7646141052246094,99.774169921875,38.34091377258301,79.93853759765625,35.03128045797348,68.05497741699219,34.053186893463135,70.0512466430664,0,14.924635138776567,38.34091377258301,68.38695504930284
g_012_009,3.3625,-76.5525,6.846114635467529,32.34136962890625,6.95709228515625,29.68936920166016,8.388067722320557,38.60295104980469,1.3641471862792969,92.92137145996094,2.1975765228271484,95.67949676513672,0.6847696304321289,97.07567596435548,38.11704814434052,79.09993743896484,34.8638801574707,67.67918395996094,33.77870321273804,69.28958129882812,0,14.799711055225796,38.11704814434052,66.93099297417535
g_012_010,3.3625,-76.5475,6.902839660644531,31.30804252624512,6.818464279174805,28.69292640686035,8.179755210876465,37.97797775268555,1.3300189971923828,90.7975082397461,2.3438425064086914,93.49179077148438,0.6446905136108398,94.8554916381836,37.84167730808258,78.34904479980469,34.642943143844604,67.34230041503906,33.377328872680664,68.60503387451172,0,14.67572894361284,37.84167730808258,65.71334626939561
g_012_011,3.3625,-76.54249999999999,6.959395885467529,30.524328231811523,6.735671043395996,27.936811447143555,7.928940296173096,37.507572174072266,1.2844696044921875,89.0997543334961,2.46267318725586,91.7428207397461,0.5832042694091797,93.08035278320312,37.47361481189728,77.72288513183594,34.2637590020895,67.05929565429688,32.92347240447998,68.03236389160156,0,14.5128000560734,37.47361481189728,64.74513159857855
g_012_012,3.3625,-76.5375,7.114353179931641,30.03269386291504,6.682979583740234,27.462297439575195,7.551406383514404,37.2142333984375,1.140188217163086,87.78462219238281,2.5482091903686523,90.38777923583984,0.4882595539093017,91.70480346679688,36.718913078308105,77.2691421508789,33.54747649282217,66.84956359863281,32.0506272315979,67.61785125732422,0,14.204712545706165,36.718913078308105,64.03588740030925
g_012_013,3.3625,-76.5325,7.292360305786133,29.86485481262207,6.500080108642578,27.300264358520508,7.219625473022461,37.11441802978516,1.040182113647461,86.80354309082031,2.5456581115722656,89.37667846679688,0.4161794185638428,90.67813873291016,36.19051671028137,77.03292846679688,32.918742291629314,66.73175048828125,31.210739612579346,67.40685272216797,0,13.926009349524975,36.19051671028137,63.58993657430013
g_012_014,3.3625,-76.5275,7.364795684814453,30.03269386291504,6.39306640625,27.462297439575195,7.062710285186768,37.2142333984375,1.1430110931396484,86.11125946044922,2.530746459960937,88.66289520263672,0.5305256843566895,89.95304870605469,36.30919396877289,77.0284423828125,32.89545452594757,66.71202087402344,31.122276306152344,67.41443634033203,0,13.927975601620144,36.30919396877289,63.3990364074707
g_012_015,3.3625,-76.5225,7.413631916046143,30.524328231811523,6.467348098754883,27.936811447143555,7.142052173614502,37.507572174072266,1.3002052307128906,85.67414093017578,2.534640312194824,88.21178436279297,0.6133058071136475,89.49440002441406,36.586984515190125,77.22303771972656,33.18971809744835,66.77729797363281,31.569176197052,67.60807800292969,0,14.090784705347485,36.586984515190125,63.43971676296658
g_012_016,3.3625,-76.5175,7.538852691650391,31.30804252624512,6.557851791381836,28.69292640686035,7.1792097091674805,37.97797775268555,1.2862491607666016,85.4768295288086,2.643204689025879,88.00753784179688,0.6318159103393555,89.28617095947266,36.358919858932495,77.55816650390625,33.16133975982666,66.9039535522461,31.63627052307129,67.92993927001953,0,14.11041267712911,36.358919858932495,63.68239381578233
g_012_017,3.3625,-76.5125,7.900353908538818,32.34136962890625,6.617846488952637,29.68936920166016,7.114626407623291,38.60295104980469,1.280691146850586,85.52574157714844,2.8450002670288086,88.05675506591797,0.6065928936004639,89.3350830078125,35.19720768928528,77.97901153564453,32.29795205593109,67.06997680664062,30.5727174282074,68.32732391357422,0,13.825887587335375,35.19720768928528,64.10306464301215
g_012_018,3.3625,-76.5075,8.486252784729004,33.5800895690918,6.644411087036133,30.88326072692871,7.120036602020264,39.35843276977539,1.384784698486328,85.84870910644531,3.1164674758911133,88.3880615234375,0.4717729091644287,89.67024993896484,32.847083568573,78.44657897949219,30.246546864509583,67.25973510742188,28.05593252182007,68.76384735107422,0,13.152587612469992,32.847083568573,64.68877389695909
g_012_019,3.3625,-76.5025,9.145752429962158,34.984004974365234,6.741472244262695,32.23572540283203,7.454296112060547,40.22182846069336,1.965791702270508,86.49066925048828,0.07804536819458,89.04773712158203,0.5954420566558838,90.33868408203124,30.35518789291382,78.93701934814453,27.96469914913177,67.46353149414062,25.30052709579468,69.21784210205078,0,12.177912672360739,30.35518789291382,65.4374491373698
g_012_020,3.3625,-76.4975,9.486545085906982,36.51935577392578,6.820850372314453,33.71416473388672,7.687290668487549,41.17349624633789,0.6190619468688965,87.50630187988281,0.6795797348022461,90.09205627441406,1.3928899765014648,91.39763641357422,29.89833927154541,79.43757629394531,27.49218487739563,67.67604064941406,24.648752808570865,69.67808532714844,0,12.08061052693261,29.89833927154541,66.3549681769477
g_012_021,3.3625,-76.49249999999999,9.198169708251951,38.15900421142578,6.758586883544922,35.292449951171875,7.471862316131592,42.19710159301758,1.0588619709014893,88.95101928710938,0.9143495559692384,91.57807159423828,2.030076026916504,92.90515899658205,32.59318804740906,79.94293975830078,29.7929836511612,67.89485931396484,27.444367289543152,70.1401596069336,0,13.029160605536568,32.59318804740906,67.45119603474934
g_012_022,3.3625,-76.4875,8.698574542999268,39.88166046142578,6.828864097595215,36.950103759765625,7.424663066864014,43.279388427734375,0.7307443618774414,90.8721923828125,0.5653185844421387,93.55455017089844,2.0419448614120483,94.91097259521484,35.751473903656006,80.45256805419922,32.85363709926605,68.11951446533203,31.336812615394592,70.60394287109375,0,14.02578145927853,35.751473903656006,68.73609924316406
g_012_023,3.3625,-76.4825,8.428051471710205,41.67080307006836,7.07225513458252,38.6712646484375,7.76223087310791,44.40975189208984,0.3410866260528564,93.3024444580078,0.2137084007263183,96.05506134033205,1.892958641052246,97.44940948486328,37.43478560447693,80.96891784667969,34.798242688179016,68.35074615478516,34.01449179649353,71.07195281982422,0,14.661979026264614,37.43478560447693,70.21670574612088
g_012_024,3.3625,-76.47749999999999,8.455131530761719,43.51364135742188,7.322508335113525,40.44367218017578,8.02646541595459,45.579734802246094,0.2065069675445556,96.25613403320312,0.2988030910491943,99.09437561035156,1.791805386543274,100.53573608398438,37.37766480445862,81.4961166381836,35.092984676361084,68.59001922607422,34.56438636779785,71.5481948852539,0,14.792917397287157,37.37766480445862,71.89529164632161
g_012_025,3.3625,-76.4725,8.85925006866455,45.40026473999024,7.431815624237059,42.25783157348633,8.022066593170166,46.78261566162109,0.3044986724853515,99.729248046875,0.6836502552032471,102.66832733154295,1.8032857179641724,104.16593933105467,35.94305491447449,82.03912353515625,34.00393319129944,68.83916473388672,33.202449943870306,72.03734588623047,0,14.472667220152086,35.94305491447449,73.76887342664931
g_012_026,3.3625,-76.4675,9.583754062652588,47.32295608520508,7.522616863250732,44.10636520385742,8.112372398376465,48.01302719116211,0.7484138011932373,103.70195770263672,1.1740200519561768,106.75648498535156,1.997935175895691,108.31947326660156,33.154712438583374,82.60303497314453,31.34475588798523,69.10008239746094,29.945946842432026,72.54419708251953,0,13.73161416914728,33.154712438583374,75.82973098754883
g_012_027,3.3625,-76.46249999999999,10.36952781677246,49.275665283203125,7.790104866027832,45.98349380493164,8.650814056396484,49.26667404174805,1.6129672527313232,108.14280700683594,1.5761606693267822,111.32640838623048,2.3731985092163086,112.96348571777344,30.25696516036988,83.19261169433594,28.31293201446533,69.37454986572266,26.52830141782761,73.07319641113281,0,13.052330195903778,30.25696516036988,78.06654357910156
g_012_028,3.3625,-76.4575,10.743809700012209,51.25362014770508,8.055484771728516,47.88466644287109,9.066921710968018,50.54010391235352,2.489836812019348,113.01316833496094,2.014444589614868,116.3382797241211,2.9358760118484497,118.05755615234376,29.08910751342773,83.81192016601562,26.94725728034973,69.66407012939453,25.263167440891262,73.62814331054688,2,12.956211758984459,29.08910751342773,80.46572536892361
g_012_029,3.3625,-76.4525,10.683184623718262,53.2530403137207,8.07056474685669,49.8062744140625,9.010581970214844,51.83051300048828,2.8267171382904053,118.27124786376952,2.2351016998291016,121.7490234375,3.314633727073669,123.557861328125,29.88688063621521,84.46412658691406,27.51737117767334,69.96975708007812,26.036299109458923,74.21199798583984,2,13.286814981036716,29.88688063621521,83.01264911227756
g_012_030,3.3625,-76.44749999999999,10.438470363616943,55.2708854675293,7.924983501434326,51.74542236328125,8.711263656616211,53.1356315612793,2.83583927154541,123.8751983642578,2.2165043354034424,127.51551055908205,3.451646327972412,129.42047119140625,31.82959198951721,85.15133666992188,29.34156489372253,70.29231262207031,28.027432322502136,74.82677459716797,2,13.864144073592293,31.82959198951721,85.69261593288846
g_012_031,3.3625,-76.4425,10.286611080169678,57.304718017578125,7.959368705749512,53.699798583984375,8.614670753479004,54.4536018371582,2.748292088508606,129.78524780273438,2.2279703617095947,133.5967254638672,3.5138643980026245,135.6035614013672,32.77207970619202,85.87467193603516,30.42778801918029,70.63202667236328,29.287612915039062,75.47354125976562,2,14.204250892003378,32.77207970619202,88.49154366387262
g_012_032,3.3625,-76.4375,10.384519577026367,59.3525619506836,8.038846969604492,55.66751480102539,8.766912460327148,55.78288269042969,2.7902008295059204,135.9649200439453,2.33048152923584,139.95506286621094,3.559988498687744,142.0687255859375,32.67514705657959,86.63431549072266,30.435216903686523,70.98881530761719,29.377164483070374,76.15254211425781,2,14.262053145302666,32.67514705657959,91.39637120564778
g_012_033,3.3625,-76.43249999999999,10.676793098449709,61.41279602050781,8.224835395812988,57.64703750610352,9.046963214874268,57.122215270996094,3.005537867546081,142.38157653808594,2.4945218563079834,146.55691528320312,3.618703007698059,148.7816162109375,31.54968762397766,87.42967987060547,29.36356735229492,71.36226654052734,28.36725676059723,76.86329650878906,2,14.038651797506544,31.54968762397766,94.39526663886176
g_012_034,3.3625,-76.4275,10.905726432800291,63.48410034179688,8.390031337738037,59.63710784912109,9.284473419189451,58.47054672241211,3.359910726547241,149.00662231445312,2.7865519523620605,153.3727569580078,3.8084717392921448,155.7120819091797,30.63419818878174,88.25955963134766,28.491039276123047,71.75174713134766,27.490536093711853,77.60478973388672,2,13.905659907393986,30.63419818878174,97.47770139906142
g_012_035,3.3625,-76.4225,10.919766902923584,65.56537628173828,8.413106441497803,61.63668823242188,9.31259822845459,59.82699203491211,3.781550943851471,155.81527709960938,3.117053985595703,160.37705993652344,4.146207213401794,162.833984375,30.854538917541504,89.12235260009766,28.73755121231079,72.15645599365234,27.678510665893555,78.37559509277344,2,14.106764945718977,30.854538917541504,100.63442018296983
g_012_036,3.3625,-76.41749999999999,10.813323974609377,67.65570831298828,8.37734079360962,63.64492034912109,9.206239700317385,61.19081115722656,4.049644231796265,162.78623962402344,3.3202929496765137,167.54788208007812,4.453096926212311,170.12490844726562,31.762283086776733,90.01617431640625,29.744298696517944,72.57548522949219,28.6794011592865,79.17406463623047,2,14.489546835422516,31.762283086776733,103.85735490587022
g_012_037,3.3625,-76.4125,10.79320478439331,69.75434875488281,8.44754695892334,65.66107940673828,9.238173484802246,62.56137847900391,4.450337588787079,169.90135192871094,3.6813117265701294,174.8665313720703,4.883159697055817,177.56568908691406,32.30381727218628,90.93900299072266,30.49018502235413,73.00789642333984,29.443669319152832,79.99839782714844,2,14.859045094913906,32.30381727218628,107.13951958550348
g_012_038,3.3625,-76.4075,11.157478332519531,71.86065673828125,8.743277072906494,67.68456268310547,9.767446041107178,63.93816757202149,5.432811915874481,177.1451873779297,4.630433678627014,182.31707763671875,5.708194464445114,185.1400909423828,30.660890102386475,91.8887939453125,29.230093240737915,73.45272827148438,28.075284481048584,80.84678649902344,2,14.822878814405865,30.660890102386475,110.47489462958441
g_012_039,3.3625,-76.4025,12.26041865348816,73.97409057617188,9.336430072784424,69.7148666381836,11.09116268157959,65.32071685791016,8.680587381124496,184.504638671875,7.594290733337402,189.88604736328125,8.825114876031876,192.83432006835932,26.51076364517212,92.863525390625,25.64251971244812,73.90904998779297,24.32530975341797,81.71743774414062,3,14.918510834376017,26.51076364517212,113.8582992553711
g_013_000,3.3675,-76.5975,11.153972148895264,46.94791793823242,7.771316528320312,43.74581527709961,9.505545139312744,47.77269744873047,9.35440218448639,125.96981048583984,9.045348048210144,129.7154998779297,9.813533067703249,131.60987854003906,26.90808242559433,87.59959411621094,24.4009593129158,71.52239227294922,19.65583372116089,76.94795227050781,2,14.178776952955458,26.90808242559433,84.647950914171
g_013_001,3.3675,-76.5925,9.90977954864502,45.00052261352539,7.098662376403809,41.87347030639648,8.271769523620605,46.5273551940918,5.655808806419373,119.90533447265624,5.7730759382247925,123.47053527832033,6.436036825180054,125.27391052246094,31.87551200389862,86.51911926269531,29.52377972006797,71.02648162841797,25.144779682159424,75.97978973388672,2,14.40991160273552,31.87551200389862,81.7307243347168
g_013_002,3.3675,-76.58749999999999,9.180264472961426,43.086204528808594,6.945375919342041,40.03260040283203,8.122347354888916,45.30789566040039,3.89473569393158,114.13265228271484,4.038825511932373,117.5260009765625,4.935431718826294,119.24270629882812,34.43336832523346,85.44908905029297,32.30835780501366,70.53668975830078,28.61651086807251,75.02030181884766,0,14.719468630022472,34.43336832523346,78.92601564195421
g_013_003,3.3675,-76.5825,8.609597206115723,41.21225738525391,6.945839405059815,38.23018264770508,8.298667907714844,44.11948776245117,2.762052893638611,108.69184112548828,2.783539056777954,111.92315673828124,3.9193791151046753,113.55813598632812,35.96364545822144,84.39086151123047,33.92161786556244,70.05376434326172,30.85168695449829,74.07054138183594,0,14.895113984743753,35.96364545822144,76.25002543131511
g_013_004,3.3675,-76.5775,8.052049160003662,39.38815307617188,7.015359878540039,36.47526550292969,8.481524467468262,42.96868133544922,1.8558800220489504,103.6260986328125,1.7793099880218506,106.70647430419922,3.0223761796951294,108.26530456542967,36.96515983343125,83.34634399414062,34.80672290921211,69.57869720458984,32.29310369491577,73.13202667236328,0,14.919054014815224,36.96515983343125,73.72078280978732
g_013_005,3.3675,-76.57249999999999,7.58632755279541,37.62627029418945,7.075793266296387,34.77971267700195,8.544839859008789,41.86377334594727,0.9733538627624512,98.97967529296876,0.9080510139465332,101.92151641845705,2.177523374557495,103.41045379638672,37.56973361968994,82.31827545166016,35.0977922976017,69.11283874511719,33.09777402877808,72.2069320678711,0,14.781243208381865,37.56973361968994,71.35771645439996
g_013_006,3.3675,-76.5675,7.238052845001221,35.94285583496094,7.091217994689941,33.15910339355469,8.454027652740479,40.81532287597656,0.1645352840423584,94.7945327758789,0.1251535415649414,97.61151123046876,1.474992275238037,99.03740692138672,37.82123440504074,81.31067657470703,34.990963101387024,68.6580581665039,33.48439645767212,71.29850769042969,0,14.53828595081965,37.82123440504074,69.18088616265192
g_013_007,3.3675,-76.5625,7.095178604125977,34.35923385620117,7.0208024978637695,31.63392639160156,8.294150829315186,39.83673095703125,1.6284465789794922,91.1056137084961,2.262566566467285,93.81242370605467,0.994138479232788,95.18267822265624,37.790730357170105,80.32955169677734,34.68484616279602,68.21703338623047,33.44154071807861,70.4117202758789,0,14.801377866003248,37.790730357170105,67.20987913343642
g_013_008,3.3675,-76.55749999999999,7.029767990112305,32.90321350097656,6.880651473999023,30.230955123901367,8.1033935546875,38.944820404052734,1.2712993621826172,87.9351806640625,2.075176239013672,90.54718780517578,0.7671799659729004,91.8695068359375,37.74784362316132,79.38423156738281,34.469665467739105,67.79373168945312,33.3096022605896,69.55439758300781,0,14.62828665971756,37.74784362316132,65.46258057488336
g_013_009,3.3675,-76.5525,6.980884552001953,31.610349655151367,6.760346412658691,28.9844970703125,7.959360599517822,38.160282135009766,1.2068614959716797,85.28720092773438,2.126307487487793,87.81990814208984,0.7162039279937744,89.10205841064453,37.717060565948486,78.48959350585938,34.385189801454544,67.39429473876953,33.152782917022705,68.73931884765625,0,14.556110862228605,37.717060565948486,63.95416704813639
g_013_010,3.3675,-76.5475,6.930554866790772,30.524328231811523,6.655437469482422,27.936811447143555,7.871145725250244,37.507572174072266,1.1996421813964844,83.1435775756836,2.220741271972656,85.61193084716797,0.7056379318237305,86.86141204833984,37.74995684623718,77.67000579833984,34.350165635347366,67.02850341796875,33.05556917190552,67.98805236816406,0,14.526539011134041,37.74995684623718,62.69691043429904
g_013_011,3.3675,-76.54249999999999,6.891063213348389,29.694908142089844,6.578457832336426,27.13617706298828,7.777765274047852,37.01352691650391,1.1995582580566406,81.46385192871094,2.3379907608032227,83.88160705566406,0.6769647598266602,85.10529327392578,37.67194068431854,76.96568298339844,34.21925228834152,66.71240997314453,32.8612585067749,67.33757019042969,0,14.468250175317129,37.67194068431854,61.70122528076172
g_013_012,3.3675,-76.5375,7.0571393966674805,29.17155265808105,6.547685623168945,26.63072204589844,7.515085697174072,36.70399475097656,1.1543254852294922,80.18977355957031,2.5800094604492188,82.5689468383789,0.656522274017334,83.7728500366211,36.96815764904022,76.43932342529297,33.636461060494184,66.47134399414062,32.03158092498779,66.84874725341797,0,14.23855195235875,36.96815764904022,60.97747272915311
g_013_013,3.3675,-76.5325,7.211830139160156,28.99227523803711,6.4367876052856445,26.457523345947266,7.275534629821777,36.59838104248047,1.2088699340820312,79.2544174194336,2.792874336242676,81.60503387451172,0.6670570373535156,82.79415130615234,36.53185439109802,76.16728210449219,33.22805716842413,66.33736419677734,31.40434122085572,66.60123443603516,0,14.084134051369297,36.53185439109802,60.53418477376302
g_013_014,3.3675,-76.5275,7.293120384216309,29.17155265808105,6.415821075439453,26.63072204589844,7.144529819488525,36.70399475097656,1.3627166748046875,78.59416961669922,2.898615837097168,80.92436218261719,0.8054482936859131,82.10274505615234,36.382553577423096,76.18328857421875,33.08840283751488,66.32553100585938,31.26668405532837,66.63316345214844,0,14.0730991727776,36.382553577423096,60.36328103807237
g_013_015,3.3675,-76.5225,7.3506178855896,29.694908142089844,6.479430198669434,27.13617706298828,7.169984817504883,37.01352691650391,1.4027767181396484,78.16097259521484,2.816948890686035,80.4774398803711,0.7817468643188477,81.64842987060547,36.47749042510986,76.43043518066406,33.21513929963112,66.41207122802734,31.543121814727783,66.88412475585938,0,14.137472990486357,36.47749042510986,60.428676181369354
g_013_016,3.3675,-76.5175,7.57720422744751,30.524328231811523,6.542081832885742,27.936811447143555,7.105764865875244,37.507572174072266,1.3480243682861328,77.93206787109375,2.892916679382324,80.24081420898438,0.794264554977417,81.40742492675781,35.900452613830566,76.81752014160156,32.849758982658386,66.55945587158203,31.15813112258911,67.26077270507812,0,14.018733249770271,35.900452613830566,60.687418619791664
g_013_017,3.3675,-76.5125,7.996231079101562,31.610349655151367,6.554745674133301,28.9844970703125,7.0250630378723145,38.160282135009766,1.4466705322265625,77.9151382446289,3.139094352722168,80.22239685058594,0.7800229787826538,81.38777923583984,34.45365595817566,77.27540588378906,31.68083727359772,66.74005126953125,29.66170024871826,67.69668579101562,0,13.637557903925577,34.45365595817566,61.11028734842936
g_013_018,3.3675,-76.5075,8.605306625366211,32.90321350097656,6.618045806884766,30.230955123901367,7.191707611083984,38.944820404052734,1.7454710006713867,78.14794158935547,0.1752214431762695,80.46104431152344,0.7096978425979614,81.62896728515625,31.8980393409729,77.76321411132812,29.41240680217743,66.93762969970703,26.93484902381897,68.15455627441406,0,12.587860610749987,31.8980393409729,61.68581581115723
g_013_019,3.3675,-76.5025,9.270029067993164,34.35923385620117,6.793267250061035,31.63392639160156,7.650315761566162,39.83673095703125,0.2196271419525146,78.69218444824219,0.6443734169006348,81.02030181884766,1.0659778118133545,82.19552612304688,29.58777928352356,78.25968933105469,27.29829514026642,67.14361572265625,24.480220079422,68.6158447265625,0,11.889987217055427,29.58777928352356,62.41745037502713
g_013_020,3.3675,-76.4975,9.55903387069702,35.94285583496094,6.923964500427246,33.15910339355469,7.834890842437744,40.81532287597656,1.207895040512085,79.62287139892578,1.2645728588104248,81.97737884521484,1.8899763822555544,83.16593933105469,29.40706896781921,78.75565338134766,27.060959815979004,67.35411834716797,24.29236078262329,69.0730209350586,0,12.16008034017351,29.40706896781921,63.31847381591797
g_013_021,3.3675,-76.49249999999999,9.235475540161133,37.62627029418945,6.796206474304199,34.77971267700195,7.475042343139648,41.86377334594727,1.2656636238098145,81.01512908935547,1.2133128643035889,83.40962219238281,2.207051396369934,84.618896484375,32.28262734413147,79.24917602539062,29.49078702926636,67.56806945800781,27.17776882648468,69.5250244140625,0,13.015992826885647,32.28262734413147,64.406185997857
g_013_022,3.3675,-76.4875,8.758898258209229,39.38815307617188,6.806424140930176,36.47526550292969,7.336714744567871,42.96868133544922,0.7659626007080078,82.93158721923828,0.666621208190918,85.38151550292969,2.119225859642029,86.6200942993164,35.46534323692322,79.74264526367188,32.51293468475342,67.78614044189453,31.02487188577652,69.97452545166016,0,13.939666291077932,35.46534323692322,65.69651201036241
g_013_023,3.3675,-76.4825,8.471776962280273,41.21225738525391,6.945645809173584,38.23018264770508,7.59018611907959,44.11948776245117,0.3333678245544433,85.41303253173828,0.1971411705017089,87.93504333496094,1.8979076147079468,89.21247100830078,37.35602831840515,80.24089050292969,34.562941551208496,68.01004791259766,33.83010923862457,70.42631530761719,0,14.576122734281752,37.35602831840515,67.19996982150607
g_013_024,3.3675,-76.47749999999999,8.557280540466309,43.086204528808594,7.178541660308838,40.03260040283203,7.8763108253479,45.30789566040039,0.2195358276367187,88.47430419921875,0.3495705127716064,91.0854721069336,1.8470715284347528,92.41185760498048,37.217215061187744,80.75000762939453,34.81737542152405,68.2420654296875,34.28226584196091,70.88619995117188,0,14.70501857995987,37.217215061187744,68.91962305704753
g_013_025,3.3675,-76.4725,9.02795124053955,45.00052261352539,7.354706764221191,41.87347030639648,7.965741157531738,46.5273551940918,0.4574366807937622,92.1054229736328,0.9795527458190918,94.8224868774414,1.9695916175842283,96.20807647705078,35.34473752975464,81.27650451660156,33.41139006614685,68.48465728759766,32.491176173090935,71.3603286743164,0,14.333587108386887,35.34473752975464,70.85098054673936
g_013_026,3.3675,-76.4675,9.927014827728271,46.94791793823242,7.613903045654297,43.74581527709961,8.387486934661865,47.77269744873047,1.181137204170227,96.27647399902344,1.6965866088867188,99.11528778076172,2.198059320449829,100.57005310058594,31.3762731552124,81.8266830444336,29.7840428352356,68.74024963378906,28.2046158015728,71.85459899902344,0,13.374346637063557,31.3762731552124,72.98330858018663
g_013_027,3.3675,-76.46249999999999,10.823280334472656,48.9227294921875,8.103951930999756,45.64423751831055,9.25801706314087,49.03981399536133,2.4583420753479004,100.94429779052734,2.450999975204468,103.91935729980467,2.873359680175781,105.45269775390624,27.49718379974365,82.40616607666016,25.96492600440979,69.0109634399414,24.24756747484207,72.37425994873047,0,12.63084759314855,27.49718379974365,75.30161370171442
g_013_028,3.3675,-76.4575,11.17379665374756,50.9205207824707,8.464240550994873,47.56451034545898,9.838576793670654,50.32542037963867,3.698031425476074,106.05892944335938,3.1742985248565674,109.18321990966795,3.8649823665618896,110.8036880493164,26.09261512756348,83.01956176757812,24.35987114906311,69.29853820800781,23.02532863616944,72.92361450195312,2,12.632415692011515,26.09261512756348,77.78866704305013
g_013_029,3.3675,-76.4525,11.16419792175293,52.937801361083984,8.418044567108154,49.50331497192383,9.779978275299072,51.62686538696289,4.045774579048157,111.56884002685548,3.317885398864746,114.85374450683594,4.168094873428345,116.56896209716795,26.95758581161499,83.67021942138672,24.91354537010193,69.6041488647461,23.79687523841858,73.50580596923828,2,12.95133133729299,26.95758581161499,80.42663362291124
g_013_030,3.3675,-76.44749999999999,11.0218505859375,54.9717903137207,8.244259357452393,51.45800018310547,9.43779182434082,52.9420166015625,3.945082664489746,117.42455291748048,3.1896514892578125,120.87994384765624,4.180755972862244,122.69652557373048,28.79067587852478,84.36016845703125,26.58214426040649,69.92845153808594,25.405935287475582,74.12276458740234,2,13.422016368971931,28.79067587852478,83.19824600219727
g_013_031,3.3675,-76.4425,10.99346113204956,57.020263671875,8.290265083312988,53.42646408081055,9.392277717590332,54.26912689208984,3.9773199558258057,123.58074188232422,3.256666660308838,127.215087890625,4.314073324203491,129.13870239257812,29.466227769851685,85.09017944335938,27.40737748146057,70.27159118652344,26.14629709720612,74.77527618408203,2,13.693774024645487,29.466227769851685,86.08749262491862
g_013_032,3.3675,-76.4375,11.179440021514893,59.08142852783203,8.412845611572266,55.4069938659668,9.58712100982666,55.60676574707031,4.292105674743652,129.9972381591797,3.637826442718506,133.8177490234375,4.631632745265961,135.8531494140625,29.063359022140503,85.85993194580078,27.185272216796875,70.63323974609375,25.858882069587708,75.4631118774414,2,13.76094275712967,29.063359022140503,89.07995647854275
g_013_033,3.3675,-76.43249999999999,11.416830062866213,61.15382766723633,8.608664989471436,57.398216247558594,9.898958206176758,56.95376205444336,4.885917365550995,136.6392059326172,4.117568016052246,140.65203857421875,5.090110957622528,142.80316162109375,28.051930904388428,86.66822814941406,26.260050296783447,71.01274871826172,25.117143154144287,76.18527221679688,2,13.716352661450705,28.051930904388428,92.1629401312934
g_013_034,3.3675,-76.4275,11.49314260482788,63.23626708984375,8.739980697631836,59.39900207519531,10.050451755523682,58.30913162231445,5.330917179584503,143.4768829345703,4.476802110671997,147.68727111816406,5.439361453056336,149.9573516845703,27.726539850234985,87.51325988769531,25.892110347747803,71.40921783447266,24.889400005340576,76.9401626586914,2,13.782078444957733,27.726539850234985,95.32539410061307
g_013_035,3.3675,-76.4225,11.388265609741213,65.3277816772461,8.75930118560791,61.408424377441406,9.98094367980957,59.67206573486328,5.359814643859863,150.48513793945312,4.455269932746887,154.89752197265625,5.4158284068107605,157.2892303466797,28.42225551605225,88.392822265625,26.504014492034912,71.82159423828125,25.51452946662903,77.72584533691406,2,13.977802548143599,28.42225551605225,98.55782487657335
g_013_036,3.3675,-76.41749999999999,11.231032848358154,67.42754364013672,8.708582878112793,63.42572021484375,9.759007453918455,61.04187774658203,4.977452337741852,157.64285278320312,4.140656113624573,162.2610626220703,5.068767726421356,164.7764892578125,29.59479284286499,89.30450439453125,27.6697301864624,72.24874114990234,26.697794198989868,78.5401840209961,2,14.20531295405494,29.59479284286499,101.85210842556424
g_013_037,3.3675,-76.4125,11.174309015274048,69.53489685058594,8.699970722198486,65.45024871826172,9.713861465454102,62.41800308227539,4.942867428064346,164.93238830566406,4.125048398971558,169.75965881347656,5.077106475830078,172.40054321289062,30.088951110839844,90.24584197998048,28.3278751373291,72.68952941894531,27.3279197216034,79.3809814453125,2,14.386434386173883,30.088951110839844,105.20134353637695
g_013_038,3.3675,-76.4075,11.54593300819397,71.6492691040039,8.927893161773682,67.48149108886719,10.222898960113524,63.79994583129883,5.932147294282913,172.33895874023438,4.97076952457428,177.3781280517578,5.971213579177856,180.14584350585932,28.7167387008667,91.2144012451172,27.337758541107178,73.14283752441406,26.26602554321289,80.24607849121094,2,14.432375368144777,28.7167387008667,108.59966150919597
g_013_039,3.3675,-76.4025,12.468828678131104,73.77020263671875,9.44739818572998,69.51899719238281,11.399025440216064,65.18729400634766,9.4279807806015,179.85025024414062,8.220039248466492,185.10379028320312,9.481316149234772,187.9994354248047,25.51593399047852,92.2078857421875,24.609105825424194,73.60762786865234,23.57869458198548,81.1334228515625,3,14.905369208918678,25.51593399047852,112.04210069444444
g_014_000,3.3725,-76.5975,10.96001434326172,46.7207145690918,7.655131340026855,43.527381896972656,9.291178226470947,47.627174377441406,8.973902225494385,120.3110122680664,8.765376925468445,123.88943481445312,9.44706130027771,125.69856262207033,27.6538388133049,87.29609680175781,25.07711471617222,71.37236785888672,20.40075445175171,76.6808090209961,2,14.247152482469877,27.6538388133049,82.56928380330403
g_014_001,3.3725,-76.5925,9.65303373336792,44.75802230834961,7.06829833984375,41.64029312133789,8.12528371810913,46.37260055541992,5.077006578445435,113.99398803710938,5.302719831466675,117.38443756103516,5.851606726646423,119.09884643554688,32.579756021499634,86.20958709716797,30.18343275785446,70.87321472167969,26.01821756362915,75.70733642578125,0,14.428817252318064,32.579756021499634,79.55981402926975
g_014_002,3.3725,-76.58749999999999,8.95421314239502,42.82648468017578,6.999447822570801,39.78282165527344,8.04619836807251,45.142852783203125,3.2091161012649536,107.95862579345705,3.5005199909210205,111.16943359375,4.2325359582901,112.79332733154295,34.920142471790314,85.1324462890625,32.73117959499359,70.37969970703125,29.299232959747314,74.74153900146484,0,14.654731823338402,34.920142471790314,76.65858120388455
g_014_003,3.3725,-76.5825,8.40031099319458,40.9330940246582,7.022011756896973,37.96163558959961,8.224142074584961,43.94295883178711,2.1034361124038696,102.25010681152344,2.318886041641236,105.29092407226562,3.2466593980789185,106.82917022705078,36.24679481983185,84.06564331054688,34.09174358844757,69.8924331665039,31.292200088500977,73.78412628173828,0,14.77179831928677,36.24679481983185,73.88334359063043
g_014_004,3.3725,-76.5775,7.955828666687012,39.08699417114258,7.070861339569092,36.18548202514648,8.368380546569824,42.77932357788086,1.3375855684280396,96.9192352294922,1.4846980571746826,99.80125427246094,2.5348106622695923,101.25948333740234,36.93773770332336,83.01056671142578,34.66782867908478,69.41218566894531,32.36416578292847,72.83609771728516,0,14.746877445114983,36.93773770332336,71.25451363457574
g_014_005,3.3725,-76.57249999999999,7.645915985107422,37.30023956298828,7.078620910644531,34.46589279174805,8.325678825378418,41.66012191772461,0.6171917915344238,92.02072143554688,0.8208568096160889,94.75672912597656,1.87729561328888,96.1413803100586,37.14550298452377,81.9692153930664,34.65292373299599,68.94001770019531,32.73908615112305,71.8989486694336,0,14.54478586713473,37.14550298452377,68.79480743408203
g_014_006,3.3725,-76.5675,7.52097225189209,35.588802337646484,6.999922752380371,32.818172454833984,8.058322429656982,40.59584045410156,1.8307132720947263,87.60944366455078,0.2642347812652588,90.21388244628906,1.3261747360229492,91.53221130371094,36.92674911022186,80.94456481933594,34.20766368508339,68.47738647460938,32.52088642120361,70.97491455078125,0,14.406182159980139,36.92674911022186,66.52835761176215
g_014_007,3.3725,-76.5625,7.5074334144592285,33.973907470703125,6.826976776123047,31.26270866394043,7.724842548370361,39.59990692138672,1.3074951171875,83.73451232910156,2.339468002319336,86.22328186035156,0.9246542453765868,87.48328399658203,36.63196921348572,79.9411849975586,33.70075434446335,68.0263900756836,32.043285846710205,70.0675048828125,0,14.334097723166147,36.63196921348572,64.47918679979112
g_014_008,3.3725,-76.55749999999999,7.448682308197021,32.483642578125,6.675150871276856,29.82652473449707,7.442467212677002,38.68939208984375,1.0333919525146484,80.43112182617188,2.152674674987793,82.82118225097656,0.7434887886047363,84.03136444091797,36.54803729057312,78.96629333496094,33.38918475806713,67.59014129638672,31.78844308853149,69.18241119384766,0,14.1357245494922,36.54803729057312,62.66911930508084
g_014_009,3.3725,-76.5525,7.284348964691162,31.15459632873535,6.550704002380371,28.544910430908203,7.307830333709717,37.88561630249024,1.0015316009521484,77.7115478515625,2.0838327407836914,80.02021789550781,0.6951107978820801,81.18927764892578,36.781676173210144,78.03187561035156,33.41435353457928,67.1735610961914,31.885809421539307,68.32926940917969,0,14.111688618858656,36.781676173210144,61.11565250820584
g_014_010,3.3725,-76.5475,7.1066436767578125,30.03269386291504,6.491178512573242,27.462297439575195,7.336296558380127,37.2142333984375,1.020488739013672,75.55776977539062,2.1209192276000977,77.8018569946289,0.7012550830841064,78.93820190429688,37.17878365516663,77.15868377685547,33.617322221398354,66.78482055664062,32.15924024581909,67.52531433105469,0,14.192458657754791,37.17878365516663,59.830652448866104
g_014_011,3.3725,-76.54249999999999,6.909136772155762,29.17155265808105,6.430866241455078,26.63072204589844,7.461765766143799,36.70399475097656,1.0714454650878906,73.91919708251953,2.22780990600586,76.1139907836914,0.731849193572998,77.22527313232422,37.5719518661499,76.38404083251953,33.87740417569876,66.43831634521484,32.48725271224976,66.80269622802734,0,14.307720233168867,37.5719518661499,58.82108709547255
g_014_012,3.3725,-76.5375,6.939294815063477,28.625822067260746,6.474245071411133,26.10340690612793,7.505823135375977,36.38320541381836,1.1568012237548828,72.7177963256836,2.516627311706543,74.87626647949219,0.8241294622421265,75.96895599365234,37.47808623313904,75.77593994140625,33.82583484612405,66.16051483154297,32.23602533340454,66.22404479980469,0,14.328540825802419,37.47808623313904,58.09288363986545
g_014_013,3.3725,-76.5325,6.924323558807373,28.438396453857425,6.459131240844727,25.922239303588867,7.468691825866699,36.273529052734375,1.315511703491211,71.86088562011719,2.731363296508789,73.99324035644531,0.905609369277954,75.07242584228516,37.54923439025879,75.4514389038086,33.921695701777935,66.00152587890625,32.28251552581787,65.91590881347656,0,14.39534184585015,37.54923439025879,57.65884335835775
g_014_014,3.3725,-76.5275,7.01243782043457,28.625822067260746,6.500147819519043,26.10340690612793,7.430021286010742,36.38320541381836,1.4204330444335938,71.2586898803711,2.814807891845703,73.37247467041016,0.923829197883606,74.44188690185547,37.31511425971985,75.49869537353516,33.86231288313866,66.00413513183594,32.292195320129395,65.99127960205078,0,14.396811058123907,37.31511425971985,57.51995510525174
g_014_015,3.3725,-76.5225,7.165814399719238,29.17155265808105,6.552582740783691,26.63072204589844,7.352390766143799,36.70399475097656,1.360321044921875,70.84239196777344,2.819112777709961,72.94307708740234,0.8700703382492065,74.00543212890625,37.00340008735657,75.80081176757812,33.7149600982666,66.11463928222656,32.27033734321594,66.30885314941406,0,14.345443288485209,37.00340008735657,57.61349720425076
g_014_016,3.3725,-76.5175,7.513556480407715,30.03269386291504,6.555631637573242,27.462297439575195,7.137693881988525,37.2142333984375,1.2913150787353516,70.57832336425781,2.9731407165527344,72.67039489746094,0.8512189388275146,73.7279052734375,35.83861756324768,76.2255859375,32.86627787351608,66.27751922607422,31.253780603408813,66.72868347167969,0,14.03124808602863,35.83861756324768,57.87973743014865
g_014_017,3.3725,-76.5125,8.026110172271729,31.15459632873535,6.516816139221191,28.544910430908203,6.991208553314209,37.88561630249024,1.375152587890625,70.47562408447266,0.1242384910583496,72.56381225585938,0.8167767524719238,73.6188735961914,33.87130284309387,76.69971466064453,31.117592453956604,66.46446228027344,29.03213357925415,67.18389129638672,0,13.096814619170296,33.87130284309387,58.287944581773544
g_014_018,3.3725,-76.5075,8.705175876617432,32.483642578125,6.618533134460449,29.82652473449707,7.274229526519775,38.68939208984375,1.876420974731445,70.5858154296875,0.3498520851135254,72.67638397216797,0.8865015506744385,73.73218536376953,31.252502918243408,77.18644714355469,28.648614525794983,66.66136169433594,26.072824001312256,67.64322662353516,0,12.409406065940857,31.252502918243408,58.831664403279625
g_014_019,3.3725,-76.5025,9.300571918487549,33.973907470703125,6.81765079498291,31.26270866394043,7.729529857635498,39.59990692138672,0.6486990451812744,70.99425506591797,0.92610502243042,73.09598541259766,1.435599446296692,74.15706634521484,29.46873164176941,77.66949462890625,26.9908150434494,66.86174011230469,24.28332495689392,68.09369659423828,0,11.955669747458565,29.46873164176941,59.52319569057889
g_014_020,3.3725,-76.4975,9.522342681884766,35.588802337646484,6.9691925048828125,32.818172454833984,7.875641345977783,40.59584045410156,1.4022343158721924,71.80465698242188,1.4830362796783447,73.9294204711914,2.084955930709839,75.00202178955078,29.44720888137817,78.14393615722656,26.95842814445496,67.06340026855469,24.38050150871277,68.53214263916016,0,12.235949065950182,29.44720888137817,60.38648817274306
g_014_021,3.3725,-76.49249999999999,9.340255737304688,37.30023956298828,6.854133605957031,34.46589279174805,7.568479537963867,41.66012191772461,1.3232927322387695,73.11975860595703,1.325869083404541,75.28244018554688,2.313010096549988,76.37458038330078,31.72294855117798,78.6113052368164,28.95223045349121,67.26664733886719,26.718633890151978,68.96087646484375,0,12.902094854248894,31.72294855117798,61.449095831977
g_014_022,3.3725,-76.4875,8.979602813720703,39.08699417114258,6.756470203399658,36.18548202514648,7.351187705993652,42.77932357788086,0.879521369934082,75.02256774902344,0.7965800762176514,77.24053192138672,2.1942185163497925,78.36181640625,34.55516695976257,79.0767593383789,31.599226713180546,67.47325134277344,29.99258136749268,69.38520050048828,0,13.678283969561258,34.55516695976257,62.734658559163414
g_014_023,3.3725,-76.4825,8.694633960723877,40.9330940246582,6.789797782897949,37.96163558959961,7.449592590332031,43.94295883178711,0.5208017826080322,77.56326293945312,0.4592278003692627,79.8553695678711,2.1089991331100464,81.01658630371094,36.50332427024841,79.54730987548828,33.64597129821777,67.68583679199219,32.668979823589325,69.81195068359375,0,14.315703160232967,36.50332427024841,64.2575560675727
g_014_024,3.3725,-76.47749999999999,8.761609077453613,42.82648468017578,7.021449089050293,39.78282165527344,7.714909076690674,45.142852783203125,0.5490943193435669,80.7546615600586,0.6826703548431396,83.14012908935547,2.195149302482605,84.35269927978516,36.566202878952026,80.03076934814453,34.07857084274292,67.90737915039062,33.29255300760269,70.24852752685547,0,14.540245327684614,36.566202878952026,66.0207027859158
g_014_025,3.3725,-76.4725,9.169601917266846,44.75802230834961,7.272260665893555,41.64029312133789,7.91142988204956,46.37260055541992,0.9443609714508056,84.5759506225586,1.4587018489837646,87.07335662841797,2.47805917263031,88.34873962402344,35.00653696060181,80.53498840332031,32.982781171798706,68.14096069335938,31.9773443043232,70.70233917236328,0,14.355675210555395,35.00653696060181,68.01636123657227
g_014_026,3.3725,-76.4675,9.98187255859375,46.7207145690918,7.630609512329102,43.527381896972656,8.442263126373291,47.627174377441406,1.7691912651062012,88.98171997070312,2.3277831077575684,91.60826110839844,2.7445582151412964,92.9574203491211,31.02748107910156,81.06732177734375,29.493915557861328,68.38944244384766,27.965195059776303,71.18023681640625,0,13.48698549800449,31.02748107910156,70.22885258992513
g_014_027,3.3725,-76.46249999999999,10.86303997039795,48.70915222167969,8.147371768951416,45.43893432617188,9.399177074432371,48.902587890625,3.003575325012207,93.9124526977539,3.0887255668640137,96.68350982666016,3.3226510286331177,98.11656188964844,27.090522527694706,81.63411712646484,25.803287267684937,68.6552734375,24.171653866767883,71.68814849853516,0,12.765556044048733,27.090522527694706,72.63785976833768
g_014_028,3.3725,-76.4575,11.281391620635986,50.71913909912109,8.548490524291992,47.37095260620117,10.05043363571167,50.19567108154297,4.375038385391235,99.30368041992188,3.97660493850708,102.23265838623048,4.456190228462219,103.75858306884766,25.299521923065186,82.2403564453125,23.88227391242981,68.9403305053711,22.71381521224976,72.23072814941406,1,12.731528931193882,25.299521923065186,75.22134441799588
g_014_029,3.3725,-76.4525,11.272220134735107,52.747371673583984,8.50700569152832,49.3203010559082,10.058339595794678,51.503883361816406,5.048487544059753,105.09241485595705,4.411749362945557,108.1907958984375,5.15156090259552,109.81736755371094,25.958066940307617,82.88938903808594,24.20732879638672,69.24579620361328,23.27526104450226,72.81114196777344,2,13.098891112539503,25.958066940307617,77.95760684543185
g_014_030,3.3725,-76.44749999999999,11.252903938293455,54.791236877441406,8.38733434677124,51.28449630737305,9.845754623413086,52.82516479492188,5.305086493492127,111.22102355957033,4.552839040756226,114.49848175048828,5.451613426208496,116.23226928710938,27.32120943069458,83.58291625976562,25.44863247871399,69.57217407226562,24.41497266292572,73.43102264404297,2,13.553371826807657,27.32120943069458,80.82653172810872
g_014_031,3.3725,-76.4425,11.325109958648682,56.84865188598633,8.460108280181885,53.26155853271485,9.95329523086548,54.15785598754883,5.599027037620544,117.6388702392578,4.848782062530518,121.10354614257812,5.721887826919556,122.9499740600586,27.485538721084595,84.32110595703125,25.877747535705566,69.91932678222656,24.63085329532624,74.09061431884766,2,13.766927772098118,27.485538721084595,83.81016710069444
g_014_032,3.3725,-76.4375,11.587185382843018,58.91793823242188,8.697185516357422,55.24990463256836,10.271953582763672,55.500587463378906,6.153069317340851,124.30274200439452,5.390432596206665,127.96141815185548,6.158758044242859,129.92491149902344,26.740150928497314,85.1028823852539,25.373894691467285,70.28662109375,24.10048270225525,74.78901672363281,2,13.830345862441593,26.740150928497314,86.89289135403104
g_014_033,3.3725,-76.43249999999999,11.780091285705566,60.99774169921875,8.883519649505615,57.24824905395508,10.574959754943848,56.85224533081055,6.807224631309509,131.1763916015625,5.967479109764099,135.03472900390625,6.727640986442566,137.1188201904297,25.95275354385376,85.92623138427734,24.63351559638977,70.67304992675781,23.56506848335266,75.52447509765625,2,13.876917004585266,25.95275354385376,90.0613259209527
g_014_034,3.3725,-76.4275,11.769665718078612,63.08695602416992,8.977216720581055,59.25554656982422,10.617586612701416,58.21189498901367,7.208183825016022,138.22975158691406,6.265505790710449,142.29249572753906,7.105448007583618,144.5,26.026042461395264,86.78854370117188,24.57977652549744,71.07736206054688,23.74166917800904,76.29468536376953,2,14.032343871063656,26.026042461395264,93.30413733588324
g_014_035,3.3725,-76.4225,11.59561538696289,65.18468475341797,8.984445095062256,61.27094650268555,10.436261653900146,59.57876586914063,6.835386037826538,145.43809509277344,5.916120886802673,149.70919799804688,6.738365709781647,152.0423126220703,27.031563758850098,87.6868896484375,25.346595287323,71.49821472167969,24.5822913646698,77.09705352783203,2,14.162960575686562,27.031563758850098,96.61179563734267
g_014_036,3.3725,-76.41749999999999,11.405453205108644,67.29016876220703,8.929699420928955,63.29374313354492,10.181607246398926,60.95221710205078,6.025612592697144,152.78109741210938,5.153465509414673,157.26390075683594,5.891481667757034,159.724365234375,28.19050359725952,88.61824035644531,26.445473194122314,71.93421173095703,25.689653873443604,77.92888641357422,2,14.212550034125647,28.19050359725952,99.97631454467773
g_014_037,3.3725,-76.4125,11.430182456970217,69.40280151367188,8.956175804138184,65.32334899902344,10.163709163665771,62.33170700073242,5.6543889939785,160.24212646484375,4.8503711223602295,164.93946838378906,5.575232550501823,167.528564453125,28.41670846939087,89.57964324951172,26.82463002204895,72.38400268554688,26.03748345375061,78.78754425048828,2,14.212098004089462,28.41670846939087,103.39102300008138
g_014_038,3.3725,-76.4075,11.80570673942566,71.5220718383789,9.117257595062256,67.35929107666016,10.618948459625244,63.71677017211914,6.587348826229572,167.80751037597656,5.688992738723755,172.72183227539062,6.506637074053288,175.44058227539062,27.15235996246338,90.56829071044922,25.908507108688354,72.84632110595703,25.07277250289917,79.6705322265625,2,14.273170111907852,27.15235996246338,106.85035578409831
g_014_039,3.3725,-76.4025,12.579304218292236,73.64752960205078,9.55215072631836,69.40115356445312,11.65277624130249,65.10702514648438,10.214054059237242,175.466064453125,8.97433876991272,180.59942626953125,10.192117892205715,183.4486083984375,24.62126064300537,91.58157348632812,23.76922345161438,73.31998443603516,23.02964854240417,80.57552337646484,3,14.953874949365854,24.62126064300537,110.34965430365668
g_015_000,3.3775,-76.5975,10.789103031158447,46.64460754394531,7.5402631759643555,43.4542121887207,9.072489738464355,47.57844161987305,8.588299632072449,114.95525360107422,8.444575071334839,118.37519073486328,9.079084157943726,120.10360717773438,28.428555488586422,87.05245208740234,25.74056081473828,71.24897766113281,21.15673780441284,76.46760559082031,2,14.315518768297302,28.428555488586422,80.65337202284071
g_015_001,3.3775,-76.5925,9.462075233459473,44.67673873901367,7.03490161895752,41.562129974365234,8.011931896209717,46.32074737548828,4.544782876968384,108.372802734375,4.793925642967224,111.5968780517578,5.346308469772339,113.22669982910156,33.273428320884705,85.96504211425781,30.765888392925262,70.74868774414062,26.869707107543945,75.49349975585938,0,14.455883284409841,33.273428320884705,77.55146959092882
g_015_002,3.3775,-76.58749999999999,8.754049301147461,42.73935317993164,7.02408504486084,39.69902038574219,7.993078231811523,45.08750534057617,2.5662254095077515,102.0555648803711,2.9307477474212646,105.09162139892578,3.613620400428772,106.62679290771484,35.43052124977112,84.8868637084961,33.05868776142597,70.25395965576172,29.971027851104736,74.52696228027344,0,14.59356033305327,35.43052124977112,74.55196041531033
g_015_003,3.3775,-76.5825,8.252696514129639,40.8393440246582,7.102716445922852,37.87145233154297,8.167192935943604,43.88370895385742,1.4741851091384888,96.05306243896484,1.845441222190857,98.91040802001952,2.638267993927002,100.35562133789062,36.46747267246246,83.8187484741211,34.0928535759449,69.76531982421875,31.664989948272705,73.56857299804688,0,14.6339796019925,36.46747267246246,71.67402648925781
g_015_004,3.3775,-76.5775,7.921545028686523,38.98573303222656,7.1323676109313965,36.08804321289063,8.23577070236206,42.7156982421875,0.7874696254730225,90.42379760742188,1.1981003284454346,93.11346435546876,2.054270029067993,94.47428894042967,36.80064058303833,82.76187896728516,34.34740483760834,69.28346252441406,32.345787525177,72.61913299560547,0,14.535928474532234,36.80064058303833,68.94061109754774
g_015_005,3.3775,-76.57249999999999,7.793586730957031,37.19044494628906,7.097725868225098,34.360206604003906,8.037262439727783,41.59160614013672,0.2156605720520019,85.2342529296875,0.8083102703094482,87.7692642211914,1.5876290798187256,89.05225372314453,36.44518804550171,81.71794128417969,33.92430880665779,68.809326171875,32.06633138656616,71.67984771728516,0,14.219555911090639,36.44518804550171,66.37834930419922
g_015_006,3.3775,-76.5675,7.901942253112793,35.4693489074707,6.953707695007324,32.70314407348633,7.603991031646728,40.52187728881836,1.4455718994140625,80.55555725097656,0.5306642055511475,82.95105743408203,1.1609314680099487,84.16382598876953,35.539459228515625,80.68946075439453,32.90741848945618,68.34418487548828,30.925528049469,70.75253295898438,0,13.885468257798088,35.539459228515625,64.01677661471896
g_015_007,3.3775,-76.5625,8.002851486206055,33.843605041503906,6.722567558288574,31.13716697692871,7.173264503479004,39.51994705200195,1.0596027374267578,76.45648193359375,0.2422666549682617,78.72966766357422,0.8174819946289062,79.880859375,34.66848659515381,79.68031311035156,31.81715077161789,67.88984680175781,29.58375358581543,69.84004211425781,0,13.343047320842743,34.66848659515381,61.88643667432997
g_015_008,3.3775,-76.55749999999999,7.966975688934326,32.34136962890625,6.550612449645996,29.68936920166016,6.855503559112549,38.60295104980469,0.8845310211181641,72.99227905273438,2.403573036193848,75.16199493408203,0.6270838975906372,76.26107025146484,34.30751729011536,78.69671630859375,31.176281794905663,67.44902801513672,28.87854814529419,68.94703674316406,0,13.294514098101192,34.30751729011536,60.01575724283854
g_015_009,3.3775,-76.5525,7.727951049804687,30.99955368041992,6.399553298950195,28.39534378051757,6.7483744621276855,37.792423248291016,0.8772563934326172,70.1904067993164,2.2737770080566406,72.2763442993164,0.6301378011703491,73.33317565917969,34.997912645339966,77.74903869628906,31.533428117632862,67.02599334716797,29.40193796157837,68.0815200805664,0,13.398925415343708,34.997912645339966,58.42708884345161
g_015_010,3.3775,-76.5475,7.396913528442383,29.86485481262207,6.352283477783203,27.300264358520508,6.805181503295898,37.11441802978516,0.8939857482910156,68.03701782226562,2.1909284591674805,70.05844116210938,0.6743687391281128,71.08269500732422,35.971707820892334,76.85556030273438,32.27833081781864,66.62782287597656,30.44404983520508,67.2579116821289,0,13.667527770002684,35.971707820892334,57.13322067260742
g_015_011,3.3775,-76.54249999999999,7.062557220458984,28.99227523803711,6.303422927856445,26.457523345947266,7.039628028869629,36.59838104248047,0.9320926666259766,66.47014617919922,2.092069625854492,68.4444808959961,0.7306467294692993,69.44486999511719,37.05218124389648,76.04966735839844,33.15267485007644,66.26698303222656,31.631271362304688,66.50313568115234,0,13.999616072823605,37.05218124389648,56.13638475206163
g_015_012,3.3775,-76.5375,6.886714458465576,28.438396453857425,6.356337547302246,25.922239303588867,7.285658836364746,36.273529052734375,1.0323371887207031,65.38507843017578,2.236639976501465,67.32665252685547,0.8541690111160278,68.31031036376953,37.68768775463104,75.39198303222656,33.704627119004726,65.9653549194336,32.222389698028564,65.86668395996094,0,14.251840176681677,37.68768775463104,55.43113644917806
g_015_013,3.3775,-76.5325,6.7064714431762695,28.247987747192383,6.433383941650391,25.73815155029297,7.481428623199463,36.162376403808594,1.1976375579833984,64.65265655517578,2.316927909851074,66.5719223022461,0.9357210397720336,67.5440444946289,23.638259887695312,7.266927402709011e-13,24.818649291992188,0.0,16.823503494262695,2.1140511216599658e-13,1,10.03910924328698,24.818649291992188,32.101904339260635
g_015_014,3.3775,-76.5275,6.789626598358154,28.438396453857425,6.495741844177246,25.922239303588867,7.562987327575684,36.273529052734375,1.1947498321533203,64.14558410644531,2.3994569778442383,66.0492172241211,0.918892502784729,67.01306915283203,38.15952944755554,75.08358001708984,34.334296226501465,65.7945327758789,33.13816022872925,65.60746002197266,0,14.554826776186625,38.15952944755554,54.92528978983561
g_015_015,3.3775,-76.5225,7.018207550048828,28.99227523803711,6.56716251373291,26.457523345947266,7.430777549743652,36.59838104248047,1.108957290649414,63.76519012451172,2.5593690872192383,65.65692901611328,0.8682756423950195,66.61431884765625,37.49845218658447,75.3998794555664,33.99454081058502,65.9127197265625,32.88430047035217,65.95159149169922,0,14.436671455701193,37.49845218658447,55.03875647650825
g_015_016,3.3775,-76.5175,7.522292137145996,29.86485481262207,6.5391387939453125,27.300264358520508,7.094989776611328,37.11441802978516,0.993295669555664,63.4620361328125,2.8137435913085938,65.34413146972656,0.7966212034225464,66.296142578125,35.673906564712524,75.8165054321289,32.65415000915527,66.07239532470703,31.15841388702393,66.36856079101562,0,13.916283514764574,35.673906564712524,55.29325654771593
g_015_017,3.3775,-76.5125,8.238068580627441,30.99955368041992,6.481883049011231,28.39534378051757,7.018869876861572,37.792423248291016,1.1370487213134766,63.24674987792969,0.0932409763336181,65.12176513671875,0.6605654954910278,66.0696792602539,32.84601449966431,76.26798248291016,30.057260870933533,66.25,27.883618116378784,66.80512237548828,0,12.712952242957222,32.84601449966431,55.660957760281036
g_015_018,3.3775,-76.5075,8.981379985809326,32.34136962890625,6.685020446777344,29.68936920166016,7.479023456573486,38.60295104980469,1.9047250747680664,63.18982696533203,0.3991522789001465,65.06241607666016,0.9354002475738524,66.00859832763672,30.15326237678528,76.72232818603516,27.44222855567932,66.43367004394531,24.86326789855957,67.23602294921875,0,12.093717813491821,30.15326237678528,56.142950269911026
g_015_019,3.3775,-76.5025,9.43676471710205,33.843605041503906,6.913607597351074,31.13716697692871,7.867982864379883,39.51994705200195,0.9780209064483644,63.40997314453125,1.0946452617645264,65.2883071899414,1.748698115348816,66.23696899414062,28.93223667144776,77.1668930053711,26.2697172164917,66.61839294433594,23.75445592403412,67.65211486816406,0,11.888458808263143,28.93223667144776,56.76370769076877
g_015_020,3.3775,-76.4975,9.624473571777344,35.4693489074707,6.987199783325195,32.70314407348633,7.982840061187744,40.52187728881836,1.6149139404296875,64.0519790649414,1.6126863956451416,65.94852447509766,2.382749557495117,66.90616607666016,29.21318483352661,77.59979248046875,26.56833052635193,66.80313873291016,24.20022869110108,68.05318450927734,0,12.242956373426649,29.21318483352661,57.56190617879232
g_015_021,3.3775,-76.49249999999999,9.560033798217772,37.19044494628906,6.947909355163574,34.360206604003906,7.826061725616455,41.59160614013672,1.633259415626526,65.25776672363281,1.6327471733093262,67.189208984375,2.5995333194732666,68.16471862792969,30.753782033920288,78.02509307861328,28.012560844421387,66.98918151855469,25.860304534435272,68.44392395019531,0,12.75846580002043,30.753782033920288,58.579127841525604
g_015_022,3.3775,-76.4875,9.316267013549805,38.98573303222656,6.861239910125732,36.08804321289063,7.580091953277588,42.7156982421875,1.4211688041687012,67.13797760009766,1.416649580001831,69.12428283691406,2.6573654413223267,70.12864685058594,32.99145293235779,78.45001220703125,30.14499020576477,67.17913818359375,28.31239253282547,68.83152770996094,0,13.411290930377113,32.99145293235779,59.84900665283203
g_015_023,3.3775,-76.4825,9.097334384918211,40.8393440246582,6.833141326904297,37.87145233154297,7.517931461334228,43.88370895385742,1.2383180856704712,69.75289916992188,1.2741975784301758,71.81582641601562,2.7198054790496826,72.86149597167969,34.921751976013184,78.88317108154297,32.15499329566956,67.37628936767578,30.77228432148695,69.22430419921875,0,14.058861989941862,34.921751976013184,61.38983239067925
g_015_024,3.3775,-76.47749999999999,9.031094551086426,42.73935317993164,6.969260215759277,39.69902038574219,7.673125267028809,45.08750534057617,1.3567123413085938,73.10814666748047,1.4803457260131836,75.26964569091797,2.869005560874939,76.36971282958984,35.58882284164429,79.3336410522461,33.131022930145264,67.58421325683594,32.042458206415176,69.63082885742188,0,14.460205293363995,35.58882284164429,63.202451917860245
g_015_025,3.3775,-76.4725,9.257089614868164,44.67673873901367,7.221287727355957,41.562129974365234,7.899613857269287,46.32074737548828,1.7324588298797607,77.16388702392578,2.052272319793701,79.4446792602539,3.167959690093994,80.6120834350586,34.97904300689697,79.8102798461914,32.89337635040283,67.80645751953125,31.81462788581848,70.05941772460938,0,14.557525475819906,34.97904300689697,65.27293565538194
g_015_026,3.3775,-76.4675,9.816952228546144,46.64460754394531,7.636488914489746,43.4542121887207,8.300332069396973,47.57844161987305,2.226103544235229,81.85105895996094,2.789428949356079,84.2697982788086,3.2662545442581177,85.51663970947266,32.0273277759552,80.32125854492188,30.40287065505981,68.0462646484375,29.08308744430542,70.51768493652344,0,13.949871791733635,32.0273277759552,67.57777404785156
g_015_027,3.3775,-76.46249999999999,10.552813529968262,48.63765335083008,8.045769214630127,45.37020492553711,9.067451000213625,48.85665893554688,2.966683149337769,87.08779907226562,3.296437263488769,89.66062927246094,3.39682412147522,90.99772644042967,28.46675682067871,80.87348175048828,27.135395765304565,68.30635833740234,25.655844807624817,71.0120849609375,0,13.175997296969095,28.46675682067871,70.08917744954427
g_015_028,3.3775,-76.4575,11.078999042510986,50.65175628662109,8.440787315368652,47.30618667602539,9.834171772003174,50.15226364135742,4.252398610115051,92.79167938232422,4.011190891265869,95.53223419189452,4.321170449256897,96.96891021728516,26.133748292922974,81.4721450805664,24.837788105010983,68.58867645263672,23.64577054977417,71.54747009277344,1,12.950669447580973,26.133748292922974,72.77903578016493
g_015_029,3.3775,-76.4525,11.212695121765137,52.68367767333984,8.460394859313965,49.259090423583984,9.986298084259031,51.46275329589844,5.419939279556274,98.88707733154295,4.852740049362183,101.8066635131836,5.462412714958191,103.3506851196289,26.309557914733887,82.12036895751953,24.76817393302917,68.89430236816406,23.791720628738403,72.1268081665039,1,13.362659176190695,26.309557914733887,75.62126964992947
g_015_030,3.3775,-76.44749999999999,11.23954963684082,54.73086929321289,8.405664443969727,51.22648239135742,9.952759265899658,52.78610229492188,6.196839332580566,105.30840301513672,5.409433364868164,108.41629028320312,6.277031183242798,110.07398986816406,27.1912055015564,82.81924438476562,25.60195231437683,69.22344970703125,24.542379021644592,72.75118255615234,2,13.868534896108839,27.1912055015564,78.59289042154948
g_015_031,3.3775,-76.4425,11.331669330596924,56.791290283203125,8.495258331298828,53.20643997192383,10.059256553649902,54.12066650390625,6.630805253982544,112.00074768066406,5.897115826606751,115.30451965332033,6.7455636858940125,117.08090209960938,27.48002290725708,83.56800079345703,26.095768928527832,69.5755844116211,24.85793519020081,73.41999053955078,2,14.17704400089052,27.48002290725708,81.67423799302843
g_015_032,3.3775,-76.4375,11.534947395324709,58.8633041381836,8.728126049041748,55.197410583496094,10.346453189849854,55.465110778808594,7.003321826457977,118.91913604736328,6.286270022392273,122.4249496459961,6.986553609371185,124.32394409179688,26.81019687652588,84.36449432373047,25.58837080001831,69.9496078491211,24.382168531417847,74.1313705444336,2,14.185156477822197,26.81019687652588,84.84881422254774
g_015_033,3.3775,-76.43249999999999,11.697144508361816,60.945594787597656,8.908525466918945,57.19814682006836,10.600000381469728,56.81832885742188,7.349019765853882,126.02716827392578,6.562034606933594,129.74008178710938,7.159335970878601,131.76467895507812,26.04769515991211,85.20562744140625,24.86636781692505,70.34405517578125,23.899561643600464,74.8825912475586,2,14.121076146761576,26.04769515991211,88.10291926066081
g_015_034,3.3775,-76.4275,11.66333293914795,63.03708267211914,9.01416015625,59.2076301574707,10.64223289489746,58.17941665649414,7.720584571361542,133.29562377929688,6.902149558067322,137.21975708007812,7.565769523382187,139.37220764160156,26.20262908935547,86.08779907226562,24.85033631324768,70.75726318359375,24.137803316116333,75.67044830322266,2,14.299888706869549,26.20262908935547,91.42524761623807
g_015_035,3.3775,-76.4225,11.533220767974854,65.13689422607422,8.987728595733643,61.22503280639648,10.48154592514038,59.547611236572266,7.441679775714874,140.7010498046875,6.565656423568726,144.83981323242188,7.269532322883606,147.121826171875,27.0154972076416,87.00723266601562,25.461636066436768,71.18751525878906,24.8445417881012,76.49159240722656,2,14.400115430355072,27.0154972076416,94.80650753445096
g_015_036,3.3775,-76.41749999999999,11.40026330947876,67.24430084228516,8.994197368621826,63.24967193603516,10.259946823120115,60.92227935791016,6.566854789853096,148.22470092773438,5.857127070426941,152.5809326171875,6.449786111712456,154.99368286132812,28.039347171783447,87.96024322509766,26.357778787612915,71.6331558227539,25.792351961135864,77.34271240234375,2,14.413072599305046,28.039347171783447,98.23907555474176
g_015_037,3.3775,-76.4125,11.483697175979614,69.35870361328125,9.097301959991457,65.2809829711914,10.35959529876709,62.30289459228516,6.23407968878746,155.85150146484375,5.515962362289429,160.42755126953125,6.097580505535007,162.97193908691406,27.87396717071533,88.94334411621094,26.39620447158813,72.09259796142578,25.7827832698822,78.22071075439453,2,14.315685767059525,27.87396717071533,101.71669175889757
g_015_038,3.3775,-76.4075,11.871675729751589,71.47960662841797,9.244274616241457,67.31849670410156,10.79439115524292,63.68900680541992,7.129554018378258,163.56930541992188,6.287028908729553,168.3671875,6.913010410964489,171.0438232421875,26.56068181991577,89.9533462524414,25.40636920928955,72.5644302368164,24.786629915237427,79.12274169921875,2,14.332623975972334,26.56068181991577,105.2342160542806
g_015_039,3.3775,-76.4025,12.56618857383728,73.6065902709961,9.594988822937012,69.36181640625,11.743597984313965,65.08023071289062,10.66522291302681,171.36830139160156,9.47820907831192,176.38973999023438,10.547066748142242,179.19903564453125,24.28203296661377,90.9874038696289,23.48746943473816,73.04735565185547,22.962823152542114,80.0462646484375,3,15.036399963829252,24.28203296661377,108.78741539849176
g_016_000,3.3825,-76.5975,10.71424388885498,46.7207145690918,7.479844093322754,43.527381896972656,8.967647075653076,47.627174377441406,8.401500582695007,109.94586181640624,8.29852557182312,113.21739959716795,8.946439623832703,114.87032318115234,28.91237783432007,86.86579895019531,26.13818123936653,71.15104675292969,21.63702249526977,76.3057632446289,2,14.388420267237557,28.91237783432007,78.91460715399847
g_016_001,3.3825,-76.5925,9.378836154937744,44.75802230834961,7.027338981628418,41.64029312133789,7.973276615142822,46.37260055541992,4.303113341331482,103.08937072753906,4.598978638648987,106.15689849853516,5.166822791099548,107.70721435546876,33.633312940597534,85.78231811523438,31.055873155593872,70.65162658691406,27.337098598480225,75.33544158935547,0,14.497183468606737,33.633312940597534,75.72153176201715
g_016_002,3.3825,-76.58749999999999,8.671838760375977,42.82648468017578,7.043033599853516,39.78282165527344,7.972574710845947,45.142852783203125,2.2874648571014404,96.4742202758789,2.719083428382873,99.34486389160156,3.394928455352783,100.7961654663086,35.62529170513153,84.70886993408203,33.12471505999565,70.15805053710938,30.29488754272461,74.37345886230469,0,14.57042423552937,35.62529170513153,72.62308756510417
g_016_003,3.3825,-76.5825,8.222460269927979,40.9330940246582,7.106623649597168,37.96163558959961,8.11187744140625,43.94295883178711,1.1512720584869385,90.15261840820312,1.630886793136597,92.83505249023438,2.3913028240203857,94.19171905517578,36.45636117458344,83.64641571044922,33.91945640742779,69.67089080810547,31.743191242218018,73.42048645019531,0,14.52593687342273,36.45636117458344,69.63943015204535
g_016_004,3.3825,-76.5775,7.991905212402344,39.08699417114258,7.139697551727295,36.18548202514648,8.125358581542969,42.77932357788086,0.5157028436660767,84.18961334228516,1.144100785255432,86.6944351196289,1.8588948249816888,87.9618148803711,36.50839936733246,82.59625244140625,33.95780532062054,69.1908950805664,32.10813283920288,72.47748565673828,0,14.37222192519241,36.50839936733246,66.79581069946289
g_016_005,3.3825,-76.57249999999999,8.015687942504883,37.30023956298828,7.137670516967773,34.46589279174805,7.838644981384277,41.66012191772461,0.0424945354461669,78.66383361816406,1.0051963329315186,81.00399780273438,1.4742918014526367,82.18861389160156,35.62302827835083,81.56024932861328,33.1156817227602,68.71905517578125,31.24091958999633,71.54583740234375,0,13.94373507797718,35.62302827835083,64.1230934990777
g_016_006,3.3825,-76.5675,8.252233505249023,35.588802337646484,6.996999740600586,32.818172454833984,7.35638952255249,40.59584045410156,1.2635993957519531,73.66564178466797,0.9369664192199708,75.85679626464844,1.060706377029419,76.96650695800781,33.83356487751007,80.54115295410156,31.299893751740456,68.2567367553711,29.03504848480225,70.62760925292969,0,13.337266897161802,33.83356487751007,61.65747324625651
g_016_007,3.3825,-76.5625,8.466799259185791,33.973907470703125,6.803640365600586,31.26270866394043,7.016653537750244,39.59990692138672,0.9802379608154296,69.2901840209961,0.6551980972290039,71.3508071899414,0.6210682392120361,72.39491271972656,31.973769903182983,79.5431900024414,29.202667370438576,67.80589294433594,26.468934059143063,69.72602081298828,0,12.465440976950857,31.973769903182983,59.43861452738444
g_016_008,3.3825,-76.55749999999999,8.50592565536499,32.483642578125,6.658306121826172,29.82652473449707,6.870330333709717,38.68939208984375,0.9335994720458984,65.6231460571289,0.2804975509643554,67.57430267333984,0.3501431941986084,68.56336212158203,31.149352431297302,78.57303619384766,28.00984714925289,67.36943054199219,25.067566871643063,68.8463134765625,0,11.980618753367,31.149352431297302,57.505461162991
g_016_009,3.3825,-76.5525,8.199052333831787,31.15459632873535,6.4837646484375,28.544910430908203,6.664597988128662,37.88561630249024,0.9251918792724608,62.7188606262207,0.0427074432373046,64.58322143554688,0.4078490734100342,65.52864074707031,32.23581862449646,77.64183807373047,28.66646569222212,66.95195007324219,25.936282634735107,67.99744415283203,0,12.173525590863493,32.23581862449646,55.88967535230849
g_016_010,3.3825,-76.5475,7.7770795822143555,30.03269386291504,6.34637451171875,27.462297439575195,6.5326008796691895,37.2142333984375,0.8487567901611328,60.57579040527344,2.270769119262696,62.376014709472656,0.5208812952041626,63.28914642333984,33.986703515052795,76.76901245117188,30.12259415909648,66.5611343383789,27.809388160705566,67.19549560546875,0,12.912794223676125,33.986703515052795,54.60842429267036
g_016_011,3.3825,-76.54249999999999,7.338691711425781,29.17155265808105,6.235451698303223,26.63072204589844,6.635668277740479,36.70399475097656,0.8368453979492188,59.12052536010742,2.051942825317383,60.877071380615234,0.66538405418396,61.76816177368164,35.903085827827454,75.98973083496094,31.862929321825504,66.21055603027344,30.050950050354004,66.47076416015625,0,13.508994351658556,35.903085827827454,53.660342110527885
g_016_012,3.3825,-76.5375,7.046216011047363,28.625822067260746,6.238390922546387,26.10340690612793,6.907782554626465,36.38320541381836,0.9260120391845704,58.211910247802734,2.0239219665527344,59.94103240966797,0.8611751794815063,60.81818389892578,37.16222643852234,75.36833953857422,33.0726178586483,65.92535400390625,31.64130687713623,65.88252258300781,0,13.986627760860655,37.16222643852234,53.02886411878798
g_016_013,3.3825,-76.5325,6.819150447845459,28.438396453857425,6.327836990356445,25.922239303588867,7.215944290161133,36.273529052734375,0.988372802734375,57.66830062866211,2.03035831451416,59.38084411621094,0.9462108612060548,60.24939727783203,38.04027962684631,75.01587677001953,33.88633540272713,65.75323486328125,32.74982261657715,65.55108642578125,0,14.333812372552025,38.04027962684631,52.69476721021864
g_016_014,3.3825,-76.5275,6.844213485717773,28.625822067260746,6.426547050476074,26.10340690612793,7.3367919921875,36.38320541381836,0.961505889892578,57.308387756347656,2.144813537597656,59.00979232788086,0.953788161277771,59.872352600097656,38.07855582237244,75.01477813720703,34.09667509794235,65.73454284667969,33.154295682907104,65.58280944824219,0,14.444131857819027,38.07855582237244,52.62612194485135
g_016_015,3.3825,-76.5225,7.139842033386231,29.17155265808105,6.515213966369629,26.63072204589844,7.196818828582764,36.70399475097656,0.8194026947021484,56.99113082885742,2.319311141967773,58.68263244628906,0.8555738925933838,59.53969955444336,37.10239219665527,75.25018310546875,33.50777614116669,65.81671905517578,32.49848771095276,65.83940124511719,0,14.217202067375183,37.10239219665527,52.73622618781196
g_016_016,3.3825,-76.5175,7.793024063110352,30.03269386291504,6.461153984069824,27.462297439575195,6.937222003936768,37.2142333984375,0.6641178131103516,56.6446533203125,2.5885324478149414,58.32534408569336,0.6707476377487183,59.1763801574707,34.58237099647522,75.59403228759766,31.4832136631012,65.946044921875,29.879628896713257,66.18549346923828,0,13.451112389564514,34.58237099647522,52.95346366034614
g_016_017,3.3825,-76.5125,8.653241634368896,31.15459632873535,6.570406913757324,28.544910430908203,7.239429950714111,37.88561630249024,0.9506607055664062,56.2808837890625,2.7011947631835938,57.95021438598633,0.4367944002151489,58.794918060302734,31.018850803375244,75.97640991210938,28.135653614997864,66.09546661376953,25.831653594970703,66.557373046875,0,12.393098486794365,31.018850803375244,53.24893209669325
g_016_018,3.3825,-76.5075,9.386831760406494,32.483642578125,6.901200294494629,29.82652473449707,7.880724430084228,38.68939208984375,0.1662808656692505,55.995872497558594,0.4870393276214599,57.6561393737793,1.0305166244506836,58.49569320678711,28.359102964401245,76.36381530761719,25.66058337688446,66.25204467773438,23.142545461654663,66.9266586303711,0,11.446091678407457,28.359102964401245,53.63219812181261
g_016_019,3.3825,-76.5025,9.748836994171144,33.973907470703125,7.114353179931641,31.26270866394043,8.26035451889038,39.59990692138672,1.4106783866882324,55.95503616333008,1.4031789302825928,57.61345291137695,2.1463595628738403,58.451568603515625,27.612495183944706,76.74349975585938,24.979846596717834,66.4105453491211,22.64408278465271,67.28349304199219,0,11.702242904239231,27.612495183944706,54.14379098680284
g_016_020,3.3825,-76.4975,9.87014865875244,35.588802337646484,7.139017105102539,32.818172454833984,8.296557903289795,40.59584045410156,2.1668781042099,56.362422943115234,2.0831427574157715,58.03225326538086,2.977615237236023,58.87580490112305,28.25538206100464,77.11443328857422,25.59595632553101,66.57015228271484,23.44764083623886,67.6281509399414,0,12.203593220975664,28.25538206100464,54.84289254082574
g_016_021,3.3825,-76.49249999999999,9.81236457824707,37.30023956298828,7.096090316772461,34.46589279174805,8.156553268432617,41.66012191772461,2.367667078971863,57.416969299316406,2.2769615650177,59.11740112304688,3.274258852005005,59.97652053833008,29.676820039749146,77.4819564819336,26.97764682769776,66.73258209228516,24.99443516135216,67.96634674072266,0,12.736977520916197,29.676820039749146,55.79089228312174
g_016_022,3.3825,-76.4875,9.64019012451172,39.08699417114258,7.077675342559815,36.18548202514648,7.954678535461426,42.77932357788086,2.2856425046920776,59.26752853393555,2.264559030532837,61.02217483520508,3.331949234008789,61.90976333618164,31.460667610168457,77.8544921875,28.718230962753296,66.90090942382812,26.91127997636795,68.30628204345703,0,13.293874813450707,31.460667610168457,57.03477223714193
g_016_023,3.3825,-76.4825,9.419750690460203,40.9330940246582,7.055536270141602,37.96163558959961,7.755340576171875,43.94295883178711,2.056915044784546,61.98373794555664,2.126263380050659,63.81830978393555,3.3149808645248413,64.74905395507812,33.40437626838684,78.24151611328125,30.724167823791504,67.07884216308594,29.21301561594009,68.65701293945312,0,13.896705170472464,33.40437626838684,58.59624014960395
g_016_024,3.3825,-76.47749999999999,9.258797645568848,42.82648468017578,7.061797142028809,39.78282165527344,7.753786563873291,45.142852783203125,1.967648267745972,65.55375671386719,2.081758499145508,67.49362182617188,3.325440287590027,68.48279571533203,34.77134823799133,78.6526870727539,32.197335958480835,67.27032470703125,31.051974534988403,69.02764129638672,0,14.385543015268114,34.77134823799133,60.47033182779948
g_016_025,3.3825,-76.4725,9.264259815216064,44.75802230834961,7.214252471923828,41.64029312133789,7.86079740524292,46.37260055541992,2.050280332565308,69.90487670898438,2.33103346824646,71.97322845458984,3.407870888710022,73.03555297851562,35.210249185562134,79.09742736816406,32.9247100353241,67.47925567626953,31.967407822608948,69.42698669433594,0,14.692317936155531,35.210249185562134,62.632027096218536
g_016_026,3.3825,-76.4675,9.52749252319336,46.7207145690918,7.606184959411621,43.527381896972656,8.149831295013428,47.627174377441406,2.2012035846710205,74.93257141113281,2.7175099849700928,77.14946746826172,3.3325193524360657,78.29827117919922,33.5419762134552,79.58450317382812,31.748353719711304,67.7092056274414,30.820613861083984,69.86324310302734,0,14.405076165994009,33.5419762134552,65.0458369784885
g_016_027,3.3825,-76.46249999999999,10.134237289428713,48.70915222167969,7.892470836639404,45.43893432617188,8.706043720245361,48.902587890625,2.487408995628357,80.52534484863281,3.0180327892303467,82.90743255615234,3.1491819024086,84.15418243408203,30.62175130844116,80.12129211425781,29.12000226974488,67.96310424804688,28.00704205036164,70.3432846069336,0,13.68179679579205,30.62175130844116,67.6739239162869
g_016_028,3.3825,-76.4575,10.731078624725342,50.71913909912109,8.256433486938477,47.37095260620117,9.436122417449951,50.19567108154297,3.479895234107971,86.57997131347656,3.572960615158081,89.14075469970703,3.7003049850463854,90.49488830566406,27.851973056793213,80.71306610107422,26.498663902282715,68.24291229248047,25.38238954544068,70.87205505371094,0,13.212202429771423,27.851973056793213,70.48104561699762
g_016_029,3.3825,-76.4525,11.001786708831789,52.747371673583984,8.348173141479492,49.3203010559082,9.687421321868896,51.503883361816406,4.82574737071991,93.00827026367188,4.461127161979675,95.75852966308594,4.901704847812653,97.22757720947266,27.3755202293396,81.36247253417969,25.837061643600464,68.54947662353516,24.827050924301147,71.45207977294922,1,13.473954816659292,27.3755202293396,73.43666246202257
g_016_030,3.3825,-76.44749999999999,11.07158660888672,54.791236877441406,8.349112033843994,51.28449630737305,9.737713813781738,52.82516479492188,5.858943283557892,99.73834991455078,5.168500304222107,102.68663024902344,5.9136340618133545,104.2763900756836,27.891557693481445,82.06958770751953,26.33436489105225,68.882568359375,25.25315284729004,72.08354949951172,2,13.953173948658836,27.891557693481445,76.51533042060004
g_016_031,3.3825,-76.4425,11.120248317718506,56.84865188598633,8.42703104019165,53.26155853271485,9.786129474639893,54.15785598754883,6.304716348648071,106.71311950683594,5.605957269668579,109.86619567871094,6.382664859294891,111.58104705810548,28.322937965393063,82.83232116699219,26.86954045295716,69.24105834960938,25.7392258644104,72.7646484375,2,14.28427239921358,28.322937965393063,79.69627295600043
g_016_032,3.3825,-76.4375,11.24163007736206,58.91793823242188,8.642815589904785,55.24990463256836,10.061641693115234,55.500587463378906,6.50177127122879,113.88790893554688,5.901518940925598,117.25114440917967,6.453205555677414,119.09429931640624,27.790159702301025,83.64705657958984,26.49170565605164,69.62323760986328,25.453608989715576,73.4921875,2,14.282006386253569,27.790159702301025,82.96269607543945
g_016_033,3.3825,-76.43249999999999,11.416888236999512,60.99774169921875,8.858021259307861,57.24824905395508,10.350512504577637,56.85224533081055,6.701056003570557,121.22792053222656,6.084809422492981,124.80561065673828,6.50906303524971,126.77935028076172,26.96213865280152,84.50932312011719,25.650882720947266,70.02706146240234,24.83291363716125,74.26219940185547,2,14.151809497012032,26.96213865280152,86.30107794867621
g_016_034,3.3825,-76.4275,11.453712463378906,63.08695602416992,8.929655075073242,59.25554656982422,10.443063259124756,58.21189498901367,7.12960858643055,128.7061309814453,6.442649245262146,132.501708984375,6.964630365371704,134.6076202392578,26.954118251800537,85.41434478759766,25.49861478805542,70.45036315917969,24.89700722694397,75.0704116821289,2,14.301451029049026,26.954118251800537,89.70055304633246
g_016_035,3.3825,-76.4225,11.454833984375,65.18468475341797,8.9919753074646,61.27094650268555,10.385015964508057,59.57876586914063,7.120992742478848,136.3014678955078,6.366062164306641,140.31771850585938,6.928475938737392,142.55686950683594,27.34726095199585,86.35740661621094,25.724474668502808,70.89104461669922,25.30408096313477,75.91261291503906,2,14.402574742833773,27.34726095199585,93.15239079793294
g_016_036,3.3825,-76.41749999999999,11.37492322921753,67.29016876220703,8.989932537078857,63.29374313354492,10.22962474822998,60.95221710205078,6.598724953830242,143.99745178222656,5.945378422737122,148.2366485595703,6.514768337830901,150.60971069335938,28.222403049469,87.33411407470703,26.479744911193848,71.34712982177734,26.110445022583008,76.78488159179688,2,14.496216134685609,28.222403049469,96.64956283569336
g_016_037,3.3825,-76.4125,11.475379943847656,69.40280151367188,9.130803108215332,65.32334899902344,10.400628566741943,62.33170700073242,6.422758370637894,151.78109741210938,5.824453175067902,156.24513244628906,6.260533422231674,158.75250244140625,27.8485689163208,88.34048461914062,26.274662017822266,71.81686401367188,25.96534991264344,77.68365478515625,2,14.400348603725433,27.8485689163208,100.18639924791124
g_016_038,3.3825,-76.4075,11.820927381515505,71.5220718383789,9.257654666900637,67.35929107666016,10.793078899383543,63.71677017211914,7.215094059705734,159.64218139648438,6.525205135345459,164.33262634277344,6.996046841144562,166.9744873046875,26.583192825317383,89.37301635742188,25.354827404022217,72.29865264892578,24.970372200012207,78.60578155517578,3,14.390711045927471,26.583192825317383,103.75831985473633
g_016_039,3.3825,-76.4025,12.495459079742432,73.64752960205078,9.597177505493164,69.40115356445312,11.740965366363524,65.10702514648438,10.726963728666306,167.57254028320312,9.64523196220398,172.49073791503906,10.603591591119766,175.2671661376953,24.34611558914185,90.42863464355467,23.500982761383057,72.7911376953125,23.13532495498657,79.54855346679688,3,15.087979171011183,24.34611558914185,107.36160871717665
g_017_000,3.3875,-76.5975,10.729827404022217,46.94791793823242,7.479526519775391,43.74581527709961,8.973011493682861,47.77269744873047,8.52104389667511,105.3310775756836,8.44126033782959,108.46575164794922,9.116364240646362,110.04911041259766,29.109413146972656,86.73199462890625,26.327712655067444,71.07688903808594,21.909359216690063,76.19152069091797,2,14.511946545706856,29.109413146972656,77.36808607313368
g_017_001,3.3875,-76.5925,9.428019523620604,45.00052261352539,7.045359611511231,41.87347030639648,8.034855842590332,46.5273551940918,4.467053413391113,98.1988525390625,4.795164585113525,101.1213150024414,5.381211638450623,102.59803009033205,33.67811679840088,85.6566162109375,31.13673296570778,70.580078125,27.520835876464844,75.22880554199219,0,14.60970558391677,33.67811679840088,74.08722729153104
g_017_002,3.3875,-76.58749999999999,8.73129940032959,43.086204528808594,7.058398723602295,40.03260040283203,8.004676342010498,45.30789566040039,2.4329971075057983,91.27623748779295,2.9061434268951416,93.99266052246094,3.573420763015747,95.36585998535156,35.532848834991455,84.5928955078125,33.06852757930756,70.08971405029297,30.31624317169189,74.27593231201172,0,14.62495059437222,35.532848834991455,70.89111116197374
g_017_003,3.3875,-76.5825,8.306891441345215,41.21225738525391,7.105515003204346,38.23018264770508,8.104378700256348,44.11948776245117,1.2393901348114014,84.61522674560547,1.829699993133545,87.1333236694336,2.5420843362808228,88.40691375732422,36.3125513792038,83.54208374023438,33.813632398843765,69.60649108886719,31.690980911254883,73.33390045166016,0,14.549458255370459,36.3125513792038,67.79998524983723
g_017_004,3.3875,-76.5775,8.072376728057861,39.38815307617188,7.142047882080078,36.47526550292969,8.119939804077148,42.96868133544922,0.6162315607070923,78.28453826904297,1.3497008085250854,80.61408233642578,1.977593183517456,81.79298400878906,36.3805638551712,82.50590515136719,33.842432484030724,69.13131713867188,32.04791259765625,72.40406036376953,0,14.394310989313656,36.3805638551712,64.84055413140192
g_017_005,3.3875,-76.57249999999999,8.140057563781738,37.62627029418945,7.200162887573242,34.77971267700195,7.843107223510742,41.86377334594727,0.1953514814376831,72.3731918334961,1.3264561891555786,74.52659606933594,1.6053985357284546,75.61705780029297,35.30536389350891,81.48676300048828,32.861898720264435,68.6654052734375,31.022741317749023,71.48834228515625,0,13.944504201412201,35.30536389350891,62.047456953260635
g_017_006,3.3875,-76.5675,8.423686504364014,35.94285583496094,7.116047859191895,33.15910339355469,7.410414218902588,40.81532287597656,1.3796062469482422,66.99207305908203,1.414346694946289,68.98506164550781,1.1580945253372192,69.99498748779297,33.072978496551514,80.4881591796875,30.702967762947083,68.21041107177734,28.42447566986084,70.58956146240234,0,13.23362421989441,33.072978496551514,59.464170667860245
g_017_007,3.3875,-76.5625,8.76916217803955,34.35923385620117,6.977910041809082,31.63392639160156,7.205733776092529,39.83673095703125,1.1300106048583984,62.26970291137695,1.1473193168640137,64.1218490600586,0.5653165578842163,65.06106567382812,30.2359082698822,79.51531982421875,27.768508538603783,67.76869201660156,24.92741537094116,69.71202087402344,0,12.080809406108326,30.2359082698822,57.14206017388238
g_017_008,3.3875,-76.55749999999999,8.920161247253418,32.90321350097656,6.921518325805664,30.230955123901367,7.264925003051758,38.944820404052734,1.0919513702392578,58.336524963378906,0.6006884574890137,60.07130432128906,0.1531869173049926,60.95161819458008,28.610453724861145,78.57633209228516,25.803250399942044,67.34373474121094,22.679882526397705,68.86251068115234,0,11.338446441371666,28.610453724861145,55.135668224758575
g_017_009,3.3875,-76.5525,8.721778869628906,31.610349655151367,6.751919746398926,28.9844970703125,7.11334753036499,38.160282135009766,1.0411357879638672,55.29314041137695,0.1448183059692382,56.937042236328125,0.072921872138977,57.77177047729492,29.16561996936798,77.6842041015625,25.867012962698936,66.94095611572266,22.81895112991333,68.05218505859375,0,11.299722908271683,29.16561996936798,53.492714140150284
g_017_010,3.3875,-76.5475,8.279764652252197,30.524328231811523,6.464536666870117,27.936811447143555,6.755817890167236,37.507572174072266,0.8409233093261719,53.16659927368164,2.180088996887207,54.746917724609375,0.1562488079071045,55.5497932434082,31.16222715377808,76.86040496826172,27.37345352768898,66.56904602050781,24.59044361114502,67.300048828125,0,11.978167179558012,31.16222715377808,52.24016910129123
g_017_011,3.3875,-76.54249999999999,7.723037242889404,29.694908142089844,6.244843482971191,27.13617706298828,6.497125625610352,37.01352691650391,0.8030319213867188,51.87467956542969,2.135417938232422,53.4162712097168,0.5715264081954956,54.19976806640625,34.083532094955444,76.140625,30.032716393470764,66.24234008789062,27.83435678482056,66.63896179199219,0,12.880620876948038,34.083532094955444,51.373028649224175
g_017_012,3.3875,-76.5375,7.369902610778809,29.17155265808105,6.212851524353027,26.63072204589844,6.643801212310791,36.70399475097656,0.9228954315185548,51.225223541259766,2.1209030151367188,52.74720764160156,0.919742465019226,53.52085876464844,36.14684057235718,75.58065795898438,32.08860146999359,65.98355102539062,30.39775896072388,66.12323760986328,0,13.64703302913242,36.14684057235718,50.85411177741157
g_017_013,3.3875,-76.5325,7.118453979492188,28.99227523803711,6.3181562423706055,26.457523345947266,6.89693546295166,36.59838104248047,0.983184814453125,50.95938491821289,2.125293731689453,52.4731674194336,1.0597455501556396,53.24254989624024,37.22434139251709,75.2479476928711,33.226759016513824,65.82127380371094,31.930089712142944,65.82359313964844,0,14.098106655809614,37.22434139251709,50.624010721842446
g_017_014,3.3875,-76.5275,7.148290634155273,29.17155265808105,6.428774833679199,26.63072204589844,7.008415699005127,36.70399475097656,0.9019222259521484,50.81806564331055,2.237022399902344,52.32732009887695,1.0181243419647217,53.09406280517578,37.16228246688843,75.1694564819336,33.354457914829254,65.76798248291016,32.222575664520264,65.77118682861328,0,14.164651797877418,37.16228246688843,50.60603819953071
g_017_015,3.3875,-76.5225,7.512868404388428,29.694908142089844,6.494745254516602,27.13617706298828,6.861749649047852,37.01352691650391,0.68804931640625,50.60154724121094,2.3784046173095703,52.10400390625,0.8573834896087646,52.866729736328125,35.55807638168335,75.28857421875,32.1202757358551,65.8002700805664,30.76675009727478,65.90636444091797,0,13.693144771787855,35.55807638168335,50.71245574951172
g_017_016,3.3875,-76.5175,8.322811603546143,30.524328231811523,6.517679214477539,27.936811447143555,6.9508795738220215,37.507572174072266,0.5359783172607422,50.20747756958008,2.465672492980957,51.69781875610352,0.4547538757324219,52.45368576049805,32.17373752593994,75.51904296875,29.03183138370514,65.88275146484375,27.038334846496586,66.14107513427734,0,12.610186537106832,32.17373752593994,50.87450705634223
g_017_017,3.3875,-76.5125,9.196870803833008,31.610349655151367,6.850785255432129,28.9844970703125,7.65053129196167,38.160282135009766,1.180734634399414,49.64826202392578,0.0417273044586181,51.121543884277344,0.4626311063766479,51.86801528930664,28.59290647506714,75.79766845703125,25.772127747535706,65.99007415771484,23.341139674186707,66.41461181640625,0,11.454383810361227,28.59290647506714,51.066144943237305
g_017_018,3.3875,-76.5075,9.797563552856444,32.90321350097656,7.269845008850098,30.230955123901367,8.41382122039795,38.944820404052734,0.8372966051101685,49.05257034301758,0.9292755126953124,50.50767517089844,1.5021679401397705,51.2442512512207,26.433659315109253,76.09001159667969,23.88809263706208,66.10836791992188,21.57621598243713,66.69554901123047,0,11.183104197184244,26.433659315109253,51.30860159132216
g_017_019,3.3875,-76.5025,10.091835021972656,34.35923385620117,7.429388999938965,31.63392639160156,8.734689235687256,39.83673095703125,2.113396525382996,48.64973068237305,2.052788734436035,50.09236526489258,2.8022152185440063,50.82204055786133,25.994747400283813,76.3821792602539,23.54594993591309,66.2316665649414,21.549758076667786,66.97193145751953,0,11.590529905425178,25.994747400283813,51.664422776963974
g_017_020,3.3875,-76.4975,10.163980960845947,35.94285583496094,7.393869400024414,33.15910339355469,8.73494577407837,40.81532287597656,2.9768853187561035,48.72999954223633,2.8139235973358154,50.17448425292969,3.75416898727417,50.90465927124024,26.916693210601807,76.67325592041016,24.33875679969788,66.35897827148438,22.58381369709969,67.24358367919922,0,12.186337527301577,26.916693210601807,52.222471449110245
g_017_021,3.3875,-76.49249999999999,10.084205627441406,37.62627029418945,7.316434860229492,34.77971267700195,8.526790618896484,41.86377334594727,3.241014838218689,49.57811737060547,3.083911180496216,51.047245025634766,4.110467433929443,51.78984451293945,28.661842584609985,76.96946716308594,25.93297934532165,66.49222564697266,24.337680958211426,67.51671600341797,0,12.810591938594976,28.661842584609985,53.07370800442166
g_017_022,3.3875,-76.4875,9.92583417892456,39.38815307617188,7.277441024780273,36.47526550292969,8.297479629516602,42.96868133544922,2.951177835464477,51.39775466918945,2.975254535675049,52.9203987121582,3.9793723821640015,53.69105911254883,30.28644800186157,77.27991485595703,27.55016827583313,66.6347427368164,26.10431259870529,67.8000259399414,0,13.260832051436106,30.28644800186157,54.28399954901801
g_017_023,3.3875,-76.4825,9.749107360839844,41.21225738525391,7.259742259979248,38.23018264770508,8.071897506713867,44.11948776245117,2.5420292615890503,54.26350021362305,2.6869235038757324,55.87078857421875,3.679731070995331,56.68730926513672,32.0901792049408,77.6141357421875,29.297295093536377,66.79041290283203,28.030529618263245,68.10252380371094,0,13.711937208970388,32.0901792049408,55.87673314412435
g_017_024,3.3875,-76.47749999999999,9.5357084274292,43.086204528808594,7.215124607086182,40.03260040283203,7.872818470001221,45.30789566040039,2.1780344247818,58.1255989074707,2.354655742645264,59.84722518920898,3.450792610645294,60.72771072387695,33.73578453063965,77.98151397705078,30.92972707748413,66.9632797241211,29.99236524105072,68.43304443359375,0,14.140556792418161,33.73578453063965,57.833897060818146
g_017_025,3.3875,-76.4725,9.321893692016602,45.00052261352539,7.252490043640137,41.87347030639648,7.790467262268066,46.5273551940918,1.942458987236023,62.85514068603516,2.223548412322998,64.71695709228516,3.310234010219574,65.67823028564453,35.072983741760254,78.39151000976562,32.44260835647583,67.15745544433594,31.81813323497772,68.80047607421875,0,14.5749797489908,35.072983741760254,60.11123530069987
g_017_026,3.3875,-76.4675,9.393542766571043,46.94791793823242,7.57273006439209,43.74581527709961,7.999496936798096,47.77269744873047,1.7987008094787598,68.29580688476562,2.3326343297958374,70.31896209716797,3.08938068151474,71.37557983398438,34.58717155456543,78.85340118408203,32.34350228309631,67.37684631347656,31.90429413318634,69.21345520019531,0,14.557939284377628,34.58717155456543,62.655609130859375
g_017_027,3.3875,-76.46249999999999,9.784119606018066,48.9227294921875,7.846612453460693,45.64423751831055,8.377882480621338,49.03981399536133,1.9112294912338257,74.29925537109375,2.593737006187439,76.5003890991211,2.8473815321922302,77.66419219970703,32.435532569885254,79.37513732910156,30.622711420059204,67.6246109008789,30.01330018043518,69.6794204711914,0,14.048056304454803,32.435532569885254,65.41664293077257
g_017_028,3.3875,-76.4575,10.367920875549316,50.9205207824707,8.126929759979248,47.56451034545898,8.979529857635498,50.32542037963867,2.6057934761047363,80.74087524414062,3.010208487510681,83.13279724121094,3.0660208463668823,84.41300964355469,29.725170612335205,79.96205139160156,28.1497540473938,67.90269470214844,27.37316036224365,70.20336151123047,0,13.489387591679892,29.725170612335205,68.35169347127278
g_017_029,3.3875,-76.4525,10.747896194458008,52.937801361083984,8.314822673797607,49.50331497192383,9.372072696685793,51.62686538696289,3.841646492481232,87.52265930175781,3.7232998609542847,90.11514282226562,3.9781997203826895,91.5186538696289,28.513354778289795,80.61602783203125,26.95028519630432,68.2115707397461,26.10005259513855,70.78712463378906,0,13.504625578721365,28.513354778289795,71.4265734354655
g_017_030,3.3875,-76.44749999999999,10.844901084899902,54.9717903137207,8.370988368988037,51.45800018310547,9.48857879638672,52.9420166015625,4.754717707633972,94.5701141357422,4.385180950164795,97.37061309814452,4.823621928691864,98.9023666381836,28.70746278762817,81.33563232421875,27.10764145851136,68.55032348632812,26.219542503356934,71.42952728271484,2,13.855848398473528,28.70746278762817,74.61448711819119
g_017_031,3.3875,-76.4425,10.861178874969482,57.020263671875,8.470963478088379,53.42646408081055,9.544352531433104,54.26912689208984,5.062943488359451,101.82746887207033,4.724315404891968,104.84169006347656,5.139616549015045,106.50511932373048,29.08005952835083,82.11687469482422,27.49661898612976,68.91702270507812,26.65493416786194,72.12702941894531,2,14.114998112122217,29.08005952835083,77.89456219143338
g_017_032,3.3875,-76.4375,11.025092601776125,59.08142852783203,8.658255577087402,55.4069938659668,9.808995246887209,55.60676574707031,5.263150155544281,109.253173828125,4.866092681884766,112.48550415039062,5.235290542244911,114.28288269042967,28.43653583526612,82.9542236328125,26.932066202163696,69.30913543701172,26.24091911315918,72.87470245361328,2,14.05182199511263,28.43653583526612,81.25053448147244
g_017_033,3.3875,-76.43249999999999,11.35313320159912,61.15382766723633,8.878035068511963,57.398216247558594,10.16079044342041,56.95376205444336,5.688303977251053,116.816162109375,5.220555782318115,120.27001953125,5.540540769696236,122.20276641845705,27.37918186187744,83.8415298461914,25.874239444732662,69.7238998413086,25.41316628456116,73.66703796386719,2,13.945327425996462,27.37918186187744,84.66969129774306
g_017_034,3.3875,-76.4275,11.463321208953856,63.23626708984375,8.998899459838867,59.39900207519531,10.341676235198976,58.30913162231445,6.339707519859076,124.49309539794922,5.864294171333313,128.17115783691406,6.232654843479395,130.2400665283203,27.07379102706909,84.77265930175781,25.398174285888672,70.15860748291016,25.188961505889893,74.49856567382812,2,14.100164473056793,27.07379102706909,88.14206144544814
g_017_035,3.3875,-76.4225,11.483492851257324,65.3277816772461,9.058287620544434,61.408424377441406,10.36992645263672,59.67206573486328,6.620246917009354,132.2662811279297,6.100958168506622,136.17066955566406,6.525016777217388,138.37612915039062,27.13937187194824,85.741943359375,25.362032890319824,70.6107406616211,25.354737758636475,75.36418151855469,2,14.223785700897375,27.13937187194824,91.65980190700955
g_017_036,3.3875,-76.41749999999999,11.443457126617432,67.42754364013672,9.059350967407228,63.42572021484375,10.269731521606444,61.04187774658203,6.451470673084259,140.12217712402344,5.973244428634644,144.254638671875,6.4220945835113525,146.5967254638672,27.83110761642456,86.74429321289062,25.98654007911682,71.07806396484375,26.03551125526428,76.25935363769531,2,14.385834250185225,27.83110761642456,95.21671040852864
g_017_037,3.3875,-76.4125,11.52266240119934,69.53489685058594,9.19523859024048,65.45024871826172,10.440703392028809,62.41800308227539,6.489336937665939,148.05039978027344,5.941329777240753,152.4123077392578,6.362695723772049,154.8909149169922,27.403947830200195,87.77531433105469,25.74618625640869,71.55860900878906,25.7927303314209,77.18014526367188,2,14.32164791557524,27.403947830200195,98.80787107679579
g_017_038,3.3875,-76.4075,11.85763955116272,71.6492691040039,9.264058589935305,67.48149108886719,10.812981128692629,63.79994583129883,7.304108262062073,156.04281616210938,6.736230850219727,160.63534545898438,7.1396797597408295,163.25025939941406,26.35375738143921,88.83125305175781,25.048189163208008,72.05070495605469,24.920227766036987,78.12319946289062,3,14.381874716944164,26.35375738143921,102.42936494615343
g_017_039,3.3875,-76.4025,12.461384296417236,73.77020263671875,9.567444801330566,69.51899719238281,11.736242771148682,65.18729400634766,10.850298404693604,164.0930938720703,9.82777687907219,168.91722106933594,10.737101316452026,171.66818237304688,24.33616733551025,89.90892791748047,23.444610595703125,72.55292510986328,23.287208318710327,79.0856704711914,3,15.138692746559778,24.33616733551025,106.07805718315973
g_018_000,3.3925,-76.5975,10.75998830795288,47.32295608520508,7.487925052642822,44.10636520385742,8.992782592773438,48.01302719116211,8.807762145996094,101.16236114501952,8.764549612998962,104.17327117919922,9.486227631568909,105.69375610351562,29.34787738323212,86.64581298828125,26.57206112891436,71.02437591552734,22.26768565177917,76.12013244628906,2,14.720762167539862,29.34787738323212,76.02911758422852
g_018_001,3.3925,-76.5925,9.498114585876465,45.40026473999024,7.08099889755249,42.25783157348633,8.131457805633545,46.78261566162109,4.86539614200592,93.76275634765624,5.220867991447449,96.55348205566406,5.8540568351745605,97.9634246826172,33.7653671503067,85.581787109375,31.303844209760427,70.5315170288086,27.78571367263794,75.16798400878906,0,14.833979698932833,33.7653671503067,72.66685146755643
g_018_002,3.3925,-76.58749999999999,8.815505981445312,43.51364135742188,7.092604160308838,40.44367218017578,8.120509147644043,45.579734802246094,2.8158111572265625,86.53392791748047,3.3543002605438232,89.10948944091797,3.998834490776062,90.41144561767578,35.50802969932556,84.53157806396484,33.18082968890667,70.04593658447266,30.460033178329468,74.22771453857422,0,14.816273084945148,35.50802969932556,69.37746005588107
g_018_003,3.3925,-76.5825,8.370707035064697,41.67080307006836,7.130125045776367,38.6712646484375,8.211892127990723,44.40975189208984,1.5523734092712402,79.52363586425781,2.188900947570801,81.89047241210938,2.8625911474227905,83.08769226074219,36.35063314437866,83.49688720703125,33.97896200418472,69.56849670410156,31.889010429382324,73.30072784423828,0,14.726132810115814,36.35063314437866,66.17997021145291
g_018_004,3.3925,-76.5775,8.074289798736572,39.88166046142578,7.169987678527832,36.950103759765625,8.24917459487915,43.279388427734375,0.8735529184341431,72.79917907714844,1.5897382497787476,74.9657211303711,2.241298794746399,76.06246185302734,36.61952161788941,82.47998809814453,34.16508062928915,69.10033416748047,32.46944975852966,72.38892364501953,0,14.605788226756784,36.61952161788941,63.10086229112413
g_018_005,3.3925,-76.57249999999999,8.049107551574707,38.15900421142578,7.233266830444336,35.292449951171875,8.070949077606201,42.19710159301758,0.4753388166427612,66.45470428466797,1.4948844909667969,68.43220520019531,1.874561429023743,69.43411254882812,35.94047451019287,81.48399353027344,33.53332217782736,68.64291381835938,31.907395362854004,71.49494171142578,0,14.286588916348087,35.94047451019287,60.176825205485024
g_018_006,3.3925,-76.5675,8.236711025238037,36.51935577392578,7.218600273132324,33.71416473388672,7.680338382720947,41.17349624633789,0.2253077030181884,60.618770599365234,1.6906224489212036,62.42231369018555,1.5401859283447266,63.33696365356445,34.270522356033325,80.51327514648438,31.97466169949621,68.19825744628906,30.101324558258057,70.62248992919922,0,13.659808263907003,34.270522356033325,57.457676357693146
g_018_007,3.3925,-76.5625,8.58999490737915,34.984004974365234,7.097027778625488,32.23572540283203,7.312131881713867,40.22182846069336,0.0438994169235229,55.457664489746094,1.7581523656845093,57.10731506347656,1.0524495840072632,57.94478225708008,31.359759211540226,79.57415771484375,29.15342497453093,67.76915740966797,26.724166870117188,69.77704620361328,0,12.56566744339135,31.359759211540226,55.00796466403537
g_018_008,3.3925,-76.55749999999999,8.914200782775879,33.5800895690918,7.01024341583252,30.88326072692871,7.350743770599365,39.35843276977539,1.2347259521484375,51.16419982910156,1.25000262260437,52.685794830322266,0.4074925184249878,53.45907211303711,28.58462107181549,78.67598724365234,26.14808184653521,67.359619140625,23.224945545196533,68.96678924560547,0,11.569450836214754,28.58462107181549,52.903693940904404
g_018_009,3.3925,-76.5525,8.99599313735962,32.34136962890625,6.971479415893555,29.68936920166016,7.475853443145752,38.60295104980469,1.0914688110351562,47.91674041748047,0.4654178619384765,49.34143829345703,0.0426141023635864,50.06623458862305,27.561310052871704,77.83280944824219,24.7479148209095,66.97554016113281,21.656110763549805,68.20427703857422,0,11.000906934340795,27.561310052871704,51.21896998087565
g_018_010,3.3925,-76.5475,8.745100975036621,31.30804252624512,6.759478569030762,28.69292640686035,7.218884468078613,37.97797775268555,0.9706344604492188,45.80306243896485,0.0343577861785888,47.164642333984375,0.0080265998840332,47.858028411865234,28.83538031578064,77.06575775146484,25.44018876552581,66.6256103515625,22.48121213912964,67.50884246826172,0,11.165918231010437,28.83538031578064,50.000543382432724
g_018_011,3.3925,-76.54249999999999,8.133347034454346,30.524328231811523,6.465620040893555,27.936811447143555,6.708349704742432,37.507572174072266,0.9074039459228516,44.74147415161133,2.205310821533203,46.071285247802734,0.4131463766098022,46.74908065795898,31.94449043273925,76.40541076660156,28.06604489684105,66.32237243652344,25.586806774139404,66.90930938720703,0,12.2700577808751,31.94449043273925,49.24084938897027
g_018_012,3.3925,-76.5375,7.67512035369873,30.03269386291504,6.332806587219238,27.462297439575195,6.582687854766846,37.2142333984375,1.0208377838134766,44.46512985229492,0.0157086849212646,45.78655242919922,0.8767011165618896,46.4604721069336,34.65449285507202,75.8908462524414,30.688107192516327,66.0819320678711,28.74303674697876,66.44376373291016,0,12.954388797283173,34.65449285507202,48.870880126953125
g_018_013,3.3925,-76.5325,7.484445571899414,29.86485481262207,6.4168548583984375,27.300264358520508,6.743129730224609,37.11441802978516,1.0397396087646484,44.5977668762207,0.0389630794525146,45.9229621887207,1.0843830108642578,46.598907470703125,35.8054473400116,75.5575942993164,31.93944400548935,65.9193344116211,30.42251873016357,66.14827728271484,0,13.441658437252045,35.8054473400116,48.78048663669162
g_018_014,3.3925,-76.5275,7.611241340637207,30.03269386291504,6.501562118530273,27.462297439575195,6.816589832305908,37.2142333984375,0.8220653533935547,44.768985748291016,0.0633456707000732,46.09906768798828,0.9208494424819946,46.77721786499024,35.21386241912842,75.41275024414062,31.578173100948334,65.83818054199219,30.09771418571472,66.0310287475586,0,13.291711495982277,35.21386241912842,48.84849505954318
g_018_015,3.3925,-76.5225,8.202086925506592,30.524328231811523,6.564406394958496,27.936811447143555,6.928064823150635,37.507572174072266,0.5575122833251953,44.70214080810547,0.0066859722137451,46.02997589111328,0.5449509620666504,46.70627975463867,32.529762506484985,75.4222183227539,29.243692994117737,65.8250732421875,27.376887559890747,66.05831909179688,0,12.439338935746086,32.529762506484985,48.96807988484701
g_018_016,3.3925,-76.5175,9.091135025024414,31.30804252624512,6.834072113037109,28.69292640686035,7.563076019287109,37.97797775268555,0.7531013488769531,44.25690841674805,2.3279008865356445,45.57119369506836,0.2380155324935913,46.23958587646485,28.703956842422485,75.53105163574219,25.813090443611145,65.85797119140625,23.439170837402344,66.1760482788086,0,11.640391005410088,28.703956842422485,49.06796730889214
g_018_017,3.3925,-76.5125,9.749866008758543,32.34136962890625,7.278102874755859,29.68936920166016,8.338317394256592,38.60295104980469,0.2886154651641845,43.44407272338867,0.5361819267272949,44.73383712768555,0.9306265115737916,45.38864517211914,26.0781352519989,75.6909408569336,23.60107660293579,65.91744232177734,21.2669814825058,66.3377685546875,0,10.896433724297417,26.0781352519989,49.12737740410699
g_018_018,3.3925,-76.5075,10.102302551269531,33.5800895690918,7.635017395019531,30.88326072692871,8.919308185577393,39.35843276977539,1.6762531995773315,42.42926788330078,1.6899690628051758,43.6884880065918,2.27717673778534,44.32680130004883,24.776264667510983,75.87158203125,22.524563550949097,65.99102783203125,20.60711944103241,66.51506805419922,1,11.134219421280754,24.776264667510983,49.182668685913086
g_018_019,3.3925,-76.5025,10.33152151107788,34.984004974365234,7.755117416381836,32.23572540283203,9.181514739990234,40.22182846069336,2.853484034538269,41.52438354492188,2.825765371322632,42.756324768066406,3.554600715637207,43.38005447387695,24.65669226646424,76.06034851074219,22.39439868927002,66.07298278808594,20.91913068294525,66.6963882446289,1,11.608025047514174,24.65669226646424,49.32578235202365
g_018_020,3.3925,-76.4975,10.408941745758057,36.51935577392578,7.686381340026855,33.71416473388672,9.138515949249268,41.17349624633789,3.6886277198791504,41.14537811279297,3.5918962955474854,42.36565017700195,4.498467862606049,42.98294448852539,25.62494921684265,76.2579574584961,23.151106119155884,66.16265869140625,21.91544359922409,66.88255310058594,1,12.189369983143276,25.62494921684265,49.68935097588433
g_018_021,3.3925,-76.49249999999999,10.337631225585938,38.15900421142578,7.571608543395996,35.292449951171875,8.898610591888428,42.19710159301758,4.036221981048584,41.71261215209961,3.94277548789978,42.949337005615234,4.970683813095093,43.57477951049805,27.532920598983765,76.47277069091797,24.813509225845337,66.2625732421875,23.728771328926086,67.08136749267578,1,12.870303644074333,27.532920598983765,50.41133287217882
g_018_022,3.3925,-76.4875,10.223899364471436,39.88166046142578,7.593174934387207,36.950103759765625,8.719988346099854,43.279388427734375,3.5954126119613647,43.51372909545898,3.705899238586426,44.80361557006836,4.6382832527160645,45.456912994384766,28.8919324874878,76.71488952636719,26.17622900009156,66.37641143798828,25.18999481201172,67.30226135253906,0,13.192757116423714,28.8919324874878,51.58655251397027
g_018_023,3.3925,-76.4825,10.22233819961548,41.67080307006836,7.60172176361084,38.6712646484375,8.538016319274902,44.40975189208984,2.921011447906494,46.61470413208008,3.1420819759368896,47.99650573730469,4.037943601608276,48.69986343383789,30.01481533050537,76.99293518066406,27.26270866394043,66.5079345703125,26.39487397670746,67.5533218383789,0,13.348390142122904,30.01481533050537,53.23523161146376
g_018_024,3.3925,-76.47749999999999,10.007232666015623,43.51364135742188,7.500165462493896,40.44367218017578,8.246243476867676,45.579734802246094,2.3062238693237305,50.88609313964844,2.5735026597976685,52.39479064941406,3.5528023838996887,53.16998291015625,31.633487224578857,77.31462097167969,28.72767400741577,66.66091918945312,28.058355450630188,67.84188079833984,0,13.622854133447012,31.633487224578857,55.31170399983724
g_018_025,3.3925,-76.4725,9.684151649475098,45.40026473999024,7.474952220916748,42.25783157348633,7.947700977325439,46.78261566162109,1.8314154148101809,56.104095458984375,2.197843909263611,57.76801681518555,3.204371154308319,58.63419723510742,33.65696144104004,77.68878936767578,30.748226642608643,66.83956146240234,30.41215348243713,68.17626953125,0,14.128641876909468,33.65696144104004,57.73907131618924
g_018_026,3.3925,-76.4675,9.498642444610596,47.32295608520508,7.627356052398682,44.10636520385742,7.994449615478516,48.01302719116211,1.5045173168182373,62.04081726074219,2.0014857053756714,63.88141632080078,2.8863246142864227,64.85408782958984,34.2957067489624,78.12550354003906,31.671149969100952,67.0482177734375,31.632205486297607,68.5658950805664,0,14.345759772592121,34.2957067489624,60.43980958726671
g_018_027,3.3925,-76.46249999999999,9.731853485107422,49.275665283203125,7.910003662109375,45.98349380493164,8.319512367248535,49.26667404174805,1.4918447732925415,68.50768280029297,2.2199376821517944,70.54067993164062,2.59463232755661,71.6315689086914,32.94677734375,78.63388061523438,30.766186714172363,67.29048156738281,30.69027853012085,69.01925659179688,0,14.074558542834389,32.94677734375,63.34993150499132
g_018_028,3.3925,-76.4575,10.184491157531738,51.25362014770508,8.107213020324707,47.88466644287109,8.798085689544678,50.54010391235352,2.068345546722412,75.36354064941406,2.594999313354492,77.60028839111328,2.67646199464798,78.81779479980469,30.796177864074707,79.21949005126953,28.946192026138306,67.56829833984375,28.60369038581848,69.54157257080078,0,13.641739666461945,30.796177864074707,66.42104170057509
g_018_029,3.3925,-76.4525,10.540069580078123,53.2530403137207,8.356282711029053,49.8062744140625,9.185863494873049,51.83051300048828,3.019380033016205,82.50755310058594,3.173053026199341,84.95624542236328,3.275160491466522,86.30609130859375,29.51090145111084,79.88306427001953,27.73821783065796,67.88154602050781,27.257599353790283,70.13363647460938,0,13.561836441357931,29.51090145111084,69.61755159166124
g_018_030,3.3925,-76.44749999999999,10.618876934051514,55.2708854675293,8.4985032081604,51.74542236328125,9.324103355407717,53.1356315612793,3.7592310309410095,89.86893463134766,3.6766878366470337,92.5355453491211,3.883977308869362,94.02137756347656,29.518414974212646,80.62091064453125,27.67504644393921,68.22831726074219,27.23180103302002,70.79219055175781,0,13.798515791694323,29.518414974212646,72.91324615478516
g_018_031,3.3925,-76.4425,10.72766923904419,57.304718017578125,8.619128227233887,53.699798583984375,9.472397804260254,54.4536018371582,3.943261981010437,97.39801025390624,3.8629070520401,100.28694152832033,4.028227090835571,101.91091918945312,29.451464653015137,81.42638397216797,27.6727294921875,68.60553741455078,27.316749095916748,71.51129913330078,2,13.899392737282646,29.451464653015137,76.28857888115778
g_018_032,3.3925,-76.4375,10.999696731567385,59.3525619506836,8.829812049865723,55.66751480102539,9.828476905822754,55.78288269042969,4.246987693011761,105.05965423583984,4.159948945045471,108.17418670654295,4.237595461308956,109.93742370605467,28.26727724075317,82.29148864746094,26.640629291534424,69.00965118408203,26.447121381759644,72.28376770019531,2,13.739727300074366,28.26727724075317,79.72879240247939
g_018_033,3.3925,-76.43249999999999,11.377311706542969,61.41279602050781,9.024876594543455,57.64703750610352,10.217670917510986,57.122215270996094,5.000846840441227,112.82870483398438,4.818567633628845,116.17130279541016,4.967903908342123,118.07420349121094,26.88725471496582,83.20807647705078,25.327895402908325,69.43707275390625,25.34632778167725,73.10231018066406,2,13.663183944506777,26.88725471496582,83.22263548109267
g_018_034,3.3925,-76.4275,11.5816068649292,63.48410034179688,9.208672046661375,59.63710784912109,10.504213333129885,58.47054672241211,6.053076386451721,120.68684387207033,5.830321967601776,124.2594223022461,6.044711142778397,126.30192565917967,26.115068435668945,84.16861724853516,24.45619750022888,69.8844985961914,24.729065895080566,73.96014404296875,2,13.835881508058971,26.115068435668945,86.76146740383572
g_018_035,3.3925,-76.4225,11.60764741897583,65.56537628173828,9.278920650482178,61.63668823242188,10.589448928833008,59.82699203491211,6.512738287448883,128.62059020996094,6.279246509075165,132.42462158203125,6.524088770151138,134.6063690185547,26.19451475143433,85.16650390625,24.40614652633667,70.34903717041016,24.8997266292572,74.85135650634766,2,14.032497607999378,26.19451475143433,90.33861499362521
g_018_036,3.3925,-76.41749999999999,11.548104286193848,67.65570831298828,9.311742305755615,63.64492034912109,10.456082344055176,61.19081115722656,6.486765682697296,136.6198272705078,6.266112506389618,140.65647888183594,6.5943218767642975,142.9769744873047,26.87053203582764,86.19609832763672,24.955050230026245,70.82820129394531,25.5220205783844,75.77091217041016,2,14.223414649566015,26.87053203582764,93.94888136121962
g_018_037,3.3925,-76.4125,11.645280361175535,69.75434875488281,9.34876537322998,65.66107940673828,10.643863677978516,62.56137847900391,6.591310739517212,144.67691040039062,6.256269603967667,148.9471435546875,6.578504741191864,151.4058074951172,26.41183567047119,87.25273132324219,24.780210971832275,71.31993103027344,25.277846336364743,76.71460723876953,2,14.170431941747665,26.41183567047119,97.58821529812283
g_018_038,3.3925,-76.4075,11.968358039855955,71.86065673828125,9.363498210906982,67.68456268310547,10.938223361968994,63.93816757202149,7.509785950183868,152.78598022460938,7.075543567538261,157.29058837890625,7.422707796096802,159.8867950439453,25.680275917053223,88.33252716064453,24.3742618560791,71.82247924804688,24.60896611213684,77.67899322509766,3,14.326846756868893,25.680275917053223,101.25341669718425
g_018_039,3.3925,-76.4025,12.44468379020691,73.97409057617188,9.582753658294678,69.7148666381836,11.763672828674316,65.32071685791016,11.048400104045868,160.94253540039062,10.120646230876446,165.68215942382812,10.920027375221252,168.41534423828125,24.12219381332397,89.43232727050781,23.16792583465576,72.33442687988281,23.312610387802124,78.6612319946289,3,15.164768224789036,24.12219381332397,104.94196658664279
g_019_000,3.3975,-76.5975,10.774166107177734,47.840633392333984,7.470199108123779,44.60403060913086,8.981050491333008,48.345008850097656,9.11037576198578,97.4914093017578,9.131537318229675,100.39320373535156,9.92974179983139,101.85828399658205,29.84644377231598,86.60130310058594,27.078315468505025,70.99105834960938,22.89816403388977,76.08618927001953,2,15.024443762376904,29.84644377231598,74.91234673394098
g_019_001,3.3975,-76.5925,9.573011875152588,45.95099258422852,7.105396747589111,42.78734588623047,8.262324333190918,47.13460922241211,5.325130105018616,89.84583282470703,5.7079949378967285,92.52011108398438,6.4182018637657166,93.87107849121094,34.06653118133545,85.55071258544922,31.74802087433636,70.50303649902344,28.37383008003235,75.14652252197266,0,15.17560466647976,34.06653118133545,71.47891574435764
g_019_002,3.3975,-76.58749999999999,8.85924243927002,44.10118103027344,7.140480041503906,41.0086784362793,8.30219316482544,45.95382308959961,3.222411870956421,82.32778930664062,3.752542495727539,84.77828216552734,4.448773622512817,86.01703643798828,35.77777373790741,84.51638793945312,33.6130004953593,70.02323150634766,31.03728127479553,74.22100830078125,0,15.128188793650931,35.77777373790741,68.10526869032118
g_019_003,3.3975,-76.5825,8.359880924224854,42.29938125610352,7.206285953521728,39.27586364746094,8.393896102905273,44.80821990966797,1.8433021306991573,74.9761962890625,2.453319787979126,77.20779418945312,3.17240309715271,78.3368148803711,36.67150330543518,83.50048065185547,34.41711692325771,69.55269622802734,32.50552296638489,73.31150817871094,0,15.002581243506736,36.67150330543518,64.80766169230144
g_019_004,3.3975,-76.5775,8.012653350830078,40.55595016479492,7.253600597381592,37.59882354736328,8.449549198150635,43.7047004699707,1.0730372667312622,67.84992980957031,1.706061840057373,69.86925506591797,2.454931378364563,70.89188385009766,37.09739065170288,82.50578308105469,34.69888290017843,69.0927505493164,33.25784516334534,72.4204330444336,0,14.889328038526905,37.09739065170288,61.60994550916884
g_019_005,3.3975,-76.57249999999999,7.863708972930908,38.8840217590332,7.303021430969238,35.990169525146484,8.3766450881958,42.65181350708008,0.6630653142929077,61.03866958618164,1.4865134954452517,62.85504913330078,2.103709578514099,63.77594757080078,36.93838155269623,81.53605651855469,34.45666445046663,68.64513397216797,33.21273994445801,71.55105590820312,0,14.711605536441008,36.93838155269623,58.54754638671875
g_019_006,3.3975,-76.5675,7.897480010986328,37.30023956298828,7.323667526245117,34.46589279174805,8.127833366394043,41.66012191772461,0.4600375890731811,54.67832565307617,1.575736403465271,56.30514144897461,1.8543241024017327,57.131004333496094,36.139139890670776,80.59637451171875,33.682728454470634,68.21212005615234,32.36940550804138,70.70782470703125,0,14.381150316860941,36.139139890670776,55.67300499810113
g_019_007,3.3975,-76.5625,8.162394046783447,35.82554244995117,7.281133651733398,33.046142578125,7.6678643226623535,40.742557525634766,0.3578441143035888,48.96860122680664,1.893048644065857,50.42521667480469,1.5486760139465332,51.165748596191406,34.080066204071045,79.6937255859375,31.774893298745155,67.79679107666016,30.03564953804016,69.89695739746094,0,13.644618870483505,34.080066204071045,53.0623647901747
g_019_008,3.3975,-76.55749999999999,8.545705795288086,34.48588562011719,7.138794898986816,31.75592994689941,7.367052555084228,39.91468811035156,0.1117221117019653,44.18000030517578,1.809815764427185,45.49386978149414,0.8937215805053711,46.16288757324219,30.73562467098236,78.8378677368164,28.492954537272453,67.40332794189453,26.11422300338745,69.12718200683594,0,12.356623879737324,30.73562467098236,50.81795989142524
g_019_009,3.3975,-76.5525,8.93870735168457,33.31253433227539,7.111988067626953,30.62544059753418,7.594136714935303,39.19472122192383,1.124490737915039,40.61634063720703,1.0242466926574707,41.823974609375,0.1729418039321899,42.43996047973633,27.85938096046448,78.04230499267578,25.335287779569622,67.03744506835938,22.483038902282715,68.41082000732422,0,11.293802112340927,27.85938096046448,49.05594910515679
g_019_010,3.3975,-76.5475,8.989696025848389,32.34136962890625,7.035113334655762,29.68936920166016,7.634654521942139,38.60295104980469,1.066608428955078,38.49038314819336,0.2993900775909424,39.6346435546875,1.288553237915039,40.219383239746094,27.52273952960968,77.32530212402344,24.51644104719162,66.7067642211914,21.63031935691833,67.76480865478516,0,11.109279506736332,27.52273952960968,47.86388609144423
g_019_011,3.3975,-76.54249999999999,8.601151466369629,31.610349655151367,6.766139030456543,28.9844970703125,7.1967291831970215,38.160282135009766,1.0020408630371094,37.746768951416016,0.0239515304565429,38.868839263916016,0.193084716796875,39.443321228027344,29.681299686431885,76.70980834960938,26.14488941431045,66.42083740234375,23.525237560272217,67.2108383178711,0,11.459391494592031,29.681299686431885,47.239504708184135
g_019_012,3.3975,-76.5375,8.11198377609253,31.15459632873535,6.520026206970215,28.544910430908203,6.794778347015381,37.88561630249024,0.9725131988525392,38.0005989074707,0.0346090793609619,39.13018798828125,0.650448203086853,39.70945739746094,32.395920753479004,76.22018432617188,28.55466395616532,66.18991088867188,26.40572452545166,66.7724838256836,0,12.271185338497162,32.395920753479004,47.06754959954156
g_019_013,3.3975,-76.5325,7.9872589111328125,30.99955368041992,6.577205657958984,28.39534378051757,6.816429615020752,37.792423248291016,0.8282260894775391,38.68877410888672,2.149385452270508,39.83880615234375,0.7241148948669434,40.42911529541016,33.19401788711548,75.87358856201172,29.41230571269989,66.02145385742188,27.61076140403748,66.46686553955078,0,12.811078402731154,33.19401788711548,47.16732491387261
g_019_014,3.3975,-76.5275,8.287595272064209,31.15459632873535,6.686642646789551,28.544910430908203,7.052554607391357,37.88561630249024,0.5753364562988281,39.28592300415039,2.1199913024902344,40.4536361694336,0.4700825214385986,41.05297088623047,31.872331142425537,75.668701171875,28.343453288078308,65.91553497314453,26.48978376388549,66.29327392578125,0,12.433085666762459,31.872331142425537,47.361684799194336
g_019_015,3.3975,-76.5225,9.011613845825195,31.610349655151367,6.942557334899902,28.9844970703125,7.596337795257568,38.160282135009766,0.6418075561523438,39.425575256347656,2.0991640090942383,40.5972785949707,0.2027794122695922,41.19785690307617,28.789469480514526,75.58182525634766,25.695300102233887,65.86314392089844,23.52416467666626,66.22904968261719,0,11.611466023657057,28.789469480514526,47.516650941636826
g_019_016,3.3975,-76.5175,9.709651470184326,32.34136962890625,7.348609924316406,29.68936920166016,8.312777042388916,38.60295104980469,0.0693248510360717,38.92792892456055,0.3615093231201172,40.08457565307617,0.6340677738189697,40.67594528198242,25.87274599075317,75.5762710571289,23.366575598716736,65.849853515625,21.111371278762817,66.23896026611328,0,10.754070361455282,25.87274599075317,47.55413606431749
g_019_017,3.3975,-76.5125,10.130208969116213,33.31253433227539,7.725767135620117,30.62544059753418,8.879468441009521,39.19472122192383,1.1693791151046753,37.79784393310547,1.2448279857635498,38.92056274414063,1.66948264837265,39.49273681640625,24.29240107536316,75.61678314208984,22.15152871608734,65.8615493774414,20.19267129898072,66.2894287109375,1,10.828415042824215,24.29240107536316,47.45684454176161
g_019_018,3.3975,-76.5075,10.33806324005127,34.48588562011719,7.973527908325195,31.75592994689941,9.271204471588137,39.91468811035156,2.2749630212783813,36.231666564941406,2.2841389179229736,37.30748748779297,2.8910398483276367,37.85405731201172,23.702157020568848,75.67940521240234,21.688193559646606,65.88825988769531,20.253445506095886,66.3578109741211,1,11.186303721533882,23.702157020568848,47.27502123514811
g_019_019,3.3975,-76.5025,10.480608463287354,35.82554244995117,8.097491264343262,33.046142578125,9.502491474151611,40.742557525634766,3.2308714389801025,34.63384246826172,3.294295310974121,35.66184997558594,4.04239809513092,36.18295669555664,23.69301700592041,75.7552261352539,21.64268207550049,65.92549896240234,20.703588776290417,66.43562316894531,1,11.631938211619854,23.69301700592041,47.134359995524086
g_019_020,3.3975,-76.4975,10.563873291015623,37.30023956298828,8.059713363647461,34.46589279174805,9.48072338104248,41.66012191772461,4.104277610778809,33.599945068359375,4.196946620941162,34.59693145751953,5.1047682762146,35.101646423339844,24.59858751296997,75.84967041015625,22.26357865333557,65.97402954101562,21.67728763818741,66.527587890625,1,12.227750705348122,24.59858751296997,47.23067389594184
g_019_021,3.3975,-76.49249999999999,10.5478196144104,38.8840217590332,7.96776008605957,35.990169525146484,9.331954002380373,42.65181350708008,4.5215336084365845,33.780067443847656,4.632763624191284,34.782127380371094,5.636606186628342,35.28911590576172,26.124050617218018,75.97669982910156,23.513811826705933,66.03803253173828,23.118881821632385,66.64630126953125,1,12.821686820851433,26.124050617218018,47.78203879462348
g_019_022,3.3975,-76.4875,10.599605560302734,40.55595016479492,8.018279552459717,37.59882354736328,9.298678874969482,43.7047004699707,4.189526677131653,35.60561752319336,4.377254128456116,36.6617431640625,5.3458156287670135,37.197044372558594,26.92079973220825,76.14898681640625,24.33077478408813,66.1220703125,24.01557755470276,66.8033218383789,1,13.010701388120651,26.92079973220825,48.93313980102539
g_019_023,3.3975,-76.4825,10.704261302947998,42.29938125610352,8.095438480377197,39.27586364746094,9.222004890441896,44.80821990966797,3.5684558153152466,39.09524917602539,3.89195728302002,40.2551383972168,4.747340857982636,40.847412109375,27.32252550125122,76.37220764160156,24.79413390159607,66.22920989990234,24.472439646720886,67.00402069091797,1,12.979839742183685,27.32252550125122,50.68741141425239
g_019_024,3.3975,-76.47749999999999,10.596181869506836,44.10118103027344,8.034052848815918,41.0086784362793,8.92308759689331,45.95382308959961,2.960112690925598,43.95082092285156,3.206708312034607,45.25543212890625,4.074818640947342,45.93107223510742,28.764244556427,76.64950561523438,26.03619313240052,66.3621826171875,25.716277360916138,67.2516098022461,1,13.14574188987414,28.764244556427,52.94047843085395
g_019_025,3.3975,-76.4725,10.20592164993286,45.95099258422852,7.8491530418396,42.78734588623047,8.40534496307373,47.13460922241211,2.21367621421814,49.7933464050293,2.4550646543502808,51.27236175537109,3.3563543260097504,52.05268859863281,31.17790937423706,76.98831939697266,28.2496075630188,66.52510070800781,28.110965967178345,67.55323028564453,0,13.558221972650951,31.17790937423706,55.5619994269477
g_019_026,3.3975,-76.4675,9.841113090515137,47.840633392333984,7.8587470054626465,44.60403060913086,8.166288375854492,48.345008850097656,1.6110652685165403,56.3082389831543,2.0711604356765747,57.98183441162109,2.8191821724176407,58.88251876831055,32.8649206161499,77.4007568359375,30.079958200454712,66.72325897216797,30.25223278999329,67.92019653320312,0,13.951629772782326,32.8649206161499,58.445164150661896
g_019_027,3.3975,-76.46249999999999,9.954486846923828,49.76362228393555,8.053934097290039,46.45252990722656,8.373028755187988,49.58051300048828,1.409214198589325,63.27573394775391,2.082539677619934,65.15733337402344,2.4970182925462723,66.18902587890625,32.20048427581787,77.89860534667969,29.836071968078613,66.96121215820312,30.06857132911682,68.36347961425781,0,13.830594382352299,32.20048427581787,61.5157839457194
g_019_028,3.3975,-76.4575,10.262130737304688,51.71479034423828,8.210485935211182,48.327903747558594,8.788645267486572,50.83747100830078,1.7864185869693756,70.55269622802734,2.3532533645629883,72.65125274658203,2.4552087634801865,73.82068634033203,30.751724243164062,78.48815155029297,28.67106771469116,67.24095153808594,28.710213661193848,68.88893127441406,0,13.55434980822934,30.751724243164062,64.72475941975911
g_019_029,3.3975,-76.4525,10.523945808410645,53.68999099731445,8.400765419006348,50.2261962890625,9.141515731811523,52.1129035949707,2.564549535512924,78.04777526855469,2.8037091493606567,80.36935424804688,2.944318063557148,81.68038177490234,29.730860233306885,79.16824340820312,27.7127058506012,67.56143188476562,27.668864011764526,69.49561309814453,0,13.499025978147984,29.730860233306885,68.03909895155165
g_019_030,3.3975,-76.44749999999999,10.609605312347412,55.68587875366211,8.54835844039917,52.14421463012695,9.29996109008789,53.40436553955078,3.2335798144340515,85.7023696899414,3.252642810344696,88.25115966796875,3.4226916767656803,89.7056655883789,29.7409987449646,79.93171691894531,27.61050724983216,67.91923522949219,27.64096403121948,70.17707824707031,0,13.706589907821682,29.7409987449646,71.4357426961263
g_019_031,3.3975,-76.4425,10.770460605621338,57.699745178222656,8.721710205078125,54.079376220703125,9.499047756195068,54.7098503112793,3.4250013921409845,93.47821044921876,3.50506192445755,96.25714874267578,3.547326110303402,97.85572052001952,29.33735609054565,80.7682113647461,27.33040571212769,68.30973815917969,27.439991235733032,70.92399597167969,2,13.73070678135587,29.33735609054565,74.89799965752496
g_019_032,3.3975,-76.4375,11.100597858428957,59.7293701171875,8.967815399169922,56.02956771850586,9.92881727218628,56.0276985168457,3.875274881720543,101.34968566894533,3.94828462600708,104.36089324951172,3.884549289941788,106.1032943725586,27.83974552154541,81.6666488647461,26.13612365722656,68.72809600830078,26.30796432495117,71.72637939453125,2,13.554352536797523,27.83974552154541,78.41351487901476
g_019_033,3.3975,-76.43249999999999,11.481383800506592,61.77294158935547,9.177100658416748,57.99306106567383,10.285913467407228,57.35652923583984,4.907765090465546,109.2991943359375,4.9697577357292175,112.5442123413086,4.912551909685135,114.42974853515624,26.363783359527588,82.61674499511719,24.81681156158448,69.16985321044922,25.15715765953064,72.57496643066406,2,13.56358058253924,26.363783359527588,81.97302797105577
g_019_034,3.3975,-76.4275,11.657123565673828,63.828948974609375,9.380187511444092,59.96842575073242,10.610222816467283,58.6951904296875,6.069633841514587,117.31433868408205,6.041624218225479,120.79432678222656,6.013326853513718,122.8220443725586,25.43399906158448,83.60961151123047,23.888813495635983,69.63116455078125,24.55231118202209,73.4617919921875,2,13.73858250512017,25.43399906158448,85.56953811645508
g_019_035,3.3975,-76.4225,11.677110195159912,65.89614868164062,9.483148574829102,61.95447540283203,10.719812393188477,60.04270935058594,6.5362807512283325,125.38616180419922,6.505783826112747,129.10202026367188,6.549173980951309,131.27084350585938,25.494471073150635,84.6379165649414,23.76936388015747,70.10880279541016,24.681665182113647,74.3802719116211,2,13.935201095210182,25.494471073150635,89.1977055867513
g_019_036,3.3975,-76.41749999999999,11.648974180221558,67.97350311279297,9.514978885650637,63.95022201538086,10.727973461151125,61.39826965332031,6.629817843437195,133.5081024169922,6.526432752609253,137.46051025390625,6.664707005023956,139.76939392089844,25.80989980697632,85.69571685791016,24.033525943756104,70.60018157958984,24.98924946784973,75.32508850097656,2,14.060617705186209,25.80989980697632,92.85344314575195
g_019_037,3.3975,-76.4125,11.771384954452516,70.06012725830078,9.525575637817385,65.954833984375,10.89017629623413,62.76118087768555,6.894081473350525,141.6752471923828,6.705243408679962,145.86474609375,6.881323039531708,148.31268310546875,25.44959592819214,86.77825164794922,23.916289806365967,71.10316467285156,24.780797958374023,76.29197692871094,3,14.09049650033315,25.44959592819214,96.53357908460829
g_019_038,3.3975,-76.4075,12.03887414932251,72.1552963256836,9.505138874053957,67.96761322021484,11.16678237915039,64.13085174560547,7.971240758895874,149.8838653564453,7.625327929854393,154.3109130859375,7.8530433177948,156.89697265625,24.90929412841797,87.8817367553711,23.66184949874878,71.6160659790039,24.28366112709045,77.27754974365234,3,14.335023573703236,24.90929412841797,100.23565165201823
g_019_039,3.3975,-76.4025,12.438573837280272,74.25837707519531,9.644729614257812,69.98796844482422,11.857304096221924,65.50676727294922,11.327022194862366,158.13111877441406,10.484836712479591,162.7960968017578,11.140117406845093,165.5194549560547,23.822986125946045,89.00312042236328,22.880489349365234,72.13749694824219,23.289389610290527,78.27909851074219,3,15.20949432750543,23.822986125946045,103.95772213406033
g_020_000,3.4025,-76.5975,10.71635913848877,48.49418258666992,7.425976276397705,45.23229217529297,8.91310167312622,48.76451110839844,9.217032194137571,94.3656005859375,9.321008384227753,97.1743621826172,10.2042298913002,98.59220886230467,30.71622014045716,86.59212493896484,27.92652048915625,70.97433471679688,23.901501893997192,76.08393859863281,2,15.371327786809868,30.71622014045716,74.03039508395725
g_020_001,3.4025,-76.5925,9.535823345184326,46.64460754394531,7.176348686218262,43.4542121887207,8.40224552154541,47.57844161987305,5.494869589805603,86.51058959960938,5.917764127254486,89.0855941772461,6.743845462799072,90.38629913330078,34.70256590843201,85.55587005615234,32.49458333849907,70.4915542602539,29.35094666481018,75.1575698852539,0,15.535443627172047,34.70256590843201,70.54052649603949
g_020_002,3.4025,-76.58749999999999,8.762846946716309,44.83908081054688,7.247389793395996,41.71823501586914,8.496531009674072,46.42432022094727,3.356230139732361,78.7403335571289,3.909971833229065,81.08403778076172,4.687314927577972,82.26886749267578,36.33926355838776,84.5383071899414,34.26141016930342,70.0179214477539,31.93724012374878,74.24761962890625,0,15.44424427797397,36.33926355838776,67.09763590494792
g_020_003,3.4025,-76.5825,8.26895809173584,43.086204528808594,7.339456081390381,40.03260040283203,8.610409259796143,45.30789566040039,1.9390798807144165,71.08122253417969,2.532959818840027,73.19686126708984,3.3214097023010254,74.26746368408203,37.1672545671463,83.54194641113281,34.93622849136591,69.55462646484375,33.30902361869812,73.3563003540039,0,15.269419945776463,37.1672545671463,63.71390236748589
g_020_004,3.4025,-76.5775,7.924568176269531,41.39666748046875,7.393111228942871,38.40756988525391,8.659499645233154,44.236175537109375,1.1235271692276,63.57655334472656,1.7180914878845217,65.46865844726562,2.559396982192993,66.42730712890625,37.58407425880432,82.57001495361328,35.14871625602245,69.10316467285156,34.02432465553284,72.48644256591797,0,15.126145540012253,37.58407425880432,60.40806155734592
g_020_005,3.4025,-76.57249999999999,7.712751388549805,39.78377914428711,7.4394612312316895,36.85592651367188,8.614328861236572,43.21772384643555,0.7198797464370728,56.29898452758789,1.376725196838379,57.9742546081543,2.188210964202881,58.82429122924805,37.65466785430908,81.62666320800781,35.05190183222294,68.6654281616211,34.20656132698059,71.64173889160156,0,14.99605426688989,37.65466785430908,57.20986557006836
g_020_006,3.4025,-76.5675,7.652060031890869,38.26402282714844,7.430998802185059,35.39352035522461,8.413195133209229,42.26288986206055,0.5129637718200684,49.372352600097656,1.3121765851974487,50.841217041015625,1.946730136871338,51.58780288696289,37.29116714000702,80.71729278564453,34.58676344156265,68.24382019042969,33.814789056777954,70.8270034790039,0,14.773427122169071,37.29116714000702,54.16776911417643
g_020_007,3.4025,-76.5625,7.836822986602783,36.85760116577149,7.401994705200195,34.039798736572266,7.97185754776001,41.38407897949219,0.2867252826690674,43.00761032104492,1.4612449407577517,44.28682327270508,1.6416971683502195,44.93830871582031,35.84783911705017,79.8489761352539,33.20575970411301,67.8414535522461,32.18055200576782,70.04859924316406,0,14.203832606474558,35.84783911705017,51.36147223578559
g_020_008,3.4025,-76.55749999999999,8.287887573242188,35.588802337646484,7.209468841552734,32.818172454833984,7.436538219451904,40.59584045410156,1.127031326293945,37.5491828918457,1.5225099325180054,38.66578674316406,1.0780988931655884,39.235782623291016,32.69720768928528,79.03094482421875,30.226790368556976,67.46231079101562,28.53816628456116,69.31489562988281,0,13.12485545873642,32.69720768928528,48.91796875
g_020_009,3.4025,-76.5525,8.866320610046387,34.48588562011719,7.121515274047852,31.75592994689941,7.653336048126221,39.91468811035156,0.7393646240234375,33.484493255615234,0.8458813428878784,34.480064392089844,0.114448070526123,34.989707946777344,28.62358748912812,78.27495574951172,26.05829563736916,67.1114273071289,23.58918786048889,68.63671112060547,0,11.512437439627119,28.62358748912812,47.0148737165663
g_020_010,3.4025,-76.5475,9.238943099975586,33.5800895690918,7.234185218811035,30.88326072692871,7.964026927947998,39.35843276977539,0.8160743713378906,31.278261184692383,0.1442075967788696,32.208194732666016,1.0209369659423828,32.68587875366211,26.69353461265564,77.59532928466797,23.89496922492981,66.79488372802734,21.183838605880737,68.02735900878906,0,10.910079624917772,26.69353461265564,45.823521084255646
g_020_011,3.4025,-76.54249999999999,9.137011528015137,32.90321350097656,7.130600929260254,30.230955123901367,7.800839424133301,38.944820404052734,0.9591598510742188,30.970134735107425,1.943532943725586,31.890981674194336,1.1947097778320312,32.36588287353516,27.30738615989685,77.0077896118164,24.19278383255005,66.51940155029297,21.56736326217652,67.5016860961914,0,11.24815418985155,27.30738615989685,45.370540618896484
g_020_012,3.4025,-76.5375,8.868601322174072,32.483642578125,6.953290939331055,29.82652473449707,7.473965167999268,38.68939208984375,0.9096431732177734,31.966629028320312,1.9033403396606443,32.917259216308594,0.2381696701049804,33.4094352722168,28.97549319267273,76.52632141113281,25.521711587905884,66.29106903076172,23.18257188796997,67.07315826416016,0,11.558531920115152,28.97549319267273,45.4648257361518
g_020_013,3.4025,-76.5325,8.878597736358643,32.34136962890625,6.977785110473633,29.68936920166016,7.53661584854126,38.60295104980469,0.7253036499023438,33.39406967163086,1.7983160018920898,34.387306213378906,0.1707102060317993,34.903072357177734,29.108685731887817,76.15795135498047,25.706973552703857,66.11325073242188,23.53864598274231,66.74877166748047,0,11.604625980059305,29.108685731887817,45.815345764160156
g_020_014,3.4025,-76.5275,9.25338888168335,32.483642578125,7.21098518371582,29.82652473449707,7.909820079803467,38.68939208984375,0.6838951110839844,34.529022216796875,1.8666582107543943,35.55609130859375,0.0972346067428588,36.09008407592773,27.645446300506592,75.89749145507812,24.567811846733093,65.9844741821289,22.42588329315185,66.52395629882812,0,11.295680390463936,27.645446300506592,46.17563099331326
g_020_015,3.4025,-76.5225,9.750856399536133,32.90321350097656,7.55615234375,30.230955123901367,8.44710636138916,38.944820404052734,0.0900391340255737,34.92622756958008,0.2799348831176758,35.965049743652344,0.4775807857513428,36.50453567504883,25.42933964729309,75.72657012939453,22.903714060783383,65.89795684814453,20.768919348716736,66.38145446777344,0,10.633738107151455,25.42933964729309,46.386753718058266
g_020_016,3.4025,-76.5175,10.139765739440918,33.5800895690918,7.874761581420898,30.88326072692871,8.921576976776123,39.35843276977539,1.067155838012695,34.380210876464844,1.163090705871582,35.402565002441406,1.4332671165466309,35.93147659301758,23.839641094207764,75.61854553222656,21.75287902355194,65.84343719482422,19.887250661849976,66.296142578125,1,10.675487637519836,23.839641094207764,46.36601787143283
g_020_017,3.4025,-76.5125,10.369152069091797,34.48588562011719,8.112316131591797,31.75592994689941,9.299429416656494,39.91468811035156,1.979743480682373,32.88290786743164,2.0276049375534058,33.860374450683594,2.4345139265060425,34.36298751831055,23.088632583618164,75.5467300415039,21.22272539138794,65.8104248046875,19.76606249809265,66.24286651611328,1,10.92224227057563,23.088632583618164,46.09586609734429
g_020_018,3.4025,-76.5075,10.537799835205078,35.588802337646484,8.277957916259766,32.818172454833984,9.57093095779419,40.59584045410156,2.685878872871399,30.631498336791992,2.7557525634765625,31.5416202545166,3.3574432134628296,32.006378173828125,22.87626361846924,75.49211883544922,21.07456684112549,65.79103088378906,20.11245108395815,66.20370483398438,1,11.249893878069189,22.87626361846924,45.6299073961046
g_020_019,3.4025,-76.5025,10.679123401641846,36.85760116577149,8.40482234954834,34.039798736572266,9.77665090560913,41.38407897949219,3.46873939037323,28.09578895568848,3.576244354248047,28.93019294738769,4.345501929521561,29.35398292541504,22.84773111343384,75.44971466064453,21.03863930702209,65.78219604492188,20.584040343761444,66.17362213134766,1,11.635721455017725,22.84773111343384,45.118552949693466
g_020_020,3.4025,-76.4975,10.762287616729736,38.26402282714844,8.417807579040527,35.39352035522461,9.852838039398192,42.26288986206055,4.311504244804382,26.10326385498047,4.420117497444153,26.87820243835449,5.407963752746582,27.2707748413086,23.45972204208374,75.43273162841797,21.359251737594604,65.787109375,21.38943421840668,66.16416931152344,1,12.153436303138733,23.45972204208374,44.8396316104465
g_020_021,3.4025,-76.49249999999999,10.795162200927734,39.78377914428711,8.410982608795166,36.85592651367188,9.835856914520264,43.21772384643555,4.8948012590408325,25.726146697998047,5.033457398414612,26.48969841003418,6.129357427358627,26.87611961364746,24.343990802764893,75.46814727783203,21.991472721099854,65.81389617919922,22.354906797409058,66.19940948486328,1,12.643332014481226,24.343990802764893,45.15898301866319
g_020_022,3.4025,-76.4875,10.894366264343262,41.39666748046875,8.513251304626465,38.40756988525391,9.870019435882568,44.236175537109375,4.942293047904968,27.690059661865234,5.186729550361633,28.511947631835938,6.172765851020813,28.928939819335938,24.746066093444824,75.57561492919922,22.37311124801636,65.8693618774414,22.94540309906006,66.29700469970703,1,12.849333988295662,24.746066093444824,46.32370461357964
g_020_023,3.4025,-76.4825,11.030405044555664,43.086204528808594,8.651641368865967,40.03260040283203,9.868496417999268,45.30789566040039,4.557298898696899,31.847320556640625,4.86850893497467,32.79317092895508,5.666334301233292,33.27912521362305,24.957128047943115,75.75228118896484,22.72518229484558,65.9542465209961,23.24813342094421,66.45460510253906,1,12.841458747784296,24.957128047943115,48.27860556708442
g_020_024,3.4025,-76.47749999999999,10.953377723693848,44.83908081054688,8.509805679321289,41.71823501586914,9.56194543838501,46.42432022094727,3.836197257041931,37.53315353393555,4.0724945068359375,38.64902114868164,4.777809135615826,39.23552322387695,26.38275718688965,75.9898910522461,23.981319427490234,66.06822967529297,24.299154043197632,66.66522216796875,1,12.930540044274595,26.38275718688965,50.79140853881836
g_020_025,3.4025,-76.4725,10.597046375274658,46.64460754394531,8.287238121032715,43.4542121887207,8.977442741394043,47.57844161987305,2.898556470870972,44.14081954956055,3.0396392345428467,45.45463180541992,3.735337473452091,46.16396331787109,29.02348756790161,76.29411315917969,26.32354593276977,66.2154312133789,26.51577472686768,66.93453216552734,1,13.266452071567377,29.02348756790161,53.6534169514974
g_020_026,3.4025,-76.4675,10.242121696472168,48.49418258666992,8.103545665740967,45.23229217529297,8.578195095062256,48.76451110839844,2.081564247608185,51.28589630126953,2.445966839790344,52.81387710571289,2.99978350289166,53.6601676940918,31.16767311096192,76.68283081054688,28.51173686981201,66.40338134765625,28.84501528739929,67.27922058105469,0,13.663955812859866,31.16767311096192,56.73515107896593
g_020_027,3.4025,-76.46249999999999,10.288216590881348,50.38090515136719,8.25191879272461,47.04585647583008,8.66850757598877,49.97782897949219,1.757863163948059,58.75243377685547,2.3980777859687805,60.50407409667969,2.5770654678344727,61.49540710449219,30.918612003326416,77.17375183105469,28.66026210784912,66.63864135742188,28.99579286575317,67.7156753540039,0,13.612924039363861,30.918612003326416,59.9649526807997
g_020_028,3.4025,-76.4575,10.510049819946287,52.299198150634766,8.33811902999878,48.88957214355469,8.942198753356934,51.214542388916016,1.9704093486070635,66.42196655273438,2.506166934967041,68.40296936035156,2.5196714997291565,69.54329681396484,30.10360717773437,77.7744140625,28.02586460113525,66.92337036132812,28.269667387008667,68.25086975097656,0,13.46508383916484,30.10360717773437,63.302244398328995
g_020_029,3.4025,-76.4525,10.629088878631592,54.24453353881836,8.451099395751953,50.75911712646485,9.150957107543944,52.47146987915039,2.668437914922833,74.22850799560547,3.0097497701644897,76.44242095947266,3.066233068704605,77.73303985595703,29.625800609588623,78.48014068603516,27.53906536102295,67.25486755371094,27.75001645088196,68.88057708740234,0,13.543383173023662,29.625800609588623,66.7216305202908
g_020_030,3.4025,-76.44749999999999,10.624247074127195,56.21323394775391,8.535195350646973,52.650970458984375,9.17137575149536,53.74599838256836,3.2428871542215347,82.1340560913086,3.461006999015808,84.5831527709961,3.5347247570753098,86.02376556396484,30.01967096328736,79.27819061279297,27.78750705718994,67.62735748291016,28.12004852294922,69.59320068359375,0,13.832962625556522,30.01967096328736,70.20554733276367
g_020_031,3.4025,-76.4425,10.725010395050049,58.2022819519043,8.669574737548828,54.562255859375,9.320162296295166,55.03596115112305,3.505494475364685,90.11579132080078,3.7705485224723816,92.80158996582033,3.688193678855896,94.39098358154295,29.835256099700928,80.15312957763672,27.74134922027588,68.03413391113281,28.15116286277771,70.374755859375,0,13.934083587593502,29.835256099700928,73.741209242079
g_020_032,3.4025,-76.4375,10.984315872192385,60.20920181274414,8.853297710418701,56.490604400634766,9.63416051864624,56.339542388916016,3.946065694093704,98.15933990478516,4.305053442716599,101.0828857421875,3.999617248773575,102.81941986083984,28.65885305404663,81.09033966064453,26.86624526977539,68.46891784667969,27.305041313171387,71.21204376220703,2,13.839183347092735,28.65885305404663,77.31914393107097
g_020_033,3.4025,-76.43249999999999,11.283517360687256,62.23193740844727,9.068273544311523,58.43406295776367,9.9782395362854,57.655235290527344,4.831224858760834,106.25523376464844,5.1159180998802185,109.41725158691406,4.726716727018356,111.29913330078124,27.27285623550415,82.07745361328125,25.7361421585083,68.92640686035156,26.20730876922608,72.09392547607422,2,13.802244143353569,27.27285623550415,80.93229336208768
g_020_034,3.4025,-76.4275,11.496228218078612,64.26878356933594,9.342543601989746,60.39099884033203,10.34826946258545,58.98177337646485,5.702019929885864,114.39694213867188,5.876043908298016,117.79795837402344,5.536425590515137,119.82341003417967,26.122710704803467,83.10460662841797,24.687633514404297,69.40234375,25.342988967895508,73.01155853271484,2,13.828318210939566,26.122710704803467,84.57537502712674
g_020_035,3.4025,-76.4225,11.593915462493896,66.31831359863281,9.472816944122314,62.36006164550781,10.560235023498535,60.31807708740234,6.121635973453522,122.5798110961914,6.1647152081131935,126.22022247314452,5.942620635032654,128.3875732421875,25.736793994903564,84.16410827636719,24.2100772857666,69.89337158203125,25.09495997428894,73.95803833007812,2,13.877530055741468,25.736793994903564,88.24439748128255
g_020_036,3.4025,-76.41749999999999,11.702104091644289,68.37933349609375,9.575081825256348,64.34010314941406,10.735820293426514,61.66324615478516,6.363601922988892,130.80043029785156,6.324261963367462,134.6805419921875,6.269014120101929,136.98828125,25.45790386199951,85.25004577636719,23.899932861328125,70.39688110351562,24.938772678375244,74.92808532714844,2,13.918499290943146,25.45790386199951,91.9363276163737
g_020_037,3.4025,-76.4125,11.80718731880188,70.45082092285156,9.58638334274292,66.33016967773438,10.980351448059082,63.01650238037109,6.962944388389587,139.05625915527344,6.825453102588654,143.17630004882812,6.8752389550209045,145.6230926513672,25.03278970718384,86.35785675048828,23.623931884765625,70.91083526611328,24.633285999298096,75.91761779785156,3,14.036396238538954,25.03278970718384,95.6488282945421
g_020_038,3.4025,-76.4075,12.038372039794922,72.53192901611328,9.572338581085203,68.32943725585938,11.278965473175049,64.37718200683594,8.317482233047485,147.34535217285156,7.972990751266479,151.7055206298828,8.121951222419739,154.29022216796875,24.54296827316284,87.48400115966797,23.328423500061035,71.43363189697266,24.174537420272827,76.92349243164062,3,14.372003277142843,24.54296827316284,99.38008541531033
g_020_039,3.4025,-76.4025,12.449795722961426,74.6219253540039,9.668341159820557,70.33721160888672,11.910212993621826,65.74472045898438,11.659646391868591,155.66624450683594,10.86817416548729,160.2667236328125,11.443865776062012,162.9883270263672,23.708909034729004,88.62574768066406,22.77604103088379,71.96399688720703,23.37669157981873,77.94325256347656,3,15.317964206139246,23.708909034729004,103.12868330213759
g_021_000,3.4075,-76.5975,10.637944221496582,49.275665283203125,7.376609802246094,45.98349380493164,8.807182312011719,49.26667404174805,9.06398892402649,91.82222747802734,9.2403644323349,94.55519104003906,10.198394417762756,95.93450164794922,31.62791395187378,86.61196899414062,28.78199765086174,70.97164154052734,24.906067609786987,76.107666015625,2,15.626718146933449,31.62791395187378,73.3921144273546
g_021_001,3.4075,-76.5925,9.425943851470947,47.47172546386719,7.233327388763428,44.24938583374024,8.501945972442627,48.10840606689453,5.417107462882996,83.80929565429688,5.805290460586548,86.30378723144531,6.721085548400879,87.56370544433594,35.44930326938629,85.58980560302734,33.25697208940983,70.49402618408203,30.37096047401428,75.1943588256836,0,15.797992946373093,35.44930326938629,69.86494403415256
g_021_002,3.4075,-76.58749999999999,8.652141571044922,45.71620941162109,7.366917610168457,42.56160736083984,8.66823959350586,46.98450469970703,3.2707306146621704,75.84548950195312,3.788632035255432,78.1029052734375,4.647632896900177,79.24417877197266,36.93272995948792,84.58847045898438,34.84604799747467,70.02637481689453,32.82629632949829,74.29947662353516,0,15.666596511999765,36.93272995948792,66.37435743543837
g_021_003,3.4075,-76.5825,8.17719841003418,44.01799774169922,7.465853691101074,40.928688049316406,8.796480178833008,45.90083312988281,1.871728777885437,67.94381713867188,2.447839736938477,69.96595001220703,3.310525596141815,70.98948669433594,37.64139902591705,83.6107406616211,35.38584788143635,69.56998443603516,34.07005500793457,73.42547607421875,0,15.462992034024662,37.64139902591705,62.92810821533203
g_021_004,3.4075,-76.5775,7.857126235961914,42.387962341308594,7.555816173553467,39.36105728149414,8.834898471832275,44.86442565917969,1.093518853187561,60.12835311889648,1.6972715854644775,61.917701721191406,2.58228600025177,62.82474899291992,37.94434106349945,82.66004943847656,35.440526366233826,69.12642669677734,34.6710307598114,72.57542419433594,0,15.297423945532906,37.94434106349945,59.53846104939779
g_021_005,3.4075,-76.57249999999999,7.6494059562683105,40.8393440246582,7.600038528442383,37.87145233154297,8.70402479171753,43.88370895385742,0.6559662818908691,52.444732666015625,1.297845482826233,54.005184173583984,2.1664786338806152,54.79764175415039,37.91632771492005,81.74068450927734,35.19648438692093,68.69763946533203,34.77501463890076,71.7531509399414,0,15.106842935085297,37.91632771492005,56.22594875759549
g_021_006,3.4075,-76.5675,7.637313365936279,39.38815307617188,7.575889587402344,36.47526550292969,8.387556076049805,42.96868133544922,0.308634877204895,44.98230743408203,1.1112115383148191,46.32044219970703,1.8394373655319207,47.00151062011719,37.36346101760864,80.85797119140625,34.52553141117096,68.28599548339844,34.18423628807068,70.96345520019531,0,14.77036350303226,37.36346101760864,53.027086893717446
g_021_007,3.4075,-76.5625,7.911096572875977,38.05348587036133,7.449489593505859,35.19089889526367,7.845931053161621,42.13102340698242,1.042863845825195,37.92131423950195,1.0778907537460327,39.04914474487305,1.499219536781311,39.62472915649414,35.75456988811493,80.0185317993164,32.97234919667244,67.8944320678711,32.31791090965271,70.21234130859375,0,14.207924594481787,35.75456988811493,50.01065572102865
g_021_008,3.4075,-76.55749999999999,8.44240427017212,36.85760116577149,7.217392921447754,34.039798736572266,7.38532018661499,41.38407897949219,0.5526390075683594,31.628807067871094,0.9188578128814696,32.56932067871094,0.8402450084686279,33.05094909667969,32.369706988334656,79.2304458618164,29.63816738128662,67.52648162841797,28.23783063888549,69.50717163085938,0,12.844729357295567,32.369706988334656,47.31051720513238
g_021_009,3.4075,-76.5525,9.187175273895264,35.82554244995117,7.254513740539551,33.046142578125,7.795742511749268,40.742557525634766,0.3443260192871094,26.798303604125977,0.3351994752883911,27.59514808654785,1.0309162139892578,28.005102157592773,27.93425965309143,78.50321960449219,25.226477205753326,67.18628692626953,22.98428773880005,68.85671997070312,0,11.343655314710405,27.93425965309143,45.173224767049156
g_021_010,3.4075,-76.5475,9.623128414154053,34.984004974365234,7.518542289733887,32.23572540283203,8.30277156829834,40.22182846069336,0.7374534606933594,24.368236541748047,0.0807869434356689,25.09294509887696,0.9384651184082032,25.46824073791504,25.402639150619507,77.84730529785156,22.83255797624588,66.87841796875,20.303938150405884,68.27069091796875,0,10.637809230221642,25.402639150619507,43.92971060011122
g_021_011,3.4075,-76.54249999999999,9.716059684753418,34.35923385620117,7.565656661987305,31.63392639160156,8.393710613250732,39.83673095703125,0.1753126978874206,24.652538299560547,0.10916268825531,25.385957717895508,0.1016221046447753,25.768917083740234,25.106704235076904,77.27276611328125,22.45829731225968,66.60733795166016,19.97695279121399,67.75859069824219,0,10.400386532147726,25.106704235076904,43.69733322991265
g_021_012,3.4075,-76.5375,9.657068729400637,33.973907470703125,7.52739143371582,31.26270866394043,8.318165302276611,39.59990692138672,0.2403661608695984,26.64530372619629,0.0930796861648559,27.4383544921875,0.244213581085205,27.85599899291992,25.566940784454346,76.78694915771484,22.80159747600556,66.37648010253906,20.44400405883789,67.32743835449219,0,10.543647468090057,25.566940784454346,44.140783098008896
g_021_013,3.4075,-76.5325,9.692513465881348,33.843605041503906,7.585016250610352,31.13716697692871,8.439240455627441,39.51994705200195,0.2347389459609985,28.9619369506836,0.1187870502471923,29.82429313659668,0.2884246706962585,30.28176498413086,25.47060203552246,76.39134979248047,22.774005651474,66.18702697753906,20.59352374076844,66.97889709472656,0,10.577428029643166,25.47060203552246,44.791776445176865
g_021_014,3.4075,-76.5275,9.928839206695557,33.973907470703125,7.809301376342773,31.26270866394043,8.714992046356201,39.59990692138672,0.4248229265213012,30.686492919921875,0.4306075572967529,31.600465774536133,0.567028284072876,32.087650299072266,24.57352876663208,76.07917022705078,22.165639519691467,66.036865234375,20.15259301662445,66.70677947998047,1,10.529705855581495,24.57352876663208,45.337105221218536
g_021_015,3.4075,-76.5225,10.209129333496094,34.35923385620117,8.055420875549316,31.63392639160156,9.091779232025146,39.83673095703125,1.0840054154396055,31.356630325317383,1.1284600496292114,32.290645599365234,1.2590662240982056,32.78902053833008,23.353021144866943,75.83511352539062,21.324854850769043,65.92051696777344,19.560324907302856,66.49691009521484,1,10.562895781464047,23.353021144866943,45.61319202846951
g_021_016,3.4075,-76.5175,10.415847301483154,34.984004974365234,8.248605728149414,32.23572540283203,9.396385192871094,40.22182846069336,1.9162298440933228,30.77566719055176,1.9921809434890747,31.69220924377441,2.228061139583588,32.17929458618164,22.579715490341187,75.63811492919922,20.79626727104187,65.8301010131836,19.424001216888428,66.32965087890625,1,10.777477125326792,22.579715490341187,45.54295518663194
g_021_017,3.4075,-76.5125,10.58170747756958,35.82554244995117,8.386107444763184,33.046142578125,9.622718334197998,40.742557525634766,2.644920766353607,28.91506576538086,2.7400929927825928,29.775787353515625,3.140395820140838,30.228763580322266,22.271366596221924,75.46604919433594,20.57995104789734,65.7572021484375,19.652924506459385,66.18439483642578,1,11.068909442931828,22.271366596221924,45.10461171468099
g_021_018,3.4075,-76.5075,10.733603954315186,36.85760116577149,8.515969276428223,34.039798736572266,9.825527667999268,41.38407897949219,3.224965333938598,25.91356658935547,3.346626877784729,26.68438720703125,3.9379551708698273,27.084213256835938,22.164624214172363,75.30148315429688,20.55048060417176,65.69489288330078,20.083312571048737,66.04483032226562,1,11.37589618563652,22.164624214172363,44.33387247721354
g_021_019,3.4075,-76.5025,10.870604515075684,38.05348587036133,8.635578155517578,35.19089889526367,10.028997421264648,42.13102340698242,3.87274569272995,22.190889358520508,4.0139219760894775,22.85044860839844,4.808835238218308,23.187549591064453,22.108571529388428,75.1393814086914,20.513012647628784,65.64035034179688,20.532257795333862,65.90594482421875,1,11.709391663471857,22.108571529388428,43.365552478366425
g_021_020,3.4075,-76.4975,10.933276653289797,39.38815307617188,8.719743728637695,36.47526550292969,10.160877227783203,42.96868133544922,4.682507872581482,18.75235748291016,4.813570141792297,19.30935859680176,5.832218156196177,19.5918083190918,22.40030193328857,75.00005340576172,20.619396686553955,65.59896850585938,21.19998800754547,65.78556060791016,1,12.151320045296517,22.40030193328857,42.54113409254286
g_021_021,3.4075,-76.49249999999999,10.956498622894289,40.8393440246582,8.776723861694336,37.87145233154297,10.232898235321043,43.88370895385742,5.396095097064972,17.481029510498047,5.506841421127319,18.000097274780273,6.645651876926422,18.262903213500977,22.99164390563965,74.93864440917969,20.94365930557251,65.58736419677734,21.98118162155152,65.73280334472656,1,12.603465994199118,22.99164390563965,42.51081636216905
g_021_022,3.4075,-76.4875,11.008423805236816,42.387962341308594,8.897157192230225,39.36105728149414,10.29610013961792,44.86442565917969,5.60117369890213,19.88690757751465,5.8079365491867065,20.477638244628903,6.80092166364193,20.77810287475586,23.35604190826416,74.99742126464844,21.257180213928223,65.6192855834961,22.510791778564453,65.7854232788086,1,12.837302994396952,23.35604190826416,43.79535823398166
g_021_023,3.4075,-76.4825,11.091742515563965,44.01799774169922,8.969014167785645,40.928688049316406,10.274161338806152,45.90083312988281,5.285608649253845,25.216686248779297,5.578842043876648,25.96680450439453,6.333112716674805,26.35810089111328,23.734188079833984,75.14630889892578,21.703003883361816,65.68756103515625,22.89101004600525,65.91658020019531,1,12.873409271240234,23.734188079833984,46.12661785549588
g_021_024,3.4075,-76.47749999999999,11.101880073547363,45.71620941162109,8.842440605163574,42.56160736083984,9.950626373291016,46.98450469970703,4.5471391677856445,32.01282501220703,4.775108933448792,32.96690368652344,5.3353623896837234,33.48396301269531,25.12313985824585,75.35047912597656,22.973132133483887,65.78422546386719,23.771748542785645,66.09547424316406,1,12.935619786381721,25.12313985824585,48.99513244628906
g_021_025,3.4075,-76.4725,10.804176807403564,47.47172546386719,8.492671489715576,44.24938583374024,9.33115530014038,48.10840606689453,3.54879292845726,39.45708084106445,3.6923908591270447,40.63503646850586,4.193219915032387,41.29752349853516,27.88944959640503,75.6177749633789,25.428540229797363,65.91477966308594,25.871127367019653,66.3299789428711,1,13.250169388122028,27.88944959640503,52.12018797132704
g_021_026,3.4075,-76.4675,10.493627548217772,49.275665283203125,8.245231628417969,45.98349380493164,8.831835746765137,49.26667404174805,2.713264942169189,47.19982147216797,3.0373292565345764,48.61072540283203,3.376372203230858,49.428367614746094,30.21748161315918,75.98072814941406,27.755882740020752,66.09207916259766,28.19280886650085,66.65032958984375,0,13.651537171668476,30.21748161315918,55.387542724609375
g_021_027,3.4075,-76.46249999999999,10.464186668395996,51.12075805664063,8.281549453735352,47.75696563720703,8.813772201538086,50.45446014404297,2.30508183920756,55.09484100341797,2.940117359161377,56.743011474609375,2.886850595474243,57.719459533691406,30.62216806411743,76.46871185302734,28.44392490386963,66.32666015625,28.85726118087769,67.08366394042969,0,13.734990251819706,30.62216806411743,58.752059088812935
g_021_028,3.4075,-76.4575,10.52687931060791,53.00106048583984,8.32439374923706,49.564109802246094,8.906759262084961,51.667728424072266,2.5434916019439697,63.078895568847656,3.239587396383285,64.96648406982422,2.960242599248886,66.10186767578125,30.456589698791504,77.09021759033203,28.469669342041016,66.62056732177734,28.85832452774048,67.63772583007812,0,13.809548609786564,30.456589698791504,62.19207297431098
g_021_029,3.4075,-76.4525,10.442799091339111,54.91169738769531,8.321834564208984,51.40025329589844,8.889697074890137,52.90312576293945,3.256301373243332,71.12345123291016,3.795097231864929,73.25157165527344,3.4937107861042023,74.54412078857422,30.918477058410645,77.83313751220703,28.92754077911377,66.96786499023438,29.347241163253784,68.30125427246094,0,14.154744346936544,30.918477058410645,65.69294187757704
g_021_030,3.4075,-76.44749999999999,10.27848482131958,56.84865188598633,8.360558032989502,53.26155853271485,8.749815464019775,54.15785598754883,3.7140859961509705,79.21495056152344,4.255624085664749,81.58421325683594,4.013870567083359,83.03123474121094,32.19700860977173,78.6757583618164,30.09122467041016,67.35909271240234,30.671029567718502,69.0543441772461,0,14.703522423903147,32.19700860977173,69.24307335747613
g_021_031,3.4075,-76.4425,10.189704895019531,58.8086051940918,8.39973783493042,55.14485168457031,8.724625587463379,55.42958831787109,3.856655240058899,87.3464584350586,4.572173997759819,89.95720672607422,4.1350337862968445,91.55574035644533,32.8590350151062,79.5961685180664,30.932902812957764,67.78495788574219,31.59127283096313,69.87708282470703,0,15.029015777839554,32.8590350151062,72.83340666029189
g_021_032,3.4075,-76.4375,10.215962409973145,60.788795471191406,8.495060920715332,57.04749298095703,8.839227199554443,56.71636199951172,4.019150793552399,95.51407623291016,4.864935191348195,98.36650848388672,4.260194480419159,100.11360931396484,32.593751430511475,80.57626342773438,30.89510202407837,68.23779296875,31.530573844909668,70.75310516357422,4,15.079328699451354,32.593751430511475,76.45711178249783
g_021_033,3.4075,-76.43249999999999,10.415730953216553,62.78693389892578,8.605178356170654,58.96729278564453,8.987759590148926,58.01653289794922,4.500845730304718,103.71530151367188,5.318595975637436,106.80953979492188,4.591025233268738,108.70250701904295,31.81944513320923,81.60223388671875,30.30621719360352,68.71170806884766,30.85244607925415,71.6700210571289,2,15.044138249423769,31.81944513320923,80.10911899142795
g_021_034,3.4075,-76.4275,10.6850266456604,64.80108642578125,8.813954830169678,60.90241241455078,9.255914211273192,59.32870101928711,4.893752217292786,111.9483642578125,5.65954016149044,115.28449249267578,4.83846640586853,117.32089233398438,30.40372467041016,82.66389465332031,29.04654550552368,69.20232391357422,29.542412281036377,72.61870574951172,2,14.79325965874725,30.40372467041016,83.78565258449979
g_021_035,3.4075,-76.4225,11.030828475952148,66.82964324951172,9.038449764251707,62.8513069152832,9.612700939178469,60.65168380737305,5.134238600730896,120.21190643310548,5.756103098392487,123.78997802734376,4.94838547706604,125.96772003173828,28.85988569259644,83.7537841796875,27.600786209106445,69.70636749267578,28.096071481704712,73.59249877929688,2,14.453049970997704,28.85988569259644,87.48387654622395
g_021_036,3.4075,-76.41749999999999,11.384650468826294,68.87122344970703,9.27690315246582,64.81266784667969,10.12581205368042,61.98447799682617,5.576589107513428,128.50485229492188,5.879972517490387,132.3249053955078,5.3249675035476685,134.64218139648438,27.19432830810547,84.86640167236328,26.01080656051636,70.22138214111328,26.58500337600708,74.58649444580078,2,14.15100367201699,27.19432830810547,91.2016207377116
g_021_037,3.4075,-76.4125,11.707189083099363,70.92466735839844,9.44862699508667,66.78538513183594,10.652186393737791,63.32621765136719,6.584886789321899,136.82630920410156,6.587305128574371,140.8883819580078,6.255812525749207,143.3437042236328,25.8928279876709,85.99766540527344,24.77645444869995,70.74552154541016,25.42230749130249,75.59705352783203,2,14.147510760360294,25.8928279876709,94.93721177842882
g_021_038,3.4075,-76.4075,12.02166485786438,72.9889907836914,9.54574489593506,68.76851654052734,11.17696237564087,64.67616271972656,8.296922326087952,145.1756134033203,7.962829053401947,149.479736328125,7.933114767074585,152.0718536376953,24.870620727539062,87.14448547363281,23.864527225494385,71.27735900878906,24.518610954284668,76.62144470214844,3,14.465666353702545,24.870620727539062,98.68935139973958
g_021_039,3.4075,-76.4025,12.49227786064148,75.0633316040039,9.681609630584717,70.76124572753906,11.929795742034912,66.0336685180664,11.888997435569763,153.5522003173828,11.091651320457458,158.0984344482422,11.591404557228088,160.8262939453125,23.828489303588867,88.30452728271484,22.987213611602783,71.81578063964844,23.53303074836731,77.65758514404297,3,15.447163356675041,23.828489303588867,102.4570075141059
g_022_000,3.4125,-76.5975,10.624732971191406,50.17637634277344,7.357995510101318,46.849266052246094,8.758763313293457,49.84614562988281,8.892850637435913,89.88238525390625,9.107375264167786,92.5574188232422,10.116756737232208,93.9072036743164,32.122636795043945,86.65495300292969,29.192334949970245,70.98055267333984,25.449248552322388,76.15200805664062,2,15.735854970084297,32.122636795043945,73.00070105658637
g_022_001,3.4125,-76.5925,9.373047828674316,48.42221450805664,7.257746696472168,45.16310501098633,8.524842262268066,48.71829605102539,5.227478623390198,81.77464294433594,5.583360552787781,84.2083740234375,6.610976159572601,85.43746185302734,35.96673607826233,85.64559936523438,33.64721792936325,70.50761413574219,31.03429675102234,75.2506103515625,0,15.913966986868116,35.96673607826233,69.4586575826009
g_022_002,3.4125,-76.58749999999999,8.595673561096191,46.7207145690918,7.427435874938965,43.527381896972656,8.750756740570068,47.627174377441406,3.0919747352600098,73.69432067871094,3.568887233734131,75.88751220703125,4.534137547016144,76.99633026123047,37.41652810573578,84.65878295898438,35.18159928917885,70.04528045654297,33.48982238769531,74.36922454833984,0,15.784090608358383,37.41652810573578,65.94741355048285
g_022_003,3.4125,-76.5825,8.102063179016113,45.08090972900391,7.569698810577393,41.95076370239258,8.917206764221191,46.57867050170898,1.7495265007019043,65.64458465576172,2.343011379241944,67.59809875488281,3.285917639732361,68.58709716796875,38.08576464653015,83.6973648071289,35.664277255535126,69.59488677978516,34.69018530845642,73.51041412353516,0,15.60085016489029,38.08576464653015,62.47142113579644
g_022_004,3.4125,-76.5775,7.805673599243164,43.51364135742188,7.706041812896728,40.44367218017578,8.929462432861328,45.579734802246094,0.9801638126373292,57.63375854492188,1.6694434881210327,59.34869003295898,2.566211402416229,60.21842193603516,38.213626742362976,82.76480102539062,35.61010059714317,69.15799713134766,35.15732216835022,72.67728424072266,0,15.404227339559132,38.213626742362976,59.03755569458008
g_022_005,3.4125,-76.57249999999999,7.727931976318359,42.03184509277344,7.780919075012207,39.01853561401367,8.695477962493896,44.63854217529297,0.5032415390014648,49.68182373046875,1.3142495155334473,51.159912109375,2.1015949845314026,51.91118240356445,37.816768407821655,81.86524200439453,35.053785383701324,68.73649597167969,34.90473461151123,71.8735580444336,0,15.09985593954722,37.816768407821655,55.65745968288846
g_022_006,3.4125,-76.5675,7.959479808807373,40.65077590942383,7.717472076416016,37.69004821777344,8.159289360046387,43.76457977294922,1.0923328399658203,41.83635330200195,1.1277132034301758,43.08079528808594,1.6730849742889404,43.715087890625,36.47824764251709,81.00363159179688,33.75995743274689,68.33261108398438,33.508092164993286,71.10372161865234,0,14.60840772257911,36.47824764251709,52.35306718614366
g_022_007,3.4125,-76.5625,8.395246028900146,39.38815307617188,7.47461986541748,36.47526550292969,7.5448760986328125,42.96868133544922,0.4813575744628906,34.21398162841797,0.9403069019317628,35.23151016235352,1.159271001815796,35.752044677734375,33.92842423915863,80.185791015625,31.250797390937805,67.9489517211914,30.401129245758057,70.37306213378906,0,13.50844759411282,33.92842423915863,49.170826805962456
g_022_008,3.4125,-76.55749999999999,9.093591213226318,38.26402282714844,7.383221626281738,35.39352035522461,7.5702433586120605,42.26288986206055,0.1623401641845703,27.115781784057617,0.5203548669815063,27.922163009643555,0.2891848087310791,28.33678436279297,29.69400882720948,79.41839599609375,26.971105694770813,67.58849334716797,25.257574558258057,69.68767547607422,0,11.88240279091729,29.69400882720948,46.2210807800293
g_022_009,3.4125,-76.5525,9.750086784362791,37.30023956298828,7.64483642578125,34.46589279174805,8.240105628967285,41.66012191772461,0.5335006713867188,21.330995559692383,0.235392689704895,21.965490341186523,0.9173221588134766,22.29435157775879,25.885189533233643,78.70870208740234,23.44152671098709,67.25448608398438,21.17110252380371,69.05425262451172,0,10.868784791893429,25.885189533233643,43.78161472744412
g_022_010,3.4125,-76.5475,10.090857982635498,36.51935577392578,7.921696662902832,33.71416473388672,8.752336025238037,41.17349624633789,0.2045706510543823,18.474353790283203,0.3967940807342529,19.02420997619629,0.118900179862976,19.31290626525879,23.9039466381073,78.06393432617188,21.750575244426727,66.95022583007812,19.37497472763061,68.4795150756836,1,10.279405799176958,23.9039466381073,42.4124624464247
g_022_011,3.4125,-76.54249999999999,10.171729564666748,35.94285583496094,7.9660491943359375,33.15910339355469,8.932026386260986,40.81532287597656,0.6869877576828003,19.48677444458008,0.5815284252166748,20.06723022460937,0.5273680686950684,20.37699508666992,23.401989936828613,77.49017333984375,21.294925451278687,66.6785888671875,19.0611891746521,67.96916961669922,1,10.291532662179735,23.401989936828613,42.44291263156467
g_022_012,3.4125,-76.5375,10.191622734069824,35.588802337646484,7.999153137207031,32.818172454833984,8.959310054779053,40.59584045410156,0.9543399810791016,22.589258193969727,0.778287410736084,23.262670516967773,0.8211852312088013,23.62793731689453,23.42418456077576,76.99075317382812,21.263476252555847,66.44142150878906,19.161760449409485,67.52644348144531,1,10.394813312424553,23.42418456077576,43.27125549316406
g_022_013,3.4125,-76.5325,10.205772399902344,35.4693489074707,8.056497573852539,32.70314407348633,9.079803943634031,40.52187728881836,1.1088800430297852,25.727895736694336,0.9381002187728882,26.495466232299805,1.0095875263214111,26.91811180114746,23.37713885307312,76.564453125,21.24123358726501,66.23880767822266,19.357515454292297,67.15033721923828,1,10.48605884446038,23.37713885307312,44.19882689581977
g_022_014,3.4125,-76.5275,10.327310562133787,35.588802337646484,8.19127082824707,32.818172454833984,9.262585163116457,40.59584045410156,1.4000846147537231,27.930742263793945,1.3525954484939575,28.76458740234375,1.4327717423439026,29.22955703735352,22.969600915908813,76.20426177978516,20.991613626480103,66.06856536865234,19.37167775630951,66.83446502685547,1,10.588834517531925,22.969600915908813,44.89277712504069
g_022_015,3.4125,-76.5225,10.476419925689695,35.94285583496094,8.406036376953125,33.15910339355469,9.530319690704346,40.81532287597656,1.989392757415772,28.81389808654785,2.0426236391067505,29.67447853088379,2.10347318649292,30.15832901000977,22.300986766815186,75.89733123779297,20.54249596595764,65.92622375488281,19.275343596935272,66.5669937133789,1,10.740787989563412,22.300986766815186,45.21717071533203
g_022_016,3.4125,-76.5175,10.63273572921753,36.51935577392578,8.546374320983887,33.71416473388672,9.73573637008667,41.17349624633789,2.706961989402771,28.22337913513184,2.851875305175781,29.06637382507324,2.9857994318008423,29.540849685668945,21.843624114990234,75.62629699707031,20.24184918403625,65.80551147460938,19.40608710795641,66.33187103271484,1,10.994560394850042,21.843624114990234,45.111255433824326
g_022_017,3.4125,-76.5125,10.764241218566896,37.30023956298828,8.64642333984375,34.46589279174805,9.915116310119627,41.66012191772461,3.4018895030021667,26.10930824279785,3.600552558898926,26.888811111450195,3.8570317029953,27.32349967956543,21.59081530570984,75.37161254882812,20.107361555099487,65.69929504394531,19.704324662685394,66.1110610961914,1,11.287528461880154,21.59081530570984,44.54776022169325
g_022_018,3.4125,-76.5075,10.92439889907837,38.26402282714844,8.737542152404785,35.39352035522461,10.09550428390503,42.26288986206055,4.001957923173904,22.503129959106445,4.217042207717896,23.17427444458008,4.672412887215614,23.540302276611328,21.481719493865967,75.11466217041016,20.08697509765625,65.60066986083984,20.120977520942688,65.8873519897461,1,11.59317005177339,21.481719493865967,43.52675819396973
g_022_019,3.4125,-76.5025,11.027270793914797,39.38815307617188,8.83302116394043,36.47526550292969,10.290009498596191,42.96868133544922,4.658890336751938,17.585561752319336,4.843626022338867,18.10919189453125,5.5177634581923485,18.38520240783692,21.46440362930298,74.84323120117188,20.11483120918274,65.50485229492188,20.6028825044632,65.64933013916016,1,11.928077624075943,21.46440362930298,42.10105217827691
g_022_020,3.4125,-76.4975,11.08701467514038,40.65077590942383,8.931878089904785,37.69004821777344,10.431562423706056,43.76457977294922,5.458360642194748,12.058653831481934,5.633412003517151,12.417010307312012,6.555887550115585,12.599990844726562,21.73548936843872,74.56867218017578,20.24596381187439,65.41450500488281,21.291155576705933,65.40675354003906,1,12.374524904621971,21.73548936843872,40.50788773430718
g_022_021,3.4125,-76.49249999999999,11.094828605651855,42.03184509277344,8.972715377807617,39.01853561401367,10.528072834014893,44.63854217529297,6.0532389879226685,8.954904556274414,6.336115002632141,9.220748901367188,7.375580906867981,9.355683326721191,22.27014207839965,74.3900375366211,20.582155227661133,65.35938262939453,22.08634281158448,65.24795532226562,1,12.811021314726936,22.27014207839965,39.80195946163602
g_022_022,3.4125,-76.4875,11.13553237915039,43.51364135742188,9.070499897003174,40.44367218017578,10.55552577972412,45.579734802246094,6.252777233719826,12.767784118652344,6.430260896682739,13.147456169128418,7.357627093791962,13.343198776245115,22.78680896759033,74.44232177734375,20.95633840560913,65.38133239746094,22.64705920219421,65.2934341430664,1,13.021381095051765,22.78680896759033,41.54584174686008
g_022_023,3.4125,-76.4825,11.16994857788086,45.08090972900391,9.119595050811768,41.95076370239258,10.507615089416504,46.57867050170898,5.935309767723084,20.01025390625,6.204328656196594,20.607398986816406,6.824680835008621,20.933698654174805,23.34900617599488,74.59231567382812,21.46997356414795,65.44222259521484,23.089681386947632,65.42376708984375,1,13.074459900458654,23.34900617599488,44.51333342658149
g_022_024,3.4125,-76.47749999999999,11.201077461242676,46.7207145690918,8.986467361450195,43.527381896972656,10.210002422332764,47.627174377441406,5.181494545191526,27.983789443969727,5.414212346076965,28.82138633728028,5.81779220700264,29.30618476867676,24.60386180877685,74.76216125488281,22.60094308853149,65.52127075195312,23.76714539527893,65.56957244873047,1,13.086999626209339,24.60386180877685,47.75995953877767
g_022_025,3.4125,-76.4725,11.002673149108888,48.42221450805664,8.617881774902344,45.16310501098633,9.620813369750977,48.71829605102539,4.2310506477952,36.11224365234375,4.37121969461441,37.19541549682617,4.659532338380814,37.84944915771485,27.25197458267212,74.98081970214844,24.890114784240723,65.63128662109375,25.581708431243896,65.75791931152344,1,13.358552085856596,27.25197458267212,51.092305501302086
g_022_026,3.4125,-76.4675,10.65367031097412,50.17637634277344,8.332065105438232,46.849266052246094,9.056822776794434,49.84614562988281,3.395495817065239,44.27043151855469,3.6660277247428894,45.599979400634766,3.7678239941596985,46.42549514770508,29.75901508331299,75.31053161621094,27.335856437683105,65.79576873779297,27.88370513916016,66.04671478271484,1,13.761164709925652,29.75901508331299,54.480078803168404
g_022_027,3.4125,-76.46249999999999,10.399587631225586,51.97568893432617,8.217741966247559,48.578651428222656,8.786628723144531,51.00577545166016,3.027035266160965,52.43332290649414,3.590309262275696,54.0088996887207,3.417268604040146,55.00379943847656,31.330782890319824,75.80055236816406,29.03911161422729,66.03229522705078,29.631802082061768,66.48179626464844,0,14.160029782189262,31.330782890319824,57.92453130086263
g_022_028,3.4125,-76.4575,10.19464921951294,53.81391906738281,8.148048877716064,50.34529113769531,8.564110279083252,52.193016052246094,3.173666208982468,60.60105895996094,3.9299942180514336,62.42207336425781,3.57177808880806,63.58224868774414,32.72726488113403,76.45647430419922,30.548779487609863,66.3411636352539,31.25297403335572,67.06781768798828,0,14.679029477139315,32.72726488113403,61.42478476630317
g_022_029,3.4125,-76.4525,9.860730648040771,55.68587875366211,8.00980806350708,52.14421463012695,8.387293815612793,53.40436553955078,3.523486912250519,68.77923583984375,4.308275509625673,70.84513854980469,3.9943325519561768,72.16578674316406,34.854331493377686,77.25020599365234,32.65650796890259,66.70984649658203,33.534640312194824,67.77819061279297,0,15.458823030607569,34.854331493377686,64.97365146213107
g_022_030,3.4125,-76.44749999999999,9.555781841278076,57.58725738525391,8.113941192626953,53.971290588378906,8.400311470031738,54.63687133789063,3.7971187829971313,76.973388671875,4.527219206094742,79.28372192382812,4.348654627799988,80.76009368896484,36.70922183990479,78.14659118652344,34.574326515197754,67.12351989746094,35.69503974914551,68.58049774169922,0,16.191290580564075,36.70922183990479,68.56258138020833
g_022_031,3.4125,-76.4425,9.404215812683104,59.51444625854492,8.255395412445068,55.82305908203125,8.61861515045166,55.8880500793457,3.8183188438415527,85.18765258789062,4.594753205776215,87.7420883178711,4.398176372051239,89.36978912353516,37.6930513381958,79.11698150634766,35.77186965942383,67.57025909423828,37.0499210357666,69.44871520996094,4,16.622701870070564,37.6930513381958,72.18456013997395
g_022_032,3.4125,-76.4375,9.365590572357178,61.46441650390625,8.309728145599365,57.69663238525391,8.788519859313965,57.155799865722656,3.83749258518219,93.42474365234376,4.665541172027588,96.22303009033205,4.458335697650909,97.99821472167967,37.90971755981445,80.1409912109375,36.1751708984375,68.04151153564453,37.53593707084656,70.36454010009766,4,16.782892617914413,37.90971755981445,75.83443111843533
g_022_033,3.4125,-76.43249999999999,9.454229831695557,63.43463516235352,8.368943691253662,59.58958435058594,8.855519771575928,58.43832778930664,4.0965622663497925,101.68624877929688,4.884086042642593,104.72820281982422,4.6661534905433655,106.64761352539062,37.73688411712647,81.20468139648438,36.16479253768921,68.53136444091797,37.478357553482056,71.31553649902344,4,16.85616992248429,37.73688411712647,79.50846608479817
g_022_034,3.4125,-76.4275,9.6053786277771,65.4229507446289,8.527208805084229,61.49985885620117,8.898359298706055,59.7341194152832,4.312356352806091,109.97300720214844,5.228603363037109,113.2584991455078,4.795774519443512,115.31938934326172,36.8451361656189,82.29852294921875,35.50783586502075,69.03567504882812,36.708441734313965,72.293212890625,4,16.714343859089745,36.8451361656189,83.20391506618924
g_022_035,3.4125,-76.4225,9.919132709503174,67.42754364013672,8.680776596069336,63.42572021484375,8.916314125061035,61.04187774658203,4.50048565864563,118.28533935546876,5.609547138214111,121.81427764892578,4.827214002609253,124.01439666748048,35.11810922622681,83.4158706665039,34.039047718048096,69.55149841308594,34.93890190124512,73.29170227050781,4,16.283281008402508,35.11810922622681,86.91869184705946
g_022_036,3.4125,-76.41749999999999,10.409337759017944,69.44686889648438,8.809808254241943,65.36568450927734,9.195332527160645,62.36049270629883,4.800685167312622,126.62330627441406,5.958986341953278,130.3956298828125,4.883005976676941,132.73313903808594,32.10415077209473,84.5520248413086,31.23739004135132,70.07670593261719,31.728249073028564,74.30683135986328,2,15.458549545870888,32.10415077209473,90.651187049018
g_022_037,3.4125,-76.4125,11.147743463516235,71.47960662841797,9.019917011260986,67.31849670410156,9.855506420135498,63.68900680541992,5.734569787979126,134.98681640625,6.338089823722839,139.00247192382812,5.4299914836883545,141.47589111328125,28.80017375946045,85.70357513427734,27.994908332824707,70.60970306396484,28.19404649734497,75.33558654785156,2,14.723882953325907,28.80017375946045,94.40012825859918
g_022_038,3.4125,-76.4075,11.825345277786257,73.52461242675781,9.33527898788452,69.28306579589844,10.779179573059082,65.02659606933594,7.737495422363281,143.37571716308594,7.565560340881348,147.6346893310547,7.18377685546875,150.2428436279297,26.238694190979004,86.8680191040039,25.49584484100341,71.14928436279297,25.630774974823,76.3757553100586,3,14.643550051583183,26.238694190979004,98.16450924343533
g_022_039,3.4125,-76.4025,12.5095956325531,75.5809097290039,9.683465480804443,71.25846862792969,11.841926097869871,66.3725357055664,11.886042594909668,151.7898406982422,11.101909399032593,156.2921142578125,11.44691562652588,159.03408813476562,24.254029273986816,88.04345703125,23.590994358062744,71.69453430175781,23.83812665939331,77.42567443847656,3,15.57255612479316,24.254029273986816,101.94351365831163
g_023_000,3.4175,-76.5975,10.738097190856934,51.18725204467773,7.430542945861816,47.82087707519531,8.839128494262695,50.49732208251953,8.949663400650024,88.54602813720703,9.254078894853592,91.18102264404295,10.250330954790115,92.5102767944336,31.876527786254883,86.7158432006836,28.906679272651672,70.99894714355469,25.23838186264038,76.21224212646484,2,15.720381200313568,31.876527786254883,72.85220124986436
g_023_001,3.4175,-76.5925,9.456405639648438,49.485652923583984,7.264524459838867,46.185340881347656,8.488100528717041,49.40170669555664,5.262989282608032,80.41136932373047,5.684940576553345,82.80426788330078,6.733583152294159,84.01253509521484,35.90686881542206,85.71724700927734,33.48954004049301,70.52986907958984,30.958475828170776,75.32085418701172,0,15.916158702638414,35.90686881542206,69.31876034206815
g_023_002,3.4175,-76.58749999999999,8.661700248718262,47.840633392333984,7.431359767913818,44.60403060913086,8.707136154174805,48.345008850097656,3.109547615051269,72.30073547363281,3.6114797592163086,74.45220184326172,4.642106115818024,75.53986358642578,37.51116907596588,84.74231719970703,35.15195795893669,70.07182312011719,33.58615016937256,74.4505615234375,0,15.823622985018623,37.51116907596588,65.81635284423828
g_023_003,3.4175,-76.5825,8.14530897140503,46.26121520996094,7.599525928497314,43.08560943603516,8.902585983276367,47.33304977416992,1.743977189064026,64.21473693847656,2.352227807044983,66.1254653930664,3.332590222358704,67.09291076660156,38.24677264690399,83.79388427734375,35.71342346072197,69.62609100341797,34.91402530670166,73.60389709472656,0,15.661159723997116,38.24677264690399,62.34853998819987
g_023_004,3.4175,-76.5775,7.896348476409912,44.75802230834961,7.741294860839844,41.64029312133789,8.915802478790283,46.37260055541992,0.9019367694854736,56.15691375732422,1.6727023124694824,57.82770538330078,2.570565700531006,58.67535400390625,38.29469549655914,82.87525177001953,35.59553161263466,69.19419860839844,35.33351850509644,72.78382110595703,0,15.435821801424026,38.29469549655914,58.92046229044596
g_023_005,3.4175,-76.57249999999999,7.981348514556885,43.34346389770508,7.847635269165039,40.28001403808594,8.624117851257324,45.471473693847656,0.3151688575744629,48.13808822631836,1.4096875190734863,49.570106506347656,2.035813450813293,50.29851150512695,37.41548252105713,81.990234375,34.72098225355148,68.77787780761719,34.64998173713684,71.99378967285156,0,15.000024219353994,37.41548252105713,55.54039552476671
g_023_006,3.4175,-76.5675,8.439218521118164,42.03184509277344,7.778125762939453,39.01853561401367,7.951535701751709,44.63854217529297,0.7971630096435547,40.18789291381836,1.3906514644622805,41.38323593139648,1.502246618270874,41.99337768554688,34.94459843635559,81.14319610595703,32.47220939397812,68.3791275024414,32.00554013252258,71.23773956298828,0,14.142365449004703,34.94459843635559,52.22372139824761
g_023_007,3.4175,-76.5625,9.105271816253662,40.8393440246582,7.516658782958984,37.87145233154297,7.598515033721924,43.88370895385742,0.2110652923583984,32.38777542114258,1.0356533527374268,33.35103988647461,0.5949720740318298,33.845123291015625,30.779173374176025,80.3390121459961,28.28134423494339,68.00017547607422,26.890596628189087,70.52012634277344,0,12.445916732152304,30.779173374176025,49.004195319281685
g_023_008,3.4175,-76.55749999999999,9.859197616577148,39.78377914428711,7.759789943695068,36.85592651367188,8.229809284210205,43.21772384643555,0.4099025726318359,24.97666358947754,0.4714012145996094,25.719623565673828,0.9320621490478516,26.10359573364257,26.41671895980835,79.58291625976562,24.032194316387177,67.6434326171875,21.988565921783447,69.84573364257812,0,11.122182442082298,26.41671895980835,45.96993276807997
g_023_009,3.4175,-76.5525,10.263100147247314,38.8840217590332,8.09155559539795,35.990169525146484,8.867514610290527,42.65181350708008,0.0559974312782287,18.70592498779297,0.4762053489685058,19.26272201538086,0.1141111850738525,19.55439186096192,23.97173237800598,78.88021850585938,21.92282509803772,67.31137084960938,19.729751586914062,69.21942901611328,1,10.388088153468239,23.97173237800598,43.38445133633084
g_023_010,3.4175,-76.5475,10.46224594116211,38.15900421142578,8.227663040161133,35.292449951171875,9.21770429611206,42.19710159301758,0.526124119758606,15.544427871704102,0.6560736894607544,16.00773811340332,0.5037366151809692,16.25627326965332,22.6981840133667,78.23570251464844,20.873730659484863,67.00630950927734,18.74675273895264,68.64566040039062,1,10.212468345959982,22.6981840133667,41.92718527052138
g_023_011,3.4175,-76.54249999999999,10.522393226623535,37.62627029418945,8.306973457336426,34.77971267700195,9.360963821411133,41.86377334594727,1.243240237236023,16.9503231048584,1.2107092142105105,17.45626449584961,1.163857400417328,17.73546028137207,22.218413591384888,77.65284729003906,20.444552779197693,66.73009490966797,18.54153060913086,68.12769317626953,1,10.334737148549822,22.218413591384888,42.10249328613281
g_023_012,3.4175,-76.5375,10.544103622436523,37.30023956298828,8.344738006591797,34.46589279174805,9.4337158203125,41.66012191772461,1.769816756248474,20.552562713623047,1.6625432968139648,21.166826248168945,1.6763936877250671,21.515182495117188,22.125739812850952,77.13278198242188,20.35002517700196,66.48369598388672,18.646342396736145,67.66664123535156,1,10.505935397413042,22.125739812850952,43.10488277011447
g_023_013,3.4175,-76.5325,10.561649322509766,37.19044494628906,8.409473419189453,34.360206604003906,9.520344257354736,41.59160614013672,2.0208322405815125,23.97290229797364,1.9340251684188845,24.690359115600582,1.9525638818740845,25.10868453979492,22.18871283531189,76.67337036132812,20.395118951797485,66.26679229736328,18.943469047546387,67.26061248779297,1,10.658465458287132,22.18871283531189,44.12388653225369
g_023_014,3.4175,-76.5275,10.597633361816406,37.30023956298828,8.510997772216797,34.46589279174805,9.64573860168457,41.66012191772461,2.251403510570526,26.31138610839844,2.253759026527405,27.09990692138672,2.230103552341461,27.57258415222168,22.03152227401733,76.26853942871094,20.32249104976654,66.07758331298828,19.138636767864227,66.90406799316406,1,10.775809546311697,22.03152227401733,44.851146909925674
g_023_015,3.4175,-76.5225,10.68087673187256,37.62627029418945,8.675314903259277,34.77971267700195,9.830617904663086,41.86377334594727,2.721154302358628,27.259275436401367,2.813488006591797,28.07720947265625,2.766144037246704,28.58002281188965,21.65409731864929,75.90825653076172,20.10113382339477,65.91270446777344,19.303791522979736,66.58781433105469,1,10.949624283446205,21.65409731864929,45.17722659640842
g_023_016,3.4175,-76.5175,10.78125,38.15900421142578,8.790870666503906,35.292449951171875,10.003900051116943,42.19710159301758,3.35204416513443,26.692306518554688,3.560543656349182,27.49392890930176,3.539738446474076,27.99595642089844,21.392699003219604,75.57904052734375,19.94912886619568,65.76744842529297,19.576934248209,66.2994384765625,1,11.216345455911425,21.392699003219604,45.05296389261881
g_023_017,3.4175,-76.5125,10.919500827789308,38.8840217590332,8.885664939880371,35.990169525146484,10.158125877380373,42.65181350708008,4.10253182053566,24.551654815673828,4.385027766227722,25.289173126220703,4.419196709990501,25.754100799560547,21.158166885375977,75.26468658447266,19.82477116584778,65.63610076904297,19.894279778003693,66.0240478515625,1,11.527473974559042,21.158166885375977,44.449529859754776
g_023_018,3.4175,-76.5075,11.043169021606444,39.78377914428711,8.934191226959229,36.85592651367188,10.315139293670654,43.21772384643555,4.812253937125206,20.808238983154297,5.082442879676819,21.432886123657227,5.281249362975359,21.822046279907227,21.11241626739502,74.94731140136719,19.86869478225708,65.5123062133789,20.35879492759705,65.74519348144531,1,11.867594633251429,21.11241626739502,43.34726799858941
g_023_019,3.4175,-76.5025,11.1373610496521,40.8393440246582,8.993717193603516,37.87145233154297,10.47145128250122,43.88370895385742,5.553517833352089,15.453302383422852,5.768531680107117,15.916281700134276,6.174948617815971,16.194326400756836,21.246670722961422,74.6091079711914,19.970683097839355,65.38975524902344,20.909538984298703,65.44647979736328,1,12.247380051347944,21.246670722961422,41.73375097910563
g_023_020,3.4175,-76.4975,11.193666458129885,42.03184509277344,9.058828353881836,39.01853561401367,10.588650226593018,44.63854217529297,6.192320168018341,8.502754211425781,6.520940482616425,8.756473541259766,7.173034727573395,8.899041175842285,21.628437042236328,74.23869323730469,20.265527963638306,65.26419067382812,21.644180059432983,65.11725616455078,1,12.696176164680057,21.644180059432983,39.60748132069906
g_023_021,3.4175,-76.49249999999999,11.218092441558838,43.34346389770508,9.097649574279783,40.28001403808594,10.643662452697754,45.471473693847656,6.27193546295166,0.0,7.554905414581299,0.0,7.910558700561523,9.43789157936692e-10,22.776020050048828,1.0959908382322109e-13,26.035926818847656,0.0,26.147096633911133,7.158484959315925e-13,1,14.18398306104872,26.147096633911133,14.343883514509255
g_023_022,3.4175,-76.4875,11.231178760528564,44.75802230834961,9.173202514648438,41.64029312133789,10.674808025360107,46.37260055541992,6.74497526884079,8.998919486999512,7.079382598400116,9.268070220947266,7.733985960483551,9.423255920410156,22.635465145111084,74.02161407470703,20.99135112762451,65.19126892089844,22.907771110534668,64.92063903808594,1,13.241346723503536,22.907771110534668,40.51052040523953
g_023_023,3.4175,-76.4825,11.268090724945068,46.26121520996094,9.217135906219482,43.08560943603516,10.623923301696776,47.33304977416992,6.536941707134247,17.6456298828125,6.791944324970245,18.176319122314453,7.175204753875732,18.508325576782227,23.193883419036865,74.1608657836914,21.442948818206787,65.2425765991211,23.314488410949707,65.03937530517578,1,13.28495126300388,23.314488410949707,43.939218521118164
g_023_024,3.4175,-76.47749999999999,11.299281120300291,47.840633392333984,9.128112316131592,44.60403060913086,10.41143035888672,48.345008850097656,5.94359877705574,26.08248710632324,6.213027536869049,26.86929702758789,6.3502548933029175,27.386722564697266,24.271820545196533,74.27188873291016,22.37613296508789,65.29695129394531,23.896172046661377,65.12920379638672,1,13.321092284388012,24.271820545196533,47.31402481926812
g_023_025,3.4175,-76.4725,11.18690586090088,49.485652923583984,8.840471267700195,46.185340881347656,9.898684978485107,49.40170669555664,5.091799318790436,34.390289306640625,5.238639384508133,35.4293212890625,5.258862614631653,36.13166046142578,26.539459705352783,74.41677856445312,24.34774160385132,65.37811279296875,25.339177131652832,65.24684143066406,1,13.52686020731926,26.539459705352783,50.67396714952257
g_023_026,3.4175,-76.4675,10.847628593444824,51.18725204467773,8.468043327331543,47.82087707519531,9.302678108215332,50.49732208251953,4.207271754741669,42.624267578125,4.386092975735664,43.91276931762695,4.296527326107025,44.794769287109375,29.28160572052002,74.69873809814453,26.867691040039062,65.52506256103516,27.604050159454346,65.48954010009766,1,13.917954333954388,29.28160572052002,54.061177571614586
g_023_027,3.4175,-76.46249999999999,10.341360092163086,52.937801361083984,8.157905101776123,49.50331497192383,8.728378772735596,51.62686538696289,3.6275014877319336,50.82215118408203,4.128635108470917,52.35820388793945,3.891325950622559,53.41273880004883,32.21675539016724,75.2000503540039,29.64730978012085,65.76800537109375,30.425090312957764,65.93607330322266,0,14.57380688852734,32.21675539016724,57.507244957817925
g_023_028,3.4175,-76.4575,9.8193998336792,54.73086929321289,7.895074844360352,51.22648239135742,8.24608850479126,52.78610229492188,3.51654988527298,59.008888244628906,4.205042749643326,60.79117202758789,4.006269752979279,62.01087188720703,35.47803258895874,75.90925598144531,32.8365797996521,66.09979248046875,33.89800548553467,66.57327270507812,0,15.544560382763544,35.47803258895874,61.015189700656464
g_023_029,3.4175,-76.4525,9.36162281036377,56.56104278564453,7.840449333190918,52.98519134521485,8.250524520874023,53.97140884399414,3.588650345802307,67.2004623413086,4.165756344795227,69.22810363769531,4.266550362110138,70.60614013671875,38.47942781448364,76.76617431640625,35.94203281402588,66.49491882324219,37.41825294494629,67.3429183959961,0,16.59036303228802,38.47942781448364,64.57292895846896
g_023_030,3.4175,-76.44749999999999,9.033456325531006,58.42374801635742,8.02766466140747,54.77505874633789,8.68447494506836,55.179718017578125,3.739845514297485,75.40681457519531,4.089707970619202,77.67922973632812,4.502848148345947,79.20967102050781,40.0658278465271,77.72022247314453,37.80165338516235,66.93260192871094,39.64724540710449,68.1984634399414,4,17.288080467118156,40.0658278465271,68.16950310601129
g_023_031,3.4175,-76.4425,8.880171775817871,60.31513595581055,8.229050159454346,56.59238815307617,9.106865406036375,56.40840530395508,3.7558846473693848,83.63387298583984,4.082399427890778,86.15068817138672,4.551421523094177,87.82854461669922,40.68151235580444,78.739013671875,38.69767427444458,67.39955139160156,40.70846462249756,69.1109390258789,4,17.632604910267723,40.70846462249756,71.79761547512479
g_023_032,3.4175,-76.4375,8.871742725372314,62.23193740844727,8.356738090515137,58.43406295776367,9.36101770401001,57.655235290527344,3.80752170085907,91.8849639892578,4.15828138589859,94.6459503173828,4.625463306903839,96.46715545654295,40.84681844711304,79.80265808105469,39.02275085449219,67.88748168945312,41.13018608093262,70.06278228759766,4,17.7978355884552,41.13018608093262,75.45246971978082
g_023_033,3.4175,-76.43249999999999,8.898582935333252,64.17137908935547,8.422727108001709,60.29742050170898,9.474030017852783,58.918304443359375,3.978253126144409,100.16180419921876,4.257929861545563,103.16682434082033,4.772229313850403,105.12809753417967,40.82609272003174,80.89874267578125,39.14084911346436,68.39108276367188,41.28053188323975,71.04308319091797,4,17.894580675495995,41.28053188323975,79.1307487487793
g_023_034,3.4175,-76.4275,8.984014987945557,66.13111114501953,8.55803394317627,62.180213928222656,9.580128192901611,60.19596481323242,4.154853820800781,108.46512603759766,4.536038398742676,111.71409606933594,4.958465337753296,113.8128433227539,40.457727909088135,82.01922607421875,38.97338199615479,68.90681457519531,41.03495788574219,72.04479217529297,4,17.915289163589478,41.03495788574219,82.83002090454102
g_023_035,3.4175,-76.4225,9.199059963226318,68.10912322998047,8.684009552001953,64.08051300048828,9.497099876403809,61.486812591552734,4.37416684627533,116.79507446289062,5.021952033042908,120.28795623779295,5.106274843215942,122.52214050292967,39.5636248588562,83.15870666503906,38.348209857940674,69.43223571777344,40.14234685897827,73.06318664550781,4,17.77074940999349,40.14234685897827,86.54841656155057
g_023_036,3.4175,-76.41749999999999,9.615479230880736,70.10367584228516,8.738378524780273,65.99667358398438,9.221793174743652,62.78963470458984,4.617340922355652,125.15150451660156,5.66169273853302,128.88829040527344,5.184489965438843,131.25633239746094,37.37416648864746,84.31344604492188,36.45754671096802,69.96558380126953,37.77129459381104,74.09500122070312,4,17.18246470557319,37.77129459381104,90.28446027967665
g_023_037,3.4175,-76.4125,10.3272807598114,72.11329650878906,8.708613395690918,67.9272689819336,9.204224109649658,64.10337829589844,5.257227540016174,133.5341339111328,6.440019965171814,137.5148162841797,5.483792543411255,140.01551818847656,33.42057991027832,85.48077392578125,32.78548336029053,70.50555419921875,33.252055168151855,75.13789367675781,4,16.097697416941326,33.42057991027832,94.03695933024089
g_023_038,3.4175,-76.4075,11.364630460739136,74.13670349121094,8.978250503540039,69.87107849121094,10.06850290298462,65.42713928222656,7.087512493133545,141.942626953125,7.49824845790863,146.16722106933594,6.726367950439453,148.79966735839844,28.88769054412841,86.65873718261719,28.31385612487793,71.05117797851562,28.148695945739743,76.19017028808594,2,15.23041726483239,28.88769054412841,97.80494689941406
g_023_039,3.4175,-76.4025,12.464794874191284,76.17278289794922,9.611430168151855,71.8270492553711,11.5542631149292,66.7601089477539,11.569486618041992,150.37669372558594,10.951507925987244,154.84521484375,11.077552437782288,157.60873413085938,25.19049024581909,87.84587860107422,24.677537441253666,71.60169982910156,24.605250358581543,77.25054931640625,3,15.744701464970907,25.19049024581909,101.58763461642795
g_024_000,3.4225,-76.5975,10.97495937347412,52.299198150634766,7.610252857208252,48.88957214355469,9.066307067871094,51.214542388916016,9.304628372192385,87.79000091552734,9.715464651584623,90.40219116210938,10.624145537614822,91.71953582763672,30.830228447914124,86.79034423828125,27.898675471544266,71.02507019042969,24.256381273269653,76.28445434570312,2,15.58678256140815,30.830228447914124,72.93498992919922
g_024_001,3.4225,-76.5925,9.70964765548706,50.65175628662109,7.276077270507812,47.30618667602539,8.450021266937256,50.15226364135742,5.616833567619324,79.6921615600586,6.166660964488983,82.06334686279297,7.16072216629982,83.26036071777344,35.20200955867767,85.79985809326172,32.73572191596031,70.5588150024414,30.089099884033203,75.40068817138672,0,15.82297713889016,35.20200955867767,69.43171522352431
g_024_002,3.4225,-76.58749999999999,8.902188301086426,49.06435012817383,7.370440006256103,45.780372619628906,8.571236610412598,49.13083267211914,3.348298668861389,71.63292694091797,3.950672149658203,73.76422882080078,4.985969066619873,74.84152221679688,37.09730863571167,84.83358764648438,34.72370365262032,70.10375213623047,33.059935569763184,74.53852844238281,0,15.77886140677664,37.09730863571167,65.96556684705946
g_024_003,3.4225,-76.5825,8.334814071655273,47.54585266113281,7.537731647491455,44.32064437866211,8.749171257019043,48.15593338012695,1.827327013015747,63.618465423583984,2.5095518231391907,65.51119995117188,3.5205673575401306,66.46949005126953,38.06048548221588,83.89419555664062,35.486043870449066,69.6611099243164,34.64519810676575,73.70038604736328,0,15.630098958810171,38.06048548221588,62.54191970825195
g_024_004,3.4225,-76.5775,8.081794738769531,46.10650253295898,7.687527179718018,42.936859130859375,8.756431102752686,47.23406982421875,0.87718665599823,55.660682678222656,1.7363517880439758,57.31652069091797,2.6400554180145264,58.156715393066406,38.11881470680237,82.98469543457031,35.39237022399902,69.23228454589844,35.13223743438721,72.88896942138672,0,15.380307694276175,38.11881470680237,59.16858885023329
g_024_005,3.4225,-76.57249999999999,8.241430759429932,44.75802230834961,7.788415908813477,41.64029312133789,8.484256267547607,46.37260055541992,0.2418069839477539,47.783470153808594,1.563949465751648,49.204833984375,2.069102883338928,49.928199768066406,36.96790528297424,82.10846710205078,34.343919575214386,68.81884002685547,34.1588671207428,72.10731506347656,0,14.873294916417864,36.96790528297424,55.85800467597114
g_024_006,3.4225,-76.5675,8.84146499633789,43.51364135742188,7.709991931915283,40.44367218017578,7.891633987426758,45.579734802246094,0.8511676788330078,40.037635803222656,1.7530860900878906,41.22851943969727,1.4986530542373655,41.83711624145508,33.73726034164429,81.2691879272461,31.458755493164062,68.42247772216797,30.703400373458862,71.35877990722656,0,13.827268216345045,33.73726034164429,52.63230726453993
g_024_007,3.4225,-76.5625,9.670754432678224,42.387962341308594,7.590511798858643,39.36105728149414,7.940293788909912,44.86442565917969,0.5872459411621094,32.539588928222656,1.490456461906433,33.50751495361328,0.5578577518463135,34.005279541015625,28.820632696151733,80.47077178955078,26.657044112682343,68.04505920410156,24.941922426223755,70.64690399169922,0,12.028524378935495,28.820632696151733,49.536507076687286
g_024_008,3.4225,-76.55749999999999,10.292613983154297,41.39666748046875,8.017237663269043,38.40756988525391,8.692290782928467,44.236175537109375,0.003665804862976,25.57933235168457,1.0709270238876345,26.340526580810547,0.302987277507782,26.73607444763184,24.88701319694519,79.71717834472656,22.93678069114685,67.68846893310547,20.823940753936768,69.97530364990234,1,10.780828575293222,24.88701319694519,46.6752552456326
g_024_009,3.4225,-76.5525,10.567636489868164,40.55595016479492,8.354709148406982,37.59882354736328,9.229377269744871,43.7047004699707,0.574211597442627,19.90691375732422,1.046732783317566,20.49994468688965,0.591413140296936,20.81407165527344,22.951673984527588,79.01211547851562,21.25871205329895,67.35455322265625,19.253356218338013,69.34737396240234,1,10.425313631693522,22.951673984527588,44.31049410502116
g_024_010,3.4225,-76.5475,10.715329647064207,39.88166046142578,8.516924858093262,36.950103759765625,9.529789447784424,43.279388427734375,1.1205467581748962,17.051639556884766,1.369513988494873,17.560596466064453,1.1557138562202454,17.839317321777344,21.84303402900696,78.3586196899414,20.308380007743835,67.0449447631836,18.539726614952087,68.76592254638672,1,10.344328800837198,21.84303402900696,42.97024366590712
g_024_011,3.4225,-76.54249999999999,10.76890516281128,39.38815307617188,8.616641998291016,36.47526550292969,9.712804794311523,42.96868133544922,1.9380099773406985,17.890426635742188,2.017208337783813,18.425626754760746,1.9255465269088743,18.73143577575684,21.33045959472656,77.75857543945312,19.82098746299744,66.76083374023438,18.3569473028183,68.23270416259766,1,10.498612350887722,21.33045959472656,42.959078047010635
g_024_012,3.4225,-76.5375,10.8082914352417,39.08699417114258,8.66432523727417,36.18548202514648,9.830574989318848,42.77932357788086,2.570819079875946,20.715707778930664,2.590593814849853,21.33681869506836,2.5505945682525635,21.708120346069336,21.242881536483765,77.21214294433594,19.697834372520447,66.5028076171875,18.4869841337204,67.74790954589844,1,10.715877685281965,21.242881536483765,43.69725630018446
g_024_013,3.4225,-76.5325,10.800188064575195,38.98573303222656,8.722288608551025,36.08804321289063,9.866426944732666,42.7156982421875,2.8347637355327606,23.59197235107422,2.854118227958679,24.301055908203125,2.793626427650452,24.7463607788086,21.341120719909668,76.7174072265625,19.77294647693634,66.27061462402344,18.80521196126938,67.30980682373047,1,10.865632351901796,21.341120719909668,44.52518802218967
g_024_014,3.4225,-76.5275,10.816447257995604,39.08699417114258,8.783528804779053,36.18548202514648,9.925661087036133,42.77932357788086,2.956794857978821,25.6218490600586,3.0359448194503784,26.394052505493164,2.922272205352783,26.90581703186035,21.40798830986023,76.27020263671875,19.86771011352539,66.06315612792969,19.161831110715863,66.91460418701172,1,10.986464285188251,21.40798830986023,45.13572014702691
g_024_015,3.4225,-76.5225,10.84911584854126,39.38815307617188,8.888097763061523,36.47526550292969,10.053380012512209,42.96868133544922,3.28056862950325,26.452428817749023,3.446609735488892,27.251989364624023,3.2638024985790253,27.812423706054688,21.308944940567017,75.86419677734375,19.87149453163147,65.87847900390625,19.48221336305141,66.5564956665039,1,11.16046970254845,21.308944940567017,45.40534591674805
g_024_016,3.4225,-76.5175,10.908645153045654,39.88166046142578,8.9880952835083,36.950103759765625,10.187487125396729,43.279388427734375,3.856662003323436,25.9363956451416,4.100830972194672,26.72258186340332,3.8861121237278,27.30403518676757,21.17640709877014,75.49105834960938,19.80084538459778,65.71382141113281,19.82554775476456,66.22783660888672,1,11.414514766592118,21.17640709877014,45.27854241265191
g_024_017,3.4225,-76.5125,11.013582229614258,40.55595016479492,9.048549175262451,37.59882354736328,10.336605548858644,43.7047004699707,4.667312830686569,24.022748947143555,4.954097926616669,24.75268745422364,4.715276554226875,25.317609786987305,20.9866156578064,75.14054870605469,19.717113733291622,65.565673828125,20.15052461624145,65.91919708251953,1,11.732186474733883,20.9866156578064,44.730882220798065
g_024_018,3.4225,-76.5075,11.109692573547363,41.39666748046875,9.083632469177246,38.40756988525391,10.472537517547607,44.236175537109375,5.519971191883087,20.73862075805664,5.823284983634949,21.369802474975582,5.657059550285339,21.87385368347168,21.043660163879395,74.80106353759766,19.805916786193848,65.42993927001953,20.650465965271,65.61982727050781,1,12.129580133491093,21.043660163879395,43.763724433051216
g_024_019,3.4225,-76.5025,11.195838928222656,42.387962341308594,9.12059736251831,39.36105728149414,10.606969356536863,44.86442565917969,6.325890183448792,16.244348526000977,6.527061283588409,16.73906898498535,6.510949403047562,17.140216827392578,21.25934410095215,74.46276092529297,19.99807095527649,65.3028564453125,21.23857831954956,65.32044982910156,1,12.531477765904533,21.25934410095215,42.424794091118706
g_024_020,3.4225,-76.4975,11.233909606933594,43.51364135742188,9.161335468292236,40.44367218017578,10.688596725463867,45.579734802246094,6.85262405872345,11.169329643249512,7.019404947757721,11.509515762329102,7.202491998672485,11.787894248962402,21.73075294494629,74.13296508789062,20.364821434021,65.1858139038086,21.94643473625183,65.02708435058594,1,12.911152435673607,21.94643473625183,40.92773903740777
g_024_021,3.4225,-76.49249999999999,11.302767276763916,44.75802230834961,9.209260940551758,41.64029312133789,10.731542110443115,46.37260055541992,7.092143356800079,8.318169593811035,7.40544930100441,8.571834564208984,7.653775215148926,8.782695770263672,22.16691541671753,73.89712524414062,20.724190711975098,65.1041030883789,22.59556269645691,64.81561279296875,1,13.20906744731797,22.59556269645691,40.251161893208824
g_024_022,3.4225,-76.4875,11.332801818847656,46.10650253295898,9.26242208480835,42.936859130859375,10.74780797958374,47.23406982421875,7.184451878070831,11.929553031921388,7.410962790250778,12.29371166229248,7.563658058643341,12.590435028076172,22.600600719451904,73.8695068359375,21.07902574539185,65.09278869628906,23.08016586303711,64.78744506835938,1,13.362432993120617,23.08016586303711,41.87120797899034
g_024_023,3.4225,-76.4825,11.38648796081543,47.54585266113281,9.325962543487549,44.32064437866211,10.733908653259276,48.15593338012695,7.0255730748176575,18.796276092529297,7.327445589005947,19.370508193969727,7.256765723228455,19.83300018310547,23.057006359100345,73.9085464477539,21.450506687164307,65.11006164550781,23.464301109313965,64.8146743774414,1,13.447550855576992,23.464301109313965,44.650610817803276
g_024_024,3.4225,-76.47749999999999,11.393600463867188,49.06435012817383,9.2634015083313,45.780372619628906,10.58084774017334,49.13083267211914,6.570843875408173,26.418420791625977,6.935880854725838,27.225547790527344,6.662243545055389,27.87015914916992,23.97115898132324,73.93170166015625,22.234785556793213,65.13259887695312,24.03255319595337,64.82180786132812,1,13.51614619129234,24.03255319595337,47.708421283298065
g_024_025,3.4225,-76.4725,11.348421573638916,50.65175628662109,9.072142601013184,47.30618667602539,10.214779376983644,50.15226364135742,5.881176948547363,34.261104583740234,6.10993367433548,35.3071174621582,5.772254765033722,36.13179016113281,25.78405475616455,73.97870635986328,23.77535724639893,65.17693328857422,25.13615226745605,64.8428955078125,1,13.677141467730204,25.78405475616455,50.86763932969835
g_024_026,3.4225,-76.4675,11.098949432373049,52.299198150634766,8.748132228851318,48.88957214355469,9.675433158874512,51.214542388916016,4.972289085388184,42.19960784912109,5.13050639629364,43.48640060424805,4.765583574771881,44.48358917236328,28.22214984893799,74.189697265625,25.94919919967652,65.29759979248047,26.97252130508423,65.0128173828125,1,13.94830713669459,28.22214984893799,54.1192249721951
g_024_027,3.4225,-76.46249999999999,10.563599109649658,53.99905776977539,8.284270286560059,50.523216247558594,8.895710468292236,52.312721252441406,4.190548658370972,50.19898986816406,4.502578616142273,51.72726440429688,4.155028164386749,52.88835144042969,31.80622720718384,74.72639465332031,29.07241487503052,65.55744934082031,30.03384590148925,65.4981689453125,1,14.611580365233952,31.80622720718384,57.49240154690213
g_024_028,3.4225,-76.4575,9.734441757202148,55.744815826416016,7.777210712432861,52.20085144042969,8.119945526123047,53.44253540039063,3.7373955249786377,58.24796295166016,4.221202790737152,60.01807022094727,4.179982244968414,61.33505630493164,36.65840864181519,75.50846099853516,33.57375240325928,65.92046356201172,34.88567590713501,66.20894622802734,0,15.87644616762797,36.65840864181519,60.95857365926107
g_024_029,3.4225,-76.4525,9.176469802856444,57.53090286254883,7.735728740692139,53.917137145996094,8.294774532318115,54.60031127929688,3.6879128217697135,66.34203338623047,3.916250467300415,68.35421752929688,4.395159482955933,69.8202896118164,40.15241622924805,76.42814636230469,37.3195276260376,66.34197998046875,39.23876237869263,67.0387191772461,0,17.101889120207893,40.15241622924805,64.48597081502278
g_024_030,3.4225,-76.44749999999999,8.780385971069336,59.3525619506836,8.072837829589844,55.66751480102539,8.988654136657715,55.78288269042969,3.868568181991577,74.47860717773438,3.897853672504425,76.73310852050781,4.650691866874695,78.34273529052734,41.563612937927246,77.43057250976562,39.17003870010376,66.79996490478516,41.50275468826294,67.93931579589844,4,17.832821998331283,41.563612937927246,68.05858484903972
g_024_031,3.4225,-76.4425,8.568220615386963,61.20573806762695,8.36638355255127,57.44809341430664,9.518550395965576,56.987525939941406,3.956440806388855,82.65560150146484,4.025519847869873,85.15264892578125,4.762843728065491,86.90145874023438,42.02322435379028,78.48619842529297,39.9184832572937,67.2824935913086,42.44201421737671,68.8855972290039,4,18.175742308298748,42.44201421737671,71.66726175944011
g_024_032,3.4225,-76.4375,8.537306785583496,63.08695602416992,8.491191864013672,59.25554656982422,9.776890277862549,58.21189498901367,4.000190854072571,90.87098693847656,4.03864049911499,93.61082458496094,4.785448431968689,95.49544525146484,42.10395574569702,79.57825469970703,40.145183086395264,67.78258514404297,42.75296401977539,69.86328125,4,18.292419062720406,42.75296401977539,75.30619727240668
g_024_033,3.4225,-76.43249999999999,8.545654296875,64.99325561523438,8.571777820587158,61.087032318115234,9.931511402130129,59.4539680480957,4.082314133644104,99.12281799316406,4.101182103157044,102.10567474365234,4.903904557228088,104.12355041503906,42.0634183883667,80.69664764404297,40.22233486175537,68.29586029052734,42.86974906921387,70.86376190185547,4,18.365760736995274,42.86974906921387,78.97139655219183
g_024_034,3.4225,-76.4275,8.565935134887695,66.92207336425781,8.676889896392822,62.94010543823242,10.03309440612793,60.71199798583984,4.280828952789307,107.40924072265624,4.299596071243286,110.63532257080078,5.137310862541199,112.78456115722656,41.89910173416138,81.83496856689453,40.205989360809326,68.81945037841797,42.82607936859131,71.88155364990234,4,18.436091754171585,42.82607936859131,82.65991931491428
g_024_035,3.4225,-76.4225,8.732031106948853,68.87122344970703,8.790605545043945,64.81266784667969,10.00902223587036,61.98447799682617,4.449583053588867,115.72854614257812,4.666693806648254,119.19805145263672,5.277908444404602,121.4772491455078,41.402037620544434,82.98898315429688,39.923102378845215,69.35135650634766,42.38545894622803,72.91300964355469,4,18.404049237569172,42.38545894622803,86.36950725979275
g_024_036,3.4225,-76.41749999999999,9.130836486816406,70.83881378173828,8.804208278656006,66.7029037475586,9.746215343475342,63.27009201049805,4.589153289794922,124.07921600341795,5.218446850776672,127.79231262207033,5.392029166221619,130.2004852294922,40.00301694869995,84.15575408935547,38.85264444351196,69.89014434814453,40.89051532745361,73.95559692382812,4,18.069674015045166,40.89051532745361,90.09836875067816
g_024_037,3.4225,-76.4125,9.769790649414062,72.82319641113281,8.716537952423096,68.60924530029297,9.271608829498293,64.56770324707031,5.197312116622925,132.4599151611328,6.302353858947754,136.41677856445312,5.818134427070618,138.9532470703125,37.01038932800293,85.33317565917969,36.27605819702149,70.43474578857422,37.41579532623291,75.00752258300781,4,17.308664520581562,37.41579532623291,93.84505886501736
g_024_038,3.4225,-76.4075,10.819636821746826,74.82295989990234,8.770677089691162,70.53033447265625,9.554838180541992,65.87631225585938,6.740878582000732,140.86953735351562,7.679698586463928,145.07029724121094,6.792846202850342,147.73463439941406,31.97111797332764,86.51972198486328,31.46889352798462,70.98434448242188,31.47921085357666,76.06745147705078,2,16.141977535353767,31.97111797332764,97.60839928521051
g_024_039,3.4225,-76.4025,12.275307178497314,76.83686065673828,9.47092056274414,72.4649887084961,11.197521686553957,67.19505310058594,11.094005823135376,149.30714416503906,10.807474255561829,153.751953125,10.657294273376465,156.54388427734375,26.520974159240723,87.71424865722656,26.10158920288086,71.53832244873047,25.742674350738525,77.13441467285156,3,15.985306832525465,26.520974159240723,101.38742997911241
g_025_000,3.4275,-76.5975,11.252439022064207,53.50334167480469,7.880253314971924,50.04682159423828,9.41518497467041,51.99225997924805,9.66261088848114,87.5701904296875,10.198136433959007,90.17550659179688,10.94574248790741,91.48888397216795,29.36992466449737,86.87521362304688,26.55565446615219,71.0576171875,22.97105050086975,76.36571502685547,2,15.361221861508158,29.36992466449737,73.23061667548285
g_025_001,3.4275,-76.5925,9.97321319580078,51.910640716552734,7.360047340393066,48.5161361694336,8.435831546783447,50.963809967041016,5.860972166061401,79.5600357055664,6.680011659860611,81.92696380615234,7.450578510761261,83.12141418457031,34.073315262794495,85.88986206054688,31.55072551965713,70.59300231933594,28.713770627975464,75.4868392944336,0,15.566496203343073,34.073315262794495,69.77430046929254
g_025_002,3.4275,-76.58749999999999,9.208751678466797,50.38090515136719,7.355111122131348,47.04585647583008,8.378405570983887,49.97782897949219,3.628911852836609,71.61576080322266,4.4969178438186646,73.74626159667969,5.370675802230835,74.82281494140625,36.2075617313385,84.92867279052734,33.83766466379166,70.13951110839844,31.90226125717163,74.62957000732422,0,15.598473502529991,36.2075617313385,66.36524242824979
g_025_003,3.4275,-76.5825,8.66751766204834,48.9227294921875,7.458801746368408,45.64423751831055,8.491363048553467,49.03981399536133,2.068968892097473,63.75418472290039,2.952838063240052,65.65070343017578,3.834959328174591,66.61068725585938,37.3665486574173,83.99407958984375,34.850070893764496,69.6982650756836,33.747690200805664,73.79607391357422,0,15.493195388052198,37.3665486574173,63.01230833265517
g_025_004,3.4275,-76.5775,8.399934768676758,47.54585266113281,7.579952716827393,44.32064437866211,8.516928672790527,48.15593338012695,1.070688247680664,56.00331497192383,2.08612859249115,57.66917419433594,2.890819311141968,58.51435470581055,37.53255867958069,83.0887451171875,34.919478714466095,69.2705078125,34.37135314941406,72.98875427246094,0,15.263093650341034,37.53255867958069,59.72858683268229
g_025_005,3.4275,-76.57249999999999,8.496991634368896,46.26121520996094,7.64824914932251,43.08560943603516,8.337900161743164,47.33304977416992,0.4536769390106201,48.41195297241211,1.8680795431137085,49.85194396972656,2.3302323818206787,50.58489227294922,36.58874118328095,82.21551513671875,34.05856418609619,68.85759735107422,33.58943796157837,72.21018981933594,0,14.819097015592787,36.58874118328095,56.53466288248698
g_025_006,3.4275,-76.5675,8.976283073425293,45.08090972900391,7.62654447555542,41.95076370239258,7.977068901062012,46.57867050170898,0.1736516952514648,41.06939697265625,2.158959746360779,42.29103088378906,1.897777020931244,42.91578674316406,33.93990540504456,81.37740325927734,31.656786799430847,68.46096801757812,30.770174741744995,71.46308898925781,0,13.90857242875629,33.93990540504456,53.46533542209201
g_025_007,3.4275,-76.5625,9.606111526489258,44.01799774169922,7.643239021301269,40.928688049316406,7.984070777893066,45.90083312988281,0.2559128999710083,34.147056579589844,2.2575740814208984,35.16301345825195,1.289714515209198,35.68647384643555,29.86138939857483,80.57743072509766,27.826877236366272,68.08210754394531,26.30684494972229,70.75019073486328,0,12.55908160077201,29.86138939857483,50.58375464545356
g_025_008,3.4275,-76.55749999999999,10.217602729797363,43.086204528808594,8.035242557525635,40.03260040283203,8.632068157196045,45.30789566040039,0.5138387680053711,27.982725143432617,1.9261436462402344,28.815814971923828,0.8056204319000244,29.25058555603028,25.874083518981934,79.8184585571289,24.069777488708496,67.72248077392578,22.19681346416473,70.0740966796875,0,11.363465640279982,25.874083518981934,48.010095808241104
g_025_009,3.4275,-76.5525,10.60792589187622,42.29938125610352,8.45585298538208,39.27586364746094,9.237296104431152,44.80821990966797,0.7070564031600952,23.202804565429688,1.5318814516067505,23.894535064697266,0.7420561909675598,24.263978958129883,23.34418511390686,79.10297393798828,21.78095889091492,67.38343811035156,19.991434454917908,69.43705749511719,1,10.71096083190706,23.34418511390686,45.96313921610514
g_025_010,3.4275,-76.5475,10.841698169708252,41.67080307006836,8.694684028625488,38.6712646484375,9.655754089355469,44.40975189208984,1.198628842830658,20.6440544128418,1.662732720375061,21.26093292236328,1.2101184129714966,21.60361671447754,21.782347679138184,78.43280029296875,20.42640674114228,67.06612396240234,18.88609635829925,68.84075164794922,1,10.484274115827349,21.782347679138184,44.733344395955406
g_025_011,3.4275,-76.54249999999999,10.956527709960938,41.21225738525391,8.83720064163208,38.23018264770508,9.928218841552734,44.11948776245117,2.136184275150299,20.571008682250977,2.376177668571472,21.187604904174805,2.1880003809928894,21.54985237121582,20.994081497192383,77.80886840820312,19.6848658323288,66.77137756347656,18.549727082252502,68.28601837158203,1,10.627887103292677,20.994081497192383,44.41518423292372
g_025_012,3.4275,-76.5375,10.986873149871826,40.9330940246582,8.886418342590332,37.96163558959961,10.084461212158203,43.94295883178711,2.967467725276947,22.075267791748047,3.126137137413025,22.73936080932617,2.971640467643738,23.1573429107666,20.793625116348267,77.2310791015625,19.404104709625244,66.49966430664062,18.623394668102264,67.77278137207031,1,10.871569169892204,20.793625116348267,44.70146497090658
g_025_013,3.4275,-76.5325,10.99492883682251,40.8393440246582,8.953449249267578,37.87145233154297,10.150787830352783,43.88370895385742,3.3813817501068115,23.94189071655273,3.5171114206314087,24.66522789001465,3.339891970157624,25.15890884399414,20.782426357269287,76.69840240478516,19.395069003105164,66.25106811523438,18.862905144691467,67.30007934570312,1,11.04199461804496,20.782426357269287,45.17889806959364
g_025_014,3.4275,-76.5275,11.0145583152771,40.9330940246582,8.992331504821777,37.96163558959961,10.177973747253418,43.94295883178711,3.551962584257126,25.377967834472656,3.719812273979187,26.14861488342285,3.471969962120056,26.72574234008789,20.91879177093506,76.20915222167969,19.54965209960937,66.02545166015625,19.238504342734814,66.86640167236328,1,11.181728511220879,20.91879177093506,45.57677989535861
g_025_015,3.4275,-76.5225,11.003324508666992,41.21225738525391,9.059046268463137,38.23018264770508,10.255091667175291,44.11948776245117,3.8804972171783447,25.96707534790039,4.060623943805695,26.76030731201172,3.720701992511749,27.417978286743164,20.981212854385376,75.761474609375,19.63933491706848,65.82251739501953,19.626830101013184,66.47004699707031,1,11.358518163363138,20.981212854385376,45.75125863817003
g_025_016,3.4275,-76.5175,11.05230474472046,41.67080307006836,9.1426362991333,38.6712646484375,10.341840744018556,44.40975189208984,4.437417238950729,25.509828567504883,4.668997704982758,26.29424095153809,4.225080102682114,27.016510009765625,20.996872186660767,75.35356140136719,19.69036316871643,65.64193725585938,20.02869617938996,66.1093521118164,1,11.620467596583897,20.996872186660767,45.630805545383026
g_025_017,3.4275,-76.5125,11.104811191558838,42.29938125610352,9.180124759674072,39.27586364746094,10.47165870666504,44.80821990966797,5.253831148147583,23.96507835388184,5.541262775659561,24.707040786743164,4.984540298581123,25.46225929260254,20.988872051239014,74.9834213256836,19.72662878036499,65.48316955566406,20.450193405151367,65.78242492675781,1,11.966880346337954,20.988872051239014,45.19631767272949
g_025_018,3.4275,-76.5075,11.177544593811035,43.086204528808594,9.20145559310913,40.03260040283203,10.568000316619871,45.30789566040039,6.15585058927536,21.45981788635254,6.438981339335442,22.12858009338379,5.833029143512249,22.87168502807617,21.16355562210083,74.64883422851562,19.86967825889588,65.3453598022461,20.97035431861877,65.48699951171875,1,12.375383308364285,21.16355562210083,44.48533079359267
g_025_019,3.4275,-76.5025,11.24461555480957,44.01799774169922,9.227705955505373,40.928688049316406,10.667994499206545,45.90083312988281,6.924497604370117,18.368383407592773,7.13739125430584,18.944110870361328,6.54940465092659,19.629579544067383,21.40018367767334,74.34986114501953,20.11586356163025,65.22801208496094,21.52053666114807,65.22264099121094,1,12.754243713286188,21.52053666114807,43.62112299601237
g_025_020,3.4275,-76.4975,11.307032585144045,45.08090972900391,9.240591526031494,41.95076370239258,10.71474266052246,46.57867050170898,7.339048027992248,15.551076889038086,7.492533782497048,16.040658950805664,6.990117907524109,16.6496524810791,21.857495307922363,74.09844207763672,20.504022121429443,65.13394165039062,22.16646671295166,64.99935913085938,1,13.06800562577943,22.16646671295166,42.898163901435005
g_025_021,3.4275,-76.49249999999999,11.36457109451294,46.26121520996094,9.283593654632568,43.08560943603516,10.75084400177002,47.33304977416992,7.498485326766968,14.62569808959961,7.681118696928024,15.086743354797363,7.218246340751648,15.65904426574707,22.247933387756348,73.92762756347656,20.84701681137085,65.0724105834961,22.72062873840332,64.84596252441406,1,13.290270894765854,22.72062873840332,42.877484533521866
g_025_022,3.4275,-76.4875,11.427316665649414,47.54585266113281,9.332993030548096,44.32064437866211,10.780911445617676,48.15593338012695,7.4450603723526,16.93675422668457,7.734977215528488,17.468843460083008,7.19459468126297,18.09053039550781,22.625247478485107,73.85176086425781,21.179789066314697,65.04750061035156,23.173506259918213,64.77427673339844,1,13.432710690630806,23.173506259918213,44.021344078911675
g_025_023,3.4275,-76.4825,11.45769214630127,48.9227294921875,9.369810581207275,45.64423751831055,10.78888750076294,49.03981399536133,7.317947864532471,21.890167236328125,7.716065347194672,22.5742244720459,7.0437580943107605,23.31191635131836,23.029900074005127,73.81986236572266,21.56399822235108,65.04398345947266,23.58117818832397,64.73725128173828,1,13.541026446554396,23.58117818832397,46.10935401916504
g_025_024,3.4275,-76.47749999999999,11.482641220092772,50.38090515136719,9.374027252197266,47.04585647583008,10.71270751953125,49.97782897949219,7.039438009262085,28.24966621398925,7.469959795475006,29.12797737121582,6.705914080142975,30.008712768554688,23.74200439453125,73.78667449951172,22.17829990386963,65.04913330078125,24.12091636657715,64.69173431396484,1,13.647323171297709,24.12091636657715,48.70205434163412
g_025_025,3.4275,-76.4725,11.463138580322266,51.910640716552734,9.266459465026855,48.5161361694336,10.504265308380129,50.963809967041016,6.52489161491394,35.3033447265625,6.863198816776276,36.39597702026367,6.094776511192322,37.42512512207031,25.0105562210083,73.76992797851562,23.27294683456421,65.07109832763672,24.93156719207764,64.64769744873047,1,13.770200060473549,25.0105562210083,51.555973052978516
g_025_026,3.4275,-76.4675,11.408186435699465,53.50334167480469,9.063372135162354,50.04682159423828,10.182777404785156,51.99225997924805,5.805479884147644,42.73131561279297,6.017016649246216,44.04842376708984,5.258693873882294,45.22325897216797,20.40302467346192,2.7964577268418944e-13,24.90624046325684,0.0,25.171905517578125,7.591072952520261e-13,1,13.13518855969111,25.171905517578125,31.94949128892698
g_025_027,3.4275,-76.46249999999999,11.02569055557251,55.15151596069336,8.605320930480957,51.63071441650391,9.448166370391846,53.05835723876953,4.936184406280518,50.38627624511719,5.093213796615601,51.93353271484375,4.493312120437622,53.24916458129883,29.667344570159912,74.50198364257812,27.168737411499023,65.45022583007812,28.22170639038086,65.28765106201172,1,14.295519616868761,29.667344570159912,57.84993574354384
g_025_028,3.4275,-76.4575,10.03636598587036,56.84865188598633,7.804445743560791,53.26155853271485,8.186821460723877,54.15785598754883,4.177973389625549,58.19424057006836,4.569236636161804,59.97514343261719,4.350307106971741,61.42674255371094,35.691797733306885,75.3340835571289,32.4488000869751,65.83528137207031,33.67536497116089,66.05133819580078,0,15.660123679373,35.691797733306885,61.23165512084961
g_025_029,3.4275,-76.4525,9.27867078781128,58.58910751342773,7.630518436431885,54.93394470214844,8.157992839813232,55.28706741333008,3.9659851789474487,66.11448669433594,4.061684250831604,68.13139343261719,4.53580629825592,69.71492004394531,40.1924614906311,76.28366088867188,37.18614292144776,66.27002716064453,39.14666557312012,66.91011810302734,0,17.12843641969893,40.1924614906311,64.6927473280165
g_025_030,3.4275,-76.44749999999999,8.795913219451904,60.368011474609375,8.028037548065186,56.643192291259766,9.005722999572754,56.44277572631836,4.159748315811157,74.12262725830078,4.0378477573394775,76.37723541259766,4.851367712020874,78.08956146240234,41.85462665557861,77.30638122558594,39.39299011230469,66.73713684082031,41.87613248825073,67.82963562011719,4,18.00026520093282,41.87613248825073,68.21295081244574
g_025_031,3.4275,-76.4425,8.488028049468994,62.18115615844727,8.3967866897583,58.38527297973633,9.657393455505373,57.622188568115234,4.295972943305969,82.20289611816406,4.218914031982422,84.69650268554688,4.983364105224609,86.53535461425781,42.44912433624268,78.3766098022461,40.25885534286499,67.22638702392578,42.991929054260254,68.78926849365234,4,18.41559644540151,42.991929054260254,71.77951516045465
g_025_032,3.4275,-76.4375,8.405252933502197,64.02491760253906,8.571718215942383,60.15670394897461,9.95276165008545,58.82286834716797,4.301343560218811,90.34444427490234,4.258555054664612,93.0780792236328,4.990832567214966,95.04186248779295,42.55852127075195,79.47957611083984,40.50219106674194,67.73163604736328,43.35156679153442,69.77682495117188,4,18.543638123406303,43.35156679153442,75.38410144382053
g_025_033,3.4275,-76.43249999999999,8.397950649261475,65.89614868164062,8.660715103149414,61.95447540283203,10.114763259887695,60.04270935058594,4.335499048233032,98.53937530517578,4.281416654586792,101.51387786865234,5.085635185241699,103.6015396118164,42.489235401153564,80.60636901855469,40.53889989852905,68.24900817871094,43.45026302337647,70.78485870361328,4,18.59493091371324,43.45026302337647,79.02092912462022
g_025_034,3.4275,-76.4275,8.406980276107788,67.7921371459961,8.727448463439941,63.7759895324707,10.18813133239746,61.27986907958984,4.510329246520996,106.78173065185548,4.447841048240662,109.99778747558594,5.307151556015015,112.2087173461914,42.36072301864624,81.75133514404297,40.54013109207153,68.77591705322266,43.439531326293945,71.80857849121094,4,18.65869637330373,43.439531326293945,82.68578465779622
g_025_035,3.4275,-76.4225,8.563068151473999,69.71052551269531,8.817692279815674,65.61898040771484,10.199465274810793,62.53274917602539,4.641480922698975,115.06690216064452,4.692378401756287,118.52508544921876,5.453472137451172,120.85896301269533,41.98706388473511,82.91071319580078,40.33433485031128,69.3105697631836,43.100358963012695,72.84479522705078,4,18.643257207340664,43.100358963012695,86.3754759894477
g_025_036,3.4275,-76.41749999999999,8.908247232437134,71.6492691040039,8.815651416778564,67.48149108886719,9.995785236358644,63.79994583129883,4.800252199172974,123.39122772216795,5.183492541313171,127.09202575683594,5.611329674720764,129.5487823486328,41.00768613815308,84.0818862915039,39.65130710601807,69.85166931152344,42.07020807266235,73.89128875732422,4,18.449328846401638,42.07020807266235,90.08750957912869
g_025_037,3.4275,-76.4125,9.51130747795105,73.6065902709961,8.74754810333252,69.36181640625,9.499279975891112,65.08023071289062,5.350927352905273,131.75181579589844,6.215759634971619,135.69561767578125,6.107398509979248,138.27536010742188,38.738555908203125,85.26298522949219,37.81301498413086,70.39823913574219,39.42988157272339,74.94645690917969,4,17.934852613343132,39.42988157272339,93.81990136040582
g_025_038,3.4275,-76.4075,10.51042914390564,75.5809097290039,8.679150104522705,71.25846862792969,9.358293056488035,66.3725357055664,6.830570936203003,140.14633178710938,7.855533599853516,144.33349609375,7.189000368118286,147.03643798828125,34.264997482299805,86.45265197753906,33.67896747589111,70.94954681396484,34.029545307159424,76.0091323852539,4,16.932943052715725,34.264997482299805,97.57105678982205
g_025_039,3.4275,-76.4025,12.117010116577148,77.57088470458984,9.334699153900146,73.17013549804688,10.930327415466309,67.67591094970703,10.938106298446655,148.57289123535156,10.94495677947998,153.0037384033203,10.631792306900024,155.83018493652344,27.70824432373047,87.64986419677734,27.31879186630249,71.50501251220703,26.86535358428955,77.07844543457031,3,16.309920205010307,27.70824432373047,101.33967420789931
g_026_000,3.4325,-76.5975,11.50704288482666,54.791236877441406,8.176650524139404,51.28449630737305,9.814594268798828,52.82516479492188,9.919662594795229,87.82759094238281,10.576724469661713,90.44022369384766,11.117992248386145,91.75668334960938,27.790261030197144,86.96830749511719,25.182411313056942,71.09574890136719,21.744605779647827,76.45407104492188,2,15.092216123723322,27.790261030197144,73.71594704522028
g_026_001,3.4325,-76.5925,10.233258247375488,53.2530403137207,7.537784099578857,49.8062744140625,8.530555725097656,51.83051300048828,5.894486308097839,79.93746185302734,6.964439183473587,82.3152847290039,7.400986611843109,83.51468658447266,32.57640767097473,85.98497772216797,30.048387110233307,70.63154602050781,27.05448055267334,75.5772705078125,0,15.137865056594213,32.57640767097473,70.3167839050293
g_026_002,3.4325,-76.58749999999999,9.494970798492432,51.78019332885742,7.417150497436523,48.39076232910156,8.226247787475586,50.87965774536133,3.728597640991211,72.14491271972656,4.889771997928619,74.29084777832031,5.433798909187317,75.37471008300781,35.00576317310333,85.0252456665039,32.58047944307327,70.17817687988281,30.36429119110108,74.72157287597656,0,15.237896826532152,35.00576317310333,66.97623104519315
g_026_003,3.4325,-76.5825,9.016416549682615,50.38090515136719,7.430759429931641,47.04585647583008,8.229182243347168,49.97782897949219,2.231437087059021,64.4774169921875,3.4013458490371704,66.39520263671875,4.050578057765961,67.36550903320312,36.309988379478455,84.09122467041016,33.824108958244324,69.73664093017578,32.376155972480774,73.88887786865234,0,15.207774725225237,36.309988379478455,63.70660697089301
g_026_004,3.4325,-76.5775,8.777007102966309,49.06435012817383,7.512680530548096,45.780372619628906,8.248380661010742,49.13083267211914,1.2936773300170898,56.977806091308594,2.5491563081741333,58.6724853515625,3.1830503344535828,59.53190994262695,36.63968336582184,83.18519592285156,34.10504400730133,69.30801391601562,33.16803193092346,73.08122253417969,0,15.052967952357399,36.63968336582184,60.52579879760742
g_026_005,3.4325,-76.57249999999999,8.75890064239502,47.840633392333984,7.560714244842529,44.60403060913086,8.184820175170898,48.345008850097656,0.7529650926589966,49.714839935302734,2.2548030614852905,51.19352722167969,2.657351851463318,51.9459114074707,36.1403169631958,82.30950164794922,33.62788671255112,68.89344024658203,32.90027356147766,72.30072784423828,0,14.759781367248959,36.1403169631958,57.46084679497613
g_026_006,3.4325,-76.5675,8.920220375061035,46.7207145690918,7.623273849487305,43.527381896972656,8.03755807876587,47.627174377441406,0.5595049858093262,42.801536560058594,2.3346736431121826,44.07477569580078,2.308173894882202,44.72587585449219,34.80690026283264,81.46649932861328,32.347003281116486,68.49410247802734,31.52936899662017,71.54952239990234,0,14.274075263076359,34.80690026283264,54.55417590671115
g_026_007,3.4325,-76.5625,9.18185043334961,45.71620941162109,7.740715026855469,42.56160736083984,7.943455696105957,46.98450469970703,0.6234415769577026,36.42504119873047,2.5252561569213867,37.50900650024414,1.9717601537704468,38.06784439086914,32.5401406288147,80.65845489501953,30.199835062026978,68.11116790771484,29.23658072948456,70.8296127319336,0,13.551448384920755,32.5401406288147,51.873716566297745
g_026_008,3.4325,-76.55749999999999,9.647944450378418,44.83908081054688,7.970929145812988,41.71823501586914,8.257616519927979,46.42432022094727,0.533737301826477,30.884679794311523,2.360435724258423,31.80453872680664,1.31622052192688,32.2855339050293,29.1926498413086,79.8873519897461,27.126736760139465,67.74575805664062,25.882298588752747,70.1427993774414,0,12.47650765048133,29.1926498413086,49.525810877482094
g_026_009,3.4325,-76.5525,10.293764114379885,44.10118103027344,8.355653762817383,41.0086784362793,8.939073085784912,45.95382308959961,0.33729088306427,26.59842300415039,1.7242263555526731,27.391891479492188,0.6323090195655823,27.81747817993164,25.444779872894287,79.15474700927734,23.703408241271973,67.39885711669922,22.22362232208252,69.490478515625,1,11.294903073045942,25.444779872894287,47.65728420681424
g_026_010,3.4325,-76.5475,10.790061950683594,43.51364135742188,8.665031909942627,40.44367218017578,9.545934677124023,45.579734802246094,0.6158710718154907,23.963138580322266,1.396562099456787,24.67989730834961,0.7234468460083008,25.081573486328125,22.781730890274048,78.46162414550781,21.38828945159912,67.07128143310547,19.98908770084381,68.87350463867188,1,10.655112955305311,22.781730890274048,46.40756310356988
g_026_011,3.4325,-76.54249999999999,11.047456741333008,43.086204528808594,8.892409801483154,40.03260040283203,9.975130558013916,45.30789566040039,1.7222015261650083,23.024736404418945,2.116641640663147,23.71611213684082,1.8254414200782776,24.130844116210938,21.25929594039917,77.80836486816406,20.046969056129456,66.763671875,19.04391533136368,68.29218292236328,1,10.658829112847647,21.25929594039917,45.795845879448784
g_026_012,3.4325,-76.5375,11.12925910949707,42.82648468017578,8.989607810974121,39.78282165527344,10.21184015274048,45.142852783203125,2.933674395084381,23.32147789001465,3.205435276031494,24.025421142578125,3.022649645805359,24.48942756652832,20.65588641166687,77.19486999511719,19.449682354927063,66.47650909423828,18.880689173936844,67.74641418457031,1,10.942080481184853,20.65588641166687,45.667364332411026
g_026_013,3.4325,-76.5325,11.16840648651123,42.73935317993164,9.07072639465332,39.69902038574219,10.333661079406738,45.08750534057617,3.757072478532791,24.171363830566406,4.021822810173035,24.905914306640625,3.7633599638938895,25.45185089111328,20.530648231506348,76.62110137939453,19.263715505599976,66.2103042602539,19.063624136149883,67.23612213134766,1,11.219226342936357,20.530648231506348,45.79139285617404
g_026_014,3.4325,-76.5275,11.170281410217283,42.82648468017578,9.12960720062256,39.78282165527344,10.40347146987915,45.142852783203125,4.178160481154919,24.9787712097168,4.440696597099304,25.74445152282715,4.041982293128967,26.40107154846192,20.57020330429077,76.08792114257812,19.302732467651367,65.96590423583984,19.3461594581604,66.76209259033203,1,11.398143853578302,20.57020330429077,45.96581904093424
g_026_015,3.4325,-76.5225,11.151509284973145,43.086204528808594,9.195306301116943,40.03260040283203,10.456902027130129,45.30789566040039,4.615399569272995,25.30873107910156,4.873156189918518,26.09293365478516,4.297002792358398,26.88199615478516,20.64571762084961,75.5981216430664,19.386759757995605,65.74480438232422,19.72802770137787,66.32691192626953,1,11.594420138332579,20.64571762084961,46.042244381374786
g_026_016,3.4325,-76.5175,11.171939849853516,43.51364135742188,9.25017786026001,40.44367218017578,10.508079528808594,45.579734802246094,5.212631046772003,24.8975830078125,5.463665813207626,25.67902946472168,4.700669050216675,26.607898712158203,20.81638646125793,75.1572265625,19.547531843185425,65.54940795898438,20.199359893798828,65.93568420410156,1,11.874493483040068,20.81638646125793,45.92931980556912
g_026_017,3.4325,-76.5125,11.186493873596191,44.10118103027344,9.30582046508789,41.0086784362793,10.5824236869812,45.95382308959961,5.9703688621521,23.69466590881348,6.223688498139381,24.449119567871094,5.246946208178997,25.50178337097168,21.02016830444336,74.77291107177734,19.73658537864685,65.3827133178711,20.71536135673523,65.59540557861328,1,12.220872959329022,21.02016830444336,45.606697930230034
g_026_018,3.4325,-76.5075,11.234240531921388,44.83908081054688,9.319759368896484,41.71823501586914,10.644616603851318,46.42432022094727,6.78204071521759,21.901655197143555,7.004743337631226,22.60917854309082,5.87282382696867,23.742158889770508,21.28704166412353,74.4529037475586,19.969868898391724,65.24742126464844,21.269397497177124,65.31287384033203,1,12.598281382686562,21.28704166412353,45.13864750332303
g_026_019,3.4325,-76.5025,11.287103652954102,45.71620941162109,9.331025123596191,42.56160736083984,10.70948886871338,46.98450469970703,7.462772488594055,19.983856201171875,7.65674614906311,20.63729286193848,6.423486918210983,21.79038619995117,21.56278085708618,74.20256042480469,20.259694814682007,65.14497375488281,21.79309248924256,65.09233093261719,1,12.942910151349174,21.79309248924256,44.6793024275038
g_026_020,3.4325,-76.4975,11.365493774414062,46.7207145690918,9.34897232055664,43.527381896972656,10.73994493484497,47.627174377441406,7.826392292976379,18.66197395324707,8.02469664812088,19.2761344909668,6.768359005451202,20.402034759521484,21.98634147644043,74.02481842041016,20.64059400558472,65.07548522949219,22.346035957336422,64.93547821044922,1,13.227425601747301,22.346035957336422,44.47235510084364
g_026_021,3.4325,-76.49249999999999,11.415974617004396,47.840633392333984,9.359336376190186,44.60403060913086,10.779215812683104,48.345008850097656,7.898649454116821,18.798524856567383,8.138025760650635,19.41592025756836,6.897376358509064,20.50996208190918,22.369789600372314,73.91901397705078,21.02657413482666,65.03768157958984,22.864656925201416,64.84072875976562,1,13.416622115506065,22.864656925201416,44.8123893737793
g_026_022,3.4325,-76.4875,11.477049827575684,49.06435012817383,9.39533281326294,45.780372619628906,10.790517807006836,49.13083267211914,7.767718195915222,20.96909523010254,8.096871972084045,21.651195526123047,6.840141236782074,22.74838829040528,22.73762083053589,73.87105560302734,21.393383026123047,65.02642059326172,23.322561740875244,64.79450988769531,1,13.535688605573442,23.322561740875244,45.89291339450412
g_026_023,3.4325,-76.4825,11.51589584350586,50.38090515136719,9.392648696899414,47.04585647583008,10.794757843017578,49.97782897949219,7.609991431236267,25.06259536743164,8.035659193992615,25.867794036865234,6.758548974990845,27.010915756225582,23.13915538787841,73.85167694091797,21.73790693283081,65.03266143798828,23.71706485748291,64.76953125,1,13.633514351314968,23.71706485748291,47.66664059956869
g_026_024,3.4325,-76.47749999999999,11.557373523712158,51.78019332885742,9.3975191116333,48.39076232910156,10.785147666931152,50.87965774536133,7.451635003089905,30.546422958374023,7.871953010559082,31.516530990600582,6.603389739990234,32.735130310058594,23.594968795776367,73.84467315673828,22.180927753448486,65.05265045166016,24.126205921173096,64.74969482421875,1,13.72990228070153,24.126205921173096,49.94396845499674
g_026_025,3.4325,-76.4725,11.59195613861084,53.2530403137207,9.363734722137451,49.8062744140625,10.719675064086914,51.83051300048828,7.151387691497803,36.91930770874024,7.546953320503235,38.08054733276367,6.311152458190918,39.39057159423828,24.370713710784912,73.8846435546875,22.85954570770264,65.10095977783203,24.68103647232056,64.76451110839844,1,13.844017253981697,24.68103647232056,52.55892986721463
g_026_026,3.4325,-76.4675,11.614465713500977,54.791236877441406,9.30940294265747,51.28449630737305,10.609405517578123,52.82516479492188,6.702738642692566,43.85051345825195,7.043679356575012,45.218936920166016,5.853010773658752,46.62831497192383,25.054439067840576,74.09899139404297,23.485583782196045,65.22786712646484,25.10461568832397,64.93739318847656,1,13.8641490538915,25.10461568832397,55.42921278211806
g_026_027,3.4325,-76.46249999999999,11.45510721206665,56.387508392333984,9.005107402801514,52.81843566894531,10.08901834487915,53.85893630981445,6.1409752368927,51.14390563964844,6.335930585861206,52.72959899902344,5.295908331871033,54.24239349365234,27.156148433685303,74.64089965820312,25.110142707824707,65.4933853149414,26.36148452758789,65.42716217041016,1,14.105535864830017,27.156148433685303,58.52691396077474
g_026_028,3.4325,-76.4575,10.581749439239502,58.03542709350586,8.093640804290771,54.40192794799805,8.627203464508057,54.92766952514648,5.125155687332153,58.68437194824219,5.422119498252869,60.49399185180664,4.719695687294006,62.11254119873047,33.29609298706055,75.42766571044922,30.236645698547363,65.86111450195312,31.308738231658936,66.14186096191406,0,15.267893499798245,33.29609298706055,61.78739674886068
g_026_029,3.4325,-76.4525,9.531249523162842,59.7293701171875,7.6109724044799805,56.02956771850586,8.026071071624756,56.0276985168457,4.4846251010894775,66.40257263183594,4.687398672103882,68.44072723388672,4.774654388427734,70.16665649414062,39.283456325531006,76.35132598876953,36.260090351104736,66.28660583496094,38.01442956924439,66.97492980957031,0,16.96366082297431,39.283456325531006,65.15660603841145
g_026_030,3.4325,-76.44749999999999,8.939302921295166,61.46441650390625,7.931251049041748,57.69663238525391,8.837372779846191,57.155799865722656,4.5331711769104,74.2550048828125,4.411243557929993,76.52503967285156,5.07819128036499,78.35969543457031,41.547507762908936,77.35700988769531,39.09235334396362,66.74796295166016,41.510868072509766,67.87821197509766,4,17.98680688275231,41.547507762908936,68.6044192843967
g_026_031,3.4325,-76.4425,8.560876369476318,63.23626708984375,8.326089859008789,59.39900207519531,9.599429607391356,58.30913162231445,4.694786548614502,82.21318817138672,4.544511079788208,84.7176284790039,5.2689208984375,86.6622543334961,42.4192099571228,78.415283203125,40.22958993911743,67.23336791992188,43.00312232971192,68.82666015625,4,18.516281843185425,43.00312232971192,72.11253145005968
g_026_032,3.4325,-76.4375,8.439903736114502,65.04117584228516,8.549607276916504,61.13307571411133,9.970141887664797,59.48521041870117,4.716494560241699,90.25762176513672,4.642326354980469,92.99842834472656,5.293782591819763,95.05423736572266,42.58938264846802,79.50946807861328,40.53251457214356,67.73590087890625,43.44707441329956,69.80606079101562,4,18.686803115738762,43.44707441329956,75.66901991102431
g_026_033,3.4325,-76.43249999999999,8.434467792510986,66.8758773803711,8.649019718170166,62.89572525024414,10.12863540649414,60.68185424804688,4.729706525802612,98.37442779541016,4.696752548217773,101.35316467285156,5.386993527412415,103.52135467529295,42.50597810745239,80.62957763671875,40.59411096572876,68.25128936767578,43.55297517776489,70.80789947509766,4,18.742071085506016,43.55297517776489,79.265685611301
g_026_034,3.4325,-76.4275,8.458847761154175,68.73751068115234,8.729962825775146,64.68421173095703,10.225452423095703,61.89715194702149,4.915614604949951,106.55341339111328,4.880695581436157,109.7713394165039,5.625998258590698,112.05308532714844,42.34736204147339,81.76930236816406,40.58701944351196,68.77670288085938,43.52084016799927,71.82677459716797,4,18.81019923422072,43.52084016799927,82.89661026000977
g_026_035,3.4325,-76.4225,8.585827827453613,70.62358856201172,8.811466693878174,66.49614715576172,10.230038166046144,63.12942123413086,4.986988306045532,114.78684997558594,5.089405536651611,118.24498748779295,5.771572232246399,120.6414566040039,41.99863195419312,82.9244613647461,40.370938301086426,69.31018829345703,43.20721054077149,72.85909271240234,4,18.78356439537472,43.20721054077149,86.55735482109918
g_026_036,3.4325,-76.41749999999999,8.876949310302734,72.53192901611328,8.787927150726318,68.32943725585938,10.04015588760376,64.37718200683594,5.139178514480591,123.06877899169922,5.472815990447998,126.76799774169922,5.914574146270752,129.28030395507812,41.18174982070923,84.09217071533203,39.80136489868164,69.85035705566406,42.33236074447632,73.90238189697266,4,18.616341829299927,42.33236074447632,90.24450429280598
g_026_037,3.4325,-76.4125,9.46793794631958,74.46061706542969,8.716739654541016,70.1822509765625,9.564884662628174,65.6391372680664,5.688647747039795,131.39454650878906,6.474572420120239,135.33555603027344,6.469604253768921,137.9647674560547,39.180683612823486,85.27039337158203,38.17072343826294,70.39617919921875,39.963088035583496,74.95487976074219,4,18.18854241900974,39.963088035583496,93.95536973741319
g_026_038,3.4325,-76.4075,10.44047212600708,76.40796661376953,8.63953971862793,72.052978515625,9.35249376296997,66.91413879394531,7.173146724700928,139.76046752929688,8.160624980926514,143.94384765625,7.653979539871216,146.69102478027344,35.1120719909668,86.45762634277344,34.43299055099487,70.94686889648438,34.94503831863403,76.01529693603516,4,17.323373079299927,35.1120719909668,97.68780178493924
g_026_039,3.4325,-76.4025,12.11365270614624,78.37250518798828,9.2916579246521,73.94020080566406,10.877429008483888,68.20116424560547,11.1689293384552,148.16358947753906,11.294787406921388,152.58987426757812,11.00718879699707,155.4559783935547,28.2695631980896,87.65275573730469,27.8254508972168,71.50182342529297,27.397953987121586,77.08267211914062,3,16.58295702934265,28.2695631980896,101.44006262885199
g_027_000,3.4375,-76.5975,11.725536823272703,56.15497589111328,8.443751335144043,52.59498977661133,10.195273876190186,53.708251953125,10.01481318473816,88.49679565429688,10.84978836774826,91.1290054321289,11.18990010023117,92.4546127319336,26.362033367156982,87.06861114501953,23.94009429216385,71.13909149169922,20.74055004119873,76.5486068725586,3,14.82908237642712,26.362033367156982,74.36610454983182
g_027_001,3.4375,-76.5925,10.502861499786375,54.670406341552734,7.770147323608398,51.16838073730469,8.775063037872314,52.746978759765625,5.757892489433289,80.73938751220703,6.965497147291899,83.1407470703125,7.097272509825416,84.35133361816406,30.89837646484375,86.08427429199219,28.35160356760025,70.67411041259766,25.36119723320008,75.6711196899414,2,14.60887903038464,30.89837646484375,71.02741538153754
g_027_002,3.4375,-76.58749999999999,9.775327682495115,53.2530403137207,7.5589919090271,49.8062744140625,8.226750373840332,51.83051300048828,3.5347484350204468,73.1075668334961,4.978034242987633,75.28184509277344,5.14868588745594,76.37934112548828,33.43599081039429,85.12248229980469,30.892316341400143,70.21949005126953,28.53209626674652,74.81380462646484,0,14.675882438818613,33.43599081039429,67.75715086195204
g_027_003,3.4375,-76.5825,9.350336074829102,51.910640716552734,7.5109052658081055,48.5161361694336,8.074373722076416,50.963809967041016,2.2044103145599365,65.63523864746094,3.701680779457092,67.58722686767578,3.989921480417252,68.57415008544922,34.85438513755798,84.18505096435547,32.26863771677017,69.77607727050781,30.5647531747818,73.978271484375,0,14.724378185139763,34.85438513755798,64.56962246365018
g_027_004,3.4375,-76.5775,9.11185884475708,50.65175628662109,7.545191764831543,47.30618667602539,8.04572343826294,50.15226364135742,1.4035303592681885,58.37212753295898,2.9562535285949707,60.10811233520508,3.291778862476349,60.98779296875,35.38475322723389,83.27384185791016,32.79432672262192,69.34480285644531,31.55737400054932,73.16620635986328,0,14.6767545276218,35.38475322723389,61.48478783501519
g_027_005,3.4375,-76.57249999999999,9.01947784423828,49.485652923583984,7.586429595947266,46.185340881347656,8.014163494110107,49.40170669555664,0.8469076156616211,51.39204025268555,2.4958585500717163,52.92054748535156,2.7618263959884644,53.69758224487305,35.30260610580444,82.39073944091797,32.69610607624054,68.92659759521484,31.76944065093994,72.37928009033203,0,14.499201814333597,35.30260610580444,58.531054178873696
g_027_006,3.4375,-76.5675,8.954719543457031,48.42221450805664,7.641805648803711,45.16310501098633,7.965577125549316,48.71829605102539,0.5624570846557617,44.80469131469727,2.238126039505005,46.13756942749024,2.3942900896072388,46.81849670410156,35.0696907043457,81.53755187988281,32.341485142707825,68.52242279052734,31.6432546377182,71.61910247802734,0,14.312378446261087,35.0696907043457,55.74927224053277
g_027_007,3.4375,-76.5625,8.952900409698486,47.47172546386719,7.8084397315979,44.24938583374024,7.9275946617126465,48.10840606689453,0.3931487798690796,38.7693977355957,2.1336233615875244,39.92330551147461,2.0711275339126587,40.51760482788086,34.184542655944824,80.71588897705078,31.39230763912201,68.13318634033203,30.936644554138184,70.88712310791016,0,13.97781436973148,34.184542655944824,53.19733598497179
g_027_008,3.4375,-76.55749999999999,9.24323320388794,46.64460754394531,7.998921394348144,43.4542121887207,8.063652038574219,47.57844161987305,0.1464325189590454,33.50142288208008,2.023372530937195,34.49951171875,1.5456246733665466,35.02096176147461,32.06209444999695,79.9271011352539,29.46408450603485,67.7597427368164,28.98407757282257,70.18450164794922,0,13.281276987658607,32.06209444999695,50.95227813720703
g_027_009,3.4375,-76.5525,9.921950817108154,45.95099258422852,8.25434923171997,42.78734588623047,8.628069877624512,47.13460922241211,0.9534740447998048,29.2469539642334,1.4984853267669678,30.11984062194824,0.5893799662590027,30.58786964416504,27.891900062561035,79.17206573486328,25.787479877471924,67.40282440185547,24.90805184841156,69.51201629638672,0,12.048126783635881,27.891900062561035,49.10161315070258
g_027_010,3.4375,-76.5475,10.640597343444824,45.40026473999024,8.552567958831787,42.25783157348633,9.335235118865969,46.78261566162109,0.9554939270019532,26.19891929626465,1.0316716432571411,26.983169555664062,0.2963231801986694,27.423677444458008,24.201791524887085,78.45122528076172,22.56766438484192,67.06304931640625,21.42382937669754,68.8699722290039,1,11.000574939780766,24.201791524887085,47.71452501085069
g_027_011,3.4375,-76.54249999999999,11.064980506896973,45.00052261352539,8.902287483215332,41.87347030639648,9.913884162902832,46.5273551940918,1.1458660364151,24.38352394104004,1.7668073177337646,25.11683464050293,1.3827868103981018,25.562211990356445,21.77675724029541,77.76456451416016,20.571237206459045,66.74092102050781,19.63343307375908,68.25830078125,1,10.684226648675072,21.77675724029541,46.80307833353678
g_027_012,3.4375,-76.5375,11.262423038482666,44.75802230834961,9.067367553710938,41.64029312133789,10.274881839752195,46.37260055541992,2.7856850028038025,23.62587547302246,3.1959556341171265,24.34130859375,2.9538055062294006,24.83101272583008,20.72301936149597,77.11200714111328,19.630759358406067,66.4369888305664,19.187748704105616,67.67684936523438,1,11.009071777678198,20.72301936149597,46.31055090162489
g_027_013,3.4375,-76.5325,11.29924488067627,44.67673873901367,9.1525239944458,41.562129974365234,10.514039516448976,46.32074737548828,4.0967263877391815,23.61077880859375,4.455743789672852,24.332799911499023,4.127886891365051,24.91514205932617,20.353790760040283,76.49417877197266,19.207083225250244,66.152099609375,19.280063778162003,67.12611389160156,1,11.387455913755629,20.353790760040283,46.13230323791504
g_027_014,3.4375,-76.5275,11.318548679351808,44.75802230834961,9.252809524536133,41.64029312133789,10.61735773086548,46.37260055541992,4.91744676977396,23.92122459411621,5.272383689880371,24.66266632080078,4.720624506473541,25.394662857055664,20.292307138443,75.91378021240234,19.09124207496643,65.88789367675781,19.51204484701157,66.60853576660156,1,11.666084995700253,20.292307138443,46.128853268093536
g_027_015,3.4375,-76.5225,11.297833442687988,45.00052261352539,9.322381019592283,41.87347030639648,10.659760475158691,46.5273551940918,5.517949879169464,24.07843399047852,5.851153463125229,24.838191986083984,5.008835941553116,25.77924346923828,20.377683401107788,75.37757873535156,19.151054859161377,65.64749908447266,19.882179975509644,66.13035583496094,1,11.896536939673954,20.377683401107788,46.13918346828885
g_027_016,3.4375,-76.5175,11.291211128234863,45.40026473999024,9.376086711883543,42.25783157348633,10.684725284576416,46.78261566162109,6.142171382904053,23.69495964050293,6.418575690127909,24.459732055664062,5.261584281921387,25.6580810546875,20.67211627960205,74.89836883544922,19.389407634735107,65.43611907958984,20.386934280395508,65.70348358154297,1,12.180312519375649,20.67211627960205,46.03238402472602
g_027_017,3.4375,-76.5125,11.288429737091064,45.95099258422852,9.402117252349854,42.78734588623047,10.685396194458008,47.13460922241211,6.783745765686035,22.669658660888672,6.981321781873703,23.42115592956543,5.5071190893650055,24.89344787597656,21.013419151306152,74.49496459960938,19.70133948326111,65.2608871459961,20.938764572143555,65.34535217285156,1,12.477961447503832,21.013419151306152,45.77315711975098
g_027_018,3.4375,-76.5075,11.290466785430908,46.64460754394531,9.402106285095217,43.4542121887207,10.72821807861328,47.57844161987305,7.445765733718872,21.28000831604004,7.578438580036163,22.005035400390625,5.82493928540498,23.712804794311523,21.388206958770752,74.18733978271484,20.06474018096924,65.12895965576172,21.52654600143433,65.07410430908203,1,12.805491987719304,21.52654600143433,45.45172373453776
g_027_019,3.4375,-76.5025,11.346055507659912,47.47172546386719,9.4325213432312,44.24938583374024,10.755878925323486,48.10840606689453,8.0157630443573,20.104368209838867,8.11347508430481,20.80377578735352,6.188225656747818,22.64703941345215,21.70609188079834,73.98680114746094,20.397573471069336,65.0439682006836,22.032443284988403,64.8991470336914,1,13.10978091094229,22.032443284988403,45.25717968410916
g_027_020,3.4375,-76.4975,11.41855525970459,48.42221450805664,9.44415283203125,45.16310501098633,10.778066635131836,48.71829605102539,8.31105375289917,19.79286003112793,8.442495584487915,20.485727310180664,6.451035678386688,22.34227180480957,22.05770301818848,73.887939453125,20.75289869308472,65.00335693359375,22.516496419906616,64.81410217285156,1,13.352495319313473,22.516496419906616,45.40331925286187
g_027_021,3.4375,-76.49249999999999,11.45991039276123,49.485652923583984,9.420167922973633,46.185340881347656,10.7756028175354,49.40170669555664,8.280922651290894,20.82919883728028,8.494633913040161,21.55078315734864,6.519139647483826,23.34027099609375,22.49114322662353,73.86942291259766,21.197630882263184,64.99910736083984,23.03215003013611,64.79851531982422,1,13.519033498234219,23.03215003013611,46.05111100938585
g_027_022,3.4375,-76.4875,11.5033917427063,50.65175628662109,9.42158031463623,47.30618667602539,10.775331020355225,50.15226364135742,8.132249593734741,23.40814781188965,8.428966641426086,24.20241355895996,6.4864342212677,25.91037368774414,22.9691162109375,73.90203857421875,21.650481700897217,65.02098083496094,23.519286155700684,64.82550048828125,1,13.654093066851297,23.519286155700684,47.26440684000651
g_027_023,3.4375,-76.4825,11.523392677307127,51.910640716552734,9.392342567443848,48.5161361694336,10.756298542022703,50.963809967041016,7.953476428985596,27.428184509277344,8.355079412460327,28.337989807128903,6.464049875736237,29.990955352783203,23.395404815673828,73.96127319335938,22.056564331054688,65.06108093261719,23.94810581207276,64.8726806640625,1,13.760523829195234,23.94810581207276,49.004750145806206
g_027_024,3.4375,-76.47749999999999,11.582036018371582,53.2530403137207,9.3547625541687,49.8062744140625,10.73200798034668,51.83051300048828,7.847450017929077,32.60335159301758,8.301175713539124,33.66362380981445,6.454090237617493,35.29819107055664,23.84299659729004,74.04527282714844,22.50953483581543,65.12014770507812,24.344900608062744,64.93824005126953,1,13.885439395904541,24.344900608062744,51.173183865017364
g_027_025,3.4375,-76.4725,11.65817403793335,54.670406341552734,9.375080108642578,51.16838073730469,10.758912563323976,52.746978759765625,7.715030193328857,38.61996841430664,8.200801730155945,39.85622024536133,6.396420001983643,41.50418472290039,24.192969799041748,74.19404602050781,22.872538566589355,65.21438598632812,24.655280590057373,65.0591812133789,1,13.980578621228537,24.655280590057373,53.67041693793403
g_027_026,3.4375,-76.4675,11.703619480133057,56.15497589111328,9.423418045043944,52.59498977661133,10.79365587234497,53.708251953125,7.501490116119385,45.22572708129883,8.028964757919312,46.65574264526367,6.30511486530304,48.34113693237305,24.35140085220337,74.49203491210938,23.056614875793457,65.37649536132812,24.78658962249756,65.31593322753906,1,13.994540943039787,24.78658962249756,56.42947642008463
g_027_027,3.4375,-76.46249999999999,11.601731777191162,57.699745178222656,9.241266250610352,54.079376220703125,10.449918270111084,54.7098503112793,7.221101999282837,52.24406051635742,7.693119764328003,53.880165100097656,6.067407131195068,55.620513916015625,25.8128662109375,75.01052856445312,24.13256311416626,65.63313293457031,25.604698657989506,65.77740478515625,1,14.202741463979086,25.8128662109375,59.40608639187283
g_027_028,3.4375,-76.4575,10.88383960723877,59.29846954345703,8.473440647125244,55.61553955078125,9.088805675506592,55.747745513916016,6.188524484634399,59.55785751342773,6.549895763397217,61.40876388549805,5.273783087730408,63.2169075012207,31.190014839172363,75.73421478271484,28.5104775428772,65.97624969482422,29.5984115600586,66.42706298828125,1,15.084132578637865,31.190014839172363,62.55364566379123
g_027_029,3.4375,-76.4525,9.784071922302246,60.945594787597656,7.762759208679199,57.19814682006836,8.039864540100098,56.81832885742188,5.059845447540283,67.09014892578125,5.485328197479248,69.16217041015625,4.999925374984741,71.0477523803711,38.06503200531006,76.60257720947266,35.14725589752197,66.38064575195312,36.67324924468994,67.20645904541016,4,16.77970353762309,38.06503200531006,65.82798046535916
g_027_030,3.4375,-76.44749999999999,9.16082239151001,62.63621520996094,7.922091007232666,58.82248306274414,8.688279151916504,57.91840362548828,4.852232694625855,74.78961181640625,4.96571159362793,77.08747100830078,5.2077940702438354,79.05791473388672,40.872925758361816,77.5655746459961,38.56945276260376,66.82597351074219,40.832247734069824,68.0695571899414,4,17.896839684910244,40.872925758361816,69.19702275594075
g_027_031,3.4375,-76.4425,8.756264209747314,64.3659896850586,8.251771450042725,60.48439407348633,9.4784574508667,59.04512023925781,5.106769561767578,82.62115478515625,5.0470664501190186,85.14847564697266,5.544972896575928,87.20966339111328,42.01655960083008,78.59135437011719,40.01276731491089,67.29928588867188,42.63049507141113,68.98787689208984,4,18.53834711180793,42.63049507141113,72.63925721910265
g_027_032,3.4375,-76.4375,8.584042072296143,66.13111114501953,8.495903968811035,62.180213928222656,9.92680597305298,60.19596481323242,5.283298492431641,90.56005096435548,5.250333309173584,93.31966400146484,5.776380062103272,95.47638702392578,42.32998561859131,79.6604995727539,40.47098350524902,67.79256439208984,43.23771095275879,69.94425201416016,4,18.817271550496418,43.23771095275879,76.1400786505805
g_027_033,3.4375,-76.43249999999999,8.544900894165039,67.92821502685547,8.60790491104126,63.90671920776367,10.146899700164797,61.36870574951172,5.376748085021973,98.58836364746094,5.370008945465088,101.5825424194336,5.906813383102417,103.83875274658205,42.31069564819336,80.76094055175781,40.60797166824341,68.30069732666016,43.42079305648804,70.9280776977539,4,18.92141514354282,43.42079305648804,79.68922381930881
g_027_034,3.4375,-76.4275,8.580321788787842,69.75434875488281,8.698038101196289,65.66107940673828,10.22844696044922,62.56137847900391,5.49261736869812,106.6927261352539,5.498459339141846,109.92330932617188,6.072965383529663,112.2823715209961,42.14247226715088,81.88489532470703,40.57879829406738,68.82032012939453,43.37595272064209,71.93256378173828,4,18.963119135962593,43.37595272064209,83.2792214287652
g_027_035,3.4375,-76.4225,8.741029739379883,71.60690307617188,8.788068771362305,67.44078826904297,10.219429969787598,63.772239685058594,5.552255392074585,114.86295318603516,5.696068525314331,118.33145141601562,6.216125726699829,120.79623413085938,41.79728364944458,83.02719116210938,40.34807205200195,69.34908294677734,43.06833362579346,72.95316314697266,4,18.936296383539837,43.06833362579346,86.9044452243381
g_027_036,3.4375,-76.41749999999999,8.99026083946228,73.48358154296875,8.796296119689941,69.24365234375,10.020002841949465,64.99974822998047,5.696821212768555,123.09115600585938,6.104202508926392,126.79881286621094,6.378857851028442,129.37181091308594,41.00258827209473,84.18424224853516,39.76887321472168,69.88533782958984,42.191824436187744,73.98674774169922,4,18.772191921869915,42.191824436187744,90.56056552463107
g_027_037,3.4375,-76.4125,9.578766345977783,75.38235473632812,8.735363960266113,71.0677261352539,9.559194564819336,66.2425308227539,6.236496686935425,131.37112426757812,7.103612184524536,135.31895446777344,6.967413902282715,138.00238037109375,38.89476490020752,85.35350036621094,37.992013454437256,70.42787170410156,39.65029144287109,75.03108978271484,4,18.30199082692464,39.65029144287109,94.24417029486762
g_027_038,3.4375,-76.4075,10.5759174823761,77.30144500732422,8.643051624298096,72.91129302978516,9.40336275100708,67.49938201904297,7.701520204544067,139.69789123535156,8.681309938430786,143.8867950439453,8.130773067474365,146.6825714111328,34.712368965148926,86.5331039428711,34.018261432647705,70.97575378417969,34.437379360198975,76.0845718383789,4,17.36710498068068,34.712368965148926,97.95253414577908
g_027_039,3.4375,-76.4025,12.26557230949402,79.23924255371094,9.349141597747805,74.7728271484375,11.03903341293335,68.76922607421875,11.784708499908447,148.0675048828125,11.8345365524292,152.49822998046875,11.610992193222046,155.4080810546875,27.97697496414185,87.72167205810547,27.47977495193481,71.5282974243164,27.09883737564087,77.14598083496094,3,16.715507984161377,27.97697496414185,101.68345133463542
g_028_000,3.4425,-76.5975,11.941596508026125,57.58725738525391,8.703174591064453,53.971290588378906,10.59268856048584,54.63687133789063,10.171687006950378,89.51463317871094,11.207654178142548,92.17681884765624,11.386536240577698,93.51668548583984,25.04878520965576,87.17618560791016,22.81799364089965,71.18772888183594,19.887906670570374,76.64935302734375,3,14.639780289596981,25.04878520965576,75.15742492675781
g_028_001,3.4425,-76.5925,10.829838275909424,56.15497589111328,8.069531440734863,52.59498977661133,9.20258855819702,53.708251953125,5.752158164978027,81.88609313964844,7.0793857127428055,84.3212661743164,6.962376803159714,85.54806518554688,28.9810471534729,86.18801879882812,26.516258001327515,70.72087860107422,23.6168292760849,75.76862335205078,2,14.112223709623018,28.9810471534729,71.8767958747016
g_028_002,3.4425,-76.58749999999999,10.145187377929688,54.791236877441406,7.8155837059021,51.28449630737305,8.498510360717773,52.82516479492188,3.404244899749756,74.40209197998047,5.006050821393728,76.61459350585938,4.856981808319688,77.73055267333984,31.34299230575561,85.22098541259766,28.731755793094635,70.26375579833984,26.315778613090515,74.90679931640625,0,14.0130095206615,31.34299230575561,68.67107518513997
g_028_003,3.4425,-76.5825,9.742571353912354,53.50334167480469,7.723963260650635,50.04682159423828,8.163745880126953,51.99225997924805,2.0436118841171265,67.09712219238281,3.824956715106964,69.09234619140625,3.730271056294441,70.1002426147461,32.81959319114685,84.27656555175781,30.08194357156753,69.81708526611328,28.2347514629364,74.065185546875,0,14.04060093065103,32.81959319114685,65.5545522901747
g_028_004,3.4425,-76.5775,9.500518798828123,52.299198150634766,7.738290309906006,48.88957214355469,8.022387504577637,51.214542388916016,1.2505710124969482,60.01828002929688,3.112434148788452,61.80304336547852,3.0696902871131897,62.70645904541016,33.50868463516235,83.35623931884766,30.714714229106903,69.38160705566406,29.34433090686798,73.2451171875,0,14.029069092538622,33.50868463516235,62.546006520589195
g_028_005,3.4425,-76.57249999999999,9.391758918762209,51.18725204467773,7.776656150817871,47.82087707519531,7.94895076751709,50.49732208251953,0.6572999954223633,53.229713439941406,2.5435929894447327,54.81277847290039,2.54666069149971,55.616432189941406,33.64154505729675,82.46147918701172,30.80449342727661,68.9581069946289,29.80056357383728,72.44789123535156,0,13.901280174652735,33.64154505729675,59.67020585801866
g_028_006,3.4425,-76.5675,9.237872123718262,50.17637634277344,7.784610271453857,46.849266052246094,7.884264945983887,49.84614562988281,0.2391357421875,46.81713104248047,2.0668455958366394,48.20986175537109,2.163661181926728,48.92005920410156,33.882420778274536,81.5936279296875,30.891594409942627,68.54732513427734,30.26433205604553,71.67469024658203,0,13.823859678374397,33.882420778274536,56.95938703748915
g_028_007,3.4425,-76.5625,9.151095390319824,49.275665283203125,7.887998580932617,45.98349380493164,7.897270202636719,49.26667404174805,1.3047447204589844,40.88991165161133,1.7383137941360474,42.10699844360352,1.8584664463996887,42.73225784301758,33.628119468688965,80.75385284423828,30.57621443271637,68.1500015258789,30.29934132099152,70.92652893066406,0,13.815729373031193,33.628119468688965,54.45393159654405
g_028_008,3.4425,-76.55749999999999,9.265786170959473,48.49418258666992,8.001224040985107,45.23229217529297,7.99008321762085,48.76451110839844,0.9908905029296876,35.57564926147461,1.4503198862075806,36.63567733764648,1.3877947330474854,37.18747329711914,32.41758394241333,79.94302368164062,29.45769584178925,67.76679992675781,29.355909407138824,70.20413970947266,0,13.368587527010176,32.41758394241333,52.200416564941406
g_028_009,3.4425,-76.5525,9.850663185119627,47.840633392333984,8.23244047164917,44.60403060913086,8.473761558532715,48.345008850097656,0.6099472045898438,31.001968383789062,1.085886836051941,31.92745018005371,0.5680095553398132,32.421146392822266,28.87993741035461,79.16165161132812,26.440874814987183,67.39830017089844,25.967354834079742,69.5079116821289,0,12.234319541189405,28.87993741035461,50.24534458584256
g_028_010,3.4425,-76.5475,10.567973613739014,47.32295608520508,8.518446445465088,44.10636520385742,9.185179710388184,48.01302719116211,0.6902332305908203,27.272274017333984,0.8339742422103882,28.089017868041992,0.2232660055160522,28.545242309570312,25.23313927650452,78.40985107421875,23.361379981040955,67.04501342773438,22.48395709693432,68.83785247802734,1,11.233061066932148,25.23313927650452,48.62684440612793
g_028_011,3.4425,-76.54249999999999,11.092661380767822,46.94791793823242,8.92982006072998,43.74581527709961,9.86246919631958,47.77269744873047,0.7497227191925049,24.46497917175293,1.5942894220352173,25.201528549194336,1.1724486947059631,25.64918708801269,22.365776777267456,77.68742370605469,21.098418951034542,66.70741271972656,20.2736582942307,68.19364929199219,1,10.793251721809307,22.365776777267456,47.374512354532875
g_028_012,3.4425,-76.5375,11.359575271606444,46.7207145690918,9.12783432006836,43.527381896972656,10.314134120941162,47.627174377441406,2.4990553855896,22.664714813232425,3.104443907737732,23.352907180786133,2.774695992469788,23.83553695678711,21.024070501327515,76.99421691894531,19.969433546066284,66.38610076904297,19.61295998096466,67.57502746582031,1,11.087355891863504,21.024070501327515,46.520419438680015
g_028_013,3.4425,-76.5325,11.425875186920166,46.64460754394531,9.247546195983888,43.4542121887207,10.61244773864746,47.57844161987305,4.18468901515007,21.909807205200195,4.69099223613739,22.5839900970459,4.278489947319031,23.16855239868164,20.359079599380493,76.33096313476562,19.30262660980225,66.08209991455078,19.539759635925293,66.98249816894531,1,11.515722907251781,20.359079599380493,46.08168580796983
g_028_014,3.4425,-76.5275,11.435464859008787,46.7207145690918,9.34575080871582,43.527381896972656,10.763720989227297,47.627174377441406,5.450539380311966,21.94541358947754,5.931555390357971,22.63407325744629,5.24239256978035,23.41477394104004,20.15538501739502,75.70096588134766,19.00544571876526,65.7974853515625,19.74515759944916,66.4189682006836,1,11.897268037001291,20.15538501739502,45.976327896118164
g_028_015,3.4425,-76.5225,11.424089908599854,46.94791793823242,9.40929126739502,43.74581527709961,10.81104612350464,47.77269744873047,6.301535844802856,22.12015724182129,6.73505175113678,22.833620071411133,5.64076441526413,23.92414283752441,20.2276394367218,75.11305236816406,19.004072904586792,65.53640747070312,20.09928524494171,65.89256286621094,1,12.183641877439287,20.2276394367218,45.98737483554416
g_028_016,3.4425,-76.5175,11.411004543304443,47.32295608520508,9.435913562774658,44.10636520385742,10.83572483062744,48.01302719116211,7.008788824081421,21.76493453979492,7.320021331310272,22.49349594116211,5.765175133943558,24.0100154876709,20.54262351989746,74.58576965332031,19.268996477127075,65.30648040771484,20.58770012855529,65.42061614990234,1,12.463994261291292,20.58770012855529,45.891517851087784
g_028_017,3.4425,-76.5125,11.404135704040527,47.840633392333984,9.461652278900146,44.60403060913086,10.819594383239746,48.345008850097656,7.617438316345215,20.654460906982425,7.760788381099701,21.37944602966309,5.747216656804085,23.409099578857425,20.925206184387207,74.15042114257812,19.65167546272278,65.11959838867188,21.134111404418945,65.03267669677734,1,12.724646530217594,21.134111404418945,45.615041732788086
g_028_018,3.4425,-76.5075,11.416918754577637,48.49418258666992,9.467072010040283,45.23229217529297,10.829006671905518,48.76451110839844,8.206329345703125,19.19893264770508,8.207093000411987,19.90853881835937,5.78363424539566,22.44228744506836,21.34819221496582,73.84567260742188,20.049532175064087,64.98957824707031,21.670519828796387,64.7647476196289,1,12.997588694095612,21.670519828796387,45.29341591729058
g_028_019,3.4425,-76.5025,11.445048332214355,49.275665283203125,9.48952865600586,45.98349380493164,10.849404335021973,49.26667404174805,8.690722465515137,18.30594062805176,8.63882040977478,19.00767707824707,5.938800013624132,21.861133575439453,21.65900230407715,73.69625091552734,20.388028144836422,64.92446899414062,22.16641426086425,64.637939453125,1,13.251752102437118,22.16641426086425,45.21769375271268
g_028_020,3.4425,-76.4975,11.50175952911377,50.17637634277344,9.517417430877686,46.849266052246094,10.86327838897705,49.84614562988281,8.91131854057312,18.798852920532227,8.907512903213501,19.51995849609375,6.130167320370674,22.391544342041016,21.927759647369385,73.69073486328125,20.715198516845703,64.91934204101562,22.56840705871582,64.63862609863281,1,13.449202148450745,22.56840705871582,45.64787186516656
g_028_021,3.4425,-76.49249999999999,11.51900577545166,51.18725204467773,9.465267181396484,47.82087707519531,10.821099281311035,50.49732208251953,8.76538348197937,20.877269744873047,8.886260032653809,21.65373992919922,6.203017890453339,24.32999420166016,22.47574615478516,73.78645324707031,21.213828086853027,64.95901489257812,23.097429513931274,64.72660064697266,1,13.605226377646128,23.097429513931274,46.64872487386068
g_028_022,3.4425,-76.4875,11.533916473388672,52.299198150634766,9.406920909881592,48.88957214355469,10.712109565734863,51.214542388916016,8.471797704696655,24.30927848815918,8.712712287902832,25.176557540893555,6.167392075061798,27.607925415039062,23.288408279418945,73.93663787841797,21.95519256591797,65.02740478515625,23.74726724624633,64.85991668701172,1,13.77730190091663,23.74726724624633,48.146781497531464
g_028_023,3.4425,-76.4825,11.51666021347046,53.50334167480469,9.322380542755129,50.04682159423828,10.59299087524414,51.99225997924805,8.122519731521606,28.813650131225582,8.447464227676392,29.80325698852539,5.979309022426605,32.031951904296875,24.19983196258545,74.1128158569336,22.81461477279663,65.11497497558594,24.51019096374512,65.01345825195312,1,13.94510692358017,24.51019096374512,50.04805903964572
g_028_024,3.4425,-76.47749999999999,11.492057800292969,54.791236877441406,9.26079034805298,51.28449630737305,10.482574462890623,52.82516479492188,7.946548938751221,34.160057067871094,8.372081279754639,35.29843521118164,5.991182565689087,37.389404296875,24.921931266784668,74.3154525756836,23.54586887359619,65.2226333618164,25.14658832550049,65.18819427490234,1,14.12884709570143,25.14658832550049,52.275008307562935
g_028_025,3.4425,-76.4725,11.577613353729248,56.15497589111328,9.325521469116213,52.59498977661133,10.505274295806885,53.708251953125,7.835290431976318,40.15838623046875,8.37143850326538,41.46659851074219,5.973704218864441,43.478607177734375,25.060588359832764,74.5768051147461,23.78268575668335,65.3629150390625,25.336483001708984,65.41421508789062,1,14.19651104344262,25.336483001708984,54.76841608683268
g_028_026,3.4425,-76.4675,11.60077428817749,57.58725738525391,9.389211654663086,53.971290588378906,10.58545970916748,54.63687133789063,7.707777738571167,46.65411376953125,8.357653617858887,48.14836502075195,6.048585176467896,50.12736892700195,25.07900905609131,74.95028686523438,23.82916784286499,65.55589294433594,25.40584182739257,65.74153900146484,1,14.222608990139431,25.40584182739257,57.48588731553819
g_028_027,3.4425,-76.46249999999999,11.500085353851318,59.08142852783203,9.263256072998049,55.4069938659668,10.326356887817385,55.60676574707031,7.5519700050354,53.52804183959961,8.177923202514648,55.22060775756836,6.041849732398987,57.20085525512695,26.30952262878418,75.47866821289062,24.718265056610107,65.81695556640625,26.218617916107178,66.21023559570312,1,14.456427428457472,26.30952262878418,60.3945058186849
g_028_028,3.4425,-76.4575,10.836163997650146,60.6314582824707,8.608179092407227,56.89632034301758,9.14670991897583,56.61405563354492,6.594883918762207,60.6920166015625,7.204216480255127,62.59222030639648,5.397875905036926,64.5989990234375,31.040966033935547,76.16541290283203,28.558082103729248,66.14595031738281,29.78985977172852,66.82308959960938,1,15.241881913608974,31.040966033935547,63.46216922336154
g_028_029,3.4425,-76.4525,9.886480808258057,62.23193740844727,7.940408706665039,58.43406295776367,8.170438289642334,57.655235290527344,5.435244083404541,68.08212280273438,6.114075183868408,70.19710540771484,5.100853681564331,72.249267578125,37.35708618164063,76.9830093383789,34.58232307434082,66.53089904785156,36.1621880531311,67.55408477783203,4,16.74989978472392,37.35708618164063,66.65752495659723
g_028_030,3.4425,-76.44749999999999,9.310258865356444,63.87801361083984,7.970808982849121,60.015567779541016,8.655089855194092,58.72715759277344,5.102813959121704,75.6520767211914,5.505565404891968,77.98741149902344,5.236027002334595,80.09920501708984,40.32540225982666,77.89769744873047,38.14230251312256,66.95777893066406,40.36901044845581,68.37207794189453,4,17.846364365683662,40.36901044845581,69.95410961574979
g_028_031,3.4425,-76.4425,8.953488826751709,65.56537628173828,8.23470163345337,61.63668823242188,9.399185180664062,59.82699203491211,5.43527364730835,83.3680191040039,5.588744401931763,85.9281005859375,5.747763633728027,88.11052703857422,41.57584810256958,78.88216400146484,39.7529878616333,67.41532897949219,42.26476430892944,69.25224304199219,4,18.550306399663288,42.26476430892944,73.33171547783746
g_028_032,3.4425,-76.4375,8.768744945526123,67.29016876220703,8.460922718048096,63.29374313354492,9.891151428222656,60.95221710205078,5.850932359695435,91.20476531982422,5.903670072555542,93.9931182861328,6.202101230621338,96.25482940673828,41.9606728553772,79.91708374023438,40.34023904800415,67.89555358886719,42.92273759841919,70.17723846435547,4,18.922352472941082,42.92273759841919,76.77541308932834
g_028_033,3.4425,-76.43249999999999,8.696450471878052,69.04899597167969,8.618932723999023,64.98344421386719,10.145097732543944,62.10058975219727,6.08272910118103,99.14324951171876,6.134947538375855,102.16272735595705,6.469578266143799,104.51066589355467,42.08508729934693,80.98932647705078,40.598679542541504,68.39291381835938,43.234668254852295,71.13533020019531,4,19.118463436762493,43.234668254852295,80.27413813273112
g_028_034,3.4425,-76.4275,8.70726490020752,70.83881378173828,8.687207698822021,66.7029037475586,10.238172054290771,63.27009201049805,6.1184728145599365,107.16878509521484,6.212568521499634,110.4217300415039,6.588932752609253,112.86153411865234,41.93281841278076,82.0899429321289,40.56095743179321,68.90357971191406,43.20801734924317,72.11856079101562,4,19.139379103978474,43.20801734924317,83.81954913669162
g_028_035,3.4425,-76.4225,8.837169885635376,72.65693664550781,8.76319169998169,68.44952392578125,10.187471389770508,64.45894622802734,6.119258165359497,115.26986694335938,6.392237186431885,118.75821685791016,6.709966421127319,121.29457092285156,41.56270122528076,83.21273040771484,40.28650331497192,69.42485046386719,42.86827325820923,73.12142944335938,4,19.080752505196465,42.86827325820923,87.40523020426433
g_028_036,3.4425,-76.41749999999999,9.129188537597656,74.50098419189453,8.788949966430664,70.22103118896484,9.95604419708252,65.66555786132812,6.259107828140259,123.4373779296875,6.827939033508301,127.16275024414062,6.905143976211548,129.79957580566406,40.67540788650513,84.35331726074219,39.56500005722046,69.95475006103516,41.84453725814819,74.14007568359375,4,18.883479860093857,41.84453725814819,91.02615780300565
g_028_037,3.4425,-76.4125,9.79618763923645,76.36883544921875,8.7195463180542,72.015380859375,9.476504802703856,66.88850402832031,6.681873559951782,131.66403198242188,7.70568585395813,135.62777709960938,7.330796003341675,138.36842346191406,38.14477872848511,85.508544921875,37.315566062927246,70.4918441772461,38.78524827957153,75.17169952392578,4,18.21735413869222,38.78524827957153,94.67833794487848
g_028_038,3.4425,-76.4075,10.935852527618408,78.25859832763672,8.714632034301758,73.83077239990234,9.558123588562012,68.12651824951172,8.130476474761963,139.9439239501953,9.112863779067991,144.14718627929688,8.40113091468811,146.99452209472656,33.382019996643066,86.67607879638672,32.65841007232666,71.0350341796875,32.89129066467285,76.21424102783203,4,17.0872000058492,33.382019996643066,98.35854170057509
g_028_039,3.4425,-76.4025,12.511709928512571,80.16858673095703,9.501384258270264,75.66558837890625,11.329938888549805,69.37846374511719,12.60093879699707,148.27227783203125,12.521079778671265,152.7160186767578,12.327838897705078,155.67254638671875,27.120023727416992,87.85417175292969,26.552698135375977,71.58348846435547,26.30257368087769,77.26616668701172,3,16.752020676930744,27.120023727416992,102.06414540608723
g_029_000,3.4475,-76.5975,12.15919828414917,59.08142852783203,8.946819305419922,55.4069938659668,10.9791259765625,55.60676574707031,10.51651281118393,90.82679748535156,11.786708295345306,93.52775573730467,11.845024555921556,94.88619232177734,23.882126331329346,87.29206085205078,21.84544545412064,71.24214935302734,19.224968194961548,76.75724029541016,3,14.576214356554878,23.882126331329346,76.06970935397678
g_029_001,3.4475,-76.5925,11.203630924224854,57.699745178222656,8.392118453979492,54.079376220703125,9.729505062103271,54.7098503112793,6.042725563049316,83.31236267089844,7.477319180965424,85.78968811035156,7.172955483198166,87.03679656982422,27.119011402130127,86.2976303100586,24.84347355365753,70.77250671386719,22.13008463382721,75.87106323242188,2,13.790091584126154,27.119011402130127,72.841002146403
g_029_002,3.4475,-76.58749999999999,10.601076602935793,56.387508392333984,8.1507887840271,52.81843566894531,8.99285078048706,53.85893630981445,3.494933605194092,75.95072174072266,5.220821812748909,78.20902252197266,4.777579635381699,79.34710693359375,29.07323718070984,85.32261657714844,26.5654211640358,70.31184387207031,24.23497498035431,75.00222778320312,2,13.456853838430511,29.07323718070984,69.68982442220052
g_029_003,3.4475,-76.5825,10.229210376739502,55.15151596069336,8.06668472290039,51.63071441650391,8.582614421844482,53.05835723876953,2.024301528930664,68.77190399169922,3.960995115339756,70.81670379638672,3.5370041746646166,71.84857940673828,30.274766445159912,84.36817169189453,27.56351852416992,69.86074829101562,25.711852550506592,74.15178680419922,0,13.327883095583982,30.274766445159912,66.6287201775445
g_029_004,3.4475,-76.5775,10.023184299468994,53.99905776977539,8.083282470703125,50.523216247558594,8.392834186553955,52.312721252441406,1.1699564456939695,61.81349563598633,3.2050866186618805,63.65145492553711,2.830132305622101,64.58058166503906,30.817312717437744,83.4354476928711,27.9924373626709,69.4198226928711,26.586910605430603,73.32073974609375,0,13.23345966802703,30.817312717437744,63.672948625352646
g_029_005,3.4475,-76.57249999999999,9.896578788757324,52.937801361083984,8.100100994110107,49.50331497192383,8.268236637115479,51.62686538696289,0.5165810585021973,55.1213264465332,2.563844859600067,56.7605094909668,2.2737995386123657,57.5911979675293,31.07173228263855,82.52555847167969,28.15828001499176,68.98969268798828,27.05342781543732,72.51006317138672,0,13.100286887751686,31.07173228263855,60.84070332845052
g_029_006,3.4475,-76.5675,9.788976669311523,51.97568893432617,8.067377090454102,48.578651428222656,8.137040138244629,51.00577545166016,0.0336976051330566,48.748573303222656,1.981741189956665,50.19866561889648,1.8567058145999908,50.93629455566406,31.398149013519287,81.63949584960938,28.37134075164795,68.57096099853516,27.611867666244507,71.72061157226562,0,13.027432882123524,31.398149013519287,58.15274641248915
g_029_007,3.4475,-76.5625,9.683012962341309,51.12075805664063,8.039946556091309,47.75696563720703,8.061105728149414,50.45446014404297,1.1025009155273438,42.75173568725586,1.5424769520759585,44.02417755126953,1.5039081573486328,44.675479888916016,31.55057263374329,80.77811431884766,28.492966651916504,68.16421508789062,28.03657156229019,70.95310974121094,0,13.112562457720438,31.55057263374329,55.631001790364586
g_029_008,3.4475,-76.55749999999999,9.682881355285645,50.38090515136719,8.108585357666016,47.04585647583008,8.120478630065918,49.97782897949219,0.8686618804931641,37.18288040161133,1.2700071334838867,38.29074478149414,1.1976903080940249,38.86413192749024,31.048322200775143,79.94205474853516,28.097427248954773,67.77002716064453,27.89787918329239,70.20806884765625,0,12.921325922012329,31.048322200775143,53.29583316379123
g_029_009,3.4475,-76.5525,10.051030158996582,49.76362228393555,8.275012969970703,46.45252990722656,8.51228141784668,49.58051300048828,0.6597976684570312,32.08282470703125,1.026025652885437,33.04051971435547,0.6646530032157898,33.54672622680664,28.654427528381348,79.13172149658203,26.114380836486816,67.3889389038086,25.72002534568309,69.48574829101562,0,12.186403842435944,28.654427528381348,51.16368272569444
g_029_010,3.4475,-76.5475,10.582711219787598,49.275665283203125,8.521839141845703,45.98349380493164,9.116703033447266,49.26667404174805,0.8491115570068359,27.49484062194824,1.014253854751587,28.31822204589844,0.4827839136123657,28.771987915039062,25.830930471420288,78.34722900390625,23.84780645370484,67.02147674560547,23.155095249414444,68.7861328125,1,11.489026099443436,25.830930471420288,49.25174691942003
g_029_011,3.4475,-76.54249999999999,11.095385551452637,48.9227294921875,8.923750400543213,45.64423751831055,9.8150954246521,49.03981399536133,0.532414436340332,23.538225173950195,1.6114908456802368,24.24702453613281,1.1588172316551208,24.671947479248047,23.05879497528076,77.5885238647461,21.67395532131195,66.66822052001953,20.974488258361816,68.10897827148438,1,10.982688049475351,23.05879497528076,47.60330009460449
g_029_012,3.4475,-76.5375,11.37990951538086,48.70915222167969,9.173193454742432,45.43893432617188,10.297210216522217,48.902587890625,2.0799113512039185,20.55538558959961,2.906785488128662,21.180395126342773,2.5600464940071106,21.62085723876953,21.536257028579712,76.85556030273438,20.44089102745056,66.32989501953125,20.156515538692474,67.45402526855469,1,11.170080012745327,21.536257028579712,46.338532553778755
g_029_013,3.4475,-76.5325,11.487737655639648,48.63765335083008,9.32030725479126,45.37020492553711,10.64655828475952,48.85665893554688,3.869820773601532,19.08821678161621,4.592767953872681,19.67855834960937,4.153602600097656,20.2199821472168,20.618184566497803,76.14893341064453,19.58959126472473,66.00763702392578,19.94419115781784,66.8215560913086,1,11.580306834644741,20.618184566497803,45.64771122402615
g_029_014,3.4475,-76.5275,11.544184684753418,48.70915222167969,9.419445514678957,45.43893432617188,10.862206935882568,48.902587890625,5.512555856257677,19.14559364318848,6.146557092666626,19.75387191772461,5.365282148122788,20.535558700561523,20.19818568229676,75.47138214111328,19.116501569747925,65.70360565185547,20.04410696029663,66.21379852294922,1,12.023225160522593,20.19818568229676,45.54160944620768
g_029_015,3.4475,-76.5225,11.535079002380373,48.9227294921875,9.466557025909424,45.64423751831055,10.950701236724854,49.03981399536133,6.76181572675705,19.64324760437012,7.291199345141649,20.292192459106445,5.974499702453613,21.497142791748047,20.143125534057617,74.83101654052734,18.996520519256592,65.4220962524414,20.32023048400879,65.63800811767578,1,12.382192064076662,20.32023048400879,45.658942752414276
g_029_016,3.4475,-76.5175,11.526156425476074,49.275665283203125,9.490140914916992,45.98349380493164,10.986637115478516,49.26667404174805,7.726423382759094,19.357637405395508,8.04624718427658,20.034486770629883,6.095962285995483,21.879859924316406,20.395577907562256,74.24776458740234,19.18609857559204,65.17180633544922,20.752297163009644,65.11280822753906,1,12.689504550562965,20.752297163009644,45.59224404229058
g_029_017,3.4475,-76.5125,11.532899856567385,49.76362228393555,9.52094554901123,46.45252990722656,10.962702751159668,49.58051300048828,8.474502325057983,17.828535079956055,8.571950435638428,18.50557327270508,5.936321556568146,21.231115341186523,20.70255756378174,73.76335144042969,19.503146648406982,64.96895599365234,21.21834754943848,64.67838287353516,1,12.935930470625559,21.21834754943848,45.196953243679474
g_029_018,3.4475,-76.5075,11.535057067871094,50.38090515136719,9.518436431884766,47.04585647583008,10.962420463562012,49.97782897949219,9.190348625183104,15.62171459197998,9.069180607795715,16.281267166137695,5.775435209274292,20.032978057861328,21.05581521987915,73.44513702392578,19.8603937625885,64.83756256103516,21.69425344467163,64.40008544921875,1,13.184593425856697,21.69425344467163,44.66925949520535
g_029_019,3.4475,-76.5025,11.538104057312012,51.12075805664063,9.551019668579102,47.75696563720703,10.999905586242676,50.45446014404297,9.781604290008543,14.428930282592772,9.568144083023071,15.086429595947266,5.8525219559669495,19.53566551208496,21.290411949157715,73.34918975830078,20.13851475715637,64.79522705078125,22.10996174812317,64.3271255493164,1,13.42557645506329,22.10996174812317,44.53941684299045
g_029_020,3.4475,-76.4975,11.56354522705078,51.97568893432617,9.586079597473145,48.578651428222656,10.995306015014648,51.00577545166016,9.93339490890503,15.81757354736328,9.843400239944458,16.519651412963867,6.11916571855545,20.842214584350582,21.5452527999878,73.45834350585938,20.431448459625244,64.83344268798828,22.469542264938354,64.4337387084961,1,13.609681692388323,22.469542264938354,45.27389780680338
g_029_021,3.4475,-76.49249999999999,11.619274139404297,52.937801361083984,9.550822734832764,49.50331497192383,10.90135908126831,51.62686538696289,9.509375095367432,19.38875198364257,9.57743215560913,20.17971992492676,6.116521656513214,23.932031631469727,22.275387287139893,73.69379425048828,21.08023405075073,64.92552947998047,23.01590394973755,64.64710235595703,1,13.738478905624813,23.01590394973755,46.75943459404839
g_029_022,3.4475,-76.4875,11.56036901473999,53.99905776977539,9.419081687927246,50.523216247558594,10.667562007904053,52.312721252441406,8.828592300415039,24.110658645629883,8.992700099945068,25.019481658935547,5.831931710243225,28.22730827331543,23.48841381072998,73.98287200927734,22.1758713722229,65.0475082397461,23.89593315124512,64.90496826171875,1,13.873383906152513,23.89593315124512,48.68086581759982
g_029_023,3.4475,-76.4825,11.399458408355711,55.15151596069336,9.196474075317385,51.63071441650391,10.29283857345581,53.05835723876953,8.055468082427979,29.473419189453125,8.324995994567871,30.5207633972168,5.388433575630188,33.32698440551758,25.3372802734375,74.29051208496094,23.828442096710205,65.18717956542969,25.33616542816162,65.17716979980469,1,14.128839612007141,25.3372802734375,50.86851289537218
g_029_024,3.4475,-76.47749999999999,11.20169973373413,56.387508392333984,9.035476207733154,52.81843566894531,9.976172924041748,53.85893630981445,7.629911184310913,35.30125045776367,8.094882011413574,36.50434875488281,5.255279302597046,39.03916931152344,26.9335298538208,74.61593627929688,25.30965375900269,65.34416961669922,26.744412422180176,65.46356201171875,1,14.46455748875936,26.9335298538208,53.25925742255317
g_029_025,3.4475,-76.4725,11.19208002090454,57.699745178222656,9.095276832580566,54.079376220703125,9.913196086883543,54.7098503112793,7.336202621459961,41.5205192565918,8.060014724731445,42.89433288574219,5.208939909934998,45.2563591003418,27.39407634735108,74.9835205078125,25.91440439224243,65.5272445678711,27.250614643096924,65.78678131103516,1,14.596089508798388,27.39407634735108,55.82863659328885
g_029_026,3.4475,-76.4675,11.239758968353271,59.08142852783203,9.112163543701172,55.4069938659668,9.944536209106444,55.60676574707031,7.167186498641968,48.07828903198242,8.038919925689697,49.63559341430664,5.21922779083252,51.896331787109375,27.475718021392822,75.42976379394531,25.994962692260746,65.74954223632812,27.3104305267334,66.18059539794922,1,14.611433797412449,27.475718021392822,58.562811533610024
g_029_027,3.4475,-76.46249999999999,11.061752796173096,60.52626419067383,9.02726984024048,56.79524612426758,9.733707904815674,56.54566192626953,7.0921831130981445,54.92565536499024,7.962740182876587,56.67710113525391,5.368781328201294,58.88810348510742,28.74890851974488,75.98499298095703,26.942559719085693,66.0215835571289,28.324119567871094,66.67302703857422,1,14.918002552456326,28.74890851974488,61.44862620035807
g_029_028,3.4475,-76.4575,10.427306652069092,62.02849197387695,8.552153587341309,58.23859405517578,8.83278512954712,57.5228271484375,6.4265336990356445,62.01790618896485,7.361924886703491,63.97224426269531,5.231281995773315,66.17094421386719,32.856319427490234,76.65924072265625,30.411905765533447,66.34598541259766,31.90247058868408,67.27323150634766,4,15.778075748019749,32.856319427490234,64.46994060940213
g_029_029,3.4475,-76.4525,9.751362323760986,63.58287811279297,8.107198238372803,59.73200988769531,8.314419746398926,58.534889221191406,5.593982219696045,69.31626892089844,6.538902997970581,71.48063659667969,5.135920166969299,73.69462585449219,37.60714149475098,77.44283294677734,35.071739196777344,66.7178955078125,36.963322162628174,67.9721450805664,4,17.009332060813904,37.60714149475098,67.60824245876736
g_029_030,3.4475,-76.44749999999999,9.341062545776367,65.18468475341797,8.077488422393799,61.27094650268555,8.754859447479248,59.57876586914063,5.34845495223999,76.78836059570312,5.982699155807495,79.1686019897461,5.346059322357178,81.41854095458984,40.1725754737854,78.31666564941406,38.077770709991455,67.12902069091797,40.42642259597778,68.75220489501953,4,17.9474880695343,40.42642259597778,70.84531021118164
g_029_031,3.4475,-76.4425,9.047892570495604,66.82964324951172,8.28841257095337,62.8513069152832,9.402756214141846,60.65168380737305,5.752411365509033,84.40769958496094,6.105234384536743,87.00859832763672,5.919968843460083,89.31026458740234,41.2691855430603,79.26109313964844,39.56502771377564,67.57109832763672,42.09625053405762,69.59555053710938,4,18.605237748887802,42.09625053405762,74.16521538628473
g_029_032,3.4475,-76.4375,8.888617753982544,68.51393127441406,8.467329502105713,64.46941375732422,9.872969627380373,61.75113677978516,6.216278791427612,92.1528091430664,6.434787034988403,94.97830200195312,6.4925291538238525,97.34395599365234,41.67318820953369,80.25980377197266,40.19695854187012,68.03726196289062,42.74065685272217,70.48741912841797,4,18.99814616309272,42.74065685272217,77.55489264594183
g_029_033,3.4475,-76.43249999999999,8.842857360839844,70.2341079711914,8.610738754272461,66.12197875976562,10.102835655212402,62.87487030029297,6.482491731643677,100.00625610351562,6.643935680389404,103.05962371826172,6.832693099975586,105.49895477294922,41.79782485961914,81.30035400390625,40.419896602630615,68.52227020263672,43.032509326934814,71.4166259765625,4,19.19619811905755,43.032509326934814,81.00389353434245
g_029_034,3.4475,-76.4275,8.864787578582764,71.98711395263672,8.687164306640625,67.80604553222656,10.200586318969728,64.02085876464844,6.555104732513428,107.95389556884766,6.7632012367248535,111.23786163330078,6.988433837890625,113.75865936279295,41.70319271087647,82.37356567382812,40.407493591308594,69.022216796875,42.97926044464111,72.37493896484375,4,19.238802750905354,42.97926044464111,84.50390625
g_029_035,3.4475,-76.4225,8.98334550857544,73.77020263671875,8.763773918151855,69.51899719238281,10.133177280426024,65.18729400634766,6.601640939712524,115.98416137695312,6.976343870162964,119.50101470947266,7.1565024852752686,122.1096420288086,41.32483673095703,83.47271728515625,40.13183403015137,69.5341796875,42.63126182556152,73.35636138916016,4,19.189190732108223,42.63126182556152,88.04828559027777
g_029_036,3.4475,-76.41749999999999,9.273824453353882,75.5809097290039,8.799931049346924,71.25846862792969,9.85891580581665,66.3725357055664,6.738089799880981,124.08760833740234,7.465997934341431,127.83926391601562,7.313761234283447,130.54098510742188,40.25986576080322,84.5928726196289,39.220425605773926,70.0560073852539,41.35456562042236,74.35649108886719,4,18.920597473780315,41.35456562042236,91.63168250189887
g_029_037,3.4475,-76.4125,10.02184009552002,77.41706085205078,8.731561660766602,73.02235412597656,9.402712345123293,67.57512664794922,7.100102424621582,132.2564239501953,8.34981632232666,136.24452209472656,7.665258884429932,139.04376220703125,37.135366439819336,85.7303466796875,36.35699033737183,70.58605194091797,37.61298656463623,75.3720474243164,4,18.041848341623943,37.61298656463623,95.24974399142795
g_029_038,3.4475,-76.4075,11.306442022323608,79.27667236328125,8.861717700958252,74.80877685546875,9.823881149291992,68.79375457763672,8.774919748306274,140.4842071533203,9.72225832939148,144.71011352539062,8.779667615890503,147.61061096191406,31.77830600738525,86.88237762451172,31.07947874069214,71.12305450439453,31.169745922088623,76.40056610107422,3,16.810713026258682,31.77830600738525,98.89890374077692
g_029_039,3.4475,-76.4025,12.694790363311768,81.15798950195312,9.709789276123049,76.61604309082031,11.62702178955078,70.02723693847656,13.562890529632568,148.76559448242188,13.428712368011476,153.2305145263672,13.173299074172974,156.23548889160156,26.17155885696411,88.04685974121094,25.630661010742188,71.66604614257812,25.504191875457764,77.440185546875,3,16.83365723821852,26.17155885696411,102.57621765136719
g_030_000,3.4525,-76.5975,12.337327480316162,60.6314582824707,9.11594009399414,56.89632034301758,11.267324924468994,56.61405563354492,10.96544110774994,92.39151000976562,12.491659879684448,95.13880157470705,12.4573832154274,96.51950073242188,23.112558603286743,87.41818237304688,21.22591352462769,71.30319213867188,18.867799639701843,76.8740005493164,3,14.649038718806374,23.112558603286743,77.08744684855144
g_030_001,3.4525,-76.5925,11.461193084716797,59.29846954345703,8.603321552276611,55.61553955078125,10.088439464569092,55.747745513916016,6.501570284366608,84.9715805053711,8.1478750705719,87.49803924560547,7.687134921550751,88.76883697509766,25.936011791229248,86.4155044555664,23.852176189422607,70.83003997802734,21.36341965198517,75.9805679321289,1,13.737904667854309,25.936011791229248,73.90292485555013
g_030_002,3.4525,-76.58749999999999,10.86965799331665,58.03542709350586,8.362311840057373,54.40192794799805,9.341431140899658,54.92766952514648,3.801623106002808,77.70339965820312,5.730852574110031,80.01360321044922,5.0663198828697205,81.17676544189453,27.75730609893799,85.43031311035156,25.45763611793518,70.36503601074219,23.306636571884155,75.10275268554688,2,13.299308369557062,27.75730609893799,70.79521052042644
g_030_003,3.4525,-76.5825,10.557566165924072,56.84865188598633,8.321403980255127,53.26155853271485,8.968944072723389,54.15785598754883,2.2707701921463013,70.60977172851562,4.402670972049236,72.7090072631836,3.711837336421013,73.7671890258789,28.72087502479553,84.46347045898438,26.24181854724884,69.90866088867188,24.53091806173325,74.24131774902344,0,13.080756039255196,28.72087502479553,67.77416483561198
g_030_004,3.4525,-76.5775,10.416252136230469,55.744815826416016,8.364302158355713,52.20085144042969,8.813163757324219,53.44253540039063,1.3375029563903809,63.716068267822266,3.5595871806144714,65.61039733886719,2.848492369055748,66.56668853759766,28.9233946800232,83.51582336425781,26.3572678565979,69.46137237548828,25.02127778530121,73.39700317382812,0,12.849026764432589,28.9233946800232,64.85061730278863
g_030_005,3.4525,-76.57249999999999,10.391497611999512,54.73086929321289,8.393021583557129,51.22648239135742,8.731305599212646,52.78610229492188,0.6914929151535034,57.04838562011719,2.8880268335342407,58.74468231201172,2.233843833208084,59.60269546508789,28.825047731399536,82.58817291259766,26.1906658411026,69.02366638183594,25.117081463336945,72.57048797607422,0,12.6068870458338,28.825047731399536,62.035727183024086
g_030_006,3.4525,-76.5675,10.3537278175354,53.81391906738281,8.311862468719482,50.34529113769531,8.639832019805908,52.193016052246094,0.2580676078796386,50.62974166870117,2.328057050704956,52.13560485839844,1.7955335676670074,52.8995246887207,28.95200610160828,81.68126678466797,26.247570872306824,68.59603118896484,25.393101453781128,71.76241302490234,0,12.475528773334291,28.95200610160828,59.33964538574219
g_030_007,3.4525,-76.5625,10.220941543579102,53.00106048583984,8.22699499130249,49.564109802246094,8.48213005065918,51.667728424072266,1.4630069732666016,44.47378158569336,1.9189726114273071,45.79727554321289,1.5487959384918213,46.47188949584961,29.44958472251892,80.79576873779297,26.658762335777283,68.1789779663086,26.04068812727928,70.97332000732422,0,12.667764143811333,29.44958472251892,56.76932356092665
g_030_008,3.4525,-76.55749999999999,10.115803718566896,52.299198150634766,8.180213451385498,48.88957214355469,8.421673774719238,51.214542388916016,1.2546043395996094,38.57732009887695,1.664803385734558,39.72647857666016,1.3334863185882568,40.31722640991211,29.80093502998352,79.93231201171875,27.08210527896881,67.77306365966797,26.697879053652287,70.20368957519531,0,12.727944927910963,29.80093502998352,54.325933668348526
g_030_009,3.4525,-76.5525,10.246095657348633,51.71479034423828,8.265794277191162,48.327903747558594,8.62653112411499,50.83747100830078,1.1406364440917969,32.918575286865234,1.5453376770019531,33.90087127685547,1.0699666738510132,34.4141960144043,28.62205624580384,79.0914535522461,26.23564076423645,67.3788833618164,25.82415856420993,69.45391082763672,0,12.397357491983307,28.62205624580384,52.00422837999132
g_030_010,3.4525,-76.5475,10.603835105895996,51.25362014770508,8.43722915649414,47.88466644287109,9.026745319366457,50.54010391235352,1.296529769897461,27.48185157775879,1.5585747957229614,28.304363250732425,0.982306182384491,28.749141693115234,26.73028945922852,78.27376556396484,24.74277186393737,66.99714660644531,24.14857867360115,68.72434997558594,1,11.947428925169838,26.73028945922852,49.80100101894803
g_030_011,3.4525,-76.54249999999999,11.067057609558104,50.9205207824707,8.811500072479248,47.56451034545898,9.709249019622805,50.32542037963867,0.5026649236679077,22.361875534057617,1.8702622652053835,23.03458404541016,1.3092103004455566,23.427085876464844,24.12904572486877,77.4798583984375,22.596445083618164,66.62872314453125,21.965734481811523,68.01534271240234,1,11.329018831253052,24.12904572486877,47.75088013543023
g_030_012,3.4525,-76.5375,11.384939670562744,50.71913909912109,9.149166107177734,47.37095260620117,10.229051113128662,50.19567108154297,1.625269055366516,18.058862686157227,2.754478931427002,18.607385635375977,2.318400204181671,18.98643493652344,22.373274326324463,76.71052551269531,21.170851707458496,66.27473449707031,20.87658965587616,67.32730102539062,1,11.32022453016705,22.373274326324463,46.02788967556424
g_030_013,3.4525,-76.5325,11.542232990264893,50.65175628662109,9.379231452941896,47.30618667602539,10.61151647567749,50.15226364135742,3.229306221008301,15.810423851013184,4.227854490280151,16.300466537475586,3.724252223968506,16.76316261291504,21.13502669334412,75.96695709228516,20.11003565788269,65.93670654296875,20.44191575050354,66.66091918945312,1,11.600152439541286,21.13502669334412,45.06098249223497
g_030_014,3.4525,-76.5275,11.595359325408936,50.71913909912109,9.472085952758787,47.37095260620117,10.881727695465088,50.19567108154297,5.093438342213631,16.198762893676758,5.927304267883301,16.718196868896484,5.074643105268478,17.44965171813965,20.46190595626831,75.2515640258789,19.46219515800476,65.61695861816406,20.43173849582672,66.01790618896484,1,12.04448869989978,20.46190595626831,45.059867011176216
g_030_015,3.4525,-76.5225,11.627984046936035,50.9205207824707,9.53703260421753,47.56451034545898,11.015246868133543,50.32542037963867,6.783466160297394,17.312007904052734,7.462980508804321,17.895418167114258,5.959025353193283,19.14525032043457,20.266862392425537,74.57022094726562,19.17963123321533,65.31946563720703,20.61295235157013,65.40308380126953,1,12.493909057643679,20.61295235157013,45.38398869832357
g_030_016,3.4525,-76.5175,11.621163368225098,51.25362014770508,9.555553436279297,47.88466644287109,11.076441287994385,50.54010391235352,8.085851907730103,17.150081634521484,8.511782169342041,17.774574279785156,6.172996491193771,19.87158393859864,20.38387250900269,73.93826293945312,19.25522327423096,65.0521011352539,20.960622787475582,64.83023071289062,1,12.847056359052658,20.960622787475582,45.366136127048065
g_030_017,3.4525,-76.5125,11.61546802520752,51.71479034423828,9.598341464996338,48.327903747558594,11.090940952301024,50.83747100830078,9.15052318572998,14.95645236968994,9.283698081970217,15.578903198242188,6.001724064350128,19.02552604675293,20.51086902618408,73.39500427246094,19.44452452659607,64.83153533935547,21.33037137985229,64.3372573852539,1,13.114051189687517,21.33037137985229,44.77831596798367
g_030_018,3.4525,-76.5075,11.614523887634276,52.299198150634766,9.620275020599363,48.88957214355469,11.100729942321776,51.214542388916016,10.271518230438232,11.078267097473145,10.123388051986694,11.665613174438477,5.703576385974884,17.223161697387695,20.677940845489506,73.03794860839844,19.666046380996704,64.69345092773438,21.714619398117065,64.0260009765625,1,13.388068682617611,21.714619398117065,43.79197279612223
g_030_019,3.4525,-76.5025,11.615821838378906,53.00106048583984,9.648473262786863,49.564109802246094,11.154911041259766,51.667728424072266,11.289764404296877,8.396795272827148,11.009702920913696,8.972387313842773,5.73726886510849,16.445926666259766,20.819493293762207,72.99820709228516,19.85287570953369,64.6783676147461,22.073681831359863,64.02202606201172,1,13.689110351933373,22.073681831359863,43.30517874823676
g_030_020,3.4525,-76.4975,11.642414569854736,53.81391906738281,9.703357219696043,50.34529113769531,11.163157939910889,52.193016052246094,11.214874267578123,11.532626152038574,11.089285612106323,12.184945106506348,6.15922024846077,18.60219383239746,21.1631441116333,73.25128173828125,20.16174697875977,64.76785278320312,22.50134038925171,64.2578353881836,1,13.866504593027962,22.50134038925171,44.54988458421495
g_030_021,3.4525,-76.49249999999999,11.70734691619873,54.73086929321289,9.682994842529297,51.22648239135742,11.00340986251831,52.78610229492188,10.292639255523682,17.380407333374023,10.372607231140137,18.165342330932617,6.121276155114174,23.0384578704834,22.06275320053101,73.64102935791016,20.9165906906128,64.91531372070312,23.01576042175293,64.60497283935547,1,13.908375397324562,23.01576042175293,46.72099749247233
g_030_022,3.4525,-76.4875,11.627592086791992,55.744815826416016,9.463223934173584,52.20085144042969,10.636966705322266,53.44253540039063,8.998758316040039,23.626827239990234,9.176071405410768,24.56113243103028,5.458657920360565,28.454797744750977,23.63356590270996,74.0683364868164,22.344243049621586,65.08988952636719,24.01445436477661,64.9852066040039,1,13.928170409467485,24.01445436477661,49.13048807779948
g_030_023,3.4525,-76.4825,11.30120611190796,56.84865188598633,9.052714824676514,53.26155853271485,9.9670729637146,54.15785598754883,7.942888736724853,29.933971405029297,8.180908203125,31.026268005371094,4.875406503677368,34.313411712646484,26.501855850219727,74.50050354003906,24.824105262756348,65.27869415283203,26.197280883789062,65.36909484863281,1,14.315937704510159,26.501855850219727,51.63222334120009
g_030_024,3.4525,-76.47749999999999,10.83193826675415,58.03542709350586,8.716987133026123,54.40192794799805,9.363664150238035,54.92766952514648,7.288734674453735,36.321807861328125,7.867018938064575,37.580528259277344,4.773015975952148,40.48154830932617,29.417407512664795,74.93795776367188,27.498813152313232,65.48055267333984,28.827067852020264,65.75672149658203,1,14.953849739498562,29.417407512664795,54.213793436686196
g_030_025,3.4525,-76.4725,10.62684440612793,59.29846954345703,8.705938816070557,55.61553955078125,9.095107555389404,55.747745513916016,6.952453136444092,42.84827423095703,7.963254451751709,44.28240585327149,4.839215517044067,46.936466217041016,30.768449783325195,75.40015411376953,28.94157314300537,65.70162200927734,30.34602928161621,66.16575622558594,1,15.35987401008606,30.768449783325195,56.888492584228516
g_030_026,3.4525,-76.4675,10.587021350860596,60.6314582824707,8.702591896057129,56.89632034301758,9.075595378875732,56.61405563354492,6.567824602127075,49.55049514770508,7.88220739364624,51.16900253295898,4.767592906951904,53.6692008972168,31.18735313415528,75.91433715820312,29.390101432800293,65.951171875,30.78888320922852,66.62116241455078,1,15.43879681163364,31.18735313415528,59.668578253852
g_030_027,3.4525,-76.46249999999999,10.353238582611084,62.02849197387695,8.586692810058594,58.23859405517578,8.90895700454712,57.5228271484375,6.398066282272339,56.441139221191406,7.764137029647827,58.25242233276367,4.91425085067749,60.663536071777344,32.55869770050049,76.50431060791016,30.479838848114014,66.23717498779297,32.009886741638184,67.14476776123047,4,15.774862872229683,32.55869770050049,62.55925157335069
g_030_028,3.4525,-76.4575,9.921749114990234,63.48410034179688,8.370076656341553,59.63710784912109,8.534414291381836,58.47054672241211,6.110362529754639,63.516334533691406,7.366882085800171,65.52792358398438,5.123631834983826,67.8963394165039,35.714075565338135,77.18243408203125,33.333481788635254,66.56327819824219,35.16912031173706,67.74786376953125,4,16.627088242106968,35.714075565338135,65.5584364997016
g_030_029,3.4525,-76.4525,9.55899143218994,64.99325561523438,8.18657922744751,61.087032318115234,8.53605031967163,59.4539680480957,5.658126354217529,70.76350402832031,6.751763820648193,72.98197174072266,5.2279157638549805,75.34166717529297,38.622352600097656,77.94828796386719,36.35033512115479,66.92833709716797,38.56022119522095,68.4300537109375,4,17.494703981611465,38.622352600097656,68.65867529975043
g_030_030,3.4525,-76.44749999999999,9.295586585998535,66.55136108398438,8.194700717926025,62.58395385742188,8.991757869720459,60.47011566162109,5.653828859329224,78.16658782958984,6.444104909896851,80.59760284423828,5.56480884552002,82.97399139404297,40.35182237625122,78.79293823242188,38.48502492904663,67.32807159423828,40.97450256347656,69.18313598632812,4,18.217348628573948,40.97450256347656,71.84975094265408
g_030_031,3.4525,-76.4425,9.128521203994753,68.15425109863281,8.366416931152344,64.12387084960938,9.526591300964355,61.51627731323242,6.068505764007568,85.70904541015625,6.610172748565674,88.35742950439453,6.15367579460144,90.76988983154295,41.06947565078735,79.70408630371094,39.54737377166748,67.757080078125,42.10166025161743,69.99595642089844,4,18.730265935262043,42.10166025161743,75.12087631225586
g_030_032,3.4525,-76.4375,9.00727081298828,69.79813385009766,8.516271591186523,65.70314025878906,9.88430881500244,62.589988708496094,6.51144814491272,93.37531280517578,6.906514883041382,96.24517822265624,6.672816276550293,98.70873260498048,41.40992784500122,80.66960144042969,40.06399583816528,68.21015930175781,42.641993045806885,70.85751342773438,4,19.06828302807278,42.641993045806885,78.46197340223524
g_030_033,3.4525,-76.43249999999999,8.967475175857544,71.47960662841797,8.653963565826416,67.31849670410156,10.06842851638794,63.68900680541992,6.723238468170166,101.1513900756836,7.110199689865112,104.24622344970705,7.026942253112793,106.77273559570312,41.49599313735962,81.67903900146484,40.235262393951416,68.68285369873047,42.83501529693604,71.7583999633789,4,19.23516872194078,42.83501529693604,81.86419465806749
g_030_034,3.4525,-76.4275,8.969731330871582,73.19557189941406,8.737792015075684,68.96697235107422,10.125738620758057,64.81130981445312,6.831629753112793,109.02503204345705,7.232817649841309,112.3478012084961,7.216041326522827,114.94676971435548,41.46552276611328,82.72396850585938,40.24565744400024,69.1715316772461,42.82547426223755,72.6910400390625,4,19.29448946317037,42.82547426223755,85.31999969482422
g_030_035,3.4525,-76.4225,9.11117672920227,74.9432601928711,8.794470310211182,70.64590454101562,10.075890064239502,65.95506286621094,6.872095108032227,116.98564910888672,7.4016804695129395,120.53888702392578,7.346797227859497,123.21803283691406,41.0763053894043,83.79779052734375,39.91939449310303,69.67337036132812,42.408907890319824,73.64950561523438,4,19.22296863132053,42.408907890319824,88.82305145263672
g_030_036,3.4525,-76.41749999999999,9.400599956512451,76.72017669677734,8.85025405883789,72.3529052734375,9.80465316772461,67.11862182617188,7.032048940658569,125.02417755126952,7.940866708755493,128.81004333496094,7.588191509246826,131.5757293701172,39.88436222076416,84.89540100097656,38.91157913208008,70.18612670898438,40.99596834182739,74.62922668457031,4,18.93428044848972,40.99596834182739,92.36804538302951
g_030_037,3.4525,-76.4125,10.1779465675354,78.5240707397461,8.802567481994629,74.08580017089844,9.414742946624756,68.30049133300781,7.535064220428467,133.13290405273438,8.9889395236969,137.15325927734375,8.006906986236572,140.01080322265625,36.40930366516113,86.01284790039062,35.754611015319824,70.70806884765625,36.89389753341675,75.62667083740234,4,17.99821999337938,36.89389753341675,95.95054626464844
g_030_038,3.4525,-76.4075,11.424267292022703,80.35291290283203,8.984142780303955,75.84265899658203,10.01982879638672,69.49932098388672,9.391206979751589,141.30528259277344,10.41196084022522,145.56170654296875,9.213740825653076,148.5155792236328,30.955962657928467,87.1470718383789,30.353253841400143,71.23783111572266,30.419097423553467,76.63909912109375,3,16.797051270802815,30.955962657928467,99.56682925754123
g_030_039,3.4525,-76.4025,12.752662420272827,82.20487976074219,9.838478088378906,77.6217269897461,11.763398885726929,70.7138900756836,14.20049285888672,149.53573608398438,14.096327066421509,154.0296173095703,13.708593845367432,157.08364868164062,25.74530839920044,88.29566955566406,25.27591562271118,71.77433776855469,25.30419635772705,77.66436767578125,3,16.96504150496589,25.74530839920044,103.21376376681857
g_031_000,3.4575,-76.5975,12.37642240524292,62.23193740844727,9.183338165283203,58.43406295776367,11.330763339996338,57.655235290527344,11.263977468013763,94.18012237548828,13.078864932060242,96.98047637939452,12.945109605789185,98.38671112060548,23.18956971168518,87.55720520019531,21.34775686264038,71.37203216552734,19.119451999664307,77.00202178955078,3,14.870583832263947,23.18956971168518,78.19997829861111
g_031_001,3.4575,-76.5925,11.420269966125488,60.945594787597656,8.636353492736816,57.19814682006836,10.076056480407717,56.81832885742188,6.791004121303558,86.8352279663086,8.736469388008118,89.41694641113281,8.130320250988007,90.71443939208984,26.326842546463013,86.54485321044922,24.309030175209045,70.89488220214844,21.97042191028595,76.10003662109375,1,14.044085370169746,26.326842546463013,75.05205069647894
g_031_002,3.4575,-76.58749999999999,10.74972677230835,59.7293701171875,8.369969367980957,56.02956771850586,9.251808643341064,56.0276985168457,4.015046238899231,79.63471984863281,6.318398833274841,82.0021743774414,5.468094497919083,83.19303894042969,28.580379247665405,85.5479507446289,26.3548583984375,70.42503356933594,24.419438421726227,75.21183776855469,2,13.725302269061407,28.580379247665405,71.97793240017361
g_031_003,3.4575,-76.5825,10.375650882720947,58.58910751342773,8.328258991241455,54.93394470214844,8.879394054412842,55.28706741333008,2.4707276821136475,72.59385681152344,5.035851269960403,74.75189971923828,4.086296230554581,75.83851623535156,29.76406979560852,84.56708526611328,27.42657434940338,69.96282958984375,25.986986875534058,74.33792877197266,0,13.594867792394426,29.76406979560852,68.9846928914388
g_031_004,3.4575,-76.5775,10.289155006408691,57.53090286254883,8.3598313331604,53.917137145996094,8.781114101409912,54.60031127929688,1.5811394453048706,65.72688293457031,4.255314007401466,67.68080139160156,3.234416291117668,68.66580200195312,29.767375230789185,83.6028060913086,27.447763204574585,69.50862121582031,26.34682494401932,73.47879791259766,0,13.340325951576233,29.767375230789185,66.07911809285481
g_031_005,3.4575,-76.57249999999999,10.345732688903809,56.56104278564453,8.324641227722168,52.98519134521485,8.779513359069824,53.97140884399414,1.0075749158859253,59.04422378540039,3.6636104732751846,60.79965591430664,2.6487110517919064,61.68593215942383,29.261530876159668,82.65565490722656,26.97606718540192,69.06278991699219,26.00517782568932,72.6348876953125,0,13.001395511544413,29.261530876159668,63.266754150390625
g_031_006,3.4575,-76.5675,10.37284231185913,55.68587875366211,8.241383075714111,52.14421463012695,8.690539360046387,53.40436553955078,0.708849310874939,52.548282623291016,3.2237243354320526,54.1109619140625,2.34011958539486,54.90160751342773,29.303536891937256,81.72620391845703,26.938936591148376,68.62574005126953,26.074268341064453,71.80665588378906,0,12.877133311496841,29.303536891937256,60.55043453640408
g_031_007,3.4575,-76.5625,10.23905897140503,54.91169738769531,8.174846649169922,51.40025329589844,8.499764442443848,52.90312576293945,0.503684401512146,46.22792053222656,2.906976222991944,47.60329818725586,2.1924643218517303,48.30154037475586,30.024986505508423,80.81503295898438,27.57071101665497,68.19794464111328,26.985833689570427,70.99457550048828,0,13.010925135678715,30.024986505508423,57.92837651570638
g_031_008,3.4575,-76.55749999999999,10.018357753753662,54.24453353881836,8.136874198913574,50.75911712646485,8.371993064880371,52.47146987915039,0.2584720849990845,40.05371856689453,2.621624231338501,41.24642562866211,2.057892322540283,41.85556411743164,30.997705936431885,79.92288208007812,28.477933764457703,67.77998352050781,28.20787924528122,70.19922637939453,0,13.238748066955143,30.997705936431885,55.39254675971137
g_031_009,3.4575,-76.5525,10.016347885131836,53.68999099731445,8.161420822143555,50.2261962890625,8.436644554138184,52.1129035949707,0.130244493484497,33.9802131652832,2.5079910159111023,34.993587493896484,1.8964146971702576,35.517269134521484,30.506505250930783,79.05072021484375,28.241753697395325,67.37261199951172,28.032279521226883,69.4213638305664,0,13.103289104170269,30.506505250930783,52.92942852444119
g_031_010,3.4575,-76.5475,10.336769104003906,53.2530403137207,8.244653224945068,49.8062744140625,8.707914352416992,51.83051300048828,0.2219679355621338,27.97234535217285,2.460427165031433,28.808687210083008,1.7205520868301392,29.25212287902832,28.868760585784912,78.19995880126953,26.881474256515503,66.97686004638672,26.48509532213211,68.66209411621094,0,12.658623781469133,28.868760585784912,50.52909957038032
g_031_011,3.4575,-76.54249999999999,10.865687370300291,52.937801361083984,8.597514629364014,49.50331497192383,9.387529850006104,51.62686538696289,0.6304851770401001,22.107723236083984,2.4625378847122192,22.77154541015625,1.6693111658096311,23.146041870117188,25.989696979522705,77.37260437011719,24.34857749938965,66.59414672851562,23.78086358308792,67.92298889160156,1,11.970244904359182,25.989696979522705,48.2203369140625
g_031_012,3.4575,-76.5375,11.314441204071043,52.747371673583984,9.037708282470703,49.3203010559082,10.031795024871826,51.503883361816406,1.2920293807983398,16.920583724975586,2.8171393871307373,17.432966232299805,2.152156621217728,17.770837783813477,23.66223120689392,76.57145690917969,22.299418926239014,66.22639465332031,21.973477840423584,67.20625305175781,1,11.62004420823521,23.66223120689392,46.188894271850586
g_031_013,3.4575,-76.5325,11.547369956970217,52.68367767333984,9.35000705718994,49.259090423583984,10.538520336151125,51.46275329589844,2.448527932167053,14.066197395324709,3.791696190834045,14.501364707946776,3.0837039053440094,14.89936351776123,21.93699049949646,75.80023956298828,20.87609004974365,65.87619018554688,21.07941627502441,66.51481628417969,1,11.628035800324547,21.93699049949646,45.00707700517442
g_031_014,3.4575,-76.5275,11.654983043670654,52.747371673583984,9.51645851135254,49.3203010559082,10.840327739715576,51.503883361816406,4.3330558985471725,14.635377883911133,5.435367435216904,15.104681968688965,4.431004643440247,15.768338203430176,20.97197675704956,75.06378173828125,20.019288778305054,65.54695129394531,20.885385870933533,65.8524169921875,1,12.009760964247915,20.97197675704956,45.06034490797255
g_031_015,3.4575,-76.5225,11.67758560180664,52.937801361083984,9.58379888534546,49.50331497192383,11.016056537628174,51.62686538696289,6.334729492664337,16.07489776611328,7.203286856412888,16.618886947631836,5.535823807120323,17.824810028076172,20.58810377120972,74.3688735961914,19.595462322235107,65.24336242675781,21.01125288009644,65.22444152832031,1,12.505122239391008,21.01125288009644,45.49147266811795
g_031_016,3.4575,-76.5175,11.679106712341309,53.2530403137207,9.635131359100342,49.8062744140625,11.099711418151855,51.83051300048828,7.933526992797852,15.975894927978516,8.52323305606842,16.566213607788086,5.966867297887802,18.698938369750977,20.56784439086914,73.72776794433594,19.524242162704468,64.9728012084961,21.29889798164368,64.64114379882812,1,12.91428459684054,21.29889798164368,45.496954176161026
g_031_017,3.4575,-76.5125,11.67961597442627,53.68999099731445,9.696207046508787,50.2261962890625,11.1488676071167,52.1129035949707,9.22624158859253,13.443796157836914,9.521466493606567,14.03087043762207,5.853328347206116,17.775232315063477,20.56362199783325,73.16682434082031,19.593982696533203,64.74864959716797,21.57124328613281,64.12648010253906,1,13.206063893106249,21.57124328613281,44.813438203599716
g_031_018,3.4575,-76.5075,11.677398204803469,54.24453353881836,9.749836921691896,50.75911712646485,11.168221473693848,52.47146987915039,10.749254703521729,8.18242359161377,10.734015703201294,8.722829818725586,5.493367552757263,15.673529624938965,10.413226127624512,0.0,13.690156936645508,0.0,14.802001953125,7.755427701948425e-13,1,10.941942175229391,14.802001953125,21.117100397745855
g_031_019,3.4575,-76.5025,11.65083646774292,54.91169738769531,9.810455322265623,51.40025329589844,11.234068870544434,52.90312576293945,13.020464897155762,0.0,12.74061155319214,1.429816961288452,5.4639376401901245,14.760494232177734,9.549749374389648,1.0854311834106525e-13,19.828516244888306,64.6185073852539,22.246468782424927,63.86091995239258,1,12.838345461421543,22.246468782424927,33.76497944196066
g_031_020,3.4575,-76.4975,11.679460048675535,55.68587875366211,9.853286266326904,52.14421463012695,11.193100929260254,53.40436553955078,11.755256652832031,8.887482643127441,11.768741130828856,9.513347625732422,5.913537919521332,17.58780860900879,21.10416269302368,73.18868255615234,20.194312572479248,64.75930786132812,22.690956115722656,64.21328735351562,1,14.016979369852278,22.690956115722656,44.37604173024496
g_031_021,3.4575,-76.49249999999999,11.719415664672852,56.56104278564453,9.81051254272461,52.98519134521485,11.039936065673828,53.97140884399414,10.473177909851074,16.671937942504883,10.678741455078123,17.463586807250977,5.91658054292202,22.94826889038086,21.96386194229126,73.69881439208984,20.93758535385132,64.95061492919922,23.17993927001953,64.66098022460938,1,13.968861194120514,23.17993927001953,47.10131624009874
g_031_022,3.4575,-76.4875,11.625614166259766,57.53090286254883,9.51932668685913,53.917137145996094,10.58174753189087,54.60031127929688,8.923083305358887,23.88339614868164,9.227208137512209,24.84659767150879,5.138193368911743,29.10227394104004,23.77935743331909,74.2303237915039,22.514928340911865,65.16647338867188,24.178514003753666,65.13322448730469,1,13.94310810830858,24.178514003753666,49.82340452406142
g_031_023,3.4575,-76.4825,11.129836559295654,58.58910751342773,8.85310983657837,54.93394470214844,9.635633945465088,55.28706741333008,7.735435962677002,30.79191017150879,8.18681001663208,31.92776298522949,4.582058072090149,35.48828887939453,27.895532608032227,74.760009765625,25.99195337295532,65.39485931396484,27.279656410217285,65.60453033447266,1,14.587780753771463,27.895532608032227,52.530831231011284
g_031_024,3.4575,-76.47749999999999,10.458038806915283,59.7293701171875,8.411669731140137,56.02956771850586,8.779231548309326,56.0276985168457,7.089012145996094,37.5694580078125,7.975913047790527,38.88105392456055,4.701441526412964,42.00969314575195,31.975962162017822,75.28791046142578,29.80981397628784,65.63351440429688,31.249409198760983,66.07368469238281,1,15.605610238181221,31.975962162017822,55.24910566541884
g_031_025,3.4575,-76.4725,10.138118743896484,60.945594787597656,8.379755020141602,57.19814682006836,8.546908378601074,56.81832885742188,6.713143348693848,44.33707046508789,8.049749612808228,45.82937240600586,4.890265464782715,48.68003463745117,34.08995342254639,75.82852935791016,32.129003047943115,65.88634490966797,33.77274751663208,66.55360412597656,4,16.301071617338394,34.08995342254639,58.00855848524306
g_031_026,3.4575,-76.4675,9.980685710906982,62.23193740844727,8.404664993286133,58.43406295776367,8.606117725372314,57.655235290527344,6.370189189910889,51.17271041870117,7.991758584976196,52.85174179077149,4.875918626785278,55.52423858642578,34.78208923339844,76.40242767333984,32.89291334152222,66.15991973876953,34.60654401779175,67.06297302246094,4,16.501209047105576,34.78208923339844,60.83280520968967
g_031_027,3.4575,-76.46249999999999,9.829308986663818,63.58287811279297,8.34296464920044,59.73200988769531,8.559209823608398,58.534889221191406,6.11981201171875,58.12051773071289,7.758175611495972,59.992637634277344,5.007365822792053,62.55583572387695,35.98716735839844,77.02871704101562,33.86994647979736,66.46044921875,35.803112506866455,67.61925506591797,4,16.80856258339352,35.98716735839844,63.736354404025604
g_031_028,3.4575,-76.4575,9.581087112426758,64.99325561523438,8.24254560470581,61.087032318115234,8.590213298797607,59.4539680480957,5.922664642333984,65.20098876953125,7.322605133056641,67.27239990234375,5.236320018768311,69.7757339477539,38.15576553344727,77.71985626220703,35.89536428451538,66.79171752929688,38.15208101272583,68.23381805419922,4,17.45540518230862,38.15576553344727,66.72541893853082
g_031_029,3.4575,-76.4525,9.382174491882324,66.45826721191406,8.250128269195557,62.4945182800293,8.896648406982422,60.40938186645508,5.791330099105835,72.41964721679688,6.920291185379028,74.69611358642578,5.490530729293823,77.17607116699219,39.75277519226074,78.47997283935547,37.777793884277344,67.15444946289062,40.31155586242676,68.91044616699219,4,18.06369201342265,40.31155586242676,69.79987419976129
g_031_030,3.4575,-76.44749999999999,9.22014307975769,67.97350311279297,8.354241847991943,63.95022201538086,9.378970623016356,61.39826965332031,6.065338373184204,79.77334594726562,6.930359125137329,82.26008605957031,5.937135934829712,84.74418640136719,40.70827770233154,79.3064193725586,39.11307334899902,67.54689025878906,41.737502098083496,69.646728515625,4,18.605004681481255,41.737502098083496,72.95551681518555
g_031_031,3.4575,-76.4425,9.119717836380005,69.53489685058594,8.49785852432251,65.45024871826172,9.778841018676758,62.41800308227539,6.494461536407471,87.25443267822266,7.175229549407959,89.95606231689453,6.514082670211792,92.46546173095705,41.10300016403198,80.19257354736328,39.76151943206787,67.96588134765625,42.35782289505005,70.43666076660156,4,18.9780592918396,42.35782289505005,76.18602455986871
g_031_032,3.4575,-76.4375,9.021276950836182,71.13874816894531,8.632997035980225,66.99104309082031,9.995938777923584,63.46615982055664,6.776987552642822,94.85330963134766,7.408420562744141,97.77389526367188,6.910249471664429,100.32511138916016,41.31475591659546,81.13034057617188,40.08177614212036,68.4078140258789,42.6992392539978,71.27294158935547,4,19.204626851611668,42.6992392539978,79.48437372843425
g_031_033,3.4575,-76.43249999999999,9.024404764175417,72.78167724609375,8.719876289367676,68.5693588256836,10.107903957366943,64.54054260253906,6.852030992507935,102.55989074707033,7.477816104888916,105.7029800415039,7.110326528549194,108.30913543701172,41.33143997192383,82.11180114746094,40.13140916824341,68.86922454833984,42.77003240585327,72.14840698242188,4,19.280582242541843,42.77003240585327,82.84366861979167
g_031_034,3.4575,-76.4275,9.048491954803469,74.46061706542969,8.767670631408691,70.1822509765625,10.136471271514893,65.6391372680664,6.932249069213867,110.36444091796876,7.540141105651855,113.73309326171876,7.318371295928955,116.40474700927734,41.25646734237671,83.12989044189453,40.11240196228027,69.34703826904297,42.72802639007568,73.05670166015625,4,19.31558789147271,42.72802639007568,86.25754631890192
g_031_035,3.4575,-76.4225,9.18740725517273,76.17278289794922,8.805684089660645,71.8270492553711,10.08604621887207,66.7601089477539,7.0902862548828125,118.25791931152344,7.811633110046387,121.85482025146484,7.55163836479187,124.60057067871094,40.86860322952271,84.17866516113281,39.80519390106201,69.83867645263672,42.31496572494507,73.99248504638672,4,19.2801620165507,42.31496572494507,89.72034200032552
g_031_036,3.4575,-76.41749999999999,9.463326454162598,77.91565704345703,8.867006778717041,73.50133514404297,9.861159324645996,67.90180206298828,7.415358543395996,126.23219299316406,8.415343284606934,130.05966186523438,7.940255403518677,132.88662719726562,39.814767837524414,85.25325012207031,38.90254068374634,70.34202575683594,40.9923620223999,74.95137786865234,4,19.074680036968655,40.9923620223999,93.22710333930121
g_031_037,3.4575,-76.4125,10.172703504562378,79.68695831298828,8.840780258178711,75.20291137695312,9.487845420837402,69.06270599365234,8.04020071029663,134.28004455566406,9.56654453277588,138.340087890625,8.480060577392578,141.25421142578125,36.662362575531006,86.3497085571289,36.07931041717529,70.8553466796875,37.25738763809204,75.92985534667969,4,18.2874661816491,37.25738763809204,96.7735366821289
g_031_038,3.4575,-76.4075,11.317131042480469,81.48460388183594,8.988524913787842,76.92980194091797,9.94791865348816,70.24144744873047,9.766277313232422,142.39515686035156,11.004445552825928,146.68951416015625,9.617486000061035,149.69580078125,31.44958972930908,87.4648666381836,30.94172477722168,71.37724304199219,31.048002243041992,76.9250717163086,3,17.120122247272068,31.44958972930908,100.35594516330295
g_031_039,3.4575,-76.4025,12.721417903900146,83.30673217773438,9.839733600616457,78.6801986694336,11.715585231781006,71.43677520751953,14.354696273803713,150.57199096679688,14.39406967163086,155.10220336914062,13.827876567840576,158.20492553710938,26.00641632080078,88.59617614746094,25.63929748535156,71.90657806396484,25.62207794189453,77.93473815917969,3,17.12457455529107,26.00641632080078,103.97114647759332
g_032_000,3.4625,-76.5975,12.201519966125488,63.87801361083984,9.09665870666504,60.015567779541016,11.08964776992798,58.72715759277344,11.085306286811829,96.17569732666016,13.12097680568695,99.03534698486328,12.88896358013153,100.47014617919922,24.3154685497284,87.71240997314453,22.340354800224304,71.4500503540039,20.1661279797554,77.14423370361328,3,15.145002716117435,24.3154685497284,79.40095816718207
g_032_001,3.4625,-76.5925,11.0859694480896,62.63621520996094,8.45835542678833,58.82248306274414,9.663719177246094,57.91840362548828,6.53072589635849,88.88949584960938,8.832567930221558,91.53221893310548,8.13706636428833,92.85919952392578,28.320983171463013,86.68959045410156,26.1311856508255,70.96869659423828,23.95425045490265,76.23296356201172,2,14.56831372446484,28.320983171463013,76.28325186835394
g_032_002,3.4625,-76.58749999999999,10.3347430229187,61.46441650390625,8.207811832427979,57.69663238525391,8.889506340026855,57.155799865722656,3.8806134462356567,81.73721313476562,6.532372415065765,84.16707611083984,5.693890988826752,85.38816833496094,31.111127853393555,85.6801528930664,28.76481032371521,70.49378967285156,27.13364553451538,75.33362579345703,2,14.505391306347317,31.111127853393555,73.23520829942491
g_032_003,3.4625,-76.5825,9.932995319366457,60.368011474609375,8.167052745819092,56.643192291259766,8.625231742858887,56.44277572631836,2.4290965795516968,74.72793579101562,5.335146009922028,76.94928741455078,4.496189594268799,78.06656646728516,32.577545166015625,84.68441772460938,30.165034651756287,70.02556610107422,29.115445911884308,74.44647979736328,0,14.538193080160353,32.577545166015625,70.26158142089844
g_032_004,3.4625,-76.5775,9.840471267700195,59.3525619506836,8.185698509216309,55.66751480102539,8.57853889465332,55.78288269042969,1.6947269439697266,67.86798095703125,4.723780870437622,69.88538360595703,3.8145597875118256,70.90106964111328,32.718855142593384,83.70269012451172,30.40004539489746,69.56427764892578,29.654304653406143,73.57178497314453,0,14.401220162709555,32.718855142593384,67.36623848809137
g_032_005,3.4625,-76.57249999999999,9.917741298675535,58.42374801635742,8.180312633514404,54.77505874633789,8.572582244873047,55.179718017578125,1.3040494918823242,61.15867233276367,4.387766487896442,62.976749420166016,3.3938967883586884,63.89313125610352,32.282411336898804,82.73528289794922,30.06088662147522,69.11019897460938,29.41866180300713,72.70978546142578,0,14.168700967397955,32.282411336898804,64.55137168036566
g_032_006,3.4625,-76.5675,9.911299228668211,57.58725738525391,8.128714561462402,53.971290588378906,8.497906684875488,54.63687133789063,1.1005576848983765,54.5934944152832,4.074792094528675,56.21670150756836,3.127250701189041,57.03609085083008,32.33069396018982,81.78258514404297,30.083804965019223,68.6636734008789,29.55782406916842,71.86077117919922,0,14.090315994444406,32.33069396018982,61.81652620103624
g_032_007,3.4625,-76.5625,9.77597188949585,56.84865188598633,8.097252368927002,53.26155853271485,8.375641345977783,54.15785598754883,0.8439887762069702,48.1558837890625,3.6844290792942047,49.588226318359375,2.941175296902657,50.312896728515625,32.98419260978699,80.84514617919922,30.642853379249573,68.22514343261719,30.41148144006729,71.02519226074219,0,14.195220687323147,32.98419260978699,59.15783945719401
g_032_008,3.4625,-76.55749999999999,9.602986812591553,56.21323394775391,8.100432395935059,52.650970458984375,8.328280925750732,53.74599838256836,0.5766973495483398,41.820289611816406,3.307759046554565,43.06504440307617,2.792727753520012,43.697303771972656,33.71462678909302,79.92384338378906,31.352863430976868,67.79524230957031,31.42756819725037,70.20375061035156,0,14.355993633468946,33.71462678909302,56.5684085422092
g_032_009,3.4625,-76.5525,9.612770557403564,55.68587875366211,8.09961748123169,52.14421463012695,8.356679916381836,53.40436553955078,0.446196436882019,35.56327819824219,3.1200990080833435,36.62308120727539,2.6118423640728,37.16569900512695,33.33817648887634,79.02015686035156,31.16739058494568,67.37492370605469,31.27594345808029,69.39766693115234,0,14.225412921773064,33.33817648887634,54.042140536838104
g_032_010,3.4625,-76.5475,9.9027361869812,55.2708854675293,8.083964824676514,51.74542236328125,8.485245704650879,53.1356315612793,0.5553711652755737,29.4013900756836,3.1191465258598328,30.279373168945312,2.456984043121338,30.737205505371094,31.77235651016236,78.13652801513672,29.801002502441406,66.9655990600586,29.66425460577011,68.60897827148438,0,13.760118007659912,31.77235651016236,51.586779276529946
g_032_011,3.4625,-76.54249999999999,10.50167465209961,54.9717903137207,8.354248523712158,51.45800018310547,9.028175354003906,52.9420166015625,0.8547385931015015,23.50019264221192,3.149137258529663,24.20441436767578,2.266630917787552,24.58928871154785,28.53341150283813,77.27686309814453,26.77227187156677,66.56940460205078,26.31783378124237,67.84101104736328,1,12.864235828320185,28.53341150283813,49.26144239637587
g_032_012,3.4625,-76.5375,11.124710083007812,54.791236877441406,8.815398693084717,51.28449630737305,9.781269073486328,52.82516479492188,1.2630749940872192,18.45416831970215,3.1443567276000977,19.01096534729004,2.2043270468711853,19.355775833129883,25.354277849197388,76.44712829589844,23.862971544265747,66.18949127197266,23.49466657638549,67.09882354736328,1,12.116116954220665,25.354277849197388,47.2730278438992
g_032_013,3.4625,-76.5325,11.51531982421875,54.73086929321289,9.266233444213867,51.22648239135742,10.402961254119871,52.78610229492188,2.0915839672088623,15.57571792602539,3.692027121782303,16.053442001342773,2.6982753425836563,16.445301055908203,22.997462034225464,75.65591430664062,21.82185840606689,65.83029174804688,21.917117714881897,66.38977813720703,1,11.822537678811285,22.997462034225464,46.07709990607368
g_032_014,3.4625,-76.5275,11.676129341125488,54.791236877441406,9.507370471954346,51.28449630737305,10.745318412780762,52.82516479492188,3.649715304374695,15.47331428527832,4.997253596782684,15.96302318572998,3.752990014851093,16.57391929626465,21.698954582214355,74.91478729248047,20.733288764953613,65.49777221679688,21.456156253814697,65.72376251220703,1,12.024130749205748,21.698954582214355,45.894164085388184
g_032_015,3.4625,-76.5225,11.719743728637695,54.9717903137207,9.644897937774658,51.45800018310547,10.95576000213623,52.9420166015625,5.55117404460907,16.275318145751953,6.656058132648468,16.81658935546875,4.859185919165611,17.890993118286133,21.06014585494995,74.23854064941406,20.16595673561096,65.19964599609375,21.45586347579956,65.1135482788086,1,12.452087314592468,21.45586347579956,46.10071584913466
g_032_016,3.4625,-76.5175,11.73890256881714,55.2708854675293,9.730947971343994,51.74542236328125,11.063350677490234,53.1356315612793,7.235807180404663,16.050609588623047,8.055349469184875,16.62899398803711,5.45569559186697,18.509580612182617,20.89378499984741,73.64750671386719,19.95931911468506,64.94622039794922,21.67669463157653,64.57730102539062,1,12.86776135613521,21.67669463157653,46.05690574645996
g_032_017,3.4625,-76.5125,11.750211238861084,55.68587875366211,9.805936336517334,52.14421463012695,11.14059352874756,53.40436553955078,8.557027816772461,14.058391571044922,9.134720087051392,14.64121437072754,5.523611605167389,17.867324829101562,20.81647777557373,73.17870330810547,19.92833995819092,64.75404357910156,21.93802571296692,64.1507339477539,1,13.177216006649864,21.93802571296692,45.54276339213053
g_032_018,3.4625,-76.5075,11.70519208908081,56.21323394775391,9.835872650146484,52.650970458984375,11.140772342681885,53.74599838256836,9.822760105133057,10.571054458618164,10.165307998657228,11.134562492370604,5.361564815044403,16.526409149169922,21.05072450637817,72.92054748535156,20.11368703842163,64.65615844726562,22.335543870925903,63.92728042602539,1,13.503491712941063,22.335543870925903,44.70513502756754
g_032_019,3.4625,-76.5025,11.691696643829346,56.84865188598633,9.871965885162354,53.26155853271485,11.155178546905518,54.15785598754883,10.8840069770813,8.361961364746094,11.082818508148192,8.935593605041504,5.360845446586609,16.372163772583008,21.305249214172363,72.99539184570312,20.355765104293823,64.69001770019531,22.75240659713745,64.0249252319336,1,13.828881435924107,22.75240659713745,44.405346658494736
g_032_020,3.4625,-76.4975,11.732869625091553,57.58725738525391,9.907167434692385,53.971290588378906,11.102232933044434,54.63687133789063,10.666021347045898,12.056052207946776,11.008453845977783,12.731587409973145,5.517350360751152,19.25729179382324,21.633230686187744,73.37735748291016,20.71491003036499,64.83547973632812,23.12656593322754,64.37545776367188,1,13.934311355153719,23.12656593322754,45.86984952290853
g_032_021,3.4625,-76.49249999999999,11.743457317352297,58.42374801635742,9.8741774559021,54.77505874633789,10.982786178588867,55.179718017578125,9.751200199127195,18.57136917114257,10.279845237731934,19.40570640563965,5.412412643432617,24.482635498046875,22.294655323028564,73.90989685058594,21.33161735534668,65.0445556640625,23.486688137054443,64.8501205444336,1,13.9063155386183,23.486688137054443,48.29364543490939
g_032_022,3.4625,-76.4875,11.591065406799316,59.3525619506836,9.500946044921877,55.66751480102539,10.450904846191406,55.78288269042969,8.522559642791748,25.50288772583008,9.08500337600708,26.51084518432617,4.807290077209473,30.661941528320312,24.33331680297852,74.49081420898438,23.035583019256592,65.28453826904297,24.620100021362305,65.36804962158203,1,13.994085470835367,24.620100021362305,50.958003997802734
g_032_023,3.4625,-76.4825,10.905588626861572,60.368011474609375,8.722696781158447,56.643192291259766,9.212234497070312,56.44277572631836,7.513120651245117,32.4182243347168,8.308697700500488,33.604087829589844,4.486950039863586,37.17323303222656,29.604031085968018,75.08175659179688,27.45937156677246,65.53996276855469,28.822118282318115,65.89478302001953,1,15.003867692417568,29.604031085968018,53.68511411878798
g_032_024,3.4625,-76.47749999999999,10.101487636566162,61.46441650390625,8.247782230377197,57.69663238525391,8.401020050048828,57.155799865722656,6.922738075256348,39.28266906738281,8.140664100646973,40.64948272705078,4.802583575248718,43.837284088134766,34.36825132369995,75.67416381835938,32.10069751739502,65.80590057373047,33.77454853057861,66.42218017578125,4,16.317752559979755,34.36825132369995,56.443169911702476
g_032_025,3.4625,-76.4725,9.795185565948486,62.63621520996094,8.222757816314697,58.82248306274414,8.438549995422363,57.91840362548828,6.64268970489502,46.13958740234375,8.166527271270752,47.69107055664063,5.132098913192749,50.624210357666016,36.58145618438721,76.27500915527344,34.640686988830566,66.08358764648438,36.55353307723999,66.95648193359375,4,17.130387279722427,36.58145618438721,59.23856099446615
g_032_026,3.4625,-76.4675,9.65266227722168,63.87801361083984,8.29641342163086,60.015567779541016,8.617510318756104,58.72715759277344,6.397068023681641,53.03848648071289,8.125210762023926,54.77913284301758,5.237342834472656,57.543701171875,37.37038993835449,76.89818572998047,35.51256227493286,66.37713623046875,37.53741884231568,67.51033782958984,4,17.416286521487766,37.53741884231568,62.085302140977646
g_032_027,3.4625,-76.46249999999999,9.527181625366213,65.18468475341797,8.299845218658447,61.27094650268555,8.71100378036499,59.57876586914063,6.200057029724121,60.01691055297852,7.849567890167236,61.9516830444336,5.306161403656006,64.60921478271484,38.28887176513672,77.55824279785156,36.30914878845215,66.69114685058594,38.55240297317505,68.09703063964844,4,17.67158227496677,38.55240297317505,64.99540286593967
g_032_028,3.4625,-76.4575,9.351896286010742,66.55136108398438,8.272425174713135,62.58395385742188,8.911557674407959,60.47011566162109,6.056352138519287,67.0981674194336,7.405205726623535,69.23216247558594,5.519762992858887,71.82815551757812,39.7119255065918,78.26630401611328,37.72400617599487,67.02901458740234,40.28504514694214,68.72672271728516,4,18.13757520251804,40.28504514694214,67.97621748182509
g_032_029,3.4625,-76.4525,9.207624197006226,67.97350311279297,8.3583664894104,63.95022201538086,9.378978252410889,61.39826965332031,6.187911987304688,74.29386138916016,7.251389980316162,76.63202667236328,5.926976919174194,79.2009506225586,40.680574893951416,79.02826690673828,38.99003791809082,67.39225006103516,41.69982433319092,69.4048080444336,4,18.631298330095078,41.69982433319092,71.03046205308702
g_032_030,3.4625,-76.44749999999999,9.084368467330933,69.44686889648438,8.509610652923584,65.36568450927734,9.843768119812012,62.36049270629883,6.643350124359131,81.60726928710938,7.497994422912598,84.15428161621094,6.484055042266846,86.72269439697266,41.20352935791016,79.84500122070312,39.83280992507935,67.78055572509766,42.53857612609863,70.13211822509766,4,19.070895804299248,42.53857612609863,74.15721850925021
g_032_031,3.4625,-76.4425,8.983020544052124,70.9675521850586,8.66564416885376,66.82657623291016,10.125344276428224,63.354248046875,7.025498151779175,89.0363540649414,7.8044891357421875,91.7964859008789,6.975191354751587,94.3852310180664,41.44406270980835,80.71376037597656,40.24918603897095,68.19232940673828,42.902740478515625,70.90616607666016,4,19.352797428766888,42.902740478515625,77.35318925645616
g_032_032,3.4625,-76.4375,8.955997467041016,72.53192901611328,8.76552152633667,68.32943725585938,10.222666263580322,64.37718200683594,7.0961432456970215,96.5759735107422,7.87374210357666,99.55310821533205,7.187405109405518,102.17872619628906,41.49279260635376,81.62977600097656,40.32083749771118,68.62527465820312,43.05181646347046,71.72264862060547,4,19.440769142574734,43.05181646347046,80.61378394232855
g_032_033,3.4625,-76.43249999999999,8.98408579826355,74.13670349121094,8.800853729248047,69.87107849121094,10.23380422592163,65.42713928222656,7.029484272003174,104.21940612792967,7.805336475372314,107.41699981689452,7.2828192710876465,110.09280395507812,41.439444065094,82.58753204345703,40.25489568710327,69.07689666748047,43.02786731719971,72.57660675048828,4,19.42873231569926,43.02786731719971,83.93390740288629
g_032_034,3.4625,-76.4275,9.040425777435305,75.7788314819336,8.828242301940918,71.44860076904297,10.225703239440918,66.50212860107422,7.12923526763916,111.95933532714844,7.872753143310547,115.38045501708984,7.485424041748047,118.11727905273438,41.26690864562988,83.58155822753906,40.15619802474976,69.54476928710938,42.896347999572754,73.46310424804688,4,19.43347093794081,42.896347999572754,87.30845133463542
g_032_035,3.4625,-76.4225,9.176339149475098,77.45555114746094,8.846336364746094,73.05933380126953,10.197320938110352,67.600341796875,7.406357288360596,119.78842163085938,8.216152667999268,123.43579864501952,7.86272668838501,126.24256896972656,40.92268705368042,84.60689544677734,39.91460943222046,70.02668762207031,42.50241422653198,74.377685546875,4,19.449438201056587,42.50241422653198,90.73258717854817
g_032_036,3.4625,-76.41749999999999,9.445178747177124,79.1643295288086,8.903746604919434,74.70085906982422,10.03703784942627,68.7201156616211,7.928246974945068,127.69969177246094,8.931522846221924,131.57571411132812,8.45181941986084,134.45986938476562,40.053502559661865,85.6591796875,39.21282243728638,70.52076721191406,41.39940452575684,75.3164291381836,4,19.373697996139526,41.39940452575684,94.20188395182292
g_032_037,3.4625,-76.4125,10.067114353179932,80.90287017822266,8.93221664428711,76.37096405029297,9.684144020080566,69.85993194580078,8.722723484039307,135.68667602539062,10.142963409423828,139.79344177246094,9.159908533096312,142.76123046875,37.59852647781372,86.73474884033203,37.02529287338257,71.0253677368164,38.44213056564331,76.27604675292969,4,18.863891151216293,38.44213056564331,97.71236419677734
g_032_038,3.4625,-76.4075,11.09256625175476,82.6690673828125,9.002801418304443,78.06763458251953,9.86897587776184,71.01840209960938,10.232567310333252,143.74349975585938,11.698423385620115,148.0828857421875,10.258284091949465,151.13958740234375,32.789687156677246,87.83050537109375,32.391695976257324,71.53913116455078,32.701781272888184,77.25375366210938,3,17.781864749060738,32.789687156677246,101.260496351454
g_032_039,3.4625,-76.4025,12.644216060638428,84.46102142333984,9.76370620727539,79.78904724121094,11.555255651474,72.19426727294922,14.257245063781738,151.86489868164062,14.651103019714355,156.43853759765625,13.89495086669922,159.58871459960938,26.73929977416992,88.94388580322266,26.43594646453857,72.06092834472656,26.33477735519409,78.24726104736328,3,17.36405560705397,26.73929977416992,104.84317355685764
g_033_000,3.4675,-76.5975,11.901312351226808,65.56537628173828,8.914832592010498,61.63668823242188,10.642369270324709,59.82699203491211,10.492441177368164,98.37042999267578,12.709006786346436,101.29541015625,12.39299976825714,102.76166534423828,26.086211919784542,87.88750457763672,23.853864550590515,71.53881072998047,21.71051269769669,77.303955078125,3,15.4115056792895,26.086211919784542,80.68742582533095
g_033_001,3.4675,-76.5925,10.686819553375244,64.3659896850586,8.260034084320068,60.48439407348633,9.184795379638672,59.04512023925781,5.948280811309815,91.13097381591795,8.530728340148926,93.84037017822266,7.900729537010193,95.1995849609375,30.80948805809021,86.85408020019531,28.367111325263977,71.0533218383789,26.452060997486115,76.38326263427734,2,15.126672009627024,30.80948805809021,77.59523306952582
g_033_002,3.4675,-76.58749999999999,9.975695133209229,63.23626708984375,8.088298797607422,59.39900207519531,8.667426586151123,58.30913162231445,3.544299900531769,84.01434326171875,6.429833173751831,86.51188659667969,5.819040656089783,87.76580047607422,33.63175296783447,85.83203887939453,31.148847937583923,70.57347106933594,29.920835733413696,75.47270965576172,4,15.247336765130362,33.63175296783447,74.56829452514648
g_033_003,3.4675,-76.5825,9.629621982574465,62.18115615844727,8.090470314025879,58.38527297973633,8.599804878234863,57.622188568115234,2.3630846738815308,77.02538299560547,5.359178960323334,79.3149642944336,4.876334965229034,80.46539306640625,34.95897579193115,84.82147216796875,32.4917197227478,70.09940338134766,31.88236039876938,74.57235717773438,0,15.361283520857492,34.95897579193115,71.60973230997722
g_033_004,3.4675,-76.5775,9.499019145965576,61.20573806762695,8.110936164855957,57.44809341430664,8.610927104949951,56.987525939941406,1.7565935850143433,70.16610717773438,4.845755100250244,72.251708984375,4.351543217897415,73.30050659179688,35.29849314689636,83.82244873046875,32.88805043697357,69.63127899169922,32.59665736556053,73.6822280883789,0,15.328663918707106,35.29849314689636,68.72173733181424
g_033_005,3.4675,-76.57249999999999,9.488548278808594,60.31513595581055,8.104405879974365,56.59238815307617,8.594798564910889,56.40840530395508,1.4310438632965088,63.43462753295898,4.5368532836437225,65.3201675415039,4.016947597265244,66.26922607421875,35.21941089630127,82.83506774902344,32.88328194618225,69.1692886352539,32.7235497944057,72.80238342285156,0,15.222093344976505,35.21941089630127,65.90518781873915
g_033_006,3.4675,-76.5675,9.451390266418455,59.51444625854492,8.09929895401001,55.82305908203125,8.54421329498291,55.8880500793457,1.174834132194519,56.82457733154297,4.2232685983181,58.51383590698242,3.727006494998932,59.364994049072266,35.42437672615051,81.85955047607422,33.04902195930481,68.71370697021484,33.06965945661068,71.93296813964844,0,15.195896653665436,35.42437672615051,63.15946536593967
g_033_007,3.4675,-76.5625,9.343113899230955,58.8086051940918,8.105446338653564,55.14485168457031,8.535844802856445,55.42958831787109,0.8506286144256592,50.32682800292969,3.775466245599091,51.82331466674805,3.3983555249869823,52.57844924926758,35.88595962524414,80.89634704589844,33.471070885658264,68.26495361328125,33.77645501494408,71.07434844970703,0,15.23803788351102,35.88595962524414,60.483031802707245
g_033_008,3.4675,-76.55749999999999,9.256141185760498,58.2022819519043,8.140921592712402,54.562255859375,8.517971515655518,55.03596115112305,0.5725821256637573,43.93651580810547,3.4546791464090347,45.2436408996582,3.205177515745163,45.90485763549805,36.09660196304321,79.9464340209961,33.710776805877686,67.82369995117188,34.25493788719177,70.22732543945312,0,15.245532193117672,36.09660196304321,57.87588585747613
g_033_009,3.4675,-76.5525,9.33736276626587,57.699745178222656,8.081718444824219,54.079376220703125,8.459193706512451,54.7098503112793,0.4708954095840454,37.67204284667969,3.300568103790283,38.793792724609375,3.0577722936868668,39.36415481567383,35.50548720359802,79.01165771484375,33.29031682014465,67.39102935791016,33.7809277176857,69.39344787597656,0,15.031582496232456,35.50548720359802,55.346121893988716
g_033_010,3.4675,-76.5475,9.652831554412842,57.304718017578125,8.030774116516113,53.699798583984375,8.436967849731445,54.4536018371582,0.6866720914840698,31.61861801147461,3.4890891909599304,32.561561584472656,3.0535516887903214,33.046966552734375,33.87959694862366,78.09532165527344,31.80354380607605,66.96870422363281,31.937448620796204,68.5755844116211,0,14.552275096376738,33.87959694862366,52.924986097547745
g_033_011,3.4675,-76.54249999999999,10.266605854034424,57.020263671875,8.217011451721191,53.42646408081055,8.78977108001709,54.26912689208984,1.0916624069213867,26.01588630676269,3.712157487869263,26.793846130371094,2.8839669674634933,27.20769500732422,30.50930905342102,77.20314025878906,28.63156509399414,66.5595474243164,28.381824493408203,67.7787094116211,0,13.609319320983357,30.50930905342102,50.69718657599555
g_033_012,3.4675,-76.5375,10.988236904144289,56.84865188598633,8.65864896774292,53.26155853271485,9.589691638946531,54.15785598754883,1.4526714086532593,21.379175186157227,3.6541395485401154,22.0218448638916,2.550561599433422,22.39541816711425,26.79119634628296,76.34449768066406,25.16483950614929,66.16800689697266,24.81913530826569,67.01103973388672,1,12.629902358684275,26.79119634628296,48.84311654832628
g_033_013,3.4675,-76.5325,11.467612743377686,56.791290283203125,9.140867233276367,53.20643997192383,10.285515785217283,54.12066650390625,2.056201756000519,18.412220001220703,3.896510126069188,18.97198486328125,2.657750144135207,19.372249603271484,24.03550624847412,75.53412628173828,22.71160221099853,65.80077362060547,22.766905546188354,66.2855453491211,1,12.113163532637474,24.03550624847412,47.610588497585724
g_033_014,3.4675,-76.5275,11.67323350906372,56.84865188598633,9.478844165802002,53.26155853271485,10.630533695220947,54.15785598754883,3.2093606777489185,17.246795654296875,4.785184800624847,17.782981872558594,3.3282627686858177,18.32880973815918,22.54258370399475,74.7936019897461,21.484113931655884,65.46751403808594,22.129626035690308,65.62132263183594,1,12.1401936987208,22.54258370399475,47.056565814548065
g_033_015,3.4675,-76.5225,11.754430294036863,57.020263671875,9.66477108001709,53.42646408081055,10.87770652770996,54.26912689208984,4.689888060092926,16.951658248901367,6.0663042068481445,17.499292373657227,4.156583726406097,18.36801147460937,21.674123287200928,74.151611328125,20.811851501464844,65.18091583251953,21.970993995666504,65.0439682006836,1,12.407405853271484,21.970993995666504,46.879034678141274
g_033_016,3.4675,-76.5175,11.794493198394775,57.304718017578125,9.778143882751465,53.699798583984375,11.024752616882324,54.4536018371582,6.253387808799744,16.4857120513916,7.373026728630066,17.052265167236328,4.863220080733299,18.49225807189941,21.305482387542725,73.64239501953125,20.47448468208313,64.95609283447266,22.063213348388672,64.58474731445312,1,12.770022748245133,22.063213348388672,46.74128765530057
g_033_017,3.4675,-76.5125,11.803707599639893,57.699745178222656,9.865095138549805,54.079376220703125,11.105515956878662,54.7098503112793,7.552434206008911,15.439963340759276,8.506350040435791,16.022573471069336,5.186716839671135,18.35263442993164,21.12516450881958,73.30613708496094,20.323076486587524,64.80999755859375,22.23304581642151,64.28215026855469,1,13.077900732556978,22.23304581642151,46.52249198489719
g_033_018,3.4675,-76.5075,11.813790798187256,58.2022819519043,9.886758804321287,54.562255859375,11.058739185333252,55.03596115112305,8.57592225074768,14.213828086853027,9.37097978591919,14.816584587097168,5.28496453538537,18.296838760375977,21.431742191314697,73.19264221191406,20.52531790733337,64.76124572753906,22.63164496421814,64.18572998046875,1,13.397762269195583,22.63164496421814,46.363040924072266
g_033_019,3.4675,-76.5025,11.751761436462402,58.8086051940918,9.858728885650637,55.14485168457031,11.048136711120604,55.42958831787109,9.212353229522703,14.265981674194336,9.92870569229126,14.917940139770508,5.298270910978317,19.32271385192871,21.856391429901123,73.33843994140625,20.889161348342896,64.82014465332031,23.0751588344574,64.3276138305664,1,13.657629830969704,23.0751588344574,46.70843103196886
g_033_020,3.4675,-76.4975,11.749041557312012,59.51444625854492,9.88628911972046,55.82305908203125,11.012516975402832,55.8880500793457,9.162792682647703,17.053264617919922,9.952046394348145,17.806791305541992,5.17853170633316,22.331344604492188,22.24044847488404,73.7160873413086,21.30273079872132,64.97281646728516,23.451765060424805,64.67346954345703,1,13.770684752199385,23.451765060424805,47.975481033325195
g_033_021,3.4675,-76.49249999999999,11.73899745941162,60.31513595581055,9.8150897026062,56.59238815307617,10.856263637542725,56.40840530395508,8.631484985351562,22.10422706604004,9.569567680358888,23.00282859802246,4.947631299495697,27.142372131347656,22.91046524047852,74.2424545288086,21.955677032470703,65.18907928466797,23.85388326644897,65.14689636230469,1,13.808784478240543,23.85388326644897,50.01597637600369
g_033_022,3.4675,-76.4875,11.496679782867432,61.20573806762695,9.39259433746338,57.44809341430664,10.24360418319702,56.987525939941406,7.857517719268799,28.235559463500977,8.763138771057129,29.30156898498535,4.431414723396301,33.00727081298828,25.34288644790649,74.83998107910156,23.912915229797363,65.44169616699219,25.369298934936523,65.68148040771484,1,14.090005569987827,25.369298934936523,52.460990481906464
g_033_023,3.4675,-76.4825,10.636823177337646,62.18115615844727,8.56304931640625,58.38527297973633,8.880985260009766,57.622188568115234,7.05349588394165,34.78740692138672,8.270728588104248,36.03093338012695,4.392010927200317,39.3865852355957,31.415712356567383,75.46475982666016,29.08803653717041,65.71411895751953,30.524248123168945,66.23919677734375,1,15.425010018878513,31.415712356567383,55.09017986721463
g_033_024,3.4675,-76.47749999999999,9.88868761062622,63.23626708984375,8.209264755249023,59.39900207519531,8.328675746917725,58.30913162231445,6.646390914916992,41.506195068359375,8.117221355438232,42.93271255493164,4.882458209991455,46.02780532836914,35.99469327926636,76.0998764038086,33.71934652328491,65.99906158447266,35.62210512161255,66.80525207519531,4,16.82320483525594,35.99469327926636,57.812811533610024
g_033_025,3.4675,-76.4725,9.58233880996704,64.3659896850586,8.222508907318115,60.48439407348633,8.571089744567871,59.04512023925781,6.575439453125,48.31399917602539,8.18384838104248,49.92768096923828,5.320438981056213,52.83552551269531,38.05416679382324,76.74466705322266,36.11699342727661,66.2952651977539,38.291693687438965,67.37924194335938,4,17.65761313173506,38.291693687438965,60.599098205566406
g_033_026,3.4675,-76.4675,9.43758249282837,65.56537628173828,8.329232692718506,61.63668823242188,8.817904472351074,59.82699203491211,6.555602550506592,55.1983642578125,8.25751781463623,57.00323867797852,5.593843460083008,59.78143310546875,38.84046506881714,77.40666198730469,36.98356342315674,66.60465240478516,39.26769495010376,67.9681167602539,4,18.00926743613349,39.26769495010376,63.44350263807509
g_033_027,3.4675,-76.46249999999999,9.317490577697754,66.82964324951172,8.346180438995361,62.8513069152832,8.970104694366455,60.65168380737305,6.4110260009765625,62.16719818115234,8.012913703918457,64.16744232177734,5.682741403579712,66.8612060546875,39.62486982345581,78.09593200683594,37.70413637161255,66.93026733398438,40.16882371902466,68.58114624023438,4,18.24869852595859,40.16882371902466,66.34842512342665
g_033_028,3.4675,-76.4575,9.175323724746704,68.15425109863281,8.362025260925293,64.12387084960938,9.270800590515137,61.51627731323242,6.350316047668457,69.23133850097656,7.603548049926758,71.43123626708984,5.869073390960693,74.07630920410156,40.675540924072266,78.8215103149414,38.806891441345215,67.27483367919922,41.56297254562378,69.22657012939453,4,18.6307213306427,41.56297254562378,69.31735526190863
g_033_029,3.4675,-76.4525,9.027282953262327,69.53489685058594,8.465132236480713,65.45024871826172,9.762547492980955,62.41800308227539,6.650025367736816,76.39861297607422,7.617745399475098,78.80242919921875,6.357227325439453,81.42729949951172,41.33051586151123,79.58941650390625,39.76265048980713,67.64004516601562,42.61387395858765,69.90991973876953,4,19.06522234280904,42.61387395858765,72.35231908162434
g_033_030,3.4675,-76.44749999999999,8.891059637069702,70.9675521850586,8.641769886016846,66.82657623291016,10.173331260681152,63.354248046875,7.219995498657227,83.67266845703125,7.999271869659424,86.28450775146484,7.054164886474609,88.91207122802734,41.74942493438721,80.40225219726562,40.41826391220093,68.02632904052734,43.211825370788574,70.63359832763672,4,19.48434525065952,43.211825370788574,75.45331149631076
g_033_031,3.4675,-76.4425,8.790648937225342,72.44844818115234,8.793171882629395,68.24923706054688,10.36177921295166,64.32257843017578,7.4978485107421875,91.05345916748048,8.234822750091553,93.87720489501952,7.440482139587402,96.52600860595705,41.93815231323242,81.25969696044922,40.67855310440064,68.43309783935547,43.48098039627075,71.3973159790039,4,19.690715471903484,43.48098039627075,78.61856079101562
g_033_032,3.4675,-76.4375,8.81009554862976,73.97409057617188,8.880658626556396,69.7148666381836,10.397383689880373,65.32071685791016,7.379287242889404,98.53826141357422,8.20464038848877,101.5775146484375,7.442312955856323,104.26270294189452,41.81768274307251,82.15938568115234,40.57181024551392,68.85902404785156,43.44759798049927,72.198974609375,4,19.66127438015408,43.44759798049927,81.84505971272786
g_033_033,3.4675,-76.43249999999999,8.88376522064209,75.54125213623047,8.882779121398926,71.22036743164062,10.341715812683104,66.34656524658203,7.194614410400391,106.12263488769533,8.083541870117188,109.38068389892578,7.466095924377441,112.11473083496094,41.65206336975098,83.09783172607422,40.411009311676025,69.30242919921875,43.347514152526855,73.03543853759766,4,19.58478879928589,43.347514152526855,85.1291037665473
g_033_034,3.4675,-76.4275,9.002715826034546,77.14695739746094,8.874503135681152,72.76288604736328,10.34129524230957,67.39818572998047,7.332636833190918,113.8011703491211,8.19851541519165,117.28101348876952,7.714735269546509,120.0742645263672,41.4362587928772,84.07110595703125,40.29901170730591,69.7614974975586,43.14777135848999,73.90316772460938,4,19.594160397847492,43.14777135848999,88.46669430202908
g_033_035,3.4675,-76.4225,9.152985334396362,78.78846740722656,8.869276523590088,74.33979034423828,10.32469081878662,68.47377014160156,7.730273723602295,121.5680694580078,8.572800636291504,125.27238464355467,8.192349195480347,128.13351440429688,41.10464525222778,85.0753173828125,40.11497497558594,70.2344741821289,42.77054786682129,74.79866027832031,4,19.648060480753582,42.77054786682129,91.85382758246527
g_033_036,3.4675,-76.41749999999999,9.42882227897644,80.46326446533203,8.899246215820312,75.94866180419922,10.235174417495728,69.57167053222656,8.503845691680908,129.41749572753906,9.387609481811523,133.34869384765625,9.020952224731444,136.2849884033203,40.42257690429688,86.10681915283203,39.6159725189209,70.71973419189453,41.8935341835022,75.71864318847656,4,19.71197043524848,41.8935341835022,95.28666347927518
g_033_037,3.4675,-76.4125,9.96212887763977,82.1690444946289,8.951791286468506,77.5873031616211,9.960919857025146,70.69038391113281,9.520071506500244,137.3437957763672,10.773726463317873,141.50404357910156,10.045487403869627,144.52174377441406,38.48460578918457,87.16234588623047,37.93982839584351,71.2158203125,39.5040807723999,76.6601791381836,4,19.460293372472126,39.5040807723999,98.76162889268663
g_033_038,3.4675,-76.4075,10.985858917236328,83.9037094116211,9.000275611877441,79.25366973876953,9.89866065979004,71.82850646972656,11.058475017547607,145.34170532226562,12.567566394805908,149.73291015625,11.36117935180664,152.83734130859375,34.11164903640747,88.23905181884766,33.84055852890015,71.72148132324219,34.31849431991577,77.62071990966797,3,18.57141309314304,34.31849431991577,102.27545505099826
g_033_039,3.4675,-76.4025,12.5814528465271,85.6653060913086,9.690628051757812,80.9459228515625,11.421614408493042,72.98477172851562,14.488186359405518,153.4063262939453,15.198934078216553,158.03021240234375,14.354692459106444,161.2259979248047,27.55673456192017,89.3344955444336,27.34517526626587,72.23562622070312,27.122461795806885,78.59806060791016,3,17.751097758611042,27.55673456192017,105.82519107394748
g_034_000,3.4725,-76.5975,11.69636869430542,67.29016876220703,8.765246868133545,63.29374313354492,10.302491188049316,60.95221710205078,9.91337874531746,100.76306915283205,12.341814994812012,103.75939178466795,11.969972372055054,105.25997161865234,27.56919503211975,88.08647155761719,25.10255300998688,71.63996887207031,23.0221166908741,77.4847412109375,3,15.631459732850393,27.56919503211975,82.05886035495334
g_034_001,3.4725,-76.5925,10.454811573028564,66.13111114501953,8.166838645935059,62.180213928222656,8.942718982696533,60.19596481323242,5.434573888778687,93.56285858154295,8.280009269714355,96.34469604492188,7.720774054527283,97.73893737792967,32.42864370346069,87.04298400878906,29.834646344184875,71.15069580078125,28.16066414117813,76.55510711669922,4,15.49152006705602,32.42864370346069,78.98917431301541
g_034_002,3.4725,-76.58749999999999,9.845240116119385,65.04117584228516,8.058079719543457,61.13307571411133,8.629258632659912,59.48521041870117,3.3400976061820984,86.47513580322266,6.392750263214111,89.04591369628906,5.951746344566345,90.33537292480467,34.85977292060852,86.00906372070312,32.328115820884705,70.66633605957031,31.37245100736618,75.63397979736328,4,15.641945825682747,34.85977292060852,75.98058488633897
g_034_003,3.4725,-76.5825,9.566410541534424,64.02491760253906,8.068489074707031,60.15670394897461,8.658255577087402,58.82286834716797,2.3869694471359253,79.50225067138672,5.4848737716674805,81.86548614501953,5.177016615867615,83.05176544189453,35.898287296295166,84.9845962524414,33.480141043663025,70.18697357177734,33.05441818013787,74.72122955322266,4,15.752762394232882,35.898287296295166,73.03519905938043
g_034_004,3.4725,-76.5775,9.44469928741455,63.08695602416992,8.065474510192871,59.25554656982422,8.716624736785889,58.21189498901367,1.935166478157044,72.64453125,5.047093510627747,74.80375671386719,4.817336857318878,75.88846588134766,36.31822609901428,83.96945190429688,33.97435522079468,69.71268463134766,33.83503533899784,73.81671142578125,4,15.79489022658931,36.31822609901428,70.15444437662761
g_034_005,3.4725,-76.57249999999999,9.364559650421144,62.23193740844727,8.077653884887695,58.43406295776367,8.732070446014404,57.655235290527344,1.6045000553131104,65.90029907226562,4.694915652275085,67.8590087890625,4.499684751033783,68.84375,36.59285545349121,82.96353149414062,34.213610887527466,69.24359893798828,34.31600233912468,72.92029571533203,0,15.788428124454287,36.59285545349121,67.33907996283637
g_034_006,3.4725,-76.5675,9.258338451385498,61.46441650390625,8.097655773162842,57.69663238525391,8.711161613464355,57.155799865722656,1.1988017559051514,59.26719665527344,4.239595592021942,61.02882385253906,4.073210060596466,61.91521453857422,36.96739339828491,81.96686553955078,34.515045523643494,68.77991485595703,34.89616796374321,72.03199005126953,0,15.773041125800875,36.96739339828491,64.5896504720052
g_034_007,3.4725,-76.5625,9.173917770385742,60.788795471191406,8.153907775878906,57.04749298095703,8.729244709014893,56.71636199951172,0.806301474571228,52.74625778198242,3.8128139078617096,54.31429672241211,3.688738733530045,55.10405731201172,37.312936544418335,80.97979736328125,34.80060124397278,68.32202911376953,35.51509100198746,71.15202331542969,0,15.777061462402344,37.312936544418335,61.90790134006076
g_034_008,3.4725,-76.55749999999999,9.14188003540039,60.20920181274414,8.20478105545044,56.490604400634766,8.69639539718628,56.339542388916016,0.5306558609008789,46.351318359375,3.570934295654297,47.729679107666016,3.433105543255806,48.42496109008789,37.1792905330658,80.00320434570312,34.78001427650452,67.8705825805664,35.67833310365677,70.2811508178711,0,15.690598900119463,37.1792905330658,59.300027211507164
g_034_009,3.4725,-76.5525,9.27595853805542,59.7293701171875,8.160284042358398,56.02956771850586,8.601291179656982,56.0276985168457,0.5337693691253662,40.12752914428711,3.661198079586029,41.32149505615234,3.3818547800183296,41.92559814453125,36.36334228515625,79.03900146484375,34.1426956653595,67.42672729492188,34.860018372535706,69.42101287841797,0,15.442268034650219,36.36334228515625,56.78311114841037
g_034_010,3.4725,-76.5475,9.634085655212402,59.3525619506836,8.098465919494629,55.66751480102539,8.51039981842041,55.78288269042969,0.9062155485153198,34.182952880859375,4.012143224477768,35.20105743408203,3.4959150217473507,35.720027923583984,34.60151648521423,78.09087371826172,32.536288022994995,66.99237823486328,32.838845014572144,68.57481384277344,0,14.959319412294361,34.60151648521423,54.3961181640625
g_034_011,3.4725,-76.54249999999999,10.221459865570068,59.08142852783203,8.250099182128906,55.4069938659668,8.78175163269043,55.60676574707031,1.4443981647491455,28.72892570495605,4.374878816306591,29.58611297607422,3.44688605889678,30.0318546295166,31.25779938697815,77.16545867919922,29.36219382286072,66.57075500488281,29.20340609550476,67.7484359741211,0,14.03809700285395,31.25779938697815,52.21408123440213
g_034_012,3.4725,-76.5375,10.94679880142212,58.91793823242188,8.648088455200195,55.24990463256836,9.494165420532228,55.500587463378906,1.8333775997161863,24.08862495422364,4.360760420560837,24.809791564941406,3.087180972099304,25.205535888671875,27.62532067298889,76.27438354492188,25.92935037612915,66.16714477539062,25.66789698600769,66.95217895507812,1,13.065882189406288,27.62532067298889,50.3517877790663
g_034_013,3.4725,-76.5325,11.385165214538574,58.8633041381836,9.12622594833374,55.197410583496094,10.141085147857666,55.465110778808594,2.2761641144752502,20.569271087646484,4.452644377946854,21.189313888549805,2.971974790096283,21.57727432250977,25.065003156661987,75.43733215332031,23.574294805526733,65.79013061523438,23.729418992996216,66.20358276367188,1,12.524664060937035,25.065003156661987,48.92141448126899
g_034_014,3.4725,-76.5275,11.597100734710692,58.91793823242188,9.46257495880127,55.24990463256836,10.5303373336792,55.500587463378906,2.928610092261806,18.19673728942871,4.801627218723297,18.752899169921875,3.169419676065445,19.20306205749512,23.476836919784542,74.68606567382812,22.25043511390686,65.45304870605469,22.930487632751465,65.53104400634766,1,12.349714408964953,23.476836919784542,47.94347635904948
g_034_015,3.4725,-76.5225,11.736962795257568,59.08142852783203,9.664438247680664,55.4069938659668,10.782959938049316,55.60676574707031,3.9703622460365295,16.707204818725586,5.565832614898682,17.231292724609375,3.667684406042099,17.853750228881836,22.387850284576416,74.06681823730469,21.448017597198486,65.17488098144531,22.57501459121704,64.9760513305664,1,12.422124746772978,22.57501459121704,47.34502071804471
g_034_016,3.4725,-76.5175,11.810522079467772,59.3525619506836,9.826408386230469,55.66751480102539,10.961610794067385,55.78288269042969,5.420236825942993,15.912392616271973,6.780878305435181,16.433860778808594,4.462991952896118,17.39517593383789,21.800917148590088,73.63291931152344,20.982017278671265,64.97735595703125,22.53087830543518,64.5868911743164,1,12.730717897415161,22.53087830543518,47.082395023769806
g_034_017,3.4725,-76.5125,11.86184549331665,59.7293701171875,9.883705139160156,56.02956771850586,11.07665491104126,56.0276985168457,6.72195839881897,15.783589363098145,8.002776145935059,16.333349227905273,5.054500102996826,17.84208106994629,21.47756719589233,73.4227523803711,20.70273852348328,64.87654113769531,22.571526765823364,64.39915466308594,1,13.039252519607544,22.571526765823364,47.16045602162679
g_034_018,3.4725,-76.5075,11.889419555664062,60.20920181274414,9.875811100006104,56.490604400634766,11.049036502838137,56.339542388916016,7.611070156097412,16.36815071105957,8.890466928482056,16.975439071655273,5.314199686050415,19.178543090820312,21.682693004608154,73.44461059570312,20.84839653968811,64.87635803222656,22.84849977493286,64.42170715332031,1,13.33439924981859,22.84849977493286,47.58935080634223
g_034_019,3.4725,-76.5025,11.862223625183104,60.788795471191406,9.830121040344238,57.04749298095703,11.003404140472412,56.71636199951172,8.087936162948608,18.016700744628903,9.335371255874634,18.711013793945312,5.31230902671814,21.53968620300293,22.147814750671387,73.68244934082031,21.231237173080444,64.96973419189453,23.23252010345459,64.6396255493164,1,13.560326364305284,23.23252010345459,48.45687336391873
g_034_020,3.4725,-76.4975,11.812198162078856,61.46441650390625,9.816162586212158,57.69663238525391,10.958218574523926,57.155799865722656,8.089965343475342,21.17417907714844,9.376718044281006,21.987716674804688,5.111629128456116,25.15874290466309,22.66294860839844,74.09858703613281,21.72032904624939,65.14056396484375,23.63724899291992,65.01646423339844,1,13.687268720732796,23.63724899291992,49.877011405097115
g_034_021,3.4725,-76.49249999999999,11.749118328094482,62.23193740844727,9.712278366088867,58.43406295776367,10.743323802947998,57.655235290527344,7.811434745788574,25.793155670166016,9.129950523376465,26.75435256958008,4.810514330863953,29.987041473388672,23.570229053497314,74.63885498046875,22.498298168182373,65.36734008789062,24.22017526626587,65.50218200683594,1,13.805035842789543,24.22017526626587,51.81824027167426
g_034_022,3.4725,-76.4875,11.39384937286377,63.08695602416992,9.235857963562012,59.25554656982422,10.018243312835692,58.21189498901367,7.289350509643555,31.42063331604004,8.588918209075928,32.548667907714844,4.374370455741882,35.697242736816406,26.47555255889893,75.25084686279297,24.80643129348755,65.62995147705078,26.181884765625,66.05014038085938,1,14.262717604637146,26.47555255889893,54.12798669603136
g_034_023,3.4725,-76.4825,10.52046537399292,64.02491760253906,8.446133613586426,60.15670394897461,8.719422340393066,58.82286834716797,6.728796482086182,37.62378692626953,8.28877592086792,38.92982864379883,4.535996437072754,41.951961517333984,32.61387920379639,75.89834594726562,30.13133192062378,65.91427612304688,31.64699649810791,66.62853240966797,1,15.736866421169704,32.61387920379639,56.661246829562714
g_034_024,3.4725,-76.47749999999999,9.823622226715088,65.04117584228516,8.178176879882812,61.13307571411133,8.358056545257568,59.48521041870117,6.475166320800781,44.13899993896485,8.176597595214844,45.62965393066406,5.038936018943787,48.53037643432617,36.73510837554932,76.56307220458984,34.404083251953125,66.21267700195312,36.421199798583984,67.22132873535156,4,17.06788300143348,36.73510837554932,59.32839669121636
g_034_025,3.4725,-76.4725,9.531772136688232,66.13111114501953,8.195094108581543,62.180213928222656,8.622570514678955,60.19596481323242,6.513253688812256,50.83567810058594,8.222971439361572,52.515506744384766,5.463937759399414,55.31674575805664,38.59849500656128,77.24000549316406,36.58252906799317,66.5224838256836,38.84690189361572,67.8243179321289,4,17.84194729063246,38.84690189361572,62.084669748942055
g_034_026,3.4725,-76.4675,9.394588947296144,67.29016876220703,8.284060955047607,63.29374313354492,8.865334510803223,60.95221710205078,6.555424213409424,57.65790939331055,8.312260627746582,59.5307502746582,5.771770715713501,62.25861358642578,39.328630447387695,77.93203735351562,37.38299751281738,66.84404754638672,39.71101140975952,68.44029998779297,4,18.178453259997898,39.71101140975952,64.91108745998807
g_034_027,3.4725,-76.46249999999999,9.264825105667114,68.51393127441406,8.338120937347412,64.46941375732422,9.047619819641112,61.75113677978516,6.5489020347595215,64.58576965332031,8.126627445220947,66.65528869628906,5.961056470870972,69.33518981933594,40.20753717422485,78.64556884765625,38.169593334198,67.17913818359375,40.719953536987305,69.0751953125,4,18.48713731765747,40.719953536987305,67.80118136935764
g_034_028,3.4725,-76.4575,9.090047836303713,69.79813385009766,8.405689239501953,65.70314025878906,9.38145637512207,62.589988708496094,6.587900638580322,71.61444854736328,7.824628829956055,73.88431549072266,6.196781158447266,76.53924560546875,41.152233600616455,79.38742065429688,39.20822715759277,67.5297622680664,42.048516273498535,69.73528289794922,4,18.877275678846573,42.048516273498535,70.75352647569444
g_034_029,3.4725,-76.4525,8.901824474334717,71.13874816894531,8.552232265472412,66.99104309082031,9.890647411346436,63.46615982055664,6.943521499633789,78.74407958984375,7.916369915008545,81.21794128417969,6.709472179412842,83.86803436279297,41.72817039489746,80.16299438476562,40.05381393432617,67.89744567871094,43.02007389068604,70.42549896240234,4,19.301791773902046,43.02007389068604,73.76799392700195
g_034_030,3.4725,-76.44749999999999,8.734859466552734,72.53192901611328,8.74620008468628,68.32943725585938,10.276039600372314,64.37718200683594,7.521926403045654,85.97526550292969,8.321341037750244,88.65673828125,7.405445098876953,91.3193359375,42.09774446487427,80.97550201416016,40.63860464096069,68.282958984375,43.574904441833496,71.1488265991211,4,19.701896137661404,43.574904441833496,76.84413062201605
g_034_031,3.4725,-76.4425,8.671217679977417,73.97409057617188,8.90370225906372,69.7148666381836,10.457327842712402,65.32071685791016,7.700454235076904,93.30748748779295,8.505361557006836,96.20003509521484,7.713708400726318,98.88995361328124,42.24691390991211,81.82598876953125,40.83376455307007,68.68627166748047,43.81511497497559,71.90621948242188,4,19.871951712502373,43.81511497497559,79.98062557644315
g_034_032,3.4725,-76.4375,8.713943719863892,75.46185302734375,8.994245052337646,71.14409637451172,10.487077713012695,66.29458618164062,7.522214412689209,100.73876190185548,8.453667163848877,103.84568786621094,7.648589372634888,106.57555389404295,42.068644523620605,82.71372985839844,40.69948482513428,69.10675811767578,43.74142217636109,72.69705200195312,4,19.814365439944797,43.74142217636109,83.1753421359592
g_034_033,3.4725,-76.43249999999999,8.81644606590271,76.99209594726562,8.99644136428833,72.61412048339844,10.439843654632568,67.29673767089844,7.344411849975586,108.265869140625,8.380709648132324,111.5902328491211,7.656468868255615,114.3708267211914,41.820436000823975,83.63680267333984,40.51153612136841,69.54334259033203,43.59430265426636,73.51961517333984,4,19.728955136405098,43.59430265426636,86.42551591661241
g_034_034,3.4725,-76.4275,8.938564538955688,78.56190490722656,8.943869590759277,74.12214660644531,10.40084743499756,68.32528686523438,7.531352519989014,115.88469696044922,8.495546817779541,119.42935180664062,7.932944774627685,122.26986694335938,41.57818794250488,84.59259796142578,40.39160346984863,69.99475860595703,43.364808082580566,74.37155151367188,4,19.730858352449204,43.364808082580566,89.72801801893446
g_034_035,3.4725,-76.4225,9.135544538497925,80.16858673095703,8.889188289642334,75.66558837890625,10.39846420288086,69.37846374511719,8.086621284484863,123.5906219482422,8.9446702003479,127.3581771850586,8.590344905853271,130.26651000976562,41.27019309997559,85.57823944091797,40.2306022644043,70.45966339111328,42.975093841552734,75.25028991699219,4,19.83563584751553,42.975093841552734,93.07957119411893
g_034_036,3.4725,-76.41749999999999,9.411125183105469,81.80966186523438,8.90647554397583,77.2420654296875,10.391232252120972,70.45465087890625,9.13067102432251,131.37881469726562,10.00067901611328,135.37164306640625,9.703619956970217,138.3545684814453,40.66498994827271,86.59083557128906,39.866199016571045,70.93672180175781,42.20686960220337,76.15321350097656,4,20.031317949295044,42.20686960220337,96.47690836588542
g_034_037,3.4725,-76.4125,9.950637817382812,83.48283386230469,9.00429916381836,78.84937286376953,10.178157567977903,71.55233001708984,10.366478443145752,139.24444580078125,11.553417682647703,143.46470642089844,11.011244297027588,146.52810668945312,38.97989797592163,87.62762451171875,38.48626708984375,71.42469024658203,40.17808961868286,77.07786560058594,4,19.967609961827595,40.17808961868286,99.91688622368707
g_034_038,3.4725,-76.4075,10.953317165374756,85.18599700927734,9.042540073394775,80.48548126220703,9.994918584823608,72.67012023925781,11.77586793899536,147.1828155517578,13.366933822631836,151.6324462890625,12.33457374572754,154.7814483642578,34.96883010864258,88.68611907958984,34.73711585998535,71.9224624633789,35.384618282318115,78.0219955444336,3,19.173190620210434,35.384618282318115,103.39654286702473
g_034_039,3.4725,-76.4025,12.55454444885254,86.91719818115234,9.626484394073486,82.1485366821289,11.31087350845337,73.8067398071289,14.755234718322754,155.18948364257812,15.741775512695312,159.87025451660156,14.828514575958252,163.1093292236328,28.16597366333008,89.76405334472656,27.9979305267334,72.42900848388672,27.77398538589477,78.98357391357422,3,18.08392408159044,28.16597366333008,106.91313086615668
g_035_000,3.4775,-76.5975,11.699689149856567,69.04899597167969,8.76173210144043,64.98344421386719,10.240507125854492,62.10058975219727,9.789083033800123,103.3567123413086,12.37025761604309,106.43049621582033,11.989393472671509,107.9682846069336,28.106666803359985,88.31336212158203,25.52067494392395,71.75518035888672,23.51624709367752,77.69023132324219,3,15.777139037847519,28.106666803359985,83.51636632283528
g_035_001,3.4775,-76.5925,10.481216430664062,67.92821502685547,8.179356098175049,63.90671920776367,8.949018955230713,61.36870574951172,5.363344430923462,96.19217681884766,8.405884265899658,99.0524673461914,7.874007940292358,100.48458099365234,32.789743185043335,87.26102447509766,30.12579095363617,71.26274108886719,28.552228957414627,76.75272369384766,4,15.635621246364382,32.789743185043335,80.46770604451497
g_035_002,3.4775,-76.58749999999999,9.941582202911375,66.8758773803711,8.055677890777588,62.89572525024414,8.672147750854492,60.68185424804688,3.458209455013275,89.131103515625,6.715475082397461,91.78105926513672,6.275319695472717,93.1089324951172,34.94245266914368,86.21672058105469,32.41941571235657,70.7746353149414,31.50442834198475,75.82234191894531,4,15.776078755656878,34.94245266914368,77.47647221883138
g_035_003,3.4775,-76.5825,9.698983669281006,65.89614868164062,8.04576301574707,61.95447540283203,8.700586318969727,60.04270935058594,2.649924576282501,82.17449951171875,5.954654932022095,84.61731719970703,5.642140626907349,85.84236907958984,35.91637396812439,85.18018341064453,33.50753879547119,70.2908935546875,33.049786522984505,74.8988265991211,4,15.907305825087759,35.91637396812439,74.54415808783637
g_035_004,3.4775,-76.5775,9.574529647827148,64.99325561523438,8.040452480316162,61.087032318115234,8.761083126068115,59.4539680480957,2.303739786148072,75.32218170166016,5.569633722305298,77.56106567382812,5.352697372436523,78.6847152709961,36.39068388938904,84.15113067626953,34.09324288368225,69.81153106689453,33.911738604307175,73.98188781738281,4,15.999755723608864,36.39068388938904,71.67186313205295
g_035_005,3.4775,-76.57249999999999,9.439637660980225,64.17137908935547,8.078614711761475,60.29742050170898,8.781041622161865,58.918304443359375,1.95516836643219,68.5735092163086,5.181914687156677,70.61164855957031,5.010522842407227,71.63532257080078,36.82275056838989,83.12931060791016,34.51344883441925,69.33663177490234,34.61806297302246,73.07127380371094,4,16.044573585192364,36.82275056838989,68.860533396403
g_035_006,3.4775,-76.5675,9.308729648590088,63.43463516235352,8.08384370803833,59.58958435058594,8.780908107757568,58.43832778930664,1.450101613998413,61.92937469482422,4.643270790576935,63.76998519897461,4.501552700996399,64.69514465332031,37.31559443473816,82.11461639404297,34.91265666484833,68.86637878417969,35.35152643918991,72.16683959960938,4,16.03868712319268,37.31559443473816,66.11165406968858
g_035_007,3.4775,-76.5625,9.20956563949585,62.78693389892578,8.155212879180908,58.96729278564453,8.795141220092773,58.01653289794922,0.9692025184631348,55.39634704589844,4.1757195591926575,57.04286193847656,4.03513115644455,57.87110900878906,37.65206456184387,81.1072006225586,35.15758800506592,68.40109252929688,35.97137039899826,71.26869201660156,0,16.013443993197548,37.65206456184387,63.428673638237846
g_035_008,3.4775,-76.55749999999999,9.191056728363035,62.23193740844727,8.229120254516602,58.43406295776367,8.783983707427979,57.655235290527344,0.6981505155563354,48.99414443969727,3.999319076538086,50.45058822631836,3.766503304243088,51.18393707275391,37.463714599609375,80.1077880859375,35.049684286117554,67.94139862060547,36.07771503925324,70.37742614746094,0,15.917694167958366,37.463714599609375,60.81961313883463
g_035_009,3.4775,-76.5525,9.331971645355225,61.77294158935547,8.259946346282959,57.99306106567383,8.68949031829834,57.35652923583984,0.6887909173965454,42.76684188842773,4.188077390193939,44.03854751586914,3.6904818415641785,44.67994689941406,36.59449911117554,79.11808776855469,34.36179995536804,67.48839569091797,35.22560501098633,69.4945068359375,0,15.670073615180122,36.59449911117554,58.30098427666558
g_035_010,3.4775,-76.5475,9.684441566467283,61.41279602050781,8.245116233825684,57.64703750610352,8.598061084747314,57.122215270996094,1.0536333322525024,36.79551696777344,4.622042715549469,37.89024353027344,3.747711330652237,38.444454193115234,34.68976712226868,78.1415023803711,32.63300538063049,67.04396057128906,33.08898115158081,68.6229476928711,0,15.15141776866383,34.68976712226868,55.90229712592231
g_035_011,3.4775,-76.54249999999999,10.27295970916748,61.15382766723633,8.370155811309814,57.398216247558594,8.84838581085205,56.95376205444336,1.583843469619751,31.20195579528809,4.944682657718658,32.13113784790039,3.691085278987885,32.606075286865234,31.407326221466064,77.1844253540039,29.529179334640503,66.61127471923828,29.56654906272888,67.76841735839844,1,14.246018595165676,31.407326221466064,53.66767692565918
g_035_012,3.4775,-76.5375,10.887017250061035,60.99774169921875,8.728784084320068,57.24824905395508,9.48070240020752,56.85224533081055,2.0336514711380005,26.121074676513672,4.998157441616058,26.900278091430664,3.4385197162628174,27.308744430541992,28.22480535507202,76.25845336914062,26.426023721694943,66.19568634033203,26.44803738594055,66.94126892089844,1,13.407299869590336,28.22480535507202,51.6470824347602
g_035_013,3.4775,-76.5325,11.30070686340332,60.945594787597656,9.13625717163086,57.19814682006836,10.041071891784668,56.81832885742188,2.3553478717803955,21.63288307189941,4.863924384117127,22.28033828735352,3.230627626180649,22.641998291015625,25.99434733390808,75.38439178466797,24.31036686897278,65.80628967285156,24.726593494415283,66.16011810302734,1,12.884360389577019,25.99434733390808,49.87423218621148
g_035_014,3.4775,-76.5275,11.549668312072754,60.99774169921875,9.445260524749756,57.24824905395508,10.479108810424805,56.85224533081055,2.731796395033598,17.74880027770996,4.823105692863464,18.28365135192871,3.186856210231781,18.62887191772461,24.33853435516357,74.59947967529297,22.94432187080384,65.45848083496094,23.76767611503601,65.4583511352539,1,12.58514758737551,24.33853435516357,48.36398569742838
g_035_015,3.4775,-76.5225,11.712372779846191,61.15382766723633,9.673947811126707,57.398216247558594,10.761847496032717,56.95376205444336,3.57625424861908,14.680027961730955,5.267547965049744,15.128971099853516,3.5646926164627075,15.512507438659668,23.012232303619385,73.96788787841797,21.944653034210205,65.17760467529297,23.164660930633545,64.89354705810547,1,12.519801020622253,23.164660930633545,47.207372453477646
g_035_016,3.4775,-76.5175,11.8349027633667,61.41279602050781,9.83522129058838,57.64703750610352,10.965595722198486,57.122215270996094,4.962372303009033,13.261896133422852,6.4331501722335815,13.679576873779297,4.454296469688416,14.215217590332031,22.182597160339355,73.57942962646484,21.29786515235901,64.99796295166016,22.88211989402771,64.54641723632812,1,12.760902325312296,22.88211989402771,46.7180610232883
g_035_017,3.4775,-76.5125,11.908326625823976,61.77294158935547,9.883092403411863,57.99306106567383,11.11048698425293,57.35652923583984,6.302923202514648,14.167011260986328,7.756270885467529,14.632403373718262,5.248075842857361,15.503966331481934,21.778170585632324,73.48856353759766,20.97421360015869,64.94090270996094,22.862797021865845,64.46614837646484,1,13.091595239109463,22.862797021865845,47.14683638678657
g_035_018,3.4775,-76.5075,11.95224905014038,62.23193740844727,9.89085578918457,58.43406295776367,11.114304065704346,57.655235290527344,7.1632280349731445,16.678436279296875,8.799022912979126,17.248619079589844,5.629731774330139,18.610254287719727,21.855271816253666,73.65418243408203,21.021585941314697,64.99307250976562,23.027026653289795,64.61630249023438,1,13.383697337574429,23.027026653289795,48.23578919304742
g_035_019,3.4775,-76.5025,11.94849157333374,62.78693389892578,9.849503993988035,58.96729278564453,11.076315879821776,58.01653289794922,7.526161432266235,20.03937149047852,9.241273880004885,20.74186897277832,5.592735648155212,22.61307144165039,22.249518871307373,74.00553894042969,21.383559465408325,65.12850952148438,23.340994834899902,64.93328857421875,1,13.578728397687277,23.340994834899902,49.692489835951065
g_035_020,3.4775,-76.4975,11.903040409088137,63.43463516235352,9.815557956695557,59.58958435058594,10.98511838912964,58.43832778930664,7.527742147445679,24.15144157409668,9.299002170562744,25.003137588500977,5.357203722000122,27.273197174072266,22.790454387664795,74.4902114868164,21.8552041053772,65.32618713378906,23.696940898895264,65.36929321289062,1,13.69225157631768,23.696940898895264,51.45289060804579
g_035_021,3.4775,-76.49249999999999,11.79951524734497,64.17137908935547,9.680341243743896,60.29742050170898,10.737928867340088,58.918304443359375,7.341403484344482,29.04647254943848,9.09590768814087,30.06138038635254,5.008874297142029,32.573333740234375,23.89341402053833,75.06746673583984,22.770723342895508,65.56904602050781,24.40643548965454,65.88710021972656,1,13.859393742349413,24.40643548965454,53.51021152072482
g_035_022,3.4775,-76.4875,11.455780029296877,64.99325561523438,9.195970058441162,61.087032318115234,10.007748126983644,59.4539680480957,7.012827396392822,34.615203857421875,8.697471141815186,35.804439544677734,4.635505318641663,38.43032836914063,26.875412940979004,75.70326232910156,25.09489870071411,65.84293365478516,26.47019624710083,66.45608520507812,1,14.382867773373922,26.875412940979004,55.82072321573893
g_035_023,3.4775,-76.4825,10.627593517303469,65.89614868164062,8.482088088989258,61.95447540283203,8.823055267333984,60.04270935058594,6.616414546966553,40.67169189453125,8.458491802215576,42.04312515258789,4.845378398895264,44.70552062988281,32.4102144241333,76.37259674072266,29.91461944580078,66.13737487792969,31.3847975730896,67.05398559570312,1,15.729183673858643,32.4102144241333,58.31973648071289
g_035_024,3.4775,-76.47749999999999,9.976965427398682,66.8758773803711,8.175526142120361,62.89572525024414,8.411319732666016,60.68185424804688,6.478652477264404,47.05247497558594,8.419596672058105,48.61149978637695,5.331049919128418,51.27302551269531,36.2587628364563,77.06083679199219,33.87211084365845,66.44599151611328,35.70735216140747,67.66792297363281,4,16.959037356906467,36.2587628364563,60.95168982611762
g_035_025,3.4775,-76.4725,9.714147567749023,67.92821502685547,8.16870927810669,63.90671920776367,8.550801753997803,61.36870574951172,6.487680435180664,53.64883804321289,8.471888065338135,55.39942932128906,5.6679887771606445,58.04731750488281,37.89459848403931,77.76236724853516,35.73265314102173,66.7658920288086,37.78348779678345,68.29306030273438,4,17.60799503326416,37.89459848403931,63.68006049262153
g_035_026,3.4775,-76.4675,9.586106538772585,69.04899597167969,8.204965591430664,64.98344421386719,8.692214012145996,62.10058975219727,6.554777145385742,60.39908218383789,8.558698654174805,62.344573974609375,5.976145029067993,64.97948455810547,38.64310359954834,78.47775268554688,36.47832584381104,67.09663391113281,38.61708450317383,68.93009948730469,4,17.923491213056778,38.64310359954834,66.48451741536458
g_035_027,3.4775,-76.46249999999999,9.42514991760254,70.2341079711914,8.226638793945312,66.12197875976562,8.83062744140625,62.87487030029297,6.642983913421631,67.2719955444336,8.388514041900635,69.41551971435547,6.186445236206055,72.04481506347656,39.71427154541016,79.21094512939453,37.45480155944824,67.43912506103516,39.82785606384277,69.58272552490234,4,18.299698723687065,39.82785606384277,69.35512034098308
g_035_028,3.4775,-76.4575,9.22615647315979,71.47960662841797,8.302248477935791,67.31849670410156,9.17400884628296,63.68900680541992,6.727465629577637,74.2533187866211,8.101471900939941,76.59798431396484,6.473639726638794,79.23197174072266,40.8563928604126,79.96694946289062,38.727463245391846,67.79475402832031,41.46251916885376,70.25557708740234,4,18.783485147688125,41.46251916885376,72.28751839531793
g_035_029,3.4775,-76.4525,8.996489763259888,72.78167724609375,8.489602088928223,68.5693588256836,9.711921215057371,64.54054260253906,7.116111755371094,81.33699798583984,8.194325923919678,83.88594055175781,6.988603830337524,86.53582763671875,41.588966369628906,80.75032806396484,39.78369188308716,68.164794921875,42.73394966125488,70.95284271240234,4,19.289295832316082,42.73394966125488,75.27981228298611
g_035_030,3.4775,-76.44749999999999,8.81448245048523,74.13670349121094,8.73171615600586,69.87107849121094,10.134047031402588,65.42713928222656,7.607760906219482,88.52032470703125,8.546943187713623,91.27667236328124,7.604991912841797,93.95350646972656,41.96616506576538,81.56434631347656,40.395957469940186,68.55008697509766,43.38857841491699,71.67750549316406,4,19.68784917725457,43.38857841491699,78.33081817626953
g_035_031,3.4775,-76.4425,8.690079689025879,75.54125213623047,8.892767906188965,71.22036743164062,10.36253261566162,66.34656524658203,7.726777076721191,95.80142211914062,8.653565883636475,98.76824951171876,7.823128461837768,101.48239135742188,42.223108768463135,82.41071319580078,40.69495677947998,68.95092010498047,43.759850025177,72.4311752319336,4,19.869640800688003,43.759850025177,81.43922848171658
g_035_032,3.4775,-76.4375,8.728026151657104,76.99209594726562,8.99736738204956,72.61412048339844,10.451438426971436,67.29673767089844,7.563302516937256,103.17816162109376,8.613574504852295,106.3584442138672,7.795682191848755,109.1193389892578,42.1451416015625,83.28974151611328,40.623321533203125,69.36708068847656,43.79418754577637,73.21414947509766,4,19.85689353942871,43.79418754577637,84.60331895616319
g_035_033,3.4775,-76.43249999999999,8.845811367034912,78.48621368408203,8.99801778793335,74.04943084716797,10.441349029541016,68.27568054199219,7.432534694671631,110.64781188964844,8.57470178604126,114.0443878173828,7.789511203765869,116.86054229736328,41.87242126464844,84.20063781738281,40.44387435913086,69.7979736328125,43.63083362579346,74.02571868896484,4,19.78100612428453,43.63083362579346,87.82093302408855
g_035_034,3.4775,-76.4275,8.999935388565063,80.02076721191406,8.94910478591919,75.5235824584961,10.407567024230955,69.28154754638672,7.702781677246094,118.20704650878906,8.811675548553467,121.82259368896484,8.192141056060791,124.70156860351562,41.563156604766846,85.14183807373047,40.31420850753784,70.24274444580078,43.31934213638306,74.86449432373047,4,19.806656969918144,43.31934213638306,91.0895758734809
g_035_035,3.4775,-76.4225,9.195345401763916,81.59312438964844,8.885123252868652,77.03404998779297,10.438992023468018,70.3126220703125,8.507590293884277,125.8520965576172,9.451519012451172,129.68910217285156,9.057376861572266,132.63763427734375,41.28141736984253,86.1113510131836,40.21820592880249,70.70040893554688,42.954001903533936,75.72869110107422,4,19.998841338687473,42.954001903533936,94.40656450059679
g_035_036,3.4775,-76.41749999999999,9.464625597000122,83.20085144042969,8.927734375,78.5784912109375,10.436105251312256,71.3673095703125,9.690317630767822,133.57891845703125,10.57707977294922,137.6396942138672,10.273578643798828,140.66372680664062,40.71437168121338,87.10699462890625,39.94998121261597,71.16992950439453,42.26316499710083,76.61634826660156,4,20.255217684639824,42.26316499710083,97.7691404554579
g_035_037,3.4775,-76.4125,9.944621562957764,84.8416748046875,9.023328304290771,80.15471649169922,10.260504722595217,72.44410705566406,10.777551174163818,141.38336181640625,12.017632007598875,145.67002868652344,11.480304718017578,148.77484130859375,39.16569900512695,88.12655639648438,38.717689037323,71.6502685546875,40.41290807723999,77.5254898071289,4,20.200026512145996,40.41290807723999,101.174560546875
g_035_038,3.4775,-76.4075,10.870586395263672,86.51350402832031,9.068393230438232,81.76072692871094,9.986092805862429,73.54165649414062,11.95654010772705,149.26132202148438,13.660024166107178,153.7758331298828,12.628282070159912,156.96609497070312,35.410067558288574,89.16790771484375,35.19638013839722,72.14046478271484,35.903950214385986,78.45418548583984,3,19.40892407629225,35.903950214385986,104.6201883951823
g_035_039,3.4775,-76.4025,12.479265213012695,88.21438598632812,9.596832752227783,83.3946533203125,11.210102081298828,74.6586685180664,14.813621997833252,157.20880126953125,15.98611545562744,161.95291137695312,14.980350017547607,165.2328338623047,28.544875144958496,90.22908020019533,28.3467664718628,72.6396255493164,28.170276165008545,79.40068054199219,3,18.23646725548638,28.544875144958496,108.103515625
g_036_000,3.4825,-76.5975,11.82554531097412,70.83881378173828,8.84975290298462,66.7029037475586,10.380427837371826,63.27009201049805,10.1787219196558,106.15719604492188,12.911773443222046,109.31475830078124,12.533406972885132,110.8926773071289,27.97754979133606,88.57211303710938,25.43586492538452,71.88603973388672,23.455022014677525,77.92393493652344,3,15.949785013165739,27.97754979133606,85.06205876668294
g_036_001,3.4825,-76.5925,10.67847490310669,69.75434875488281,8.279545783996582,65.66107940673828,9.113160133361816,62.56137847900391,5.83872652053833,99.02812957763672,9.052435398101808,101.97318267822266,8.456322073936462,103.44612884521484,32.33450698852539,87.51276397705078,29.7933452129364,71.39131164550781,28.200942657887936,76.98019409179688,4,15.749717741376823,32.33450698852539,82.03427971733942
g_036_002,3.4825,-76.58749999999999,10.144688367843628,68.73751068115234,8.15238904953003,64.68421173095703,8.802504539489746,61.89715194702149,4.00197184085846,91.99498748779295,7.468391418457031,94.73045349121094,6.92419958114624,96.0997314453125,34.356391191482544,86.46029663085938,31.945839524269104,70.90049743652344,30.92110189795494,76.04253387451172,4,15.857497490114635,34.356391191482544,79.06081941392686
g_036_003,3.4825,-76.5825,9.905102491378784,67.7921371459961,8.122919082641602,63.7759895324707,8.772747039794922,61.27986907958984,3.2703813314437866,85.05791473388672,6.785745859146118,87.58674621582031,6.345004558563232,88.85365295410156,35.34893989562988,85.41436004638672,33.047985196113586,70.41361236572266,32.42068472504616,75.11063385009766,4,16.002167797750896,35.34893989562988,76.14276843600803
g_036_004,3.4825,-76.5775,9.773734092712402,66.92207336425781,8.079016208648682,62.94010543823242,8.801004409790039,60.71199798583984,2.9577651023864746,78.2164306640625,6.417228102684021,80.54154968261719,6.075287938117981,81.7073745727539,35.97567272186279,84.3746109008789,33.74537146091461,69.93065643310547,33.385790050029755,74.18414306640625,4,16.134541120794083,35.97567272186279,73.2809935675727
g_036_005,3.4825,-76.57249999999999,9.628584384918211,66.13111114501953,8.088409423828125,62.180213928222656,8.8164963722229,60.19596481323242,2.579132318496704,71.4701919555664,5.992055892944336,73.59452819824219,5.720966696739197,74.6605453491211,36.502317667007446,83.34073638916016,34.28639042377472,69.45171356201172,34.192170321941376,73.26274871826172,4,16.200724833541447,36.502317667007446,70.47641711764865
g_036_006,3.4825,-76.5675,9.500589847564695,65.4229507446289,8.0957350730896,61.49985885620117,8.818560600280762,59.7341194152832,2.027942419052124,64.82060241699219,5.4345808029174805,66.74713897705078,5.182264268398285,67.71465301513672,37.090089082717896,82.31254577636719,34.79570150375366,68.97694396972656,35.06425666809082,72.34625244140625,4,16.223302251762814,37.090089082717896,67.73056284586589
g_036_007,3.4825,-76.5625,9.384722232818604,64.80108642578125,8.149292469024658,60.90241241455078,8.826707363128662,59.32870101928711,1.4732846021652222,58.27346420288086,4.913612604141235,60.00534439086914,4.638568758964539,60.875770568847656,37.45999073982239,81.2901382446289,35.12859511375427,68.5066909790039,35.76348876953125,71.4346923828125,4,16.193140294816757,37.45999073982239,65.04647784762912
g_036_008,3.4825,-76.55749999999999,9.334033966064451,64.26878356933594,8.236148834228516,60.39099884033203,8.83125114440918,58.98177337646485,1.0874736309051514,51.84242630004883,4.674420356750488,53.38320541381836,4.24880838394165,54.158199310302734,37.43684244155884,80.27409362792969,35.12301158905029,68.04154968261719,36.03737092018128,70.52855682373047,4,16.112151251898872,37.43684244155884,62.42995410495334
g_036_009,3.4825,-76.5525,9.438104629516602,63.828948974609375,8.31357717514038,59.96842575073242,8.766931533813477,58.6951904296875,0.9860620498657228,45.551788330078125,4.779662489891052,46.90573120117188,4.0564358830451965,47.58742904663086,36.67743968963623,79.26588439941406,34.480549335479736,67.58258056640625,35.41506290435791,69.62909698486328,0,15.87931396563848,36.67743968963623,59.89056396484375
g_036_010,3.4825,-76.5475,9.754331588745115,63.48410034179688,8.323914051055908,59.63710784912109,8.666532516479492,58.47054672241211,1.132495403289795,39.43457794189453,5.117497563362122,40.60692596435547,3.939532220363617,41.19816970825195,34.79064130783081,78.26844024658203,32.74644136428833,67.13153839111328,33.380149602890015,68.7389144897461,0,15.3168372909228,34.79064130783081,57.44114685058594
g_036_011,3.4825,-76.54249999999999,10.285102367401125,63.23626708984375,8.457106590270996,59.39900207519531,8.892329692840576,58.30913162231445,1.4973127841949463,33.51823806762695,5.367543458938599,34.515045166015625,3.758285999298096,35.019500732421875,31.753084897994995,77.28723907470703,29.78177142143249,66.69134521484375,30.087077140808105,67.8628921508789,1,14.431068261464437,31.753084897994995,55.093184577094185
g_036_012,3.4825,-76.5375,10.865702629089355,63.08695602416992,8.79050064086914,59.25554656982422,9.439694881439207,58.21189498901367,1.9610061049461365,27.791242599487305,5.321366310119629,28.618213653564453,3.566050589084625,29.04008102416992,28.786805152893063,76.33216857910156,26.85370707511902,66.26683044433594,27.21252918243408,67.0098648071289,1,13.644151396221584,28.786805152893063,52.84586652119955
g_036_013,3.4825,-76.5325,11.254598617553713,63.03708267211914,9.131359100341797,59.2076301574707,9.98202896118164,58.17941665649414,2.296201378107071,22.16511344909668,5.125479698181152,22.82533264160156,3.4089606404304504,23.168460845947266,26.705755710601807,75.4211196899414,24.87012219429016,65.86616516113281,25.54204773902893,66.19586944580078,1,13.146283782190746,26.705755710601807,50.67402119106717
g_036_014,3.4825,-76.5275,11.553606986999512,63.08695602416992,9.45479965209961,59.25554656982422,10.446963787078856,58.21189498901367,2.713176615536213,16.510847091674805,5.00444221496582,17.003585815429688,3.4321184158325195,17.271080017089844,24.77194356918335,74.58755493164062,23.275620222091675,65.50360107421875,24.305264949798584,65.4509048461914,1,12.773104045954016,24.77194356918335,48.542441262139214
g_036_015,3.4825,-76.5225,11.716221332550049,63.23626708984375,9.667043685913086,59.39900207519531,10.78273630142212,58.30913162231445,3.579010009765625,11.033512115478516,5.3704997301101685,11.364352226257324,3.965623378753662,11.565895080566406,23.364299297332764,73.89886474609375,22.17675399780273,65.20584106445312,23.560309886932373,64.83539581298828,1,12.686944180064732,23.560309886932373,46.53869575924344
g_036_016,3.4825,-76.5175,11.890772819519045,63.48410034179688,9.8643536567688,59.63710784912109,11.050061225891112,58.47054672241211,4.905229926109314,7.9857964515686035,6.509581804275513,8.22929859161377,5.088825821876526,8.435891151428223,22.23712539672852,73.5037841796875,21.31589841842652,65.02716827392578,23.07219314575196,64.48275756835938,1,12.881560246149698,23.07219314575196,45.472939014434814
g_036_017,3.4825,-76.5125,11.944442749023438,63.828948974609375,9.925796031951904,59.96842575073242,11.197243690490724,58.6951904296875,6.281850099563599,10.791526794433594,7.871724605560303,11.131185531616213,5.864101886749268,11.560556411743164,21.848650455474854,73.54550170898438,20.969568729400635,65.0181655883789,23.049521923065186,64.52153015136719,1,13.21698890791999,23.049521923065186,46.56233681572808
g_036_018,3.4825,-76.5075,12.015569686889648,64.26878356933594,9.95850944519043,60.39099884033203,11.24290657043457,58.98177337646485,7.096622943878174,15.91490650177002,9.000838041305542,16.430347442626953,6.23678457736969,17.257719039916992,21.84116554260254,73.87129974365234,20.95100450515747,65.12784576416016,23.144611835479736,64.81472778320312,1,13.498668127589756,23.144611835479736,48.56204467349582
g_036_019,3.4825,-76.5025,12.001604557037354,64.80108642578125,9.932559490203856,60.90241241455078,11.208341121673584,59.32870101928711,7.354382753372192,21.174118041992188,9.522561073303224,21.87367248535156,6.154002785682678,23.14651107788086,22.169856071472168,74.3427734375,21.271514892578125,65.30690002441406,23.36151361465454,65.23822021484375,1,13.664037373330858,23.36151361465454,50.67937723795573
g_036_020,3.4825,-76.4975,11.99714994430542,65.4229507446289,9.88714075088501,61.49985885620117,11.110088348388672,59.7341194152832,7.330220937728882,26.456865310668945,9.58469295501709,27.33936882019043,5.846422553062439,29.012784957885746,22.662679195404053,74.90473937988281,21.75532341003418,65.53316497802734,23.657390117645264,65.74229431152344,1,13.75901202360789,23.657390117645264,52.84957186381022
g_036_021,3.4825,-76.49249999999999,11.891470432281494,66.13111114501953,9.711289405822754,62.180213928222656,10.866119861602783,60.19596481323242,7.200675487518311,31.946155548095703,9.400736808776855,33.01217269897461,5.520617723464966,34.994773864746094,23.83687448501587,75.52839660644531,22.703643798828125,65.79373931884766,24.381179332733154,66.3008804321289,1,13.945845259560478,24.381179332733154,55.12037870619032
g_036_022,3.4825,-76.4875,11.643452644348145,66.92207336425781,9.325327396392822,62.94010543823242,10.277546882629396,60.71199798583984,7.053532838821411,37.74029159545898,9.068439483642578,38.99225997924805,5.227152585983276,41.188812255859375,26.33945083618164,76.19342803955078,24.68978881835937,66.07919311523438,26.06644821166992,66.89563751220703,1,14.410126633114285,26.33945083618164,57.5181999206543
g_036_023,3.4825,-76.4825,11.040566205978394,67.7921371459961,8.725333213806152,63.7759895324707,9.324077606201172,61.27986907958984,6.821223974227905,43.83451843261719,8.902719020843506,45.275428771972656,5.308617115020752,47.61034393310547,30.62535333633423,76.8847885131836,28.311492919921875,66.38248443603516,29.5715389251709,67.51311492919922,1,15.403435813056099,30.62535333633423,60.03874164157443
g_036_024,3.4825,-76.47749999999999,10.483080625534058,68.73751068115234,8.381423473358154,64.68421173095703,8.740571022033691,61.89715194702149,6.677267074584961,50.17768096923828,8.879040718078613,51.81038284301758,5.661277532577515,54.23274993896485,34.005088806152344,77.59297943115234,31.63914585113525,66.69898223876953,33.03117084503174,68.1448974609375,4,16.38867399427626,34.005088806152344,62.664060804578995
g_036_025,3.4825,-76.4725,10.24519109725952,69.75434875488281,8.309247016906738,65.66107940673828,8.633706092834473,62.56137847900391,6.71991491317749,56.71512222290039,8.982653617858887,58.54220962524414,5.987061500549316,61.02180862426758,35.60648965835571,78.31378173828125,33.29450559616089,67.02625274658203,34.83281183242798,68.78736877441406,4,16.956842369503445,35.60648965835571,65.37592781914606
g_036_026,3.4825,-76.4675,10.09802532196045,70.83881378173828,8.27353811264038,66.7029037475586,8.654798030853271,63.27009201049805,6.791542530059815,63.40550231933594,9.103118419647217,65.42945098876953,6.272539138793945,67.95073699951172,36.49430179595947,79.04719543457031,34.216700077056885,67.36363220214844,35.8505744934082,69.4406509399414,4,17.306126435597736,36.49430179595947,68.1609976026747
g_036_027,3.4825,-76.46249999999999,9.793741703033447,71.98711395263672,8.242738723754883,67.80604553222656,8.650279998779297,64.02085876464844,6.91529655456543,70.22244262695312,8.932416915893555,72.44573211669922,6.527663469314575,75.00271606445312,38.22289228439331,79.79581451416016,35.800660610198975,67.71154022216797,37.80824708938599,70.10720825195312,4,17.877104149924385,38.22289228439331,71.01105244954427
g_036_028,3.4825,-76.4575,9.525094032287598,73.19557189941406,8.270223617553711,68.96697235107422,8.89026689529419,64.81130981445312,6.947067260742188,77.15078735351562,8.642143249511719,79.57598114013672,6.804753065109253,82.16851043701172,39.815248012542725,80.56340026855469,37.6239128112793,68.0709228515625,40.07014656066895,70.79051971435547,4,18.509872833887737,40.07014656066895,73.92155287000868
g_036_029,3.4825,-76.4525,9.26261854171753,74.46061706542969,8.391768455505371,70.1822509765625,9.395248889923096,65.6391372680664,7.254145622253418,84.18235778808594,8.627322673797607,86.81210327148438,7.2626564502716064,89.44339752197266,40.91235017776489,81.35369873046875,39.05849456787109,68.44278717041016,41.81096076965332,71.49404907226562,4,19.10839623875088,41.81096076965332,76.89004431830512
g_036_030,3.4825,-76.44749999999999,9.057178974151611,75.7788314819336,8.632156372070312,71.44860076904297,9.882383346557615,66.50212860107422,7.673004627227783,91.31266021728516,8.857181549072266,94.14965057373048,7.801719427108765,96.82474517822266,41.47111034393311,82.16976928710938,39.84272432327271,68.8279037475586,42.73410606384277,72.2205810546875,4,19.550173891915215,42.73410606384277,79.91498565673828
g_036_031,3.4825,-76.4425,8.89197039604187,77.14695739746094,8.817835807800293,72.76288604736328,10.182964324951172,67.39818572998047,7.787420272827148,98.53880310058594,8.965340614318848,101.58575439453124,8.01493501663208,104.3105010986328,41.87148904800415,83.01358032226562,40.26939535140991,69.22672271728516,43.31149625778198,72.97196960449219,4,19.790316343307495,43.31149625778198,82.99504004584418
g_036_032,3.4825,-76.4375,8.846240282058716,78.56190490722656,8.937183380126953,74.12214660644531,10.308103561401367,68.32528686523438,7.733196258544922,105.85833740234376,8.925568103790283,109.11793518066406,8.059906482696533,111.89842224121094,41.93659782409668,83.88605499267578,40.35947751998901,69.63926696777344,43.48955726623535,73.74903869628906,4,19.84398118654887,43.48955726623535,86.1287104288737
g_036_033,3.4825,-76.43249999999999,8.917320489883423,80.02076721191406,8.95732831954956,75.5235824584961,10.334867477416992,69.28154754638672,7.730579853057861,113.26871490478516,8.962461948394775,116.74354553222656,8.181912899017334,119.58576202392578,41.78575420379639,84.78713989257812,40.27611446380615,70.06527709960938,43.42640972137451,74.5517807006836,4,19.841416597366333,43.42640972137451,89.3142352634006
g_036_034,3.4825,-76.4275,9.077244758605955,81.52079772949219,8.924449443817139,76.96456909179688,10.335251092910768,70.26518249511719,8.10164213180542,120.7670440673828,9.2855806350708,124.45962524414062,8.619209289550781,127.3692626953125,41.51122283935547,85.71607208251953,40.1854362487793,70.50421142578125,43.14723777770996,75.3795166015625,4,19.90969713528951,43.14723777770996,92.5495868259006
g_036_035,3.4825,-76.4225,9.227161169052124,83.05944061279297,8.926298141479492,78.44264221191406,10.40636110305786,71.27452087402344,8.91182804107666,128.3501434326172,9.963394165039062,132.26283264160156,9.486427307128906,135.2451934814453,41.29037666320801,86.67157745361328,40.1627402305603,70.95536804199219,42.86203384399414,76.23111724853516,4,20.137402296066284,42.86203384399414,95.83253733317058
g_036_036,3.4825,-76.41749999999999,9.407767295837402,84.6343002319336,8.983325481414795,79.95550537109375,10.389263391494753,72.30799102783203,9.810938835144045,136.01455688476562,10.890295505523682,140.14956665039062,10.43848752975464,143.20957946777344,40.782084465026855,87.65209197998047,39.91194295883179,71.41796112060547,42.27060413360596,77.10517120361328,4,20.320523288514877,42.27060413360596,99.16074710422092
g_036_037,3.4825,-76.4125,9.820134162902832,86.2431411743164,9.073702812194824,81.50100708007812,10.146520614624023,73.3641357421875,10.493271827697754,143.75669860839844,11.924479484558104,148.11611938476562,11.241997718811035,151.2582550048828,39.2413649559021,88.65592193603516,38.680171966552734,71.89116668701172,40.46496391296387,78.00015258789062,4,20.120734161800808,40.46496391296387,102.53184424506293
g_036_038,3.4825,-76.4075,10.732760429382324,87.88389587402344,9.041798114776611,83.0771713256836,9.85248589515686,74.44159698486328,11.394110679626465,151.5729522705078,13.28136157989502,156.15869140625,12.071128368377686,159.38705444335938,35.543224811553955,89.68131256103516,35.218624114990234,72.37417602539062,36.01972818374634,78.91449737548828,3,19.239469130833943,36.01972818374634,105.9434831407335
g_036_039,3.4825,-76.4025,12.382832527160645,89.55462646484375,9.584771633148192,84.68213653564453,11.128800630569458,75.53909301757812,14.47583532333374,159.459716796875,15.73617172241211,164.2735595703125,14.590980052947998,167.5918731689453,28.636818408966064,90.72660064697266,28.365975379943848,72.86619567871094,28.29477548599243,79.84671020507812,3,18.13299568494161,28.636818408966064,109.39339023166232
g_037_000,3.4875,-76.5975,11.91322636604309,72.65693664550781,8.92316484451294,68.44952392578125,10.504575729370115,64.45894622802734,10.759970847517252,109.17192840576172,13.682188987731934,112.41983032226562,13.26657247543335,114.04087829589844,27.95752501487732,88.86638641357422,25.53738832473755,72.03401184082031,23.63143590092659,78.18913269042969,3,16.241783165683348,27.95752501487732,86.69861941867404
g_037_001,3.4875,-76.5925,10.81690788269043,71.60690307617188,8.36835765838623,67.44078826904297,9.312081336975098,63.772239685058594,6.599389359354973,102.0811004638672,10.052371978759766,105.1175537109375,9.351304531097412,106.63438415527344,32.12489676475525,87.80239868164062,29.801990747451782,71.53807067871094,28.22730605304241,77.24127197265625,4,16.072734034723705,32.12489676475525,83.69274563259549
g_037_002,3.4875,-76.58749999999999,10.330154418945312,70.62358856201172,8.260642528533936,66.49614715576172,8.998101711273193,63.12942123413086,4.859424561262131,95.08019256591795,8.52964472770691,97.90794372558594,7.847201824188232,99.32176971435548,33.95338416099548,86.7446060180664,31.80378150939941,71.04582977294922,30.72437173128128,76.29886627197266,4,16.145189685953987,33.95338416099548,80.738707224528
g_037_003,3.4875,-76.5825,10.11925482749939,69.71052551269531,8.230613231658936,65.61898040771484,8.949968814849854,62.53274917602539,4.145171046257019,88.16874694824219,7.8712451457977295,90.79051971435548,7.272386312484741,92.10254669189452,34.872881174087524,85.69267272949219,32.79948341846466,70.55731201171875,32.0558620095253,75.36161041259766,4,16.257429553402794,34.872881174087524,77.83729595608182
g_037_004,3.4875,-76.5775,9.986940622329712,68.87122344970703,8.184538841247559,64.81266784667969,8.932633876800537,61.98447799682617,3.826457858085632,81.34578704833984,7.496126890182495,83.76431274414062,6.994940876960754,84.97571563720703,35.490564584732056,84.64629364013672,33.454082012176514,70.07257080078125,32.91812884807587,74.42919921875,4,16.364934934510124,35.490564584732056,74.98913870917426
g_037_005,3.4875,-76.57249999999999,9.865264415740969,68.10912322998047,8.167325019836426,64.08051300048828,8.933769226074219,61.486812591552734,3.455143630504608,74.6103515625,7.0661797523498535,76.82831573486328,6.670614004135132,77.94026184082031,36.10602474212647,83.605224609375,34.046353578567505,69.59171295166016,33.773120164871216,73.50137329101562,4,16.453754948245155,36.10602474212647,72.19485431247287
g_037_006,3.4875,-76.5675,9.696632862091064,67.42754364013672,8.156292915344238,63.42572021484375,8.931049346923828,61.04187774658203,2.875611186027527,67.96223449707031,6.504443049430847,69.9823226928711,6.10787034034729,70.99595642089844,36.78755354881287,82.56938171386719,34.65869998931885,69.11497497558594,34.74828362464905,72.57803344726562,4,16.496270762549507,36.78755354881287,69.45533837212457
g_037_007,3.4875,-76.5625,9.536338806152344,66.82964324951172,8.214428424835205,62.8513069152832,8.938168048858643,60.65168380737305,2.226840376853943,61.40279769897461,5.929713726043701,63.22773361206055,5.464303493499756,64.14423370361328,37.30749440193176,81.53898620605469,35.12652969360352,68.64276885986328,35.60707151889801,71.65931701660156,4,16.483432054519653,37.30749440193176,66.77205234103732
g_037_008,3.4875,-76.55749999999999,9.451428890228271,66.31831359863281,8.2853684425354,62.36006164550781,8.932083129882812,60.31807708740234,1.685354232788086,54.93497467041016,5.538231730461121,56.56756210327149,4.928855240345001,57.38815689086914,37.41010570526123,80.51475524902344,35.23961520195007,68.17578125,36.05002510547638,70.74584197998047,4,16.391229742103153,37.41010570526123,64.14705827501085
g_037_009,3.4875,-76.5525,9.484055995941162,65.89614868164062,8.348342895507812,61.95447540283203,8.863822937011719,60.04270935058594,1.4236984252929688,48.56070327758789,5.496547102928162,50.0037956237793,4.587571442127228,50.72977066040039,36.80625677108765,79.49824523925781,34.695247173309326,67.71514892578125,35.62947678565979,69.83895111083984,4,16.148335503207313,36.80625677108765,61.58221647474501
g_037_010,3.4875,-76.5475,9.775415897369385,65.56537628173828,8.369378566741943,61.63668823242188,8.735709190368652,59.82699203491211,1.3638625144958496,42.27266693115234,5.658919334411621,43.52888488769531,4.305156648159027,44.16146087646485,35.09380912780762,78.49238586425781,33.05233454704285,67.26268005371094,33.84291911125183,68.94123840332031,4,15.577500548627642,35.09380912780762,59.07648595174154
g_037_011,3.4875,-76.54249999999999,10.28358268737793,65.3277816772461,8.472820281982422,61.408424377441406,8.891301155090332,59.67206573486328,1.507757544517517,36.036746978759766,5.790716767311096,37.107669830322266,3.978016614913941,37.64762496948242,32.30605864524841,77.50238800048828,30.260149717330933,66.82124328613281,30.794448375701904,68.0573501586914,1,14.698316865497166,32.30605864524841,56.62014389038086
g_037_012,3.4875,-76.5375,10.82086181640625,65.18468475341797,8.78794527053833,61.27094650268555,9.425480365753174,59.57876586914063,1.9300915598869324,29.764949798583984,5.730737209320068,30.64952087402344,3.7573547959327698,31.09634590148925,29.36912965774536,76.53728485107422,27.32349467277527,66.39543914794922,27.90585947036743,67.19535827636719,1,13.894550535413954,29.36912965774536,54.18592177497016
g_037_013,3.4875,-76.5325,11.319360256195068,65.13689422607422,9.159705638885498,61.22503280639648,9.997518062591553,59.547611236572266,2.387300461530685,23.28899383544922,5.563413739204407,23.98111724853516,3.702075362205506,24.331695556640625,26.9561710357666,75.61285400390625,25.050147533416748,65.99273681640625,25.90863466262817,66.3694076538086,1,13.338258528047138,26.9561710357666,51.720704820421005
g_037_014,3.4875,-76.5275,11.657958030700684,65.18468475341797,9.477413654327393,61.27094650268555,10.528071880340576,59.57876586914063,2.9424640834331512,16.358226776123047,5.538705229759216,16.844324111938477,3.9279847145080566,17.091394424438477,24.916823863983154,74.75743103027344,23.348105669021606,65.62571716308594,24.49703478813172,65.60486602783203,1,12.981617990467283,24.916823863983154,49.146261850992836
g_037_015,3.4875,-76.5225,11.845645904541016,65.3277816772461,9.739026069641112,61.408424377441406,10.908632278442385,59.67206573486328,3.880551874637604,8.68282699584961,6.032942771911621,8.940738677978516,4.817478656768799,9.072171211242676,23.276231288909912,74.02368927001953,22.06873106956482,65.3163070678711,23.614421367645264,64.94889068603516,1,12.909295698006948,23.614421367645264,46.37698841094971
g_037_016,3.4875,-76.5175,12.013041973114014,65.56537628173828,9.92430830001831,61.63668823242188,11.220913887023926,59.82699203491211,1.7619662284851074,0.0,8.427674293518066,4.169843983992117e-11,5.432986259460449,1.053021336794302e-09,13.137717247009276,6.956111576507384e-13,17.644203186035156,0.0,19.856983184814453,2.8968936082417185e-13,1,11.046643839942085,19.856983184814453,20.781006283351996
g_037_017,3.4875,-76.5125,12.070897579193115,65.89614868164062,10.014036178588867,61.95447540283203,11.37919807434082,60.04270935058594,6.500080466270447,8.590335845947266,8.56680178642273,8.852434158325195,6.867523789405823,9.069189071655272,21.50990200042725,73.7594985961914,20.656026124954224,65.16513061523438,22.97341728210449,64.71499633789062,1,13.393098142411974,22.97341728210449,46.44943534003364
g_037_018,3.4875,-76.5075,12.097985744476318,66.31831359863281,10.050716876983644,62.36006164550781,11.4390230178833,60.31807708740234,7.360063076019287,16.031335830688477,9.70045018196106,16.532146453857422,7.169093728065491,17.081729888916016,21.499143600463867,74.20787048339844,20.61174869537353,65.31837463378906,23.06284236907959,65.11796569824219,1,13.665674143367344,23.06284236907959,49.25398614671495
g_037_019,3.4875,-76.5025,12.103667259216309,66.82964324951172,10.045753955841064,62.8513069152832,11.376755237579346,60.65168380737305,7.473708868026733,22.66319274902344,10.148458003997805,23.3837947845459,6.985052943229675,24.31471443176269,21.88180923461914,74.76253509521484,20.96905279159546,65.52726745605469,23.290717124938965,65.61558532714844,1,13.808330602116055,23.290717124938965,51.84441375732422
g_037_020,3.4875,-76.4975,12.090256214141846,67.42754364013672,9.979537963867188,63.42572021484375,11.285112380981444,61.04187774658203,7.322561025619507,28.84691619873047,10.082988739013672,29.774311065673828,6.5131062269210815,31.074817657470703,22.39294481277465,75.38067626953125,21.50295090675354,65.77363586425781,23.590026378631592,66.16944885253906,1,13.86216496096717,23.590026378631592,54.323883056640625
g_037_021,3.4875,-76.49249999999999,12.01339864730835,68.10912322998047,9.821738243103027,64.08051300048828,11.052237510681152,61.486812591552734,7.256586313247681,34.8817024230957,9.90528392791748,36.00851821899414,6.1622819900512695,37.628150939941406,23.45289087295532,76.04093933105469,22.391966819763184,66.04725646972656,24.21314525604248,66.7603759765625,1,14.029947731229994,24.21314525604248,56.782599131266274
g_037_022,3.4875,-76.4875,11.82616925239563,68.87122344970703,9.563730239868164,64.81266784667969,10.669897556304932,61.98447799682617,7.308321714401245,40.95756912231445,9.74375057220459,42.2805290222168,5.977485656738281,44.15452194213867,25.188596725463867,76.73021697998047,23.75734281539917,66.34130859375,25.31248998641968,67.37655639648438,1,14.371976057688395,25.31248998641968,59.278785705566406
g_037_023,3.4875,-76.4825,11.50952410697937,69.71052551269531,9.207128047943115,65.61898040771484,10.126290798187256,62.53274917602539,7.251702547073364,47.16372299194336,9.552678108215332,48.68201446533203,5.921929836273193,50.7491455078125,27.80147790908813,77.43943786621094,25.90857076644897,66.65089416503906,27.23184585571289,68.0098876953125,1,14.945683108435738,27.80147790908813,61.83970642089844
g_037_024,3.4875,-76.47749999999999,11.102240562438965,70.62358856201172,8.868929386138916,66.49614715576172,9.563132762908936,63.12942123413086,7.147048234939575,53.5245361328125,9.52633571624756,55.23863983154297,6.099936008453369,57.44982147216797,30.45985507965088,78.1628189086914,28.30767297744751,66.97264862060547,29.54840612411499,68.65525817871094,1,15.624839650260078,30.45985507965088,64.47254223293729
g_037_025,3.4875,-76.4725,10.835217475891112,71.60690307617188,8.767128944396973,67.44078826904297,9.21036148071289,63.772239685058594,7.301717758178711,60.03398895263672,9.724668502807615,61.945068359375,6.461667776107788,64.2649917602539,32.248977184295654,78.89772033691406,29.989978790283203,67.30469512939453,31.337432861328125,69.31039428710938,4,16.208572308222454,32.248977184295654,67.17519887288411
g_037_026,3.4875,-76.4675,10.548264741897585,72.65693664550781,8.580657482147217,68.44952392578125,8.972064971923828,64.45894622802734,7.351449489593506,66.6771240234375,9.822109699249268,68.78672790527344,6.698040723800659,71.19209289550781,34.000627517700195,79.64414978027344,31.690363883972168,67.64633178710938,33.16715383529663,69.97542572021484,4,16.758970260620117,34.000627517700195,69.94302876790364
g_037_027,3.4875,-76.46249999999999,10.113545894622805,73.77020263671875,8.45132827758789,69.51899719238281,8.74639081954956,65.18729400634766,7.349187850952148,73.43980407714844,9.705705642700195,75.74977111816406,6.944458723068237,78.22653198242188,36.57648324966431,80.4040298461914,34.206265926361084,67.9977035522461,35.99264860153198,70.65216064453125,4,17.565112776226467,36.57648324966431,72.77183278401692
g_037_028,3.4875,-76.4575,9.780843019485474,74.9432601928711,8.366615772247314,70.64590454101562,8.842724323272705,65.95506286621094,7.333485126495361,80.31159210205078,9.412211418151855,82.823974609375,7.202235698699951,85.36469268798828,38.71286058425903,81.18022155761719,36.57418775558472,68.35942840576172,38.70019292831421,71.34327697753906,4,18.325039625167847,38.71286058425903,75.65860154893663
g_037_029,3.4875,-76.4525,9.50763773918152,76.17278289794922,8.428686141967773,71.8270492553711,9.243437767028809,66.7601089477539,7.520346641540527,87.28557586669922,9.337133884429932,90.00259399414062,7.652342081069946,92.60433959960938,40.12482690811157,81.97581481933594,38.30284595489502,68.73226928710938,40.75697708129883,72.0516128540039,4,18.986026022169327,40.75697708129883,78.60134972466363
g_037_030,3.4875,-76.44749999999999,9.278261184692385,77.45555114746094,8.611732482910156,73.05933380126953,9.697612762451172,67.600341796875,7.853074550628662,94.3572769165039,9.436802387237549,97.2812728881836,8.113073825836182,99.94405364990234,40.87925148010254,82.79351043701172,39.27995157241821,69.11689758300781,41.93834161758423,72.7796630859375,4,19.45423354042901,41.93834161758423,81.5986557006836
g_037_031,3.4875,-76.4425,9.075085401535034,78.78846740722656,8.7952561378479,74.33979034423828,9.984699249267578,68.47377014160156,7.987734794616699,101.5235595703125,9.47052764892578,104.6569366455078,8.330795288085938,107.38260650634766,41.37520265579224,83.63530731201172,39.78971290588379,69.51376342773438,42.67154407501221,73.52926635742188,4,19.720062017440796,42.67154407501221,84.64927419026692
g_037_032,3.4875,-76.4375,9.03332018852234,80.16858673095703,8.874717235565186,75.66558837890625,10.106173515319824,69.37846374511719,7.951874732971191,108.78187561035156,9.408111572265623,112.1270523071289,8.406896114349365,114.91854858398438,41.47154998779297,84.50242614746094,39.93503856658936,69.92305755615234,42.92247438430786,74.30155181884766,4,19.7900173664093,42.92247438430786,87.75190565321181
g_037_033,3.4875,-76.43249999999999,9.106054782867432,81.59312438964844,8.887457847595215,77.03404998779297,10.15566873550415,70.3126220703125,8.142762660980225,116.12974548339844,9.519115447998049,119.68912506103516,8.668778419494629,122.54995727539062,41.43466234207153,85.39527893066406,39.97006845474243,70.34468841552734,42.93651008605957,75.09690856933594,4,19.869008753034805,42.93651008605957,90.9050555759006
g_037_034,3.4875,-76.4275,9.21265959739685,83.05944061279297,8.882192611694336,78.44264221191406,10.216829776763916,71.27452087402344,8.564404010772705,123.5645751953125,9.878155708312988,127.3404769897461,9.16194772720337,130.27442932128906,41.28312921524048,86.31365966796875,39.9317798614502,70.77835083007812,42.74288272857666,75.91517639160156,4,19.985997915267944,42.74288272857666,94.10703023274739
g_037_035,3.4875,-76.4225,9.315199136734009,84.5650405883789,8.916804790496826,79.88896942138672,10.256619691848757,72.26253509521484,9.170401573181152,131.0835418701172,10.349078178405762,135.0782012939453,9.80592393875122,138.089111328125,41.141292095184326,87.2568588256836,39.93782091140747,71.22357940673828,42.58429288864136,76.7557144165039,4,20.16415924496121,42.58429288864136,97.35595024956598
g_037_036,3.4875,-76.41749999999999,9.438868045806885,86.10758972167969,9.000748634338379,81.37079620361328,10.211840629577637,73.27513885498047,9.59947156906128,138.68360900878906,10.88068389892578,142.899169921875,10.30905818939209,145.99078369140625,40.7141227722168,88.22381591796875,39.64773416519165,71.67977142333984,42.0741925239563,77.61758422851562,4,20.208524492051865,42.0741925239563,100.6498065524631
g_037_037,3.4875,-76.4125,9.811578750610352,87.68490600585938,9.072696685791016,82.88601684570312,9.910195589065552,74.31090545654297,9.91178560256958,146.36163330078125,11.593433856964111,150.80010986328125,10.706510066986084,153.9760284423828,39.11430740356445,89.21326446533203,38.31126117706299,72.14629364013672,40.20262050628662,78.4996566772461,4,19.848265515433418,40.20262050628662,103.98653496636285
g_037_038,3.4875,-76.4075,10.69392704963684,89.2949447631836,9.02364730834961,84.43267822265625,9.699695587158203,75.36848449707031,10.662193298339844,154.11436462402344,12.717663764953612,158.7776641845703,11.303992748260498,162.04127502441406,35.30763864517212,90.22383880615234,34.742289543151855,72.62247467041016,35.656700134277344,79.40068817138672,3,18.867527564366657,35.656700134277344,107.36404588487413
g_037_039,3.4875,-76.4025,12.30491018295288,90.93579864501952,9.613916873931885,86.0089340209961,11.084625720977783,76.4466323852539,14.036204814910889,161.93853759765625,15.352668762207031,166.8284454345703,14.094731330871582,170.1829376220703,28.540306568145752,91.254150390625,28.159153938293457,73.1076431274414,28.20496416091919,80.31944274902344,3,17.932386928134495,28.540306568145752,110.78028021918402
g_038_000,3.4925,-76.5975,11.81497859954834,74.50098419189453,8.859283447265625,70.22103118896484,10.37841510772705,65.66555786132812,11.059612095355988,112.40897369384766,14.233545541763306,115.75403594970705,13.761922597885132,117.4212875366211,28.916949033737183,89.19937896728516,26.51256895065308,72.20033264160156,24.64072622358799,78.48869323730469,3,16.686444621947075,28.916949033737183,88.42891947428386
g_038_001,3.4925,-76.5925,10.749359846115112,73.48358154296875,8.403522491455078,69.24365234375,9.33942174911499,64.99974822998047,7.1512700617313385,105.36183166503906,10.85369324684143,108.49666595458984,10.118524312973022,110.06053161621094,33.068713426589966,88.13356018066406,30.94273221492768,71.70442199707031,29.517938762903214,77.53919982910156,4,16.682797345850204,33.068713426589966,85.447021484375
g_038_002,3.4925,-76.58749999999999,10.293794631958008,72.53192901611328,8.39623498916626,68.32943725585938,9.174112796783447,64.37718200683594,5.550744205713272,98.40035247802734,9.478272676467896,101.32757568359376,8.703620433807373,102.78922271728516,34.58426022529602,87.0737533569336,32.71937561035156,71.21221160888672,31.79069060087204,76.59500885009766,4,16.74345624115732,34.58426022529602,82.5151858859592
g_038_003,3.4925,-76.5825,10.132745027542114,71.6492691040039,8.38004732131958,67.48149108886719,9.173144817352297,63.79994583129883,4.8903564512729645,91.52369689941406,8.868184328079224,94.24590301513672,8.125399351119995,95.6064682006836,35.16313481330872,86.01976013183594,33.40585505962372,70.7237777709961,32.76908481121063,75.65591430664062,4,16.767550220092136,35.16313481330872,79.63402514987521
g_038_004,3.4925,-76.5775,10.076644897460938,70.83881378173828,8.344434261322021,66.7029037475586,9.14223051071167,63.27009201049805,4.6194086372852325,84.73045349121094,8.555459022521973,87.25019073486328,7.907181262969971,88.51078796386719,35.44784235954285,84.97144317626953,33.69465661048889,70.23926544189453,33.18332231044769,74.72176361083984,4,16.774575541416805,35.44784235954285,76.8039682176378
g_038_005,3.4925,-76.57249999999999,9.989802122116089,70.10367584228516,8.292619705200195,65.99667358398438,9.121914863586426,62.78963470458984,4.2925426959991455,78.01880645751953,8.160895109176636,80.33858489990234,7.589344620704651,81.50028228759766,35.956313610076904,83.92879486083984,34.09900176525116,69.75889587402344,33.78898572921753,73.79252624511719,4,16.810157802369858,35.956313610076904,74.0253194173177
g_038_006,3.4925,-76.5675,9.832231283187866,69.44686889648438,8.26575231552124,65.36568450927734,9.083916664123535,62.36049270629883,3.7361145615577698,71.38661193847656,7.556524753570557,73.50887298583984,7.023464560508728,74.57270812988281,36.67029285430908,82.89205169677734,34.70734977722168,69.28303527832031,34.7207897901535,72.86836242675781,4,16.844048506683773,36.67029285430908,71.29829872979059
g_038_007,3.4925,-76.5625,9.63345742225647,68.87122344970703,8.29791259765625,64.81266784667969,9.077334880828856,61.98447799682617,3.040540337562561,64.83103942871094,6.902631044387817,66.75814819335938,6.330226540565491,67.72510528564453,37.335712909698486,81.86182403564453,35.27330231666565,68.8122787475586,35.69197082519531,71.94978332519531,4,16.84256543053521,37.335712909698486,68.62294981214735
g_038_008,3.4925,-76.55749999999999,9.52398443222046,68.37933349609375,8.369706153869629,64.34010314941406,9.056591510772703,61.66324615478516,2.390861928462982,58.34702682495117,6.442221641540527,60.08118438720703,5.691011905670166,60.95217514038086,37.54024410247803,80.83938598632812,35.460988998413086,68.3475570678711,36.22015070915222,71.03788757324219,4,16.743973486953312,37.54024410247803,65.9986555311415
g_038_009,3.4925,-76.5525,9.546968221664429,67.97350311279297,8.41384744644165,63.95022201538086,8.9676833152771,61.39826965332031,1.988958716392517,51.923526763916016,6.281348943710327,53.46659469604492,5.21257758140564,54.24235916137695,37.01812672615051,79.82697296142578,34.96593451499939,67.89027404785156,35.8589563369751,70.13465118408203,4,16.472711311446297,37.01812672615051,63.42293039957682
g_038_010,3.4925,-76.5475,9.81956386566162,67.65570831298828,8.416523456573486,63.64492034912109,8.824949264526367,61.19081115722656,1.7850170731544497,45.53649139404297,6.366073369979858,46.88959884643555,4.868831276893616,47.570533752441406,35.35569357872009,78.82847595214844,33.371346950531006,67.44263458251953,34.14628005027771,69.24349975585938,4,15.883808765146467,35.35569357872009,60.88918601142036
g_038_011,3.4925,-76.54249999999999,10.292141437530518,67.42754364013672,8.486371994018555,63.42572021484375,8.939090728759766,61.04187774658203,1.8823806643486023,39.13914489746094,6.431586027145386,40.30202865600586,4.497038245201111,40.88783264160156,32.68846845626831,77.85039520263672,30.69013285636902,67.00799560546875,31.29113292694092,68.37023162841797,4,15.022038148509132,32.68846845626831,58.38364113701714
g_038_012,3.4925,-76.5375,10.871018886566162,67.29016876220703,8.767964839935303,63.29374313354492,9.464488983154297,60.95221710205078,2.26809561252594,32.65533447265625,6.408752918243408,33.625450134277344,4.266444802284241,34.114681243896484,29.729816913604736,76.90372467041016,27.682950973510746,66.59165954589844,28.285502910614014,67.52470397949219,1,14.193892982270983,29.729816913604736,55.8835203382704
g_038_013,3.4925,-76.5325,11.445441722869871,67.24430084228516,9.194159030914308,63.24967193603516,10.136831283569336,60.92227935791016,2.872920602560044,25.99433326721192,6.428753137588501,26.766433715820312,4.374109148979187,27.156299591064453,26.8687744140625,76.00765991210938,24.99439072608948,66.20223236083984,25.868995428085327,66.72407531738281,1,13.576041721635395,26.8687744140625,53.36303181118436
g_038_014,3.4925,-76.5275,11.81805658340454,67.29016876220703,9.523610591888428,63.29374313354492,10.704965591430664,60.95221710205078,3.54879130423069,19.14204216003418,6.6405885219573975,19.71049118041992,4.803817391395569,19.99797439575196,24.704554557800293,75.19747161865234,23.11548352241516,65.8544921875,24.322136163711548,65.99996185302734,1,13.242444914248255,24.704554557800293,50.8265069325765
g_038_015,3.4925,-76.5225,12.03762674331665,67.42754364013672,9.838571548461914,63.42572021484375,11.157336235046388,61.04187774658203,4.6480942368507385,12.56659984588623,7.307344675064087,12.939743041992188,5.727084755897522,13.128725051879885,22.874192237854004,74.54428100585938,21.69718670845032,65.5760726928711,23.39875316619873,65.41610717773438,1,13.18735447857115,23.39875316619873,48.45185226864285
g_038_016,3.4925,-76.5175,12.146281242370604,67.65570831298828,10.019590854644775,63.64492034912109,11.43560791015625,61.19081115722656,5.746696949005127,9.037956237792969,8.388851642608643,9.306793212890623,6.893566370010376,9.445018768310549,21.56694459915161,74.2066879272461,20.70163345336914,65.42375946044922,22.89193344116211,65.1148452758789,1,13.310122940275404,22.89193344116211,47.225166744656036
g_038_017,3.4925,-76.5125,12.16268229484558,67.97350311279297,10.113871097564695,63.95022201538086,11.60040807723999,61.39826965332031,7.063372254371643,12.512235641479492,9.788883447647097,12.888792991638184,7.801926255226135,13.125812530517578,21.022180557250977,74.33689880371094,20.200186491012573,65.4500503540039,22.835006713867188,65.2328872680664,1,13.620946354336208,22.835006713867188,48.54096359676785
g_038_018,3.4925,-76.5075,12.165937900543211,68.37933349609375,10.177062034606934,64.34010314941406,11.670295238494871,61.66324615478516,7.823367834091186,18.93749618530273,10.852961301803589,19.51708030700684,8.244117617607117,19.98965835571289,20.98239755630493,74.76254272460938,20.115761756896973,65.59710693359375,22.930931568145752,65.61530303955078,1,13.88475920094384,22.930931568145752,50.977985594007706
g_038_019,3.4925,-76.5025,12.18145489692688,68.87122344970703,10.181360244750977,64.81266784667969,11.61283540725708,61.98447799682617,7.869282722473144,25.57215881347656,11.119261264801024,26.366304397583008,7.982575178146362,27.14192581176757,21.33208656311035,75.32351684570312,20.439945697784424,65.8084945678711,23.12028646469116,66.11836242675781,1,13.982120937771267,23.12028646469116,53.555459128485786
g_038_020,3.4925,-76.4975,12.155123472213743,69.44686889648438,10.093596935272217,65.36568450927734,11.456942558288574,62.36049270629883,7.581862688064575,31.99842834472656,10.858607769012451,33.002708435058594,7.372049808502197,34.09648895263672,22.05823469161988,75.95470428466797,21.10188102722168,66.0590591430664,23.48157215118408,66.68367767333984,1,14.017763455708822,23.48157215118408,56.10756810506185
g_038_021,3.4925,-76.49249999999999,12.058123350143433,70.10367584228516,9.903440475463867,65.99667358398438,11.181931495666504,62.78963470458984,7.502289772033691,38.2706298828125,10.598741054534912,39.47943878173828,6.906363010406494,40.87124252319336,23.18657732009888,76.62728881835938,22.122154474258423,66.33631134033203,24.13185167312622,67.28541564941406,1,14.176830291748047,24.13185167312622,58.64003456963433
g_038_022,3.4925,-76.4875,11.88403034210205,70.83881378173828,9.688497066497805,66.7029037475586,10.845179080963137,63.27009201049805,7.511468648910522,44.50360107421875,10.386284351348875,45.9130744934082,6.59932541847229,47.56414413452149,24.72845029830933,77.32662963867188,23.44735717773437,66.63308715820312,25.130040645599365,67.91044616699219,1,14.468959225548637,25.130040645599365,61.18475468953451
g_038_023,3.4925,-76.4825,11.646443605422974,71.6492691040039,9.499099254608154,67.48149108886719,10.49109697341919,63.79994583129883,7.517498016357422,50.78289031982422,10.261137008666992,52.39104080200195,6.441095352172852,54.25750732421875,26.52258443832397,78.04438018798828,24.99702978134156,66.94482421875,26.45217514038086,68.55133056640625,1,14.869795507854885,26.52258443832397,63.76696438259549
g_038_024,3.4925,-76.47749999999999,11.343392372131348,72.53192901611328,9.25953245162964,68.32943725585938,10.018749713897703,64.37718200683594,7.524444818496704,57.15451431274414,10.249663829803469,58.96074295043945,6.538992881774902,61.00216293334961,28.58837842941284,78.77574920654297,26.74795150756836,67.2685546875,28.174474716186523,69.20384979248047,1,15.382842302322388,28.58837842941284,66.40045801798503
g_038_025,3.4925,-76.4725,10.97631812095642,73.48358154296875,9.020249366760254,69.24365234375,9.568929195404053,64.99974822998047,7.603775501251221,63.63630294799805,10.322751998901367,65.64094543457031,6.774721384048462,67.82421875,30.82667589187622,79.51856994628906,28.77516269683838,67.6025390625,30.258702278137207,69.86611938476562,4,16.014142937130398,30.82667589187622,69.09063084920247
g_038_026,3.4925,-76.4675,10.546379089355469,74.50098419189453,8.677977561950684,70.22103118896484,9.09357452392578,65.66555786132812,7.619148254394531,70.23100280761719,10.350686073303224,72.43501281738281,7.028344392776489,74.73519897460938,33.43795108795166,80.2726821899414,31.233116626739506,67.94599151611328,32.84361743927002,70.53810119628906,4,16.758977227740818,33.43795108795166,71.83839586046007
g_038_027,3.4925,-76.46249999999999,10.178852796554564,75.5809097290039,8.497107028961182,71.25846862792969,8.842907428741455,66.3725357055664,7.662777900695801,76.93524169921875,10.25508165359497,79.34000396728516,7.411149263381958,81.73954010009766,36.29788875579834,81.03939056396484,34.08919620513916,68.29882049560547,35.897387981414795,71.22103881835938,4,17.681372112698025,36.29788875579834,74.64288330078125
g_038_028,3.4925,-76.4575,9.862926959991457,76.72017669677734,8.443327903747559,72.3529052734375,8.95974349975586,67.11862182617188,7.746561050415039,83.74423217773438,10.126667499542236,86.35143280029297,7.736425638198851,88.83873748779297,38.30175924301148,81.82084655761719,36.299484729766846,68.66136169433594,38.35213661193848,71.91696166992188,4,18.42544812626309,38.35213661193848,77.50280846489801
g_038_029,3.4925,-76.4525,9.601153373718262,77.91565704345703,8.534817218780518,73.50133514404297,9.269916534423828,67.90180206298828,7.893614768981934,90.65359497070312,10.016926288604736,93.46514892578124,8.067911863327026,96.03321838378906,39.67777824401856,82.6195068359375,37.885050773620605,69.03413391113281,40.23683261871338,72.62812805175781,4,19.020444631576538,40.23683261871338,80.41694725884332
g_038_030,3.4925,-76.44749999999999,9.383805990219116,79.1643295288086,8.687463760375977,74.70085906982422,9.58522891998291,68.7201156616211,7.994071960449219,97.65980529785156,9.953073501586914,100.67779541015624,8.34250545501709,103.32294464111328,40.47197580337525,83.43766021728516,38.81318521499634,69.41766357421875,41.41115760803223,73.35665130615234,4,19.404718690448338,41.41115760803223,83.38420274522569
g_038_031,3.4925,-76.4425,9.227710485458374,80.46326446533203,8.814730644226074,75.94866180419922,9.790309190750122,69.57167053222656,8.006370067596436,104.76002502441406,9.845740795135498,107.9866180419922,8.450535774230957,110.70751953125,40.88211679458618,84.27717590332031,39.26564884185791,69.81236267089844,42.07179307937622,74.10426330566406,4,19.594995074801975,42.07179307937622,86.40350680881076
g_038_032,3.4925,-76.4375,9.208660125732422,81.80966186523438,8.859240055084229,77.2420654296875,9.89888072013855,70.45465087890625,8.044010162353516,111.95176696777344,9.832590579986572,115.38916778564452,8.628331184387207,118.18610382080078,40.9730224609375,85.13934326171875,39.43166303634644,70.21845245361328,42.297340393066406,74.87213897705078,4,19.685970968670315,42.297340393066406,89.4737057156033
g_038_033,3.4925,-76.43249999999999,9.283269166946411,83.20085144042969,8.862622261047363,78.5784912109375,9.952956676483154,71.3673095703125,8.356215953826904,119.23262786865234,10.01063585281372,122.8830795288086,9.003222942352295,125.7573699951172,40.95245981216431,86.02484130859375,39.50628852844238,70.63594818115234,42.29915142059326,75.66091918945312,4,19.802980290518867,42.29915142059326,92.59349314371745
g_038_034,3.4925,-76.4275,9.391093254089355,84.6343002319336,8.876122951507568,79.95550537109375,10.024054765701294,72.30799102783203,8.795623779296875,126.60015869140624,10.345390796661375,130.46585083007812,9.505218982696531,133.4195098876953,40.848289012908936,86.93380737304688,39.5211353302002,71.06470489501953,42.20678472518921,76.47075653076172,4,19.94596817758348,42.20678472518921,95.76139831542969
g_038_035,3.4925,-76.4225,9.450140476226808,86.10758972167969,8.933619499206543,81.37079620361328,10.033294677734377,73.27513885498047,9.126625061035156,134.0517578125,10.638288021087646,138.13482666015625,9.915482997894289,141.1702423095703,40.69934701919556,87.86593627929688,39.46025085449219,71.50439453125,42.07061672210693,77.3013687133789,4,20.036407258775498,42.07061672210693,98.9757834540473
g_038_036,3.4925,-76.41749999999999,9.56745171546936,87.61846160888672,8.995965003967285,82.82218933105469,9.954707860946655,74.26726531982422,9.24245023727417,141.58468627929688,10.868176937103271,145.88719177246094,10.094297409057615,149.00697326660156,40.23578882217407,88.82056427001953,39.03321981430054,71.95459747314453,41.47195386886597,78.15218353271484,4,19.94044574101766,41.47195386886597,102.23490142822266
g_038_037,3.4925,-76.4125,9.949066162109377,89.16477966308594,9.056891918182371,84.30763244628906,9.666827917099,75.28297424316406,9.394343376159668,149.19606018066406,11.436841011047363,153.719970703125,10.306159496307371,156.92678833007812,38.47706937789917,89.79679107666016,37.45034313201904,72.4148178100586,39.38073348999024,79.02238464355469,4,19.45758620897929,39.38073348999024,105.53691101074219
g_038_038,3.4925,-76.4075,10.776084184646606,90.7445297241211,9.061838626861572,85.8251953125,9.656591653823853,76.3209457397461,10.147788524627686,156.88290405273438,12.416571140289308,161.6300811767578,10.78977394104004,164.92662048339844,34.57439422607422,90.79356384277344,33.79367542266846,72.8844985961914,34.77666234970093,79.9110336303711,3,18.443708896636963,34.77666234970093,108.87993028428819
g_038_039,3.4925,-76.4025,12.266535758972168,92.35584259033205,9.651249408721924,87.37307739257812,11.130319356918337,77.37994384765625,13.706853866577148,164.64224243164062,15.083704471588137,169.6144561767578,13.707160472869871,173.00332641601562,28.19938087463379,91.80975341796876,27.747649669647217,73.36309051513672,27.965025424957275,80.81712341308594,3,17.71754214498732,28.19938087463379,112.26209513346355
g_039_000,3.4975,-76.5975,11.613483667373655,76.36883544921875,8.717955589294434,72.015380859375,10.087473392486572,66.88850402832031,10.990459978580477,115.8762664794922,14.382256507873535,119.32557678222656,13.891674280166626,121.04215240478516,30.566579818725582,89.57373809814453,28.037064909935,72.3860092163086,26.24334579706192,78.82495880126953,3,17.170032660166424,30.566579818725582,90.2557135687934
g_039_001,3.4975,-76.5925,10.544469356536863,75.38235473632812,8.424118995666504,71.0677261352539,9.352790832519531,66.2425308227539,7.276697874069214,108.880615234375,11.149873971939089,112.12114715576172,10.487419843673706,113.73531341552734,34.63182830810547,88.5091552734375,32.5533322095871,71.89146423339844,31.421543657779694,77.8765869140625,4,17.31578611665302,34.63182830810547,87.30076599121094
g_039_002,3.4975,-76.58749999999999,10.112552165985107,74.46061706542969,8.505002975463867,70.1822509765625,9.382272243499756,65.6391372680664,5.796437039971352,101.96845245361328,9.88874101638794,105.00276184082033,9.1607563495636,106.51564025878906,35.82709741592407,87.4509506225586,34.10944664478302,71.40084075927734,33.49554806947708,76.93383026123047,4,17.36420599122842,35.82709741592407,84.39494238959418
g_039_003,3.4975,-76.5825,10.009186506271362,73.6065902709961,8.522912979125977,69.36181640625,9.412290573120115,65.08023071289062,5.179819367825985,95.13893127441406,9.370195627212524,97.96953582763672,8.591284036636353,99.38224029541016,36.06064772605896,86.39915466308594,34.49297511577606,70.91431427001953,34.11612719297409,75.99668884277344,4,17.306159902777935,36.06064772605896,81.53883361816406
g_039_004,3.4975,-76.5775,10.028604507446287,72.82319641113281,8.4833083152771,68.60924530029297,9.368689060211182,64.56770324707031,5.018768668174744,88.39064025878906,9.205373048782349,91.02001953125,8.441057682037354,92.33363342285156,35.9697585105896,85.35391998291016,34.39806282520294,70.4321517944336,34.08498919010162,75.06529235839844,4,17.22206797864702,35.9697585105896,78.73286692301433
g_039_005,3.4975,-76.57249999999999,10.017700910568236,72.11329650878906,8.416674613952637,67.9272689819336,9.291135311126707,64.10337829589844,4.795388787984848,81.72159576416016,8.919644594192505,84.15219116210938,8.208499908447266,85.36775207519531,36.15374612808228,84.31564331054688,34.45252180099487,69.95475769042969,34.25769007205963,74.13995361328125,4,17.168111347489887,36.15374612808228,75.97731526692708
g_039_006,3.4975,-76.5675,9.913556337356567,71.47960662841797,8.355400562286377,67.31849670410156,9.22464895248413,63.68900680541992,4.323479950428009,75.12906646728516,8.36509394645691,77.36322784423828,7.712734222412109,78.48172760009766,36.67810297012329,83.28507995605469,34.82512068748474,69.48270416259766,34.883047342300415,73.22130584716797,4,17.142353885703617,36.67810297012329,73.27224689059787
g_039_007,3.4975,-76.5625,9.740274906158447,70.92466735839844,8.359854221343994,66.78538513183594,9.187363624572754,63.32621765136719,3.681061625480652,68.60902404785156,7.734517812728882,70.64898681640625,7.058311581611633,71.67134857177734,37.2730917930603,82.26355743408203,35.30162334442139,69.01688385009766,35.713428258895874,72.31049346923828,4,17.116614129808212,37.2730917930603,70.61739603678386
g_039_008,3.4975,-76.55749999999999,9.626906633377075,70.45082092285156,8.39558744430542,66.33016967773438,9.131953239440918,63.01650238037109,3.0404621958732605,62.15494918823242,7.234853267669678,64.00273895263672,6.398217678070068,64.9297866821289,37.50002193450928,81.25325012207031,35.45349478721619,68.5585708618164,36.161529421806335,71.40943145751953,4,16.993669622474247,37.50002193450928,68.01180224948459
g_039_009,3.4975,-76.5525,9.655840635299684,70.06012725830078,8.428707122802734,65.954833984375,9.019855976104736,62.76118087768555,2.598566055297852,55.755958557128906,7.072775602340698,57.41328430175781,5.915005683898926,58.24566268920898,36.98458695411682,80.25767517089844,34.936254024505615,68.10968780517578,35.73968315124512,70.52123260498047,4,16.70569724506802,36.98458695411682,65.4532936943902
g_039_010,3.4975,-76.5475,9.933122158050535,69.75434875488281,8.41426944732666,65.66107940673828,8.906000137329102,62.56137847900391,2.38593852519989,49.39530563354492,7.120233535766602,50.863372802734375,5.529574275016785,51.601470947265625,35.34441041946411,79.282470703125,33.36133623123169,67.67305755615234,34.02207851409912,69.65089416503906,4,16.112995915942722,35.34441041946411,62.938153160942925
g_039_011,3.4975,-76.54249999999999,10.42222809791565,69.53489685058594,8.493526935577393,65.45024871826172,9.051824569702148,62.41800308227539,2.4647319316864014,43.05287551879883,7.231936454772949,44.332279205322266,5.19861114025116,44.9761962890625,32.6700382232666,78.3366928100586,30.70750093460083,67.25296020507812,31.170918464660645,68.80650329589844,4,15.267924083603752,32.6700382232666,60.46229510837131
g_039_012,3.4975,-76.5375,11.049519538879396,69.40280151367188,8.775227546691895,65.32334899902344,9.617857456207275,62.33170700073242,2.938264966011048,36.721778869628906,7.283143997192383,37.81291198730469,5.0785112380981445,38.36263275146485,29.520341157913208,77.43512725830078,27.57394361495972,66.8559799194336,28.00110697746277,68.00129699707031,1,14.426435165935093,29.520341157913208,58.02750947740343
g_039_013,3.4975,-76.5325,11.652624368667604,69.35870361328125,9.239427089691162,65.2809829711914,10.411232948303224,62.30289459228516,3.743777275085449,30.462894439697266,7.66289758682251,31.367979049682617,5.430054783821106,31.824386596679688,26.34252405166626,76.60260009765625,24.6182758808136,66.49256134033203,25.324978828430176,67.25750732421875,1,13.825088090366787,26.34252405166626,55.661167780558266
g_039_014,3.4975,-76.5275,12.03115463256836,69.40280151367188,9.624372482299805,65.32334899902344,10.995737552642822,62.33170700073242,4.6994867622852325,24.55119514465332,8.338736295700073,25.28066635131836,6.206215858459473,25.648738861083984,23.998745441436768,75.88182067871094,22.52481746673584,66.17971801757812,23.80069589614868,66.6134262084961,1,13.579995820919672,23.998745441436768,53.46815808614095
g_039_015,3.4975,-76.5225,12.186010599136353,69.53489685058594,9.935705661773682,65.45024871826172,11.46828269958496,62.41800308227539,5.758479833602905,19.80037879943848,9.247024059295654,20.388994216918945,7.1399165391922,20.68653678894043,22.175281047821045,75.34502410888672,21.04257369041443,65.94479370117188,22.976072311401367,66.13385009765625,1,13.547705160246956,22.976072311401367,51.74474737379286
g_039_016,3.4975,-76.5175,12.260399341583252,69.75434875488281,10.117144584655762,65.66107940673828,11.70023250579834,62.56137847900391,6.698018550872803,17.83055305480957,10.20716404914856,18.361873626708984,8.01319670677185,18.637592315673828,21.056434631347656,75.09164428710938,20.163142442703247,65.82398986816406,22.664580821990967,65.90802001953125,1,13.653368181652493,22.664580821990967,51.070053312513565
g_039_017,3.4975,-76.5125,12.24535059928894,70.06012725830078,10.231500625610352,65.954833984375,11.859859943389893,62.76118087768555,7.689423084259033,19.74698638916016,11.335509061813354,20.33941650390625,8.82549262046814,20.682775497436523,20.548607349395752,75.17428588867188,19.727033615112305,65.83638763427734,22.67052745819092,65.98313903808594,1,13.903700484169853,22.67052745819092,51.837681452433266
g_039_018,3.4975,-76.5075,12.224555253982544,70.45082092285156,10.25683069229126,66.33016967773438,11.886927604675291,63.01650238037109,8.266575694084167,24.392520904541016,12.06439733505249,25.13196563720703,9.168373107910156,25.640106201171875,20.48768758773804,75.52457427978516,19.676769733428955,65.95853424072266,22.79749298095703,66.29776000976562,1,14.092178887791103,22.79749298095703,53.63810602823893
g_039_019,3.4975,-76.5025,12.22080373764038,70.92466735839844,10.244872570037842,66.78538513183594,11.825705528259276,63.32621765136719,8.405605792999268,30.14647102355957,12.247987270355225,31.070144653320312,8.989873170852661,31.810630798339844,20.87829065322876,76.03727722167969,19.97411727905273,66.1529541015625,22.983288764953613,66.75736999511719,1,14.196727196375528,22.983288764953613,55.89012421502007
g_039_020,3.4975,-76.4975,12.177041292190552,71.47960662841797,10.059916019439695,67.31849670410156,11.54275369644165,63.68900680541992,8.146285772323608,36.222564697265625,11.83111572265625,37.34227752685547,8.311049222946167,38.34564208984375,22.01356506347656,76.64195251464844,20.95045161247253,66.39331817626953,23.5002965927124,67.29876708984375,1,14.281386110517714,23.5002965927124,58.30351469251845
g_039_021,3.4975,-76.49249999999999,11.988881826400757,72.11329650878906,9.750398635864258,67.9272689819336,11.070065975189207,64.10337829589844,7.847722768783569,42.37532043457031,11.207212924957275,43.69350051879883,7.472833633422852,44.96043014526367,23.97813129425049,77.30039978027344,22.724220752716064,66.66431427001953,24.68927431106568,67.8876953125,1,14.525415791405571,24.68927431106568,60.78062269422743
g_039_022,3.4975,-76.4875,11.621530532836914,72.82319641113281,9.403710842132568,68.60924530029297,10.45132303237915,64.56770324707031,7.443975210189819,48.56563186645508,10.716095447540283,50.08203125,6.771933078765869,51.59400939941406,26.6153826713562,77.9922866821289,25.13840937614441,66.95703125,26.69096946716309,68.50596618652344,1,14.98370329538981,26.69096946716309,63.29967795477973
g_039_023,3.4975,-76.4825,11.201929807662964,73.6065902709961,9.24497890472412,69.36181640625,9.934618949890137,65.08023071289062,7.261775493621826,54.8126335144043,10.657769203186035,56.52671813964844,6.498929262161255,58.25589370727539,28.835289478302,78.70649719238281,27.23954153060913,67.26605987548828,28.69087314605713,69.14363861083984,1,15.507300641801622,28.835289478302,65.8622309366862
g_039_024,3.4975,-76.47749999999999,10.858811855316162,74.46061706542969,9.082290649414062,70.1822509765625,9.526316165924072,65.6391372680664,7.215137481689453,61.140663146972656,10.591719627380373,63.05233001708984,6.559102296829224,64.96885681152344,30.6890172958374,79.43692016601562,28.94252920150757,67.5880355834961,30.48573303222656,69.7953109741211,4,15.994517511791653,30.6890172958374,68.47379133436415
g_039_025,3.4975,-76.4725,10.53420877456665,75.38235473632812,8.907129287719727,71.0677261352539,9.219854354858398,66.2425308227539,7.343647003173828,67.5652847290039,10.64203405380249,69.67496490478516,6.906561374664307,71.75145721435547,32.95529079437256,80.18057250976562,31.011106967926025,67.92093658447266,32.69350862503052,70.4583740234375,4,16.69037124845717,32.95529079437256,71.13824462890625
g_039_026,3.4975,-76.4675,10.24380612373352,76.36883544921875,8.6863431930542,72.015380859375,8.998276233673096,66.88850402832031,7.555628776550293,74.09314727783203,10.670619010925291,76.40174102783203,7.330418825149536,78.61532592773438,35.09344959259033,80.9365463256836,33.097403049468994,68.26370239257812,34.92701721191406,71.13208770751953,4,17.400329113006592,35.09344959259033,73.85725233289931
g_039_027,3.4975,-76.46249999999999,9.998648643493652,77.41706085205078,8.555145263671875,73.02235412597656,8.939731121063232,67.57512664794922,7.80822229385376,80.72525787353516,10.645524501800535,83.23404693603516,7.853992938995361,85.56688690185547,37.16157579421997,81.70536041259766,35.19991111755371,68.61593627929688,37.163570404052734,71.81700134277344,4,18.147369119856094,37.163570404052734,76.63100348578558
g_039_028,3.4975,-76.4575,9.7812762260437,78.5240707397461,8.586352348327637,74.08580017089844,9.117125034332275,68.30049133300781,8.035876274108887,87.45993041992188,10.654202461242676,90.17047119140624,8.259415864944458,92.60941314697266,38.545555114746094,82.4884033203125,36.73662757873535,68.97767639160156,38.8509521484375,72.51443481445312,4,18.72970922787984,38.8509521484375,79.45896572536893
g_039_029,3.4975,-76.4525,9.596486806869509,79.68695831298828,8.655929565429688,75.20291137695312,9.33056640625,69.06270599365234,8.059490203857422,94.29451751708984,10.448630332946776,97.20858764648438,8.39188289642334,99.74445343017578,39.59434652328491,83.28746795654297,37.8055911064148,69.34918975830078,40.17908525466919,73.22604370117188,4,19.118001010682846,40.17908525466919,82.34031507703993
g_039_030,3.4975,-76.44749999999999,9.44049882888794,80.90287017822266,8.757604598999023,76.37096405029297,9.505903244018556,69.85993194580078,7.984064102172852,101.22628021240234,10.229379177093506,104.34580993652344,8.469386577606201,106.97260284423828,40.218246936798096,84.1043701171875,38.45494985580444,69.7308349609375,41.09728288650513,73.9535140991211,4,19.350812911987305,41.09728288650513,85.27413092719183
g_039_031,3.4975,-76.4425,9.36145806312561,82.1690444946289,8.847263813018799,77.5873031616211,9.671494007110596,70.69038391113281,7.938558578491211,108.25260925292967,10.117144584655762,111.5796356201172,8.521397113800049,114.29377746582033,40.51179504394531,84.94071197509766,38.77455234527588,70.1229019165039,41.58256530761719,74.69833374023438,4,19.48069209522671,41.58256530761719,88.25941128200955
g_039_032,3.4975,-76.4375,9.359477996826172,83.48283386230469,8.901090621948242,78.84937286376953,9.78537917137146,71.55233001708984,7.998093605041504,115.37104034423828,10.161153316497805,118.90766143798828,8.710622310638428,121.70740509033205,40.585143089294434,85.79769897460938,38.95664024353027,70.52560424804688,41.82473373413086,75.46162414550781,4,19.586926009919907,41.82473373413086,91.29506344265408
g_039_033,3.4975,-76.43249999999999,9.397346019744871,84.8416748046875,8.931061267852783,80.15471649169922,9.880568504333496,72.44410705566406,8.332103729248047,122.57916259765624,10.366888523101808,126.32749938964844,9.127872467041016,129.21238708496094,40.57916831970215,86.67610168457031,39.10261058807373,70.93899536132812,41.90663909912109,76.24408721923828,4,19.736028724246555,41.90663909912109,94.3798590766059
g_039_034,3.4975,-76.4275,9.460229873657228,86.2431411743164,8.968379974365234,81.50100708007812,9.927520751953123,73.3641357421875,8.718796253204346,129.87452697753906,10.66891384124756,133.83668518066406,9.58289098739624,136.80722045898438,40.39991760253906,87.57626342773438,39.07035684585571,71.36299896240234,41.7834587097168,77.04605102539062,4,19.842273871103924,41.7834587097168,97.51244778103299
g_039_035,3.4975,-76.4225,9.56366729736328,87.68490600585938,9.028406143188477,82.88601684570312,9.882006883621216,74.31090545654297,8.94219970703125,137.25462341308594,10.8849515914917,141.43264770507812,9.870174884796144,144.4899444580078,40.09541702270508,88.49812316894531,38.8412766456604,71.79740905761719,41.421040534973145,77.86747741699219,4,19.8365711900923,41.421040534973145,100.69133928087022
g_039_036,3.4975,-76.41749999999999,9.729466438293455,89.16477966308594,9.05028772354126,84.30763244628906,9.709720373153688,75.28297424316406,8.967802047729492,144.71678161621094,11.07143783569336,149.11270141601562,9.972317695617676,152.25830078125,39.39408779144287,89.44131469726562,38.14405965805054,72.24190521240234,40.54327344894409,78.70804595947266,4,19.620272556940716,40.54327344894409,103.91493733723958
g_039_037,3.4975,-76.4125,10.129265785217283,90.68067169189452,9.082125663757324,85.76384735107422,9.514729738235474,76.27897644042969,9.128458976745604,152.25830078125,11.51766061782837,156.87403869628906,10.124688625335692,160.10975646972656,37.5099458694458,90.40520477294922,36.32824087142944,72.69609832763672,38.24151420593262,79.56719207763672,4,19.06407003932529,38.24151420593262,107.1815651787652
g_039_038,3.4975,-76.4075,10.8878071308136,92.23062896728516,9.143578052520752,87.25279998779297,9.690191507339478,77.29764556884766,9.887503147125244,159.87637329101562,12.285053730010986,164.71377563476562,10.507229804992676,168.04156494140625,33.69645166397095,91.3890151977539,32.72732400894165,73.15955352783203,33.78865051269531,80.44422149658203,3,18.068198839823406,33.78865051269531,110.48950873480902
g_039_039,3.4975,-76.4025,12.25972843170166,93.81280517578124,9.714384078979492,88.77269744873047,11.178364038467407,78.33775329589844,13.437570571899414,167.56817626953125,14.910362720489502,172.62899780273438,13.437572002410889,176.05088806152344,27.936858654022217,92.391845703125,27.409008502960205,73.63180541992188,27.790469646453857,81.33833312988281,3,17.56381318304274,27.936858654022217,113.83703358968098
g_040_000,3.5025,-76.5975,11.514927387237549,78.25859832763672,8.607312202453613,73.83077239990234,9.9118013381958,68.12651824951172,10.971433877944946,119.58082580566406,14.473466873168944,123.14168548583984,14.082072734832764,124.91079711914062,31.74459218978882,89.99142456054688,29.06997072696685,72.59176635742188,27.350813925266262,79.19970703125,3,17.52515458398395,31.74459218978882,92.18134392632379
g_040_001,3.5025,-76.5925,10.458155870437622,77.30144500732422,8.392038822174072,72.91129302978516,9.385019779205322,67.49938201904297,7.394852936267853,112.64643096923828,11.283647060394289,116.0002670288086,10.807944059371948,117.6680679321289,35.67615723609924,88.93128204345703,33.557655692100525,72.09996032714844,32.67814660072327,78.25530242919922,4,17.737068672974903,35.67615723609924,89.25704786512587
g_040_002,3.5025,-76.58749999999999,10.027262210845947,76.40796661376953,8.531976699829102,72.052978515625,9.524657726287842,66.91413879394531,5.958954304456711,105.79571533203124,10.072781562805176,108.94508361816406,9.4991557598114,110.51271057128906,36.74189615249634,87.8783950805664,34.97941565513611,71.61249542236328,34.671384036540985,77.31729125976562,4,17.778609345356625,36.74189615249634,86.38186391194661
g_040_003,3.5025,-76.5825,9.936893224716188,75.5809097290039,8.569752216339111,71.25846862792969,9.57967233657837,66.3725357055664,5.3135170340538025,99.02838134765624,9.616255283355711,101.97581481933594,8.899726152420044,103.44438934326172,36.82848358154297,86.83309173583984,35.23885679244995,71.12969207763672,35.151594042778015,76.3859634399414,4,17.681638962692684,36.82848358154297,83.55658298068576
g_040_004,3.5025,-76.5775,9.98766565322876,74.82295989990234,8.548555850982666,70.53033447265625,9.492384910583496,65.87631225585938,5.142455220222473,92.3437957763672,9.517714977264404,95.09181213378906,8.704934120178223,96.46245574951172,36.47986817359924,85.79595947265625,34.92616629600525,70.65196990966797,34.82951200008392,75.4617919921875,4,17.514361911349827,36.47986817359924,80.78193240695529
g_040_005,3.5025,-76.57249999999999,10.04279112815857,74.13670349121094,8.473356246948242,69.87107849121094,9.369858264923096,65.42713928222656,5.021662704646587,85.74102783203125,9.383272886276243,88.29214477539062,8.562925815582275,89.56592559814453,36.29254341125488,84.76791381835938,34.65892052650452,70.17996215820312,34.58186364173889,74.54558563232422,4,17.376354958448147,36.29254341125488,78.05860900878906
g_040_006,3.5025,-76.5675,10.010189294815063,73.52461242675781,8.4150710105896,69.28306579589844,9.297260284423828,65.02659606933594,4.767368644475937,79.2188949584961,9.05466890335083,81.5755844116211,8.27474856376648,82.75355529785156,36.5276312828064,83.75039672851562,34.74098467826843,69.71451568603516,34.80403816699982,73.63858032226562,4,17.321328981055153,36.5276312828064,75.38731129964192
g_040_007,3.5025,-76.5625,9.909216165542604,72.9889907836914,8.391593933105469,68.76851654052734,9.229611873626707,64.67616271972656,4.325277745723724,72.77591705322266,8.572402477264404,74.94059753417969,7.776640653610229,76.0237808227539,36.88714098930359,82.74559783935547,34.99950432777405,69.25685119628906,35.29452872276306,72.74272155761719,4,17.265101876523758,36.88714098930359,72.76879289415147
g_040_008,3.5025,-76.55749999999999,9.847126960754396,72.53192901611328,8.3935227394104,68.32943725585938,9.168298244476318,64.37718200683594,3.846974164247513,66.41051483154297,8.209736824035645,68.38557434082031,7.265960931777954,69.37494659423828,36.99742722511292,81.75687408447266,35.05437231063843,68.80870819091797,35.54426324367523,71.86094665527344,4,17.147520293792088,36.99742722511292,70.20401255289714
g_040_009,3.5025,-76.5525,9.90825891494751,72.1552963256836,8.409992694854736,67.96761322021484,9.058477401733398,64.13085174560547,3.4940788745880127,60.12214279174805,8.08428430557251,61.90995407104492,6.828992486000061,62.80647659301758,36.38802361488342,80.78926849365234,34.40304493904114,68.37255096435547,34.94171977043152,70.99774932861328,4,16.835208111339146,36.38802361488342,67.69465594821506
g_040_010,3.5025,-76.5475,10.188188552856444,71.86065673828125,8.414660930633545,67.68456268310547,9.011435985565186,63.93816757202149,3.314574658870697,53.91540145874024,8.156883955001831,55.51846694946289,6.456647515296936,56.32315444946289,34.69459390640259,79.85042572021484,32.75886154174805,67.95194244384766,33.1359498500824,70.1599349975586,4,16.23686632182863,34.69459390640259,65.24474589029948
g_040_011,3.5025,-76.54249999999999,10.672451257705688,71.6492691040039,8.517191410064697,67.48149108886719,9.264400959014893,63.79994583129883,3.44270732998848,47.8115119934082,8.27156400680542,49.23296737670898,6.167336344718933,49.947147369384766,32.10214161872864,78.9520034790039,30.22198438644409,67.55204772949219,30.4233341217041,69.35790252685547,4,15.453679048352772,32.10214161872864,62.864920722113716
g_040_012,3.5025,-76.5375,11.28092074394226,71.5220718383789,8.899723529815674,67.35929107666016,9.894646167755129,63.71677017211914,4.0293106734752655,41.875858306884766,8.597375392913818,43.12079620361328,6.238518953323364,43.74678039550781,28.853246450424194,78.11188507080078,27.127909421920776,67.18047332763672,27.324387550354004,68.6076889038086,1,14.694004320436054,28.853246450424194,60.58240169949002
g_040_013,3.5025,-76.5325,11.850692987442017,71.47960662841797,9.356582164764404,67.31849670410156,10.676153659820557,63.68900680541992,4.92071970552206,36.27520751953125,9.207109928131104,37.35371398925781,6.762658357620239,37.8963737487793,25.63608455657959,77.3576431274414,24.19343400001526,66.84842681884766,24.726183652877808,67.93396759033203,1,14.14773544586367,25.63608455657959,58.46138254801432
g_040_014,3.5025,-76.5275,12.16698718070984,71.5220718383789,9.797572612762451,67.35929107666016,11.309305667877195,63.71677017211914,5.950511604547501,31.37559127807617,10.17588233947754,32.3087158203125,7.636882781982422,32.778846740722656,23.20327615737915,76.73055267333984,22.02384781837464,66.5721206665039,23.30915355682373,67.373779296875,1,13.952602191103828,23.30915355682373,56.63752661810981
g_040_015,3.5025,-76.5225,12.288685083389282,71.6492691040039,10.074256420135498,67.48149108886719,11.72196626663208,63.79994583129883,6.8277429938316345,27.83954811096192,11.06505012512207,28.66827774047852,8.462434530258179,29.088661193847656,21.52564477920532,76.28661346435547,20.583686590194706,66.37283325195312,22.67660450935364,66.97736358642578,1,13.914007922013601,22.67660450935364,55.3515559302436
g_040_016,3.5025,-76.5175,12.304272651672363,71.86065673828125,10.21171522140503,67.68456268310547,11.895253658294678,63.93816757202149,7.443214893341064,26.50290298461914,11.797059059143066,27.293699264526367,9.062021255493164,27.70664978027344,20.731224536895752,76.08272552490234,19.870600938797,66.27177429199219,22.576015949249268,66.79576873779297,1,13.987930907143486,22.576015949249268,54.904100841946075
g_040_017,3.5025,-76.5125,12.283922672271729,72.1552963256836,10.305561542510986,67.96761322021484,12.00912094116211,64.13085174560547,8.05699896812439,27.78291702270508,12.468886375427246,28.61579704284668,9.55970859527588,29.08399772644043,20.3242769241333,76.14107513427734,19.51046133041382,66.27741241455078,22.60824918746948,66.8488998413086,1,14.125242948532104,22.60824918746948,55.4448733859592
g_040_018,3.5025,-76.5075,12.259944915771484,72.53192901611328,10.296727657318115,68.32943725585938,11.997839450836182,64.37718200683594,8.530293345451355,31.23389434814453,12.968908786773682,32.17662048339844,9.825434923171995,32.76918029785156,20.3728928565979,76.42729949951172,19.50182628631592,66.37779998779297,22.752281665802,67.1058578491211,1,14.27846109867096,22.752281665802,56.8143556382921
g_040_019,3.5025,-76.5025,12.256434679031372,72.9889907836914,10.21383285522461,68.76851654052734,11.893011569976808,64.67616271972656,8.777350664138794,36.013275146484375,13.093788623809814,37.10848236083984,9.718064069747925,37.881961822509766,20.99583101272583,76.87767028808594,19.989754676818848,66.5499267578125,23.06529855728149,67.50941467285156,1,14.444818523195055,23.06529855728149,58.70826678805881
g_040_020,3.5025,-76.4975,12.134915590286257,73.52461242675781,9.881548404693604,69.28306579589844,11.413411140441896,65.02659606933594,8.587339401245117,41.47081756591797,12.51546573638916,42.7407341003418,8.945510387420654,43.72938919067383,22.97328805923462,77.43509674072266,21.63871693611145,66.7724838256836,24.061171054840088,68.0083236694336,1,14.683485190073648,24.061171054840088,60.887902153862846
g_040_021,3.5025,-76.49249999999999,11.620315313339232,74.13670349121094,9.299951553344728,69.87107849121094,10.453364849090576,65.42713928222656,7.872206449508667,47.259376525878906,11.45738410949707,48.71454620361328,7.732106208801269,49.93055725097656,26.82417821884156,78.06055450439453,25.101805925369263,67.03023529052734,26.7395339012146,68.56759643554688,1,15.233427392111885,26.82417821884156,63.221976386176216
g_040_022,3.5025,-76.4875,10.822293758392334,74.82295989990234,8.812143802642822,70.53033447265625,9.45615577697754,65.87631225585938,7.179093360900879,53.22925567626953,10.942549228668211,54.87454605102539,7.019166231155396,56.31325912475586,31.383742332458496,78.72998046875,29.44655513763428,67.31321716308594,30.895504474639893,69.1656723022461,4,16.21746712260776,31.383742332458496,65.65061526828342
g_040_023,3.5025,-76.4825,10.297417402267456,75.5809097290039,8.749395847320557,71.25846862792969,9.131471157073976,66.3725357055664,6.873658418655396,59.32693099975586,10.783422946929932,61.164794921875,6.880227088928223,62.81112289428711,34.19702959060669,79.4290771484375,32.38195466995239,67.61505889892578,34.04940605163574,69.78978729248047,4,17.038220352596706,34.19702959060669,68.1498540242513
g_040_024,3.5025,-76.47749999999999,10.077134609222412,76.40796661376953,8.827221870422363,72.052978515625,9.085315227508543,66.91413879394531,6.891465902328491,65.53748321533203,10.818819046020508,67.56950378417969,7.014958620071411,69.4035415649414,35.46154069900513,80.1495132446289,33.6931848526001,67.93167877197266,35.62120771408081,70.43253326416016,4,17.498983171251083,35.62120771408081,70.71103752983942
g_040_025,3.5025,-76.4725,9.92262864112854,77.30144500732422,8.792978763580322,72.91129302978516,9.079912662506104,67.49938201904297,7.109901905059815,71.858154296875,10.828702926635742,74.08567810058594,7.332576274871826,76.0867691040039,36.55493211746216,80.8867416381836,34.74410104751587,68.26055145263672,36.778738021850586,71.08988189697266,4,17.90494137340122,36.778738021850586,73.33109961615668
g_040_026,3.5025,-76.4675,9.857689380645752,78.25859832763672,8.709707260131836,73.83077239990234,9.10256004333496,68.12651824951172,7.43214225769043,78.28822326660156,10.81306791305542,80.71268463134766,7.714487791061401,82.86182403564453,37.38134050369263,81.63865661621094,35.56160593032837,68.60018157958984,37.640867710113525,71.7600326538086,4,18.245940976672703,37.640867710113525,76.00861019558377
g_040_027,3.5025,-76.46249999999999,9.78703761100769,79.27667236328125,8.67810869216919,74.80877685546875,9.164901733398438,68.79375457763672,7.783156394958496,84.82624816894531,10.89279079437256,87.44918823242188,8.175388813018799,89.73026275634766,38.26052236557007,82.40473937988281,36.480305671691895,68.94979858398438,38.61463737487793,72.44258117675781,4,18.648538827896118,38.61463737487793,78.74244689941406
g_040_028,3.5025,-76.4575,9.729271411895752,80.35291290283203,8.688565731048584,75.84265899658203,9.279705047607422,69.49932098388672,8.039708137512207,91.46984100341795,10.87035608291626,94.29297637939452,8.511117458343506,96.69307708740234,38.89066743850708,83.18551635742188,37.1592903137207,69.30911254882812,39.35169744491577,73.1380615234375,4,18.946708785163032,39.35169744491577,81.53149753146701
g_040_029,3.5025,-76.4525,9.629596710205078,81.48460388183594,8.710874080657959,76.92980194091797,9.331991910934448,70.24144744873047,8.023760795593262,98.2161636352539,10.68095636367798,101.24131774902344,8.57757043838501,103.75061798095705,39.44835948944092,83.98204803466797,37.68763256072998,69.67811584472656,40.079833984375,73.84748077392578,4,19.13006403711107,40.079833984375,84.37462192111545
g_040_030,3.5025,-76.44749999999999,9.566084623336792,82.6690673828125,8.77653455734253,78.06763458251953,9.441626787185667,71.01840209960938,7.947322845458984,105.06224060058594,10.481969833374023,108.2913589477539,8.60214614868164,110.90271759033205,39.83157587051392,84.79560089111328,38.04371070861816,70.05695343017578,40.668091773986816,74.5720443725586,4,19.262118127610947,40.668091773986816,87.27066887749567
g_040_031,3.5025,-76.4425,9.464197158813477,83.9037094116211,8.855772972106934,79.25366973876953,9.573915481567385,71.82850646972656,7.930177211761475,112.00520324707033,10.348426342010498,115.44031524658205,8.686466217041016,118.14881134033205,40.22013759613037,85.6274185180664,38.382704734802246,70.44578552246094,41.23800325393677,75.31288146972656,4,19.411088996463352,41.23800325393677,90.21847788492839
g_040_032,3.5025,-76.4375,9.396599292755129,85.18599700927734,8.97141695022583,80.48548126220703,9.731725454330444,72.67012023925781,7.988350868225098,119.04230499267578,10.36679220199585,122.68546295166016,8.868269920349121,125.48797607421876,40.48100090026856,86.47852325439453,38.7010760307312,70.84474182128906,41.70502042770386,76.0709457397461,4,19.57891689406501,41.70502042770386,93.21683926052518
g_040_033,3.5025,-76.43249999999999,9.353883743286133,86.51350402832031,9.060384273529053,81.76072692871094,9.90534806251526,73.54165649414062,8.245323181152344,126.1708755493164,10.541262149810793,130.02415466308594,9.170181274414062,132.91893005371094,40.55665683746338,87.3496322631836,38.94693374633789,71.25387573242188,41.97575044631958,76.84691619873047,4,19.750635968314278,41.97575044631958,96.26447465684679
g_040_034,3.5025,-76.4275,9.428099632263184,87.88389587402344,9.12904977798462,83.0771713256836,9.963441133499146,74.44159698486328,8.565067768096924,133.38827514648438,10.84564733505249,137.45375061035156,9.523074626922607,140.44007873535156,40.34723615646362,88.24114227294922,38.90716743469238,71.67312622070312,41.82354211807251,77.64116668701172,4,19.836925109227497,41.82354211807251,99.36002265082465
g_040_035,3.5025,-76.4225,9.561932802200316,89.2949447631836,9.183810234069824,84.43267822265625,9.8588228225708,75.36848449707031,8.782351970672607,140.69186401367188,11.10227918624878,144.9715576171875,9.785959720611572,148.0495147705078,39.82000780105591,89.15315246582031,38.495423793792725,72.10234832763672,41.19150972366333,78.45378875732422,4,19.753566450542873,41.19150972366333,102.50203704833984
g_040_036,3.5025,-76.41749999999999,9.80779480934143,90.7445297241211,9.190351963043211,85.8251953125,9.642634630203249,76.3209457397461,8.847177028656006,148.07896423339844,11.34648847579956,152.57485961914062,9.93983554840088,155.74505615234375,38.812371253967285,90.08545684814452,37.481125831604,72.54130554199219,39.9276762008667,79.28462219238281,4,19.443939526875813,39.9276762008667,105.68899281819661
g_040_037,3.5025,-76.4125,10.215388536453249,92.23062896728516,9.18810224533081,87.25279998779297,9.457939386367798,77.29764556884766,9.088516235351562,155.54684448242188,11.74778699874878,160.2608642578125,10.07677936553955,163.52435302734375,36.701340198516846,91.03765106201172,35.436426639556885,72.98967742919922,37.37124252319336,80.13330841064453,3,18.809280236562092,37.37124252319336,108.91930813259549
g_040_038,3.5025,-76.4075,10.972343921661375,93.75133514404295,9.27893352508545,88.7136459350586,9.788583278656006,78.29733276367188,9.851651668548584,163.09275817871094,12.38845443725586,168.0267333984375,10.45942735671997,171.3848114013672,33.010104179382324,92.00914764404295,31.94728374481201,73.44710540771484,33.1325626373291,80.99930572509766,3,17.869927194383408,33.1325626373291,112.19135284423828
g_040_039,3.5025,-76.4025,12.2412588596344,95.3048324584961,9.760995388031006,90.20600128173828,11.219372987747192,79.31883239746094,13.259711265563965,170.7139434814453,14.870107173919678,175.86964416503906,13.2899808883667,179.3237762451172,27.73419046401977,92.99922943115234,27.181072235107425,73.91320037841797,27.691245079040527,81.88199615478516,3,17.47199270460341,27.73419046401977,115.50349511040582
g_041_000,3.5075,-76.5975,11.642528295516968,80.16858673095703,8.649284839630127,75.66558837890625,9.979278564453123,69.37846374511719,11.34545612335205,123.52806854248048,14.996887683868408,127.20797729492188,14.65862488746643,129.0328826904297,31.802653551101685,90.45369720458984,29.093072295188904,72.81802368164062,27.3819819688797,79.61406707763672,3,17.727752023273045,31.802653551101685,94.20748392740886
g_041_001,3.5075,-76.5925,10.575744390487673,79.23924255371094,8.385451793670654,74.7728271484375,9.439927577972412,68.76922607421875,7.830727994441986,116.66608428955078,11.826415538787842,120.14105987548828,11.441515922546388,121.86590576171876,35.75986647605896,89.40117645263672,33.60037052631378,72.3302993774414,32.74816411733627,78.67646026611328,4,17.956464926401775,35.75986647605896,91.31803131103516
g_041_002,3.5075,-76.58749999999999,10.115293979644775,78.37250518798828,8.518779277801514,73.94020080566406,9.56530475616455,68.20116424560547,6.352198898792267,109.8904800415039,10.57426118850708,113.16314697265624,10.0931396484375,114.78913116455078,36.88712430000305,88.35722351074219,35.06277549266815,71.84751892089844,34.81935405731201,77.74642181396484,4,17.998692399925655,36.88712430000305,88.47864362928603
g_041_003,3.5075,-76.5825,9.990793228149414,77.57088470458984,8.572988986968994,73.17013549804688,9.596091270446776,67.67591094970703,5.616850793361664,103.2021255493164,10.071025848388672,106.27513122558594,9.383825063705444,107.80343627929688,36.9940390586853,87.32256317138672,35.33233380317688,71.37014770507812,35.33998239040375,76.82459259033203,4,17.877547827031876,36.9940390586853,85.69054751925998
g_041_004,3.5075,-76.5775,10.035562992095947,76.83686065673828,8.565153121948242,72.4649887084961,9.504778385162354,67.19505310058594,5.358844846487045,96.60203552246094,9.95298194885254,99.4780731201172,9.084517478942873,100.90988159179688,36.56515502929688,86.2982406616211,34.96364879608154,70.89881896972656,34.97648739814758,75.911865234375,4,17.66745888855722,36.56515502929688,82.95509084065755
g_041_005,3.5075,-76.57249999999999,10.12726092338562,76.17278289794922,8.514981269836426,71.8270492553711,9.383734703063965,66.7601089477539,5.267814293503761,90.09163665771484,9.882374286651611,92.7734375,8.922863006591797,94.10995483398438,36.15666747093201,85.2857894897461,34.48061656951904,70.43438720703125,34.46870398521423,75.00958251953125,4,17.467224056522053,36.15666747093201,80.27385881212022
g_041_006,3.5075,-76.5675,10.148618459701538,75.5809097290039,8.470672130584717,71.25846862792969,9.308165073394775,66.3725357055664,5.201310597360134,83.6732177734375,9.747207164764404,86.1635971069336,8.769105195999146,87.40604400634766,36.08395051956177,84.28739166259766,34.297165632247925,69.97799682617188,34.31852161884308,74.11966705322266,4,17.3716351547175,36.08395051956177,77.64886983235677
g_041_007,3.5075,-76.5625,10.146960973739624,75.0633316040039,8.452767848968506,70.76124572753906,9.261592388153076,66.0336685180664,5.041925519704819,77.35076141357422,9.55610704421997,79.65264129638672,8.575793266296387,80.80227661132812,36.140860080718994,83.30618286132812,34.32004690170288,69.5312271118164,34.42552351951599,73.24488067626953,4,17.32461972700225,36.140860080718994,75.08291286892361
g_041_008,3.5075,-76.55749999999999,10.174952507019045,74.6219253540039,8.438257694244385,70.33721160888672,9.221898555755615,65.74472045898438,4.85995227098465,71.13155364990234,9.457767248153688,73.24810028076172,8.330661535263062,74.30628967285156,35.98753905296326,82.3466796875,34.15711760520935,69.09624481201172,34.32798743247986,72.38923645019531,4,17.217348211341434,35.98753905296326,72.58021799723308
g_041_009,3.5075,-76.5525,10.279709815979004,74.25837707519531,8.458547592163086,69.98796844482422,9.168381214141846,65.50676727294922,4.682868584990501,65.02979278564453,9.444050312042236,66.9645767211914,8.019016027450562,67.93286895751953,35.18384575843811,81.41534423828125,33.348483085632324,68.67603302001953,33.48114919662476,71.55847930908203,4,16.89622795416249,35.18384575843811,70.1478008694119
g_041_010,3.5075,-76.5475,10.53895354270935,73.97409057617188,8.486831188201904,69.7148666381836,9.234370231628418,65.32071685791016,4.550435826182365,59.07381820678711,9.491219997406006,60.83127212524414,7.63844108581543,61.71165084838867,33.60000824928284,80.52146911621094,31.788233280181885,68.27471923828125,31.817426681518555,70.7608871459961,4,16.34954667588075,33.60000824928284,67.79816563924153
g_041_011,3.5075,-76.54249999999999,10.902218341827393,73.77020263671875,8.620439529418945,69.51899719238281,9.492074489593506,65.18729400634766,4.674292080104351,53.3204231262207,9.592156648635864,54.90667724609375,7.365532875061035,55.70198440551758,31.44131207466125,79.67839050292969,29.684508800506592,67.89802551269531,29.65853714942932,70.0083999633789,4,15.714563554359806,31.44131207466125,65.55448828803168
g_041_012,3.5075,-76.5375,11.358770847320557,73.64752960205078,8.969436645507812,69.40115356445312,10.038768291473389,65.10702514648438,5.120667970739305,47.88005828857422,9.879025936126707,49.30455017089844,7.362515926361084,50.01938629150391,28.72885751724243,78.90515899658203,27.16942763328552,67.55384826660156,27.234326362609863,69.31805419921875,1,15.095755236740741,28.72885751724243,63.45964050292969
g_041_013,3.5075,-76.5325,11.847446203231812,73.6065902709961,9.403979301452637,69.36181640625,10.726068496704102,65.08023071289062,5.731778189539909,42.95484924316406,10.398906707763672,44.23308944702149,7.598219871520996,44.87539291381836,25.799776077270508,78.22825622558594,24.561266899108887,67.25286102294922,24.96514654159546,68.71359252929688,1,14.559176476465332,25.799776077270508,61.58963097466363
g_041_014,3.5075,-76.5275,12.163219928741457,73.64752960205078,9.844005584716797,69.40115356445312,11.325015544891356,65.10702514648438,6.329720735549927,38.87808990478516,11.0240216255188,40.03561782836914,8.02620005607605,40.61931991577149,23.312695026397705,77.68241882324219,22.389548778533936,67.00868225097656,23.454800367355347,68.22615814208984,1,14.207691960864597,23.454800367355347,60.06733279758029
g_041_015,3.5075,-76.5225,12.31079912185669,73.77020263671875,10.13547420501709,69.51899719238281,11.738744258880615,65.18729400634766,6.9260969161987305,36.109134674072266,11.654254913330078,37.18540954589844,8.595776319503784,37.73399353027344,21.60183811187744,77.30728149414062,20.850330114364624,66.8365707397461,22.741719722747803,67.89131927490234,1,14.06167040930854,22.741719722747803,59.060022566053604
g_041_016,3.5075,-76.5175,12.339789152145386,73.97409057617188,10.287068843841553,69.7148666381836,11.924756050109863,65.32071685791016,7.390441060066223,35.101898193359375,12.217602729797363,36.1503791809082,9.125625133514404,36.69984436035156,20.70852947235108,77.1362533569336,20.04430603981018,66.74928283691406,22.596187353134155,67.73905181884766,1,14.070478426085579,22.596187353134155,58.73182042439779
g_041_017,3.5075,-76.5125,12.313472747802734,74.25837707519531,10.379120826721191,69.98796844482422,12.056646823883057,65.50676727294922,8.00057053565979,36.050086975097656,12.8466157913208,37.13068008422852,9.66608738899231,37.728477478027344,20.335933208465576,77.17984771728516,19.60525608062744,66.75106811523438,22.6407151222229,67.77877044677734,1,14.204935391743978,22.6407151222229,59.15244928995768
g_041_018,3.5075,-76.5075,12.28718090057373,74.6219253540039,10.34442377090454,70.33721160888672,12.028092861175535,65.74472045898438,8.51562488079071,38.74372482299805,13.346758842468262,39.9106330871582,10.058053970336914,40.608360290527344,20.55177927017212,77.41796112060547,19.63146066665649,66.8348617553711,22.85163164138794,67.9924087524414,1,14.401667422718472,22.85163164138794,60.24575636121962
g_041_019,3.5075,-76.5025,12.212294340133669,75.0633316040039,10.169570446014404,70.76124572753906,11.8277325630188,66.0336685180664,8.865031480789185,42.722618103027344,13.437359809875488,44.0163688659668,9.992549657821655,44.85960388183594,21.66190195083618,77.81067657470703,20.465564012527462,66.98607635498047,23.41178941726685,68.3441162109375,1,14.67153263092041,23.41178941726685,61.84418953789605
g_041_020,3.5075,-76.4975,11.926831007003784,75.5809097290039,9.62287187576294,71.25846862792969,11.02518892288208,66.3725357055664,8.592979907989502,47.53239059448242,12.627190113067629,48.97942733764648,9.125351428985596,50.00052261352539,24.8340072631836,78.31578063964844,23.21168208122253,67.1888656616211,25.322132110595703,68.79600524902344,1,15.14313719007704,25.322132110595703,63.78054512871636
g_041_021,3.5075,-76.49249999999999,11.043675184249878,76.17278289794922,8.747737884521484,71.8270492553711,9.609755516052246,66.7601089477539,7.55780291557312,52.85097503662109,11.428749084472656,54.46727752685547,7.9212658405303955,55.683349609375,30.81777000427246,78.8990707397461,28.65997624397278,67.42996978759766,30.04136657714844,69.31739044189453,4,16.20312213897705,30.81777000427246,65.93421936035156
g_041_022,3.5075,-76.4875,10.227431774139404,76.83686065673828,8.427248001098633,72.4649887084961,8.934088230133057,67.19505310058594,6.884625911712647,58.48844146728516,10.798238277435305,60.283451080322266,7.5458478927612305,61.69825744628906,35.71928834915161,79.53628540039062,33.5513768196106,67.69957733154297,35.14079761505127,69.88655853271484,4,17.46988254123264,35.71928834915161,68.23216374715169
g_041_023,3.5075,-76.4825,9.824193954467772,77.57088470458984,8.564868450164795,73.17013549804688,9.141278266906738,67.67591094970703,6.785548686981201,64.34429168701172,10.585147380828856,66.3237533569336,7.576453924179077,67.93135833740234,37.9616265296936,80.21136474609375,36.01435708999634,67.9908447265625,38.07990598678589,70.48914337158203,4,18.28148669666714,38.07990598678589,70.63418748643663
g_041_024,3.5075,-76.47749999999999,9.668256282806396,78.37250518798828,8.694505214691162,73.94020080566406,9.324125289916992,68.20116424560547,6.926489353179932,70.3683090209961,10.625291347503662,72.53601837158203,7.676984786987305,74.32466125488281,38.48469829559326,80.91411590576172,36.723464488983154,68.29914093017578,39.037877559661865,71.11605834960938,4,18.57352140214708,39.037877559661865,73.11913045247395
g_041_025,3.5075,-76.4725,9.646824598312378,79.23924255371094,8.736330509185791,74.7728271484375,9.3413348197937,68.76922607421875,7.122447490692139,76.53539276123047,10.732056140899658,78.8941650390625,7.844407558441162,80.84953308105469,38.66056728363037,81.63836669921875,36.92414999008179,68.62139892578125,39.30608987808228,71.76183319091797,4,18.701578696568806,39.30608987808228,75.67577616373698
g_041_026,3.5075,-76.4675,9.675802946090698,80.16858673095703,8.710647106170654,75.66558837890625,9.300704956054688,69.37846374511719,7.433732986450195,82.8320083618164,10.847614288330078,85.38420104980469,8.13115644454956,87.49170684814453,38.7350959777832,82.38066864013672,36.93439960479736,68.95567321777344,39.287635803222656,72.42343139648438,4,18.784087790383232,39.287635803222656,78.29781426323785
g_041_027,3.5075,-76.46249999999999,9.708752155303957,81.15798950195312,8.730770111083984,76.61604309082031,9.30276584625244,70.02723693847656,7.727993488311768,89.2496566772461,10.937372207641602,91.9974365234375,8.428419589996338,94.24365997314452,38.860090255737305,83.1393814086914,36.98756074905396,69.30078887939453,39.37691926956177,73.09945678710938,4,18.895627074771458,39.37691926956177,80.98129442003038
g_041_028,3.5075,-76.4575,9.72310709953308,82.20487976074219,8.755664825439453,77.6217269897461,9.337677717208862,70.7138900756836,7.918621063232422,95.78209686279295,10.990541458129885,98.72756958007812,8.677615642547607,101.10095977783205,38.94964551925659,83.91407012939453,37.12847852706909,69.65611267089844,39.50419044494629,73.7895736694336,4,18.99839358859592,39.50419044494629,83.72343105740018
g_041_029,3.5075,-76.4525,9.719443798065186,83.30673217773438,8.778339862823486,78.6801986694336,9.34370756149292,71.43677520751953,8.002806186676025,102.42424011230467,10.987380027770996,105.56948852539062,8.832523822784424,108.06063079833984,39.10089492797852,84.70504760742188,37.28777456283569,70.02135467529297,39.71228265762329,74.49411010742188,4,19.085017045338947,39.71228265762329,86.52206420898438
g_041_030,3.5075,-76.44749999999999,9.677574634552002,84.46102142333984,8.804625511169434,79.78904724121094,9.400474309921265,72.19426727294922,7.9807562828063965,109.1716766357422,10.830485343933104,112.51880645751952,8.872559070587158,115.1203384399414,39.38777208328247,85.51297760009766,37.54903697967529,70.39642333984375,40.15339422225952,75.21370697021484,4,19.184075382020737,40.15339422225952,89.37536282009549
g_041_031,3.5075,-76.4425,9.555144786834717,85.6653060913086,8.908365249633789,80.9459228515625,9.513126134872437,72.98477172851562,8.018840789794922,116.02051544189452,10.690064430236816,119.57164764404295,8.993590831756592,122.27806091308594,39.992759227752686,86.33866119384766,38.06102180480957,70.78131866455078,40.92806053161621,75.9491195678711,4,19.406774865256416,40.92806053161621,92.28170267740886
g_041_032,3.5075,-76.4375,9.39382553100586,86.91719818115234,9.031663417816162,82.1485366821289,9.74976110458374,73.8067398071289,8.069447994232178,122.96723175048828,10.586243152618408,126.7244873046875,9.106117248535156,129.53187561035156,40.53502655029297,87.18282318115234,38.60734176635742,71.17607116699219,41.74112319946289,76.70103454589844,4,19.64672777387831,41.74112319946289,95.23955535888672
g_041_033,3.5075,-76.43249999999999,9.291664123535156,88.21438598632812,9.14910364151001,83.3946533203125,9.939169883728027,74.6586685180664,8.21800422668457,130.00857543945312,10.630703449249268,133.97406005859375,9.295072555541992,136.87982177734375,40.74787425994873,88.04605865478516,38.92197227478027,71.58067321777344,42.18807411193848,77.47000885009766,4,19.82018205854628,42.18807411193848,98.24743398030598
g_041_034,3.5075,-76.4275,9.35195255279541,89.55462646484375,9.196070194244385,84.68213653564453,9.955006837844849,75.53909301757812,8.415106296539307,137.1414794921875,10.821361064910889,141.31727600097656,9.544078826904297,144.31985473632812,40.46906232833862,88.9287338256836,38.80163240432739,71.99504852294922,41.94821262359619,78.25637817382812,4,19.83360923661126,41.94821262359619,101.30384741889105
g_041_035,3.5075,-76.4225,9.563793659210203,90.93579864501952,9.210692882537842,86.0089340209961,9.80861520767212,76.4466323852539,8.596051216125488,144.3629608154297,11.144644260406494,148.75111389160156,9.797995567321776,151.8497772216797,39.771831035614014,89.83096313476562,38.18812322616577,72.4190673828125,41.05309867858887,79.0602798461914,4,19.681649525960285,41.05309867858887,104.40728081597223
g_041_036,3.5075,-76.41749999999999,9.869047164916992,92.35584259033205,9.192906856536863,87.37307739257812,9.579943418502808,77.37994384765625,8.787569046020508,151.6701202392578,11.485157012939451,156.2726287841797,9.98692798614502,159.46728515625,38.45318555831909,90.7526626586914,36.93200731277466,72.85253143310547,39.41183423995972,79.88163757324219,4,19.299842066235012,39.41183423995972,107.55619218614366
g_041_037,3.5075,-76.4125,10.30609130859375,93.81280517578124,9.20042610168457,88.77269744873047,9.478373765945436,78.33775329589844,9.137717723846436,159.06011962890625,11.944861888885498,163.87889099121094,10.176331996917725,167.16990661621094,36.18958044052124,91.69355010986328,34.775577545166016,73.2951889038086,36.693238735198975,80.72020721435547,3,18.655799945195515,36.693238735198975,110.74901326497395
g_041_038,3.5075,-76.4075,11.067083597183228,95.3048324584961,9.30257272720337,90.20600128173828,9.90380597114563,79.31883239746094,10.000521659851074,166.53009033203125,12.582858085632324,171.56700134277344,10.603228092193604,174.95509338378906,32.46389198303223,92.6531753540039,31.34449338912964,73.74673461914062,32.54234600067139,81.57559967041016,3,17.756755722893608,32.54234600067139,113.98415120442708
g_041_039,3.5075,-76.4025,12.280171871185305,96.83016204833984,9.799936771392822,91.6712875366211,11.30317449569702,80.32203674316406,13.471440315246582,174.07723999023438,15.16671657562256,179.33409118652344,13.577659606933594,182.8202514648437,27.5933165550232,93.6309814453125,26.971206188201904,74.20681762695312,27.569806575775143,82.44730377197266,3,17.525936550564236,27.5933165550232,117.26001909044054
g_042_000,3.5125,-76.5975,11.91223669052124,82.09732055664062,8.854948997497559,77.51839447021484,10.27137565612793,70.6433334350586,12.090408325195312,127.7213134765625,15.901161193847656,131.52786254882812,15.504656791687012,133.41184997558594,30.80673885345459,90.96114349365234,28.207143425941467,73.0649185180664,26.46434760093689,80.06855010986328,3,17.77922417057885,30.80673885345459,96.33496517605252
g_042_001,3.5125,-76.5925,10.835526943206789,81.1943588256836,8.483810901641846,76.6509780883789,9.521530628204346,70.05109405517578,8.614364862442017,120.94358825683594,12.841485977172852,124.54766082763672,12.35769271850586,126.3330078125,34.92365527153015,89.91924285888672,32.79001343250275,72.58253479003906,31.76311665773392,79.14041900634766,3,18.014577488104504,34.92365527153015,93.4847649468316
g_042_002,3.5125,-76.58749999999999,10.357840061187744,80.35291290283203,8.545902729034424,75.84265899658203,9.541105270385742,69.49932098388672,7.078611969947815,114.2573699951172,11.516767024993896,117.6617431640625,10.952128171920776,119.3497314453125,36.2587320804596,88.8875961303711,34.46515464782715,72.10584259033203,34.02647912502289,78.22137451171875,4,18.082524564531113,36.2587320804596,90.68650563557942
g_042_003,3.5125,-76.5825,10.216473579406738,79.57530975341797,8.58614444732666,75.09566497802734,9.563095569610596,68.98951721191406,6.261587738990784,107.6652603149414,10.900507926940918,110.87277221679688,10.139757871627808,112.46469116210938,36.44314217567444,87.8673324584961,34.81135010719299,71.63545989990234,34.63606595993042,77.31239318847656,4,17.950902819633484,36.44314217567444,87.94204457600911
g_042_004,3.5125,-76.5775,10.24645471572876,78.86381530761719,8.590981006622314,74.41217041015625,9.483209609985352,68.52314758300781,5.874294579029083,101.1706314086914,10.662219524383543,104.18424224853516,9.68523359298706,105.68143463134766,36.03512787818909,86.86000061035156,34.4345817565918,71.17222595214844,34.30863094329834,76.41483306884766,4,17.70230373409059,36.03512787818909,85.2536112467448
g_042_005,3.5125,-76.57249999999999,10.315183877944946,78.2205810546875,8.540311336517334,73.79425811767578,9.372588634490969,68.10160827636719,5.755557954311371,94.7782211303711,10.571368217468262,97.6010513305664,9.43934440612793,99.00489807128906,35.569462060928345,85.86772918701172,33.903594732284546,70.71722412109375,33.725093722343445,75.53057098388672,4,17.465833882490795,35.569462060928345,82.62401580810547
g_042_006,3.5125,-76.5675,10.38641905784607,77.64766693115234,8.524780750274658,73.24388885498047,9.318241119384766,67.72621154785156,5.764865607023239,88.49502563476562,10.53253173828125,91.13038635253906,9.337183952331545,92.4423599243164,35.237574100494385,84.89341735839844,33.508294343948364,70.2718734741211,33.31157064437866,74.66218566894531,4,17.324606812662548,35.237574100494385,80.05700174967448
g_042_007,3.5125,-76.5625,10.44913363456726,77.14695739746094,8.508350372314453,72.76288604736328,9.309545516967772,67.39818572998047,5.820225924253464,82.33179473876953,10.559710502624512,84.78333282470703,9.330928325653076,86.00507354736328,35.06541967391968,83.94107818603516,33.30327606201172,69.83808898925781,33.13047909736633,73.81320190429688,4,17.275229901075363,35.06541967391968,77.55784437391493
g_042_008,3.5125,-76.55749999999999,10.522302150726318,76.72017669677734,8.520804405212402,72.3529052734375,9.325695037841797,67.11862182617188,5.888718247413635,76.30571746826172,10.650837898254396,78.5776138305664,9.285106897354126,79.71098327636719,34.68944573402405,83.01618957519531,32.93957018852234,69.41837310791016,32.76457715034485,72.9885025024414,4,17.176339745521545,34.68944573402405,75.13434261745877
g_042_009,3.5125,-76.5525,10.656171083450316,76.36883544921875,8.566553115844727,72.015380859375,9.360086917877195,66.88850402832031,5.807765573263168,70.4450454711914,10.688350677490234,72.54231262207031,9.046589136123655,73.5896224975586,33.81611752510071,82.12625122070312,32.08783459663391,69.01607513427734,31.884745597839355,72.19478607177734,4,16.87935713595814,33.81611752510071,72.7985348171658
g_042_010,3.5125,-76.5475,10.832776308059692,76.09419250488281,8.63356351852417,71.75154876708984,9.464445114135742,66.7086410522461,5.657676875591278,64.79692840576172,10.639063835144045,66.72600555419922,8.620672464370728,67.69027709960938,32.539602279663086,81.28153228759766,30.81909465789795,68.63563537597656,30.6221866607666,71.4411849975586,4,16.42545352379481,32.539602279663086,70.56954956054688
g_042_011,3.5125,-76.54249999999999,11.003717184066772,75.89727783203125,8.724773406982422,71.56238555908203,9.625383853912354,66.57969665527344,5.580628052353859,59.43978118896485,10.552519798278809,61.20945358276367,8.232599973678589,62.09498596191406,31.24656128883361,80.49588775634766,29.539312839508057,68.28289794921875,29.417239904403687,70.74009704589844,4,15.991415144668686,31.24656128883361,68.47805150349934
g_042_012,3.5125,-76.5375,11.162155628204346,75.7788314819336,8.886859893798828,71.44860076904297,9.875380516052246,66.50212860107422,5.629093825817108,54.5004997253418,10.60406255722046,56.12337112426758,7.971939563751221,56.93660354614258,29.84853720664978,79.78765869140625,28.22645711898804,67.96540069580078,28.304819345474243,70.10795593261719,4,15.61214507288403,29.84853720664978,66.57233895195856
g_042_013,3.5125,-76.5325,11.411651849746704,75.73929595947266,9.201157093048096,71.4106216430664,10.274878025054932,66.47624206542969,5.700791895389557,50.172760009765625,10.730656623840332,51.667274475097656,7.682349443435669,52.41811752319336,27.87495851516724,79.18017578125,26.495337963104248,67.6925277709961,26.822582006454468,69.5656509399414,1,15.132707046137917,27.87495851516724,64.924740685357
g_042_014,3.5125,-76.5275,11.798258304595947,75.7788314819336,9.613602638244627,71.44860076904297,10.751228332519531,66.50212860107422,5.697665095329285,46.72343444824219,10.78355836868286,48.1161003112793,7.390302419662476,48.81977081298828,25.54863309860229,78.70075225830078,24.44571781158448,67.47506713867188,25.16309261322021,69.13768005371094,1,14.57689540916019,25.54863309860229,63.63359620836046
g_042_015,3.5125,-76.5225,12.116613149642944,75.89727783203125,10.023863792419434,71.56238555908203,11.27023458480835,66.57969665527344,5.8928439021110535,44.462196350097656,10.999131679534912,45.78897857666016,7.45322585105896,46.467918395996094,23.305216312408447,78.37693786621094,22.49983716011048,67.32377624511719,23.857447147369385,68.84876251220703,1,14.157601508829329,23.857447147369385,62.81199222140842
g_042_016,3.5125,-76.5175,12.285654306411743,76.09419250488281,10.267133235931396,71.75154876708984,11.62017822265625,66.7086410522461,6.360432982444763,43.65385437011719,11.441561698913574,44.95895385742188,7.954569339752197,45.64387893676758,21.77472686767578,78.22921752929688,21.12942051887512,67.24666595458984,23.12794327735901,68.71727752685547,1,13.99573560555776,23.12794327735901,62.55602561102973
g_042_017,3.5125,-76.5125,12.307320833206177,76.36883544921875,10.412016868591309,72.015380859375,11.86972951889038,66.88850402832031,7.114863276481628,44.40193939208984,12.196568489074709,45.73306274414063,8.754822015762329,46.46160125732422,20.973790168762207,78.26289367675781,20.33277273178101,67.24603271484375,22.869494915008545,68.74795532226562,1,14.092375424173143,22.869494915008545,62.90291171603732
g_042_018,3.5125,-76.5075,12.287564754486084,76.72017669677734,10.403037071228027,72.3529052734375,11.89332675933838,67.11862182617188,7.9013447761535645,46.5932502746582,12.890186786651611,47.99505615234375,9.462605237960815,48.80741500854492,21.184764862060547,78.46497344970703,20.260645627975464,67.31727600097656,23.07496213912964,68.92912292480469,1,14.37315977944268,23.07496213912964,63.81097751193576
g_042_019,3.5125,-76.5025,12.156641721725464,77.14695739746094,10.117056846618652,72.76288604736328,11.609318733215332,67.39818572998047,8.301116228103638,49.95831680297852,12.94162654876709,51.46745300292969,9.515422344207764,52.40055084228516,22.68508052825928,78.80912780761719,21.357468128204346,67.45066833496094,23.897075176239014,69.2371597290039,1,14.731200695037842,23.897075176239014,65.18125618828668
g_042_020,3.5125,-76.4975,11.692570447921751,77.64766693115234,9.407046794891356,73.24388885498047,10.602787017822266,67.72621154785156,7.944906711578369,54.18930816650391,12.05909824371338,55.83293533325195,8.696422338485718,56.91557693481445,26.84079599380493,79.26469421386719,24.884005784988403,67.6346206665039,26.67800760269165,69.64452362060547,1,15.422848992877537,26.84079599380493,66.89993625217014
g_042_021,3.5125,-76.49249999999999,10.732359170913696,78.2205810546875,8.481109142303467,73.79425811767578,9.148571491241457,68.10160827636719,7.037376880645752,59.02589797973633,11.003902435302734,60.82285690307617,7.974298000335693,62.07347106933594,33.352110385894775,79.80372619628906,30.89365315437317,67.85829162597656,32.26737403869629,70.12617492675781,4,16.76563941107856,33.352110385894775,68.8696517944336
g_042_022,3.5125,-76.4875,10.072431087493896,78.86381530761719,8.352211475372314,74.41217041015625,8.926712036132812,68.52314758300781,6.889209270477295,64.28269958496094,10.708555221557615,66.24568939208984,8.089398622512817,67.67261505126953,37.50026273727417,80.40406799316406,35.314969062805176,68.11279296875,37.05111217498779,70.6622543334961,4,18.100540187623764,37.50026273727417,71.01991695827908
g_042_023,3.5125,-76.4825,9.68696117401123,79.57530975341797,8.54871654510498,75.09566497802734,9.329617977142334,68.98951721191406,7.048480272293091,69.84054565429688,10.722493171691896,71.9781494140625,8.305438756942749,73.58151245117188,39.22189331054688,81.0495376586914,37.33337736129761,68.39140319824219,39.55624198913574,71.23829650878906,4,18.86146895090739,39.55624198913574,73.30443742540147
g_042_024,3.5125,-76.47749999999999,9.575193881988524,80.35291290283203,8.71071195602417,75.84265899658203,9.514886856079102,69.49932098388672,7.179023504257202,75.62689971923828,10.832465648651125,77.94512176513672,8.382741451263428,79.71931457519531,39.41528511047363,81.72897338867188,37.72476601600647,68.6892318725586,40.1566858291626,71.84434509277344,4,19.054640028211807,40.1566858291626,75.69430881076389
g_042_025,3.5125,-76.4725,9.617494106292725,81.1943588256836,8.743414402008057,76.6509780883789,9.492050647735596,70.05109405517578,7.239491462707519,81.5982894897461,10.909658432006836,84.1015853881836,8.423132419586182,86.03762817382812,39.25153207778931,82.43497467041016,37.55769729614258,69.00285339355469,39.989017963409424,72.47380828857422,4,19.024832089742024,39.989017963409424,78.1717300415039
g_042_026,3.5125,-76.4675,9.71595335006714,82.09732055664062,8.74564266204834,77.51839447021484,9.399169921875,70.6433334350586,7.490142822265625,87.72811126708984,11.099252700805664,90.42001342773438,8.569081783294678,92.50751495361328,38.87162399291992,83.16291046142578,37.10732555389404,69.32991790771484,39.46925640106201,73.12261199951172,4,18.94082768758138,39.46925640106201,80.72556983100043
g_042_027,3.5125,-76.46249999999999,9.805549383163452,83.05944061279297,8.731485366821289,78.44264221191406,9.30951166152954,71.27452087402344,7.77085018157959,93.99921417236328,11.191448211669922,96.8827133178711,8.772171974182129,99.11124420166016,38.59513711929321,83.91009521484375,36.709789752960205,69.66889953613281,39.04565906524658,73.78839111328125,4,18.881289190716213,39.04565906524658,83.34857347276476
g_042_028,3.5125,-76.4575,9.849303483963013,84.07833862304688,8.736484050750732,79.42142486572266,9.271576166152954,71.94310760498047,8.013576984405518,100.39976501464844,11.3060040473938,103.47755432128906,9.024624347686768,105.83747100830078,38.625208377838135,84.67518615722656,36.71197700500488,70.0188217163086,39.02861881256104,74.46998596191406,4,18.95193036397298,39.02861881256104,86.03573947482639
g_042_029,3.5125,-76.4525,9.839850902557371,85.1516342163086,8.826472282409668,80.45247650146484,9.315957069396973,72.64756774902344,8.190143585205078,106.92100524902344,11.39110279083252,110.19559478759766,9.18434715270996,112.67853546142578,38.69248867034912,85.45769500732422,36.803738594055176,70.3791275024414,39.18700313568115,75.16702270507812,4,19.047900464799667,39.18700313568115,88.78340657552083
g_042_030,3.5125,-76.44749999999999,9.759316444396973,86.27699279785156,8.86706256866455,81.53352355957031,9.383239507675173,73.38636779785156,8.189820766448975,113.55607604980467,11.258505821228027,117.02986145019533,9.24410104751587,119.62889862060548,39.13347053527832,86.25768280029297,37.24234867095947,70.7494888305664,39.8190507888794,75.87958526611328,4,19.210768461227417,39.8190507888794,91.58871968587239
g_042_031,3.5125,-76.4425,9.596487045288086,87.45208740234375,9.008098602294922,82.66236114501953,9.505656003952026,74.15800476074219,8.213531970977783,120.29935455322266,11.06674575805664,123.97466278076172,9.345947742462158,126.68428802490234,39.75808095932007,87.0754623413086,37.80576992034912,71.12973022460938,40.6660943031311,76.60800170898438,4,19.440712478425766,40.6660943031311,94.44932810465495
g_042_032,3.5125,-76.4375,9.403998851776125,88.67466735839844,9.070202827453612,83.8368148803711,9.664398193359377,74.96100616455078,8.168240547180176,127.14606475830078,10.84431505203247,131.02516174316406,9.369035720825195,133.84117126464844,40.331778049468994,87.91145324707031,38.32841157913208,71.51974487304688,41.52160310745239,77.3526611328125,4,19.63355376985338,41.52160310745239,97.36319393581815
g_042_033,3.5125,-76.43249999999999,9.360403776168823,89.94253540039062,9.103490829467772,85.05477142333984,9.766778707504272,75.79396057128906,8.22545862197876,134.0919952392578,10.780903816223145,138.17709350585938,9.519688606262209,141.09645080566406,40.46372413635254,88.76599884033203,38.48722267150879,71.91944885253906,41.75848007202149,78.1139144897461,4,19.718461248609756,41.75848007202149,100.32846323649089
g_042_034,3.5125,-76.4275,9.483753204345703,91.25355529785156,9.060387134552002,86.3141860961914,9.724958181381226,76.65545654296875,8.442464828491211,141.1333770751953,11.013619422912598,145.4266357421875,9.780105590820312,148.44725036621094,40.08157968521118,89.63936614990234,38.21923971176148,72.32872772216797,41.27831840515137,78.89199829101562,4,19.67604735162523,41.27831840515137,103.34339480929904
g_042_035,3.5125,-76.4225,9.730798244476318,92.60568237304688,9.085702419281006,87.61309051513672,9.597025394439695,77.54417419433594,8.781644821166992,148.2667236328125,11.413312911987305,152.77023315429688,10.128395080566406,155.8908233642578,39.28280258178711,90.5316390991211,37.49538516998291,72.74744415283203,40.16126298904419,79.68702697753906,4,19.519592179192436,40.16126298904419,106.40631527370877
g_042_036,3.5125,-76.41749999999999,10.046022415161133,93.9969482421875,9.102641105651855,88.94959259033203,9.44158387184143,78.45882415771484,9.114970207214355,155.48870849609375,11.88267993927002,160.20452880859375,10.439765453338625,163.4244384765625,37.88892793655396,91.44276428222656,36.16963052749634,73.17539978027344,38.43107175827026,80.49894714355469,4,19.168588134977554,38.43107175827026,109.51557244194879
g_042_037,3.5125,-76.4125,10.487165927886965,95.42546844482422,9.162289142608644,90.32188415527344,9.507229804992676,79.39816284179688,9.569558143615724,162.7961883544922,12.361960411071776,167.72628784179688,10.642595291137695,171.04537963867188,35.58978605270386,92.37252044677734,34.038358211517334,73.61237335205078,35.780158042907715,81.32757568359375,3,18.571011225382488,35.780158042907715,112.66953786214192
g_042_038,3.5125,-76.4075,11.237493753433228,96.8894271850586,9.347330570220947,91.7282257080078,10.068377494812012,80.36102294921875,10.579902172088625,170.18614196777344,13.14013385772705,175.33241271972656,11.22564935684204,178.75096130371094,31.92840480804444,93.32054901123048,30.74076223373413,74.05809783935547,31.814189910888672,82.17259979248047,3,17.78691601753235,31.92840480804444,115.86660427517361
g_042_039,3.5125,-76.4025,12.421266794204712,98.38711547851562,9.864482402801514,93.1669692993164,11.471901893615724,81.34626770019531,14.30867862701416,177.65560913085938,16.037883758544922,183.01988220214844,14.592506408691406,186.53843688964844,27.298951148986816,94.28639221191406,26.638569831848145,74.51226806640625,27.24139165878296,83.03360748291016,3,17.763959169387817,27.298951148986816,119.10517205132379
g_043_000,3.5175,-76.5975,12.176505088806152,84.04344177246094,9.111688613891602,79.38790893554688,10.63362455368042,71.92021179199219,12.917821288108826,132.16143798828125,16.87786626815796,136.10227966308594,16.31591796875,138.04861450195312,29.52200937271118,91.51367950439452,27.066425800323486,73.33231353759766,25.37780123949051,80.56309509277344,3,17.77774002154668,29.52200937271118,98.56366475423177
g_043_001,3.5175,-76.5925,11.11118745803833,83.16552734375,8.637972831726074,78.5445556640625,9.663677453994753,71.34412384033203,9.41872787475586,125.47977447509766,13.840496063232422,129.22097778320312,13.144822120666504,131.0702667236328,33.72809028625488,90.48513793945312,31.59330606460572,72.85641479492188,30.406673669815063,79.64688110351562,3,17.94943931367662,33.72809028625488,95.75707329644098
g_043_002,3.5175,-76.58749999999999,10.626338958740234,82.34803771972656,8.628955841064453,77.75924682617188,9.54668927192688,70.80780029296875,7.841484904289246,118.89690399169922,12.510881423950195,122.44142150878906,11.726205825805664,124.195068359375,35.27003645896912,89.46878814697266,33.45212197303772,72.38704681396484,32.79904866218567,78.74148559570312,4,18.044640368885464,35.27003645896912,93.00508880615234
g_043_003,3.5175,-76.5825,10.46315622329712,81.59312438964844,8.647628784179688,77.03404998779297,9.539594173431396,70.3126220703125,6.99120020866394,112.41751098632812,11.832056045532228,115.76846313476562,10.898520946502686,117.42790985107422,35.59009766578674,88.4661636352539,33.929826736450195,71.92498779296875,33.52599489688873,77.84825134277344,4,17.935341742303635,35.59009766578674,90.31034257676866
g_043_004,3.5175,-76.5775,10.458835124969482,80.90287017822266,8.65287971496582,76.37096405029297,9.489072799682615,69.85993194580078,6.551758289337158,106.04776000976562,11.522542953491213,109.20848846435548,10.370055437088013,110.7752456665039,35.270705461502075,87.47929382324219,33.65209078788757,71.47125244140625,33.32570028305054,76.96896362304688,4,17.699293427997166,35.270705461502075,87.67608557807074
g_043_005,3.5175,-76.57249999999999,10.523780584335327,80.27924346923828,8.641709804534912,75.77188873291016,9.424649000167848,69.45101928710938,6.431439161300659,99.79613494873048,11.435571670532228,102.77021026611328,10.114840984344482,104.24591827392578,34.765313148498535,86.5108413696289,33.109527349472046,71.02714538574219,32.75045704841614,76.1059799194336,4,17.466365416844685,34.765313148498535,85.10648685031467
g_043_006,3.5175,-76.5675,10.632112979888916,79.72412872314453,8.62071180343628,75.2386245727539,9.411659717559814,69.08707427978516,6.459825754165649,93.67463684082033,11.424402236938477,96.46600341796876,10.000154972076416,97.85246276855467,34.24479913711548,85.56434631347656,32.53366303443909,70.59431457519531,32.128639578819275,75.26243591308594,4,17.272885468271042,34.24479913711548,82.60711415608723
g_043_007,3.5175,-76.5625,10.744565725326538,79.23924255371094,8.610643863677979,74.7728271484375,9.44259786605835,68.76922607421875,6.608152687549591,87.70069885253906,11.518644332885742,90.31383514404295,10.039779424667358,91.61310577392578,33.84766960144043,84.64447784423828,32.11752724647522,70.17491912841797,31.707035064697266,74.4424819946289,4,17.18184620141983,33.84766960144043,80.1856460571289
g_043_008,3.5175,-76.55749999999999,10.843444108963013,78.8261489868164,8.642573356628418,74.37599182128906,9.489457130432127,68.49846649169922,6.684410095214844,81.90020751953125,11.59644889831543,84.34037780761719,9.97762370109558,85.55491638183594,33.31092929840088,83.75740051269531,31.59256243705749,69.7717056274414,31.182010412216187,73.65160369873047,4,17.03549549314711,33.31092929840088,77.85297987196181
g_043_009,3.5175,-76.5525,10.942975521087646,78.48621368408203,8.687596797943115,74.04943084716797,9.535581588745115,68.27568054199219,6.528797388076782,76.31207275390625,11.510183811187744,78.58570098876953,9.635851621627808,79.71855926513672,32.58775472640991,82.91119384765625,30.87200117111206,69.38819885253906,30.49308753013611,72.8969955444336,4,16.754870017369587,32.58775472640991,75.62489403618707
g_043_010,3.5175,-76.5475,11.04292893409729,78.2205810546875,8.755486011505127,73.79425811767578,9.614774227142334,68.10160827636719,6.202457070350647,70.99482727050781,11.24415397644043,73.110107421875,9.07025671005249,74.16532135009766,31.684887886047363,82.11637115478516,29.93144655227661,69.02888488769531,29.658692121505737,72.18804168701172,4,16.356120387713116,31.684887886047363,73.52444458007812
g_043_011,3.5175,-76.54249999999999,11.039129734039308,78.0301742553711,8.776121139526367,73.61134338378906,9.634921073913574,67.97683715820312,5.862329959869385,66.0353775024414,10.924551486968994,68.00312042236328,8.535988092422485,68.9861831665039,31.30712628364563,81.38633728027344,29.472840309143063,68.69938659667969,29.40006732940674,71.53673553466797,4,16.105897267659504,31.30712628364563,71.58505503336589
g_043_012,3.5175,-76.5375,10.879695892333984,77.91565704345703,8.807863712310791,73.50133514404297,9.605032920837402,67.90180206298828,5.541629195213318,61.55831527709961,10.713036060333252,63.39308547973633,8.077958822250366,64.31172943115234,31.46943402290344,80.73770904541016,29.552796363830566,68.40650177001953,29.779271841049194,70.95795440673828,4,16.04741320345137,31.46943402290344,69.85378774007161
g_043_013,3.5175,-76.5325,10.750087261199951,77.87744140625,8.945509433746338,73.4646224975586,9.59230375289917,67.87676239013672,5.219851136207581,57.73145294189453,10.608089447021484,59.4528923034668,7.611379146575928,60.3181037902832,31.3783221244812,80.18998718261719,29.503660917282104,68.1581039428711,30.08322238922119,70.46916198730469,4,15.965825067626106,31.3783221244812,68.39316982693143
g_043_014,3.5175,-76.5275,10.898239135742188,77.91565704345703,9.182783603668211,73.50133514404297,9.76251983642578,67.90180206298828,4.863195419311523,54.75902938842773,10.479061603546144,56.39298248291016,6.981607675552368,57.22016525268555,30.19111633300781,79.7641372680664,28.539719343185425,67.96257019042969,29.40273094177246,70.08914947509766,4,15.588997099134657,30.19111633300781,67.27853647867839
g_043_015,3.5175,-76.5225,11.372944355010986,78.0301742553711,9.585821151733398,73.61134338378906,10.260821342468262,67.97683715820312,4.783786296844482,52.85232162475586,10.459247589111328,54.43112564086914,6.4949445724487305,55.24108505249024,27.50081777572632,79.47943878173828,26.22729802131653,67.82752990722656,27.32533097267151,69.83522033691406,1,14.890112453036839,27.50081777572632,66.58723068237305
g_043_016,3.5175,-76.5175,11.862926721572876,78.2205810546875,9.9904522895813,73.79425811767578,10.868030071258543,68.10160827636719,5.114908456802368,52.176177978515625,10.616345882415771,53.73733139038086,6.551876068115234,54.55648040771485,24.71876001358032,79.3489990234375,23.76295495033264,67.75823974609375,25.153191566467285,69.71910858154297,1,14.293271780014038,25.153191566467285,66.37919828626845
g_043_017,3.5175,-76.5125,12.165605068206789,78.48621368408203,10.310699939727783,74.04943084716797,11.41871738433838,68.27568054199219,5.953044414520264,52.79175567626953,11.19392204284668,54.37484359741211,7.365217447280884,55.23398971557617,22.749484539031982,79.37553405761719,21.95609331130981,67.7559814453125,23.79801988601685,69.74327087402344,1,14.101200448142158,23.79801988601685,66.67630004882812
g_043_018,3.5175,-76.5075,12.217191934585571,78.8261489868164,10.36777687072754,74.37599182128906,11.660399436950684,68.49846649169922,6.892746925354004,54.63199615478516,11.933973789215088,56.27480316162109,8.300518989562988,57.20636749267578,22.31737184524536,79.55004119873047,21.34126114845276,67.81754302978516,23.597388744354248,69.89959716796875,1,14.292069964938694,23.597388744354248,67.45343950059679
g_043_019,3.5175,-76.5025,12.122593641281128,79.23924255371094,10.116356372833252,74.7728271484375,11.402114391326904,68.76922607421875,7.469650745391846,57.528839111328125,12.193462371826172,59.26414108276367,8.757749795913696,60.29853439331055,23.50239562988281,79.85430908203125,22.082218170166016,67.93614959716797,24.31448745727539,70.1717529296875,1,14.662336508433023,24.31448745727539,68.64833577473958
g_043_020,3.5175,-76.4975,11.645488262176514,79.72412872314453,9.371382236480711,75.2386245727539,10.388939380645752,69.08707427978516,7.305173635482788,61.2716178894043,11.586278438568115,63.125709533691406,8.326786518096924,64.2881088256836,27.66952419281006,80.26583862304688,25.485708475112915,68.10323333740234,27.15852689743042,70.53955841064453,1,15.437534226311577,27.66952419281006,70.1826549106174
g_043_021,3.5175,-76.49249999999999,10.71581244468689,80.27924346923828,8.490193843841553,75.77188873291016,9.027697324752808,69.45101928710938,6.746506452560425,65.65994262695312,10.95071506500244,67.65278625488281,8.086186170578003,68.96122741699219,34.02867794036865,80.76243591308594,31.405837059021,68.31013488769531,32.86496162414551,70.98310089111328,4,16.924065324995254,34.02867794036865,71.98130883110895
g_043_022,3.5175,-76.4875,10.068565845489502,80.90287017822266,8.40302848815918,76.37096405029297,8.964871406555176,69.85993194580078,6.928854465484619,70.53155517578125,10.902434825897217,72.67781829833984,8.490294933319092,74.14286041259766,37.89912128448486,81.32490539550781,35.69974184036255,68.54920196533203,37.53864765167236,71.48521423339844,4,18.321728971269394,37.89912128448486,73.98281351725261
g_043_023,3.5175,-76.4825,9.674583911895752,81.59312438964844,8.628191947937012,77.03404998779297,9.4110426902771,70.3126220703125,7.265998601913452,75.76762390136719,11.091180324554443,78.07801818847656,8.793065071105957,79.70355987548828,39.36645460128784,81.93809509277344,37.56074070930481,68.8141860961914,39.79358243942261,72.03233337402344,4,19.064982255299885,39.79358243942261,76.14151255289714
g_043_024,3.5175,-76.47749999999999,9.624162673950195,82.34803771972656,8.791749000549316,77.75924682617188,9.593878984451294,70.80780029296875,7.441822052001953,81.2861328125,11.309542179107666,83.7685546875,8.924263954162598,85.55335235595703,39.352261543273926,82.59069061279297,37.80012655258179,69.10025024414062,40.10895729064941,72.6143569946289,4,19.216307136747574,40.10895729064941,78.42538028293185
g_043_025,3.5175,-76.4725,9.758613109588625,83.16552734375,8.786603927612305,78.5445556640625,9.527125597000122,71.34412384033203,7.533937931060791,87.03204345703125,11.46167516708374,89.6925048828125,8.954822540283203,91.6317901611328,38.92386341094971,83.27466583251953,37.38243627548218,69.40380859375,39.64124250411987,73.2241439819336,4,19.107813384797836,39.64124250411987,80.8125737508138
g_043_026,3.5175,-76.4675,9.907917976379396,84.04344177246094,8.794914245605469,79.38790893554688,9.413623332977297,71.92021179199219,7.829130172729492,92.96852111816406,11.665303707122805,95.811767578125,9.101216793060305,97.89877319335938,38.25598955154419,83.98453521728516,36.62567853927612,69.72225952148438,38.81368827819824,73.85681915283203,4,18.934162510765923,38.81368827819824,83.28824869791667
g_043_027,3.5175,-76.46249999999999,9.997238159179688,84.97959899902344,8.771004676818848,80.28721618652344,9.319828033447266,72.5346450805664,8.111707210540771,99.07042694091795,11.754888534545898,102.1003875732422,9.2749981880188,104.3275375366211,37.90707921981812,84.71675109863281,36.1272988319397,70.05377197265625,38.301222801208496,74.50926208496094,4,18.840585072835285,38.301222801208496,85.84217749701605
g_043_028,3.5175,-76.4575,9.97833776473999,85.97178649902344,8.743570804595947,81.24034118652344,9.30166220664978,73.18598175048828,8.38842487335205,105.32007598876952,11.862404823303224,108.54014587402344,9.556949138641356,110.89988708496094,38.18174600601196,85.46915435791016,36.32668161392212,70.39710235595703,38.550034523010254,75.17958068847656,4,18.987756861580742,38.550034523010254,88.46711730957031
g_043_029,3.5175,-76.4525,9.875163078308104,87.01778411865234,8.860318660736084,82.24515533447266,9.376161336898804,73.87278747558594,8.515798568725586,111.70450592041016,11.829041957855225,115.11772918701172,9.664368152618408,117.60308074951172,38.62368202209473,86.24055480957031,36.723801136016846,70.75142669677734,39.12459802627564,75.86674499511719,4,19.1769925488366,39.12459802627564,91.15775214301215
g_043_030,3.5175,-76.44749999999999,9.762620210647585,88.11538696289062,8.943208694458008,83.29955291748047,9.438277006149292,74.59364318847656,8.443812847137451,118.21383666992188,11.704283714294434,121.82299041748048,9.652947425842283,124.4278564453125,39.11795949935913,87.03040313720703,37.203914642333984,71.11620330810547,39.83432674407959,76.5703125,4,19.344594531589085,39.83432674407959,93.91002061631944
g_043_031,3.5175,-76.4425,9.655031204223633,89.26242065429688,9.035755157470703,84.40143585205078,9.508174419403076,75.34712219238281,8.374524116516113,124.8402328491211,11.452492713928224,128.64793395996094,9.635806560516356,131.36720275878906,39.42916870117188,87.83853912353516,37.509377002716064,71.49108123779297,40.32698822021485,77.29016876220703,4,19.43636867735121,40.32698822021485,96.72068193223741
g_043_032,3.5175,-76.4375,9.624882459640505,90.45675659179688,9.016968727111816,85.54875183105469,9.52587103843689,76.1318359375,8.348501682281494,131.57725524902344,11.262832641601562,135.5860137939453,9.691680908203123,138.4155731201172,39.54120779037476,88.66500854492188,37.58843755722046,71.87581634521484,40.5383358001709,78.02637481689453,4,19.45985762278239,40.5383358001709,99.58704291449652
g_043_033,3.5175,-76.43249999999999,9.721957683563232,91.69629669189452,8.937806606292725,86.73949432373047,9.49179983139038,76.9464340209961,8.555502891540527,138.41949462890625,11.37803554534912,142.63168334960938,9.969637393951416,145.568359375,39.34206628799439,89.50991821289062,37.43926525115967,72.27022552490234,40.22220945358277,78.779052734375,4,19.45092010498047,40.22220945358277,102.50677320692274
g_043_034,3.5175,-76.4275,9.951087474822998,92.97901153564452,8.924266338348389,87.97171783447266,9.441305875778198,77.78958892822266,8.95609712600708,145.36221313476562,11.7748441696167,149.7801055908203,10.420207977294922,152.8215789794922,38.67466735839844,90.37334442138672,36.840978145599365,72.67413330078125,39.29628276824951,79.54830169677734,4,19.364415248235066,39.29628276824951,105.47777726915147
g_043_035,3.5175,-76.4225,10.177486419677734,94.30294799804688,8.967762470245361,89.24354553222656,9.427526950836182,78.66001892089844,9.42444944381714,152.40118408203125,12.26291275024414,157.02700805664062,10.848581790924072,160.17164611816406,37.75399541854858,91.25529479980467,35.9782657623291,73.08737182617188,38.046753883361816,80.33413696289062,4,19.20974832110935,38.046753883361816,108.49812825520833
g_043_036,3.5175,-76.41749999999999,10.412864685058594,95.66620635986328,9.069631576538086,90.55314636230467,9.435670375823976,79.55648803710938,9.879547595977783,159.5325469970703,12.681748390197754,164.36842346191406,11.183765411376951,167.615234375,36.37145805358887,92.15568542480467,34.63868284225464,73.5097427368164,36.39983940124512,81.13648986816406,3,18.897023148006863,36.39983940124512,111.56599595811632
g_043_037,3.5175,-76.4125,10.828604221343994,97.06697082519533,9.167615413665771,91.8987808227539,9.66709017753601,80.47781372070312,10.477631568908691,166.7527618408203,13.175796508789062,171.80072021484375,11.51974105834961,175.14920043945312,34.28069257736206,93.07430267333984,32.70130681991577,73.94100952148438,34.06132411956787,81.9551773071289,3,18.431089162826538,34.28069257736206,114.67963748508029
g_043_038,3.5175,-76.4075,11.565509796142578,98.50349426269533,9.430960178375244,93.27877044677734,10.385279178619385,81.42283630371094,11.789791584014893,174.05844116210938,14.16460132598877,179.32044982910156,12.454612731933594,182.7705078125,30.916131496429443,94.01084899902344,29.74151611328125,74.38092803955078,30.620009899139404,82.78994750976562,3,17.89649025599162,30.916131496429443,117.83735826280382
g_043_039,3.5175,-76.4025,12.675597190856934,99.97410583496094,10.02241563796997,94.69151306152344,11.80670690536499,82.3904800415039,15.744731903076172,181.4464111328125,17.468128204345703,186.92434692382807,16.220311641693115,190.4762115478516,26.68203639984131,94.96492004394533,26.024410724639893,74.82921600341797,26.654602527618408,83.64043426513672,3,18.144326792822945,26.68203639984131,121.03751542833116
g_044_000,3.5225,-76.5975,12.344097137451172,86.0057601928711,9.30100917816162,81.2729721069336,10.926988124847412,73.20828247070312,13.661666631698608,136.84677124023438,17.785927295684814,140.92953491210938,17.080772399902344,142.94146728515625,28.606642961502075,92.1106414794922,26.297603130340576,73.61983489990234,24.72309172153473,81.09712219238281,3,17.858644286791485,28.606642961502075,100.89248741997613
g_044_001,3.5225,-76.5925,11.334523677825928,85.1516342163086,8.78681468963623,80.45247650146484,9.855255126953123,72.64756774902344,10.160821437835692,130.2723388671875,14.771976947784424,134.15858459472656,13.83707571029663,136.07525634765625,32.65308737754822,91.09784698486328,30.58339262008667,73.15142059326172,29.307361125946045,80.19496154785156,3,17.921145412656998,32.65308737754822,98.13356526692708
g_044_002,3.5225,-76.58749999999999,10.868930578231812,84.35685729980469,8.71245288848877,79.68898010253906,9.62078070640564,72.12590026855469,8.546759843826294,123.80562591552734,13.416316986083984,127.49861907958984,12.38707685470581,129.32154846191406,34.23007535934448,90.09933471679688,32.417304039001465,72.69041442871094,31.596967697143555,79.30547332763672,3,17.977407217025757,34.23007535934448,95.43252817789714
g_044_003,3.5225,-76.5825,10.690160512924194,83.62340545654297,8.721597671508789,78.98440551757812,9.579151391983032,71.64456939697266,7.76003885269165,117.45358276367188,12.793118476867676,120.956787109375,11.640371799468994,122.68758392333984,34.63547992706299,89.11701202392578,32.959343671798706,72.23775482177734,32.36789095401764,78.43035125732422,4,17.90523925092485,34.63547992706299,92.79282803005643
g_044_004,3.5225,-76.5775,10.671095609664915,82.95319366455078,8.713756084442139,78.340576171875,9.538761854171751,71.2048110961914,7.378415107727051,111.2252960205078,12.4793438911438,114.5424346923828,11.168766975402832,116.18284606933594,34.41674208641052,88.15330505371094,32.799917459487915,71.79461669921875,32.27952969074249,77.57174682617188,4,17.716258751021492,34.41674208641052,90.21875847710504
g_044_005,3.5225,-76.57249999999999,10.760197639465332,82.34803771972656,8.736083984375,77.75924682617188,9.548444032669067,70.80780029296875,7.324029088020325,105.13288879394533,12.428546905517578,108.26807403564452,10.973997592926024,109.8200225830078,33.89297318458557,87.21134948730469,32.270890951156616,71.36246490478516,31.73801636695861,76.732421875,4,17.51924219396379,33.89297318458557,87.71581183539496
g_044_006,3.5225,-76.5675,10.90328598022461,81.80966186523438,8.741486072540283,77.2420654296875,9.58203673362732,70.45465087890625,7.366587400436401,99.19295501708984,12.456921100616457,102.15081024169922,10.860851764678957,103.61646270751952,33.25748991966248,86.29515075683594,31.61605954170227,70.9431381225586,31.058549642562863,75.91594696044922,4,17.315918684005737,33.25748991966248,85.29120466444228
g_044_007,3.5225,-76.5625,11.029502868652344,81.33963775634766,8.762797832489014,76.79053497314453,9.65623903274536,70.14636993408203,7.484079718589783,93.42854309082033,12.53505277633667,96.2143783569336,10.82530951499939,97.59624481201172,32.68998980522156,85.40983581542969,31.0376296043396,70.53893280029297,30.45049476623535,75.12686920166016,4,17.163455102178787,32.68998980522156,82.95459408230252
g_044_008,3.5225,-76.55749999999999,11.124752044677734,80.93936920166016,8.802981853485107,76.4060287475586,9.717520475387571,69.88387298583984,7.40195906162262,87.8719482421875,12.443533420562744,90.49205017089844,10.58462905883789,91.79315948486328,32.03626871109009,84.5619125366211,30.38007378578186,70.15271759033203,29.825095891952515,74.37100219726562,4,16.92409047815535,32.03626871109009,80.7191179063585
g_044_009,3.5225,-76.5525,11.190250158309937,80.61011505126953,8.855204105377197,76.08973693847656,9.754438161849976,69.66796875,7.043767809867859,82.56854248046875,12.121625900268556,85.03057098388672,10.029987812042236,86.25469970703125,31.37862253189087,83.75961303710938,29.660085201263428,69.78804016113281,29.21351313591004,73.6556625366211,4,16.58305497964223,31.37862253189087,78.60277218288846
g_044_010,3.5225,-76.5475,11.238942623138428,80.35291290283203,8.917542934417725,75.84265899658203,9.808746337890623,69.49932098388672,6.5235894322395325,77.58158874511719,11.637159824371338,79.8951187133789,9.293447256088257,81.04711151123047,30.670077085494995,83.01313018798828,28.87936544418335,69.44922637939453,28.58016872406006,72.9899673461914,4,16.172115517987145,30.670077085494995,76.63011508517795
g_044_011,3.5225,-76.54249999999999,11.106442213058472,80.16858673095703,8.879817485809326,75.66558837890625,9.703084945678713,69.37846374511719,5.951688885688782,72.99736785888672,11.10346794128418,75.17457580566406,8.603174924850464,76.2608413696289,30.97029447555542,82.33485412597656,29.001179933547974,69.14144134521484,28.982786417007446,72.38497924804688,4,16.033548580275642,30.97029447555542,74.83407762315538
g_044_012,3.5225,-76.5375,10.737317562103271,80.05775451660156,8.786940097808838,75.55911254882812,9.430799961090088,69.30579376220703,5.37455427646637,68.92894744873047,10.62880277633667,70.98542022705078,8.06601881980896,72.01451110839844,32.40334463119507,81.7392349243164,30.15027689933777,68.87062072753906,30.58929014205933,71.85364532470703,4,16.240816129578484,32.40334463119507,73.2572267320421
g_044_013,3.5225,-76.5325,10.312855005264282,80.02076721191406,8.802792072296143,75.5235824584961,9.197649002075195,69.28154754638672,4.847671270370483,65.51522064208984,10.322071552276611,67.47077941894531,7.629921913146973,68.45410919189453,34.144288301467896,81.24219512939453,31.72351908683777,68.64324188232422,32.728135108947754,71.41022491455078,4,16.634322590298122,34.144288301467896,71.95129648844402
g_044_014,3.5225,-76.5275,10.119654178619385,80.05775451660156,8.973042964935303,75.55911254882812,9.194360256195068,69.30579376220703,4.434056282043457,62.91078186035156,10.181156635284424,64.7899398803711,7.189389705657959,65.74251556396484,34.738648891448975,80.85971069335938,32.419849157333374,68.46574401855469,33.92248725891113,71.06902313232422,4,16.796960592269897,34.738648891448975,70.97337510850694
g_044_015,3.5225,-76.5225,10.3304545879364,80.16858673095703,9.23565912246704,75.66558837890625,9.398347854614258,69.37846374511719,4.276793003082275,61.26326370239258,10.349384307861328,63.09510803222656,6.760145425796509,64.03595733642578,33.14649820327759,80.60551452636719,31.194844961166385,68.34365844726562,32.86435031890869,70.84235382080078,4,16.395164198345608,33.14649820327759,70.37761052449544
g_044_016,3.5225,-76.5175,10.93907594680786,80.35291290283203,9.49664831161499,75.84265899658203,9.88778305053711,69.49932098388672,4.378840446472168,60.6810302734375,10.522368907928469,62.498046875,6.376601934432983,63.45010757446289,29.69215440750122,80.48828887939453,28.151618480682373,68.28053283691406,29.637743949890137,70.7380142211914,4,15.453648381763035,29.69215440750122,70.20343483818903
g_044_017,3.5225,-76.5125,11.7005717754364,80.61011505126953,9.964730739593506,76.08973693847656,10.743103742599487,69.66796875,5.070645332336426,61.20298004150391,10.687456607818604,63.03899765014648,6.526190519332886,64.02810668945312,25.787388801574707,80.50940704345703,24.568129062652588,68.27711486816406,26.03345775604248,70.75721740722656,1,14.564630481931898,26.03345775604248,70.46462715996637
g_044_018,3.5225,-76.5075,12.077996253967283,80.93936920166016,10.24127721786499,76.4060287475586,11.319226026535034,69.88387298583984,6.199106454849243,62.78656005859375,11.341720581054688,64.67424011230469,7.54360818862915,65.72724914550781,23.822200775146484,80.66228485107422,22.648083686828613,68.33104705810547,24.504729747772217,70.89405822753906,1,14.410883214738634,24.504729747772217,71.14496782090929
g_044_019,3.5225,-76.5025,12.113524436950684,81.33963775634766,10.170236110687256,76.79053497314453,11.341557025909424,70.14636993408203,7.160590171813965,65.3212661743164,11.921945571899414,67.28997802734375,8.463220596313477,68.43240356445312,23.877534866333008,80.9338150024414,22.43811106681824,68.43740844726562,24.49646234512329,71.13677978515625,1,14.664798021316528,24.49646234512329,72.20313262939453
g_044_020,3.5225,-76.4975,11.733270645141602,81.80966186523438,9.5531268119812,77.2420654296875,10.528545141220093,70.45465087890625,7.205967664718628,68.6596450805664,11.629528999328612,70.73422241210938,8.408130168914795,71.98802947998047,27.31800413131714,81.30718231201172,25.17049121856689,68.58975219726562,26.858044624328613,71.47030639648438,3,15.378345489501953,27.31800413131714,73.58394622802734
g_044_021,3.5225,-76.49249999999999,10.775228500366213,82.34803771972656,8.657109260559082,77.75924682617188,9.152882814407349,70.80780029296875,6.756782531738281,72.64945220947266,11.164867877960203,74.84993743896484,8.281071186065674,76.23209381103516,33.74429655075073,81.76484680175781,31.012997150421143,68.78120422363281,32.57782602310181,71.87891387939453,4,16.902562432818943,33.74429655075073,75.23017035590277
g_044_022,3.5225,-76.4875,10.04637885093689,82.95319366455078,8.528416156768799,78.340576171875,8.977753400802612,71.2048110961914,6.8974034786224365,77.1555404663086,11.054015636444092,79.49762725830078,8.65649700164795,81.01952362060547,37.933961391448975,82.29066467285156,35.56802177429199,69.00532531738281,37.55277681350708,72.34815979003906,4,18.357247167163425,37.933961391448975,77.0906024509006
g_044_023,3.5225,-76.4825,9.625203847885132,83.62340545654297,8.755746841430664,78.98440551757812,9.420568704605104,71.64456939697266,7.22792911529541,82.06906127929688,11.294553756713867,84.56486511230469,8.995291709899902,86.23263549804688,39.407057762146,82.87100219726562,37.50011086463928,69.25652313232422,39.86983013153076,72.8658447265625,4,19.121810303794014,39.86983013153076,79.12359025743272
g_044_024,3.5225,-76.47749999999999,9.593337774276732,84.35685729980469,8.910074234008789,79.68898010253906,9.63025450706482,72.12590026855469,7.472945690155029,87.30762481689453,11.636687755584717,89.96651458740234,9.165489673614502,91.78187561035156,39.37880277633667,83.49506378173828,37.78083157539368,69.53022766113281,40.174410343170166,73.42233276367188,4,19.304759369956123,40.174410343170166,81.2972640991211
g_044_025,3.5225,-76.4725,9.776710987091064,85.1516342163086,8.867734909057617,80.45247650146484,9.559051513671877,72.64756774902344,7.72047233581543,92.8110809326172,11.88098430633545,95.64038848876952,9.324782371520996,97.60174560546876,38.71651840209961,84.15465545654297,37.17630434036255,69.8228759765625,39.45824575424194,74.01032257080078,4,19.164533880021835,39.45824575424194,83.58808305528429
g_044_026,3.5225,-76.4675,9.990601539611816,86.0057601928711,8.853458404541016,81.2729721069336,9.449592113494871,73.20828247070312,8.165430068969727,98.5361328125,12.20472002029419,101.541748046875,9.596259117126465,103.6452865600586,37.85336351394653,84.84382629394531,36.25775718688965,70.13172912597656,38.34502840042114,74.62452697753906,4,18.968467818366157,38.34502840042114,85.97891828748915
g_044_027,3.5225,-76.46249999999999,10.106306076049805,86.91719818115234,8.838261127471924,82.1485366821289,9.351858615875244,73.8067398071289,8.57957935333252,104.45162200927734,12.376261711120604,107.63839721679688,9.887235641479492,109.87906646728516,37.51435661315918,85.55841827392578,35.784377574920654,70.45477294921875,37.83082008361816,75.2612533569336,4,18.91878408855862,37.83082008361816,88.45733388264973
g_044_028,3.5225,-76.4575,10.00357723236084,87.88389587402344,8.813473224639893,83.0771713256836,9.354694604873655,74.44159698486328,8.816834449768066,110.5347671508789,12.37866497039795,113.90684509277344,10.095134735107422,116.2790985107422,38.12065076828003,86.29560852050781,36.28919315338135,70.7905502319336,38.448158740997314,75.91802978515625,4,19.14670909775628,38.448158740997314,91.01417371961806
g_044_029,3.5225,-76.4525,9.818956136703491,88.90377044677734,8.917437076568604,84.05690002441406,9.448977947235107,75.11151123046875,8.849629878997803,116.76860809326172,12.24478530883789,120.32960510253906,10.163490295410156,122.82795715332033,38.87233114242554,87.05361938476562,36.99693489074707,71.13801574707031,39.39366626739502,76.59329223632812,4,19.411800993813408,39.39366626739502,93.64258660210504
g_044_030,3.5225,-76.44749999999999,9.722819805145264,89.97476959228516,9.01460313796997,85.08573913574219,9.526071548461914,75.81513977050781,8.736815929412842,123.14014434814452,12.072612762451172,126.89330291748048,10.099565982818604,129.51268005371094,39.13353776931763,87.83135986328125,37.30045175552368,71.49644470214844,39.92203664779663,77.28609466552734,4,19.503168370988632,39.92203664779663,96.33729722764757
g_044_031,3.5225,-76.4425,9.804471492767334,91.09483337402344,9.01928997039795,86.16171264648438,9.501385927200316,76.5511474609375,8.682283878326416,129.63914489746094,11.95005226135254,133.5874481201172,10.096131324768066,136.3234100341797,38.866440773010254,88.62821197509766,37.06417417526245,71.86531066894531,39.67187452316284,77.99591827392578,4,19.406233814027573,39.67187452316284,99.09412638346355
g_044_032,3.5225,-76.4375,10.010175943374634,92.26195526123048,8.945122241973877,87.28288269042969,9.408995866775513,77.31822967529297,8.825246810913086,136.25735473632812,12.070457458496094,140.40357971191406,10.283397674560549,143.25234985351562,38.18986415863037,89.44384765625,36.39005899429321,72.24424743652344,38.77545976638794,78.72250366210938,4,19.21097543504503,38.77545976638794,101.90966118706598
g_044_033,3.5225,-76.43249999999999,10.243527173995972,93.47413635253906,8.895563125610352,88.44735717773438,9.36150860786438,78.1150894165039,9.302263259887695,142.9879150390625,12.46409511566162,147.33465576171875,10.764746189117432,150.29318237304688,37.406747341156006,90.2780990600586,35.62729597091675,72.6329574584961,37.63865423202515,79.46571350097656,4,19.078266779581707,37.63865423202515,104.78101179334853
g_044_034,3.5225,-76.4275,10.48748254776001,94.72946166992188,8.920126914978027,89.65326690673828,9.41273021697998,78.94046783447266,9.972729206085203,149.82496643066406,12.953378677368164,154.37469482421875,11.316079139709473,157.44064331054688,36.46184921264648,91.130859375,34.75557470321655,73.03120422363281,36.41849899291992,80.22547149658203,3,18.96649440129598,36.46184921264648,107.70567067464192
g_044_035,3.5225,-76.4225,10.673864126205444,96.02604675292967,9.029973983764648,90.8988265991211,9.524806022644045,79.79314422607422,10.546642303466797,156.76344299316406,13.4335298538208,161.51849365234375,11.786328315734863,164.6901092529297,35.64589881896973,92.0019989013672,33.95244884490967,73.43875885009766,35.433128356933594,81.00167846679688,3,18.891846736272175,35.64589881896973,110.68138885498047
g_044_036,3.5225,-76.41749999999999,10.900081396102903,97.36207580566406,9.181113719940186,92.1822738647461,9.688392639160156,80.67192840576172,11.07240104675293,163.7987823486328,13.84633445739746,168.76141357421875,12.185837745666504,172.03749084472656,34.42111873626709,92.891357421875,32.828341007232666,73.85540008544922,34.123865604400635,81.79419708251953,3,18.694165150324505,34.42111873626709,113.70610215928819
g_044_037,3.5225,-76.4125,11.25681757926941,98.73580169677734,9.335041999816896,93.50193786621094,10.004072189331056,81.57567596435547,11.7795729637146,170.92691040039062,14.408438682556152,176.09925842285156,12.755064010620115,179.47906494140625,32.636247634887695,93.79871368408205,31.19876289367676,74.2808837890625,32.22926187515259,82.60284423828125,3,18.40036442544725,32.636247634887695,116.77789900037978
g_044_038,3.5225,-76.4075,11.900418043136597,100.14553833007812,9.63502025604248,94.85619354248048,10.757551431655884,82.50328826904297,13.342791557312012,178.14404296875,15.599383354187012,183.5281524658203,14.037226676940918,187.01133728027344,29.768717288970947,94.7237548828125,28.6940279006958,74.71497344970703,29.405803203582764,83.4273452758789,3,18.12677107916938,29.768717288970947,119.89495849609375
g_044_039,3.5225,-76.4025,12.893847942352297,101.58965301513672,10.20012903213501,96.24349212646484,12.105192184448242,83.45368957519531,17.248026847839355,185.44664001464844,18.99477863311768,191.04449462890625,17.919264793395996,194.63104248046875,26.026215076446533,95.66610717773438,25.42126703262329,75.15739440917969,26.08619976043701,84.26737976074219,3,18.543880144755047,26.08619976043701,123.0555436876085
g_045_000,3.5275,-76.5975,12.437269449234009,87.98319244384766,9.42272424697876,83.17256164550781,11.102759599685667,74.5068130493164,14.303144931793211,141.77328491210938,18.59254741668701,146.00543212890625,17.814728260040283,148.08619689941406,28.217804670333862,92.75091552734376,26.00233244895935,73.92693328857422,24.51279842853546,81.66961669921875,3,18.045123272471958,28.217804670333862,103.31943851047092
g_045_001,3.5275,-76.5925,11.46506929397583,87.15168762207031,8.92607831954956,82.37378692626953,10.02439308166504,73.96072387695312,10.808176517486572,135.3159942626953,15.615848541259766,139.35511779785156,14.509098529815674,141.34251403808594,31.994690656661987,91.75586700439452,30.036820888519287,73.46681213378906,28.730205178260803,80.78328704833984,3,18.012264556354946,31.994690656661987,100.61175452338324
g_045_002,3.5275,-76.58749999999999,11.005138158798218,86.37844848632812,8.818528175354004,81.63098907470703,9.7263286113739,73.4529800415039,9.20030164718628,128.9765167236328,14.270537376403809,132.82614135742188,13.030965805053713,134.72186279296875,33.44554615020752,90.77723693847656,31.68737959861756,73.0150146484375,30.75911915302277,79.91154479980469,3,17.99376051955753,33.44554615020752,97.96563720703125
g_045_003,3.5275,-76.5825,10.875038623809814,85.6653060913086,8.79824447631836,80.9459228515625,9.654719114303589,72.98477172851562,8.474839210510254,122.76398468017578,13.657639026641846,126.4279556274414,12.338813304901125,128.23379516601562,33.763299226760864,89.81724548339844,32.10734152793884,72.57257843017578,31.36005103588104,79.05635833740234,3,17.892220616340637,33.763299226760864,95.38532426622179
g_045_004,3.5275,-76.5775,10.893755435943604,85.0140380859375,8.795854091644287,80.32029724121094,9.642510414123535,72.5572509765625,8.165549159049988,116.69017791748048,13.37406587600708,120.17266082763672,11.944820880889893,121.89064025878906,33.58398914337158,88.878662109375,31.91197156906128,72.14082336425781,31.255968809127808,78.22016906738281,3,17.729831708802116,33.58398914337158,92.87607998318143
g_045_005,3.5275,-76.57249999999999,10.976036310195925,84.42631530761719,8.83263635635376,79.75570678710938,9.701420307159424,72.1714859008789,8.208531618118286,110.77044677734376,13.403003692626951,114.07609558105467,11.848982334136965,115.70842742919922,33.10156893730164,87.96495819091797,31.43341875076294,71.72132110595703,30.79788029193878,77.40607452392578,3,17.589275399843853,33.10156893730164,90.44453684488933
g_045_006,3.5275,-76.5675,11.112845420837402,83.9037094116211,8.857918739318848,79.25366973876953,9.777998924255373,71.82850646972656,8.23969054222107,105.02511596679688,13.410550117492676,108.15921020507812,11.712926387786863,109.70841979980467,32.43190836906433,87.0804443359375,30.78561449050904,71.31602478027344,30.140638828277588,76.6178970336914,3,17.385565757751465,32.43190836906433,88.09922197129991
g_045_007,3.5275,-76.5625,11.246336698532104,83.44764709472656,8.900898456573486,78.81556701660156,9.883573055267334,71.52924346923828,8.273753046989441,99.48129272460938,13.428318977355955,102.44992065429688,11.574495315551758,103.9189682006836,31.75225257873535,86.23047637939453,30.124536991119385,70.92730712890625,29.4636459350586,75.86041259765625,3,17.1830901172426,31.75225257873535,85.85120391845703
g_045_008,3.5275,-76.55749999999999,11.339187383651732,83.05944061279297,8.957023620605469,78.44264221191406,9.956745624542236,71.27452087402344,8.063274502754211,94.17517852783205,13.193510055541992,96.98552703857422,11.16185426712036,98.3779754638672,30.989909648895264,85.4216537475586,29.356003999710083,70.55803680419922,28.74929571151733,75.13948059082031,3,16.8629783127043,30.989909648895264,83.7149395412869
g_045_009,3.5275,-76.5525,11.423344612121582,82.74020385742188,9.03578233718872,78.13597869873047,10.028536319732666,71.06507873535156,7.554057836532593,89.1549301147461,12.706669807434082,91.8156509399414,10.444445610046388,93.13587188720705,30.213383674621586,84.66197967529297,28.521732330322266,70.21165466308594,28.043260097503666,74.4622573852539,3,16.44124584727817,30.213383674621586,81.70928955078125
g_045_010,3.5275,-76.5475,11.454147100448608,82.49090576171875,9.09735345840454,77.896484375,10.071506023406982,70.90151977539062,6.902780532836914,84.48367309570312,12.10151195526123,87.00531768798828,9.60396432876587,88.25882720947266,29.63745641708374,83.96099853515625,27.88066411018372,69.89219665527344,27.619812488555908,73.83726501464844,3,16.041021823883057,29.63745641708374,79.85857645670573
g_045_011,3.5275,-76.54249999999999,11.27678084373474,82.3122787475586,9.052395820617676,77.72489166259766,9.87313151359558,70.78433990478516,6.195852756500244,80.241943359375,11.446937084197998,82.63751220703125,8.835044384002686,83.83131408691406,30.22906231880188,83.32978820800781,28.20566344261169,69.60427856445312,28.262048482894897,73.27439880371094,4,15.9307685163286,30.22906231880188,78.19341617160373
g_045_012,3.5275,-76.5375,10.78812575340271,82.20487976074219,8.842378616333008,77.6217269897461,9.413366079330444,70.7138900756836,5.47913920879364,76.5281753540039,10.780245304107666,78.81365203857422,8.234999179840088,79.95673370361328,32.473992109298706,82.78065490722656,30.01527166366577,69.35298919677734,30.56206202507019,72.78466796875,4,16.287731104426914,32.473992109298706,76.75081888834636
g_045_013,3.5275,-76.5325,10.241712808609009,82.1690444946289,8.768834590911865,77.5873031616211,9.05745553970337,70.69038391113281,4.815513491630554,73.45512390136719,10.263782501220703,75.64991760253906,7.838718891143799,76.75372314453125,35.19024181365967,82.32646179199219,32.44182085990906,69.14358520507812,33.69341540336609,72.37957763671875,4,16.923499544461567,35.19024181365967,75.57279120551215
g_045_014,3.5275,-76.5275,9.844357252120972,82.20487976074219,8.882855415344238,77.6217269897461,9.067533254623411,70.7138900756836,4.324981689453125,71.14024353027344,9.9541654586792,73.2673568725586,7.483316898345947,74.34618377685547,36.7708854675293,81.97942352294922,34.02061915397644,68.9810562133789,35.93804860115051,72.0700912475586,4,17.365195910135906,36.7708854675293,74.70276133219402
g_045_015,3.5275,-76.5225,9.84631323814392,82.3122787475586,9.088826179504396,77.72489166259766,9.203293561935425,70.78433990478516,4.13216495513916,69.68944549560547,10.087392330169678,71.7751693725586,7.195784568786621,72.84635925292969,36.24713373184204,81.74951171875,33.78338980674744,68.86947631835938,35.97439241409302,71.86512756347656,4,17.28429897626241,36.24713373184204,74.17962222629123
g_045_016,3.5275,-76.5175,10.32127070426941,82.49090576171875,9.231862545013428,77.896484375,9.41918134689331,70.90151977539062,4.166567325592041,69.1772232055664,10.396529197692873,71.25019836425781,6.887623310089111,72.33385467529297,33.46679067611694,81.64266204833984,31.433221340179443,68.81133270263672,33.38951063156128,71.77001190185547,4,16.523617453045315,33.46679067611694,74.03046586778429
g_045_017,3.5275,-76.5125,11.242341995239258,82.74020385742188,9.581621646881104,78.13597869873047,10.235748767852783,71.06507873535156,4.713224411010742,69.62979888916016,10.649787425994871,71.71954345703125,6.684675216674805,72.83775329589844,28.57299852371216,81.65949249267578,27.00556969642639,68.80704498291016,28.490692138671875,71.7853012084961,4,15.241851091384888,28.57299852371216,74.26446617974176
g_045_018,3.5275,-76.5075,11.971670866012571,83.05944061279297,10.061298370361328,78.44264221191406,11.085754871368408,71.27452087402344,6.029592990875244,71.0186767578125,11.360263347625732,73.1539535522461,7.553375244140625,74.3294448852539,25.05578374862671,81.79500579833984,23.702003955841064,68.85482025146484,25.3311505317688,71.90650939941406,3,14.683432658513388,25.3311505317688,74.8705571492513
g_045_019,3.5275,-76.5025,12.150778532028198,83.44764709472656,10.229689121246338,78.81556701660156,11.3818621635437,71.52924346923828,7.26984715461731,73.26799774169922,12.20042371749878,75.47526550292969,8.705138683319092,76.72980499267578,23.90465545654297,82.03943634033203,22.521332263946533,68.95095825195312,24.39837217330933,72.12487030029297,3,14.751344362894693,24.39837217330933,75.82008785671658
g_045_020,3.5275,-76.4975,11.862329483032228,83.9037094116211,9.77169704437256,79.25366973876953,10.771783828735352,71.82850646972656,7.432779312133789,76.27188873291016,12.01499319076538,78.57437896728516,8.792893409729004,79.92724609375,26.522411346435547,82.37997436523438,24.50169467926025,69.09052276611328,26.17570734024048,72.42892456054688,3,15.316254403856066,26.522411346435547,77.07320234510634
g_045_021,3.5275,-76.49249999999999,10.902243852615356,84.42631530761719,8.876085758209229,79.75570678710938,9.321852207183838,72.1714859008789,6.862491846084595,79.9144287109375,11.38581085205078,82.33171081542969,8.563169479370117,83.7985610961914,32.89520740509033,82.80270385742188,30.04089903831482,69.26803588867188,31.663815021514893,72.80619812011719,4,16.72350838449266,32.89520740509033,78.58612738715277
g_045_022,3.5275,-76.4875,10.060601711273192,85.0140380859375,8.589314937591553,80.32029724121094,8.94039535522461,72.5572509765625,6.765490770339966,84.08544158935547,11.104848384857178,86.6335678100586,8.73695993423462,88.22590637207031,37.67073965072632,83.29418182373047,35.036038637161255,69.4781265258789,37.16911268234253,73.24466705322266,4,18.23038911819458,37.67073965072632,80.31705305311415
g_045_023,3.5275,-76.4825,9.67075490951538,85.6653060913086,8.798236846923828,80.9459228515625,9.381958723068236,72.98477172851562,7.058148384094238,88.68958282470703,11.275521755218506,91.38150787353516,9.059111595153809,93.10669708251952,39.36387491226196,83.84248352050781,37.20063948631287,69.71589660644531,39.73281812667847,73.7336654663086,4,19.06011830435859,39.73281812667847,82.22953711615668
g_045_024,3.5275,-76.47749999999999,9.576395750045776,86.37844848632812,8.98393726348877,81.63098907470703,9.619269132614136,73.4529800415039,7.412746429443359,93.64936065673828,11.720471382141112,96.4954833984375,9.31680154800415,98.35719299316406,39.45101165771485,84.43762969970703,37.6438467502594,69.97716522216797,40.178855895996094,74.2642822265625,4,19.322592867745293,40.178855895996094,84.2937257554796
g_045_025,3.5275,-76.4725,9.777344226837158,87.15168762207031,8.97222089767456,82.37378692626953,9.533462524414062,73.96072387695312,7.839745044708252,98.90425872802734,12.203431129455566,101.9129867553711,9.621889114379885,103.91190338134766,38.61298418045044,85.07166290283203,37.00054597854614,70.25850677490234,39.31444692611694,74.82943725585938,4,19.208452224731445,39.31444692611694,86.48610602484808
g_045_026,3.5275,-76.4675,10.047588586807253,87.98319244384766,8.903629779815674,83.17256164550781,9.428059816360474,74.5068130493164,8.420523643493652,104.40808868408205,12.624394416809082,107.5862808227539,10.017775058746338,109.72091674804688,37.56903886795044,85.73848724365234,35.94887018203735,70.55718231201172,38.00424575805664,75.4236831665039,4,18.996014012230766,38.00424575805664,88.78857845730252
g_045_027,3.5275,-76.46249999999999,10.156893730163574,88.87108612060547,8.833908557891846,84.02549743652344,9.375809669494627,75.09003448486328,8.916681289672852,110.12589263916016,12.864681243896484,113.479248046875,10.39433526992798,115.74667358398438,37.40238952636719,86.43356323242188,35.62567949295044,70.8710708618164,37.582228660583496,76.04300689697266,4,19.01695638232761,37.582228660583496,91.18734147813585
g_045_028,3.5275,-76.4575,10.009313821792604,89.81344604492188,8.830062866210938,84.9307632446289,9.365671396255491,75.70914459228516,9.01423406600952,116.03114318847656,12.703959465026855,119.56452178955078,10.505145072937012,121.96099853515624,38.27294397354126,87.15362548828125,36.310808181762695,71.1985855102539,38.44503450393677,76.68452453613281,4,19.27301926083035,38.44503450393677,93.67186143663194
g_045_029,3.5275,-76.4525,9.809279680252075,90.80833435058594,8.943158149719238,85.88648986816406,9.440269231796265,76.36287689208984,8.93775987625122,122.10352325439452,12.474536895751951,125.8211441040039,10.46906042098999,128.34263610839844,38.91971254348755,87.89640045166016,36.97478008270264,71.53850555419922,39.4047064781189,77.34622955322266,4,19.48591815100776,39.4047064781189,96.23401557074652
g_045_030,3.5275,-76.44749999999999,9.795127630233765,91.85382080078124,9.01126194000244,86.89082336425781,9.488789796829224,77.04997253417969,8.914109230041504,128.32723999023438,12.425332069396973,132.2328338623047,10.467018127441406,134.8753662109375,38.7223711013794,88.66034698486328,36.89382362365723,71.88994598388672,39.39585304260254,78.02676391601562,4,19.4570762846205,39.39585304260254,98.86745707194011
g_045_031,3.5275,-76.4425,10.081104516983032,92.94796752929688,8.985211372375488,87.94189453125,9.435719013214111,77.76918029785156,9.112884521484377,134.68975830078125,12.697612762451172,138.7866973876953,10.718602657318115,141.54660034179688,37.69963312149048,89.44444274902344,35.99660444259644,72.25224304199219,38.19642114639282,78.72525024414062,4,19.213754839367336,38.19642114639282,101.5671149359809
g_045_032,3.5275,-76.4375,10.489266633987429,94.0888671875,8.969263553619385,89.03789520263672,9.425395488739014,78.51925659179688,9.65266466140747,141.1809844970703,13.115355491638184,145.4723663330078,11.14445734024048,148.3463897705078,36.16105270385742,90.24801635742188,34.46585988998413,72.6249008178711,36.20756387710571,79.44110870361328,3,18.847875515619915,36.20756387710571,104.32886505126953
g_045_033,3.5275,-76.43249999999999,10.799715042114258,95.27465057373048,9.033874034881592,90.177001953125,9.547410488128662,79.29898834228516,10.373814105987549,147.7925567626953,13.59968376159668,152.28123474121094,11.651398181915283,155.2666473388672,34.801411628723145,91.07063293457033,33.105345726013184,73.00753021240234,34.47353267669678,80.1739730834961,3,18.598465071784126,34.801411628723145,107.14924621582031
g_045_034,3.5275,-76.4275,10.974828481674194,96.50347137451172,9.12365436553955,91.35746002197266,9.709524154663086,80.1071548461914,11.09401559829712,154.51744079589844,14.08440113067627,159.2061004638672,12.246822834014893,162.30068969726562,34.12044715881348,91.91195678710938,32.414793491363525,73.39981079101562,33.65296220779419,80.92355346679688,3,18.602383269204033,34.12044715881348,110.0252931382921
g_045_035,3.5275,-76.4225,11.06760048866272,97.77354431152344,9.174545764923096,92.57754516601562,9.825122117996216,80.9426040649414,11.620964527130129,161.34959411621094,14.463953971862791,166.2407684326172,12.71489715576172,169.4427947998047,33.6474404335022,92.771728515625,31.968292713165283,73.80146026611328,33.166667461395264,81.68964385986328,3,18.62772051493327,33.6474404335022,112.95440928141277
g_045_036,3.5275,-76.41749999999999,11.261153936386108,99.08312225341795,9.313323497772217,93.83558654785156,10.02141046524048,81.80419921875,12.18279218673706,168.28372192382812,14.892376899719238,173.37979125976562,13.151193618774414,176.68800354003906,32.703545570373535,93.64968872070312,31.18981647491455,74.21221160888672,32.304763317108154,82.47200775146484,3,18.55781955189175,32.703545570373535,115.93425920274522
g_045_037,3.5275,-76.4125,11.581384658813477,100.4305191040039,9.491739749908447,95.12996673583984,10.380735635757446,82.69082641601562,13.030478477478027,175.3151092529297,15.600438117980955,180.61834716796875,13.873486518859863,184.03189086914065,31.202395915985107,94.54553985595705,29.941566944122314,74.63182067871094,30.794068336486816,83.27040100097656,3,18.432921595043606,31.202395915985107,118.96271345350478
g_045_038,3.5275,-76.4075,12.150833129882812,101.81411743164062,9.772910118103027,96.45911407470705,11.123343229293823,83.60142517089844,14.6574969291687,182.4394989013672,16.86613941192627,187.95204162597656,15.354286193847656,191.47042846679688,28.81496572494507,95.4589614868164,27.89052057266236,75.06002044677734,28.508931636810303,84.08454895019531,3,18.348825216293335,28.81496572494507,122.0377951727973
g_045_039,3.5275,-76.4025,13.002665996551514,103.23233795166016,10.33641529083252,97.82154083251952,12.36473536491394,84.53497314453125,18.38658571243286,189.65293884277344,20.161581993103027,195.3768615722656,19.17963981628418,198.9999084472656,25.48943853378296,96.38958740234376,24.94843864440918,75.49655151367188,25.677485942840576,84.91410827636719,3,18.83855414390564,25.677485942840576,125.15764533148871
g_046_000,3.5325,-76.5975,12.540570735931396,89.97476959228516,9.547938823699951,85.08573913574219,11.269145011901855,75.81513977050781,14.931775331497192,146.9347686767578,19.35171890258789,151.32363891601562,18.55811882019043,153.47633361816406,27.8895423412323,93.43296813964844,25.70762348175049,74.25289154052734,24.28331065177917,82.27925109863281,3,18.231082677841187,27.8895423412323,105.84172227647569
g_046_001,3.5325,-76.5925,11.5907621383667,89.16477966308594,9.055509090423584,84.30763244628906,10.202483892440796,75.28297424316406,11.478281497955322,140.60302734375,16.38124942779541,144.8026123046875,15.212507247924805,146.86395263671875,31.462039709091187,92.457275390625,29.48875212669373,73.80172729492188,28.18727731704712,81.4101791381836,3,18.117651383082073,31.462039709091187,103.18824005126953
g_046_002,3.5325,-76.58749999999999,11.164217948913574,88.4119873046875,8.946239948272705,83.58447265625,9.87230896949768,74.78845977783203,9.839150667190552,134.3997344970703,15.04201078414917,138.4138641357422,13.668277263641356,140.38575744628906,32.71957540512085,91.50009155273438,30.95722389221192,73.35975646972656,29.937966108322144,80.55756378173828,3,18.016330109702217,32.71957540512085,100.60018751356337
g_046_003,3.5325,-76.5825,11.090646743774414,87.71810913085938,8.92724323272705,82.91790771484375,9.811606884002686,74.33271026611328,9.176808834075928,128.33602905273438,14.489419937133787,132.16893005371094,12.994619846343994,134.05335998535156,32.8304705619812,90.56389617919922,31.16806602478028,72.92813873291016,30.269709706306458,79.72360229492188,3,17.86206575234731,32.8304705619812,98.08252037896051
g_046_004,3.5325,-76.5775,11.152935981750488,87.08476257324219,8.91675090789795,82.30950164794922,9.830742359161375,73.91677856445312,8.988412857055664,122.42598724365234,14.299645900726318,126.08226013183594,12.718706607818604,127.88150024414062,32.514644622802734,89.65170288085938,30.845452308654785,72.50824737548828,30.01783013343811,78.91096496582031,3,17.698346853256226,32.514644622802734,95.64130062527127
g_046_005,3.5325,-76.57249999999999,11.263435363769531,86.51350402832031,8.956453800201416,81.76072692871094,9.918492555618286,73.54165649414062,9.139838457107544,116.68750762939452,14.37537717819214,120.1723403930664,12.724586486816406,121.88890075683594,32.00919508934021,88.76719665527344,30.31498885154724,72.10176849365234,29.49878168106079,78.12294006347656,3,17.577905495961506,32.00919508934021,93.28406016031902
g_046_006,3.5325,-76.5675,11.408580780029297,86.0057601928711,8.994226455688477,81.2729721069336,10.037865161895752,73.20828247070312,9.208906173706056,111.14360809326172,14.367507457733154,114.46287536621094,12.621160507202148,116.0996322631836,31.351110458374023,87.91484832763672,29.65218424797058,71.71067810058594,28.853445291519165,77.36348724365234,3,17.388331837124294,31.351110458374023,91.02023824055989
g_046_007,3.5325,-76.5625,11.54267168045044,85.5628662109375,9.048388481140137,80.8475112915039,10.166046380996704,72.91751861572266,9.239406704902647,105.82386016845705,14.33283519744873,108.98434448242188,12.486433506011965,110.54466247558594,30.721669912338257,87.10006713867188,29.02712821960449,71.33734893798828,28.287664890289307,76.6374282836914,3,17.205804997020298,30.721669912338257,88.86173417833116
g_046_008,3.5325,-76.55749999999999,11.622093677520752,85.18599700927734,9.125132083892822,80.48548126220703,10.245626211166382,72.67012023925781,8.996900916099548,100.76619720458984,14.11237907409668,103.77581024169922,12.066455364227297,105.2637176513672,30.01973557472229,86.32928466796875,28.31964540481568,70.98458099365234,27.69940686225891,75.95050048828125,3,16.91193057431115,30.01973557472229,86.82352108425565
g_046_009,3.5325,-76.5525,11.636699676513672,84.87618255615234,9.20978546142578,80.1878662109375,10.299877405166626,72.46675872802734,8.358574867248535,96.01876068115234,13.555597305297852,98.88689422607422,11.22620964050293,100.30724334716795,29.292566537857056,85.61007690429688,27.5993549823761,70.65560913085938,27.148057460784912,75.30945587158203,3,16.48074703746372,29.292566537857056,84.92431640625
g_046_010,3.5325,-76.5475,11.600123405456545,84.6343002319336,9.292381763458252,79.95550537109375,10.321182489395142,72.30799102783203,7.59324324131012,91.64154052734376,12.840940475463867,94.37939453125,10.243187427520752,95.73816680908205,28.836549758911133,84.95115661621094,27.077269554138184,70.35411834716797,26.90218305587769,74.7220687866211,3,16.07856235239241,28.836549758911133,83.18713802761502
g_046_011,3.5325,-76.54249999999999,11.450086116790771,84.46102142333984,9.2308988571167,79.78904724121094,10.118858098983765,72.19426727294922,6.819006443023682,87.7070541381836,12.083218097686768,90.32803344726562,9.415327072143556,91.6326141357422,29.476938247680664,84.36222839355469,27.45379543304444,70.08416748046875,27.588494777679443,74.197021484375,3,15.95962479379442,29.476938247680664,81.63949500189887
g_046_012,3.5325,-76.5375,11.029289960861206,84.35685729980469,8.955968856811523,79.68898010253906,9.618630170822144,72.12590026855469,6.065593242645264,84.29915618896484,11.394185066223145,86.81922149658203,8.807663917541504,88.07875061035156,31.784903287887573,83.85365295410156,29.316414833068848,69.85005950927734,29.817918062210083,73.74356079101562,4,16.310063044230144,31.784903287887573,80.31290435791016
g_046_013,3.5325,-76.5325,10.457071781158447,84.32209777832031,8.77107286453247,79.65559387207031,9.129461288452148,72.10308837890625,5.304201364517212,81.50886535644531,10.706450462341309,83.94673156738281,8.3149995803833,85.17242431640625,34.66921281814575,83.43577575683594,31.86514496803284,69.65607452392578,32.96619987487793,73.3709716796875,4,16.909312778049046,34.66921281814575,79.24129146999783
g_046_014,3.5325,-76.5275,10.013534307479858,84.35685729980469,8.778684616088867,79.68898010253906,9.01319670677185,72.12590026855469,4.723659753799439,79.42630767822266,10.260697364807127,81.80348205566406,7.958995819091797,83.00881958007812,36.49593687057495,83.11804962158203,33.67522096633911,69.50609588623047,35.38557291030884,73.08769226074219,4,17.36727770169576,36.49593687057495,78.45802052815755
g_046_015,3.5325,-76.5225,9.964686870574951,84.46102142333984,8.907618522644043,79.78904724121094,9.124749898910522,72.19426727294922,4.410122871398926,78.1294174194336,10.165980815887451,80.46981811523438,7.641970634460449,81.67057800292969,36.39718532562256,82.90782165527344,33.76455640792847,69.40319061279297,35.75114870071411,72.90032196044922,4,17.34755778312683,36.39718532562256,77.99172041151259
g_046_016,3.5325,-76.5175,10.37330150604248,84.6343002319336,9.06038236618042,79.95550537109375,9.33327603340149,72.30799102783203,4.414993047714233,77.67135620117188,10.44492530822754,80.00057983398438,7.415073871612549,81.21456146240234,34.04129076004028,82.80927276611328,31.77628469467163,69.34913635253906,33.535680294036865,72.81259155273438,4,16.7105786535475,34.04129076004028,77.86169942220052
g_046_017,3.5325,-76.5125,11.26730251312256,84.87618255615234,9.440171241760254,80.1878662109375,10.118159532546995,72.46675872802734,5.040789365768433,78.07060241699219,10.852215766906738,80.41486358642578,7.309967517852783,81.6612319946289,29.299538135528564,82.82260131835938,27.52625346183777,69.34416198730469,28.880560636520386,72.82467651367188,4,15.526106463538277,29.299538135528564,78.07432725694444
g_046_018,3.5325,-76.5075,12.038947582244871,85.18599700927734,10.008267879486084,80.48548126220703,11.070043325424194,72.67012023925781,6.536529064178467,79.30728912353516,11.86998987197876,81.69224548339844,8.251585960388184,82.99058532714844,25.32732582092285,82.94388580322266,23.92807650566101,69.3868637084961,25.38927125930786,72.93307495117188,3,14.935559696621365,25.38927125930786,78.6217269897461
g_046_019,3.5325,-76.5025,12.278041362762451,85.5628662109375,10.300055503845217,80.8475112915039,11.525270700454712,72.91751861572266,7.937368869781494,81.32738494873047,13.024017333984377,83.77708435058594,9.571810245513916,85.14625549316406,23.568591594696045,83.16564178466797,22.290138721466064,69.4743881225586,24.155044555664062,73.1310806274414,3,14.961148765352037,24.155044555664062,79.48330349392361
g_046_020,3.5325,-76.4975,12.101423263549805,86.0057601928711,10.00318431854248,81.2729721069336,11.093467235565186,73.20828247070312,8.186794996261597,84.05304718017578,12.898815155029297,86.58911895751953,9.69003963470459,88.0461654663086,25.402709484100345,83.47791290283203,23.56434845924377,69.6028823852539,25.33697271347046,73.40977478027344,3,15.364195028940836,25.402709484100345,80.62954627143012
g_046_021,3.5325,-76.49249999999999,11.276652336120604,86.51350402832031,9.145991802215576,81.76072692871094,9.729069948196411,73.54165649414062,7.416316032409668,87.39517211914062,11.905056953430176,90.03645324707031,9.08090353012085,91.5957489013672,31.045764446258545,83.86958312988281,28.25198769569397,69.76792907714844,29.852310180664062,73.75920104980469,4,16.411561436123318,31.045764446258545,82.02666388617621
g_046_022,3.5325,-76.4875,10.313643455505373,87.08476257324219,8.640588760375977,82.30950164794922,8.926405429840088,73.91677856445312,6.899838924407959,91.26459503173828,11.342106819152832,94.02708435058594,9.014317989349363,95.69983673095705,36.50504016876221,84.3294906616211,33.65081453323364,69.9650650024414,35.65060806274414,74.16938781738281,4,17.882596015930176,36.50504016876221,83.6407224867079
g_046_023,3.5325,-76.4825,9.83683967590332,87.71810913085938,8.73017692565918,82.91790771484375,9.17772912979126,74.33271026611328,7.084608554840088,95.57972717285156,11.382258415222168,98.476806640625,9.27503538131714,100.2709732055664,38.77499771118164,84.84732818603516,36.31552457809448,70.1900634765625,38.76700782775879,74.63111877441406,4,18.816019799974228,38.77499771118164,85.4405271742079
g_046_024,3.5325,-76.47749999999999,9.695516586303713,88.4119873046875,8.917121410369873,83.58447265625,9.428879976272585,74.78845977783203,7.424380779266357,100.27043914794922,11.80142307281494,103.31317901611328,9.5251727104187,105.2336654663086,39.11393737792969,85.41409301757812,36.98835849761963,70.43916320800781,39.51614713668823,75.13636779785156,4,19.156770838631523,39.51614713668823,87.39909193250868
g_046_025,3.5325,-76.4725,9.920254707336426,89.16477966308594,8.920459270477295,84.30763244628906,9.40079665184021,75.28297424316406,7.873242855072021,105.27889251708984,12.339139938354492,108.47647857666016,9.815450191497805,110.52560424804688,38.11804819107056,86.02230834960938,36.26233625411987,70.70915985107422,38.50549221038818,75.67843627929688,4,19.017246696684097,38.50549221038818,89.49402957492404
g_046_026,3.5325,-76.4675,10.261191844940186,89.97476959228516,8.86916208267212,85.08573913574219,9.35450267791748,75.81513977050781,8.571648120880127,110.55868530273438,12.879522323608398,113.91876220703124,10.36141300201416,116.0968017578125,36.78761625289917,86.66593933105469,35.007768630981445,70.99739074707031,36.85102510452271,76.25198364257812,4,18.771538893381756,36.85102510452271,91.70724572075738
g_046_027,3.5325,-76.46249999999999,10.372403144836426,90.84022521972656,8.80041790008545,85.91712188720703,9.310390710830688,76.38382720947266,9.210938453674316,116.07312774658205,13.210722923278809,119.6021499633789,10.852551460266112,121.90788269042967,36.607887268066406,87.3403091430664,34.63507556915283,71.3017349243164,36.349857807159424,76.85285186767578,4,18.816693915261162,36.607887268066406,94.02435896131728
g_046_028,3.5325,-76.4575,10.182059288024902,91.75933837890624,8.816029071807861,86.80005645751953,9.268249750137327,76.98787689208984,9.282630443572998,121.7933578491211,12.991617202758787,125.49683380126952,10.891602516174316,127.92809295654295,37.63038873672485,88.0418701171875,35.438908100128174,71.62049102783203,37.41306781768799,77.4778823852539,4,19.1016169918908,37.63038873672485,96.43397776285808
g_046_029,3.5325,-76.4525,10.062273979187012,92.73031616210938,8.93179178237915,87.73281860351562,9.331064224243164,77.62610626220703,9.144554615020752,127.6966323852539,12.823969841003418,131.579345703125,10.82202672958374,134.1334228515625,38.00994062423706,88.76800537109375,35.891719818115234,71.95234680175781,38.09980249404907,78.12476348876953,4,19.23523823420207,38.09980249404907,98.92708418104384
g_046_030,3.5325,-76.44749999999999,10.226687908172607,93.75133514404295,8.972396850585938,88.7136459350586,9.38482427597046,78.29733276367188,9.181149959564207,133.764892578125,12.993884086608888,137.83106994628906,10.92780828475952,140.5050506591797,37.23315763473511,89.51680755615234,35.35235643386841,72.29631042480469,37.4451379776001,78.79182434082031,4,19.07971149020725,37.4451379776001,101.49647437201605
g_046_031,3.5325,-76.4425,10.639453649520874,94.82057189941406,9.049198150634766,89.74079895019531,9.48221731185913,79.00038146972656,9.710794925689695,139.98361206054688,13.49072551727295,144.23703002929688,11.340165138244627,147.028076171875,35.48319387435913,90.28690338134766,33.75365257263184,72.65158081054688,35.379345417022705,79.47785949707031,3,18.70319406191508,35.48319387435913,104.13631269666884
g_046_032,3.5325,-76.4375,11.093077421188354,95.9362335205078,9.196918487548828,90.8125457763672,9.730265855789185,79.73407745361328,10.525762557983398,146.34100341796875,14.037871360778809,150.7850799560547,11.875611782073976,153.6905517578125,33.41301965713501,91.07733154296876,31.74805974960327,73.0175552368164,32.99005317687988,80.1820297241211,3,18.290071116553413,33.41301965713501,106.8418231540256
g_046_033,3.5325,-76.43249999999999,11.389481782913208,97.09652709960938,9.331364154815674,91.92717742919922,9.999391555786133,80.49725341796875,11.326911449432371,152.82725524902344,14.473121643066406,157.46514892578125,12.384666442871094,160.48272705078125,32.01341915130615,91.88739013671876,30.31749725341797,73.39375305175781,31.40758800506592,80.90372467041016,3,18.071493493186104,32.01341915130615,109.60899522569444
g_046_034,3.5325,-76.4275,11.450564622879028,98.29972076416016,9.38185214996338,93.08301544189452,10.105764150619509,81.28877258300781,11.922249794006348,159.43418884277344,14.848735809326172,164.26881408691406,12.924339294433594,167.3965301513672,31.826722145080566,92.716552734375,30.053961277008057,73.77978515625,31.163869380950928,81.6424789428711,3,18.186450958251953,31.826722145080566,112.43442874484592
g_046_035,3.5325,-76.4225,11.412572860717772,99.54409790039062,9.38782548904419,94.27842712402344,10.127150058746338,82.1075210571289,12.367842197418211,166.15475463867188,15.1890869140625,171.1888427734375,13.421075820922852,174.42510986328125,32.00227117538452,93.56438446044922,30.22321844100952,74.17530059814453,31.390254974365234,82.39794158935547,3,18.391255325741238,32.00227117538452,115.31515333387587
g_046_036,3.5325,-76.41749999999999,11.48014760017395,100.82798767089844,9.462749481201172,95.51179504394533,10.23579239845276,82.95240020751953,12.87364149093628,172.98287963867188,15.65541934967041,178.21897888183594,13.926763534545898,181.5625915527344,31.716089725494385,94.43051147460938,30.14400243759156,74.58000946044922,31.25508499145508,83.1697769165039,3,18.527743445502388,31.716089725494385,118.24854787190755
g_046_037,3.5325,-76.4125,11.743812561035156,102.1497802734375,9.617125034332275,96.78157806396484,10.583787202835085,83.8223648071289,13.739339828491213,179.91317749023438,16.365530014038086,185.35369873046875,14.695083618164062,188.8038024902344,30.452531814575195,95.3145751953125,29.14636993408203,74.99361419677734,30.05375528335572,83.95767211914062,3,18.48859281010098,30.452531814575195,121.2322514851888
g_046_038,3.5325,-76.4075,12.22118043899536,103.50789642333984,9.902827739715576,98.08625793457033,11.310804843902588,84.71637725830078,15.40113925933838,186.9408264160156,17.653565406799316,192.5880584716797,16.22866439819336,196.1440887451172,28.28357315063477,96.21620178222656,27.36616373062133,75.41584777832031,28.04828357696533,84.76129150390625,3,18.490689171685112,28.28357315063477,124.26409403483073
g_046_039,3.5325,-76.4025,13.074023008346558,104.90082550048828,10.414554119110107,99.42438507080078,12.484205722808838,85.6334457397461,19.09519386291504,194.06149291992188,20.94424343109131,199.91758728027344,20.057377815246586,203.57928466796875,25.263054847717285,97.13499450683594,24.67647695541382,75.84644317626953,25.490556240081787,85.58030700683594,3,19.055520666970146,25.490556240081787,127.34208509657118
g_047_000,3.5375,-76.5975,12.8436918258667,91.97962188720705,9.806737899780272,87.01166534423828,11.696649551391602,77.13265991210938,15.977545022964478,152.32333374023438,20.456899642944336,156.87599182128906,19.70276260375977,159.1036376953125,26.73971009254456,94.15503692626952,24.5786235332489,74.59688568115234,23.293817043304443,82.92443084716797,3,18.344048579533894,26.73971009254456,108.45591820610895
g_047_001,3.5375,-76.5925,12.020885229110718,91.19010925292967,9.272602081298828,86.25323486328125,10.63943600654602,76.61376190185547,12.650097608566284,146.12379455566406,17.444220542907715,150.4910888671875,16.379321575164795,152.62953186035156,30.012388706207275,93.19989013671876,27.913655042648315,74.15516662597656,26.559925079345703,82.07368469238281,3,18.099170207977295,30.012388706207275,105.85891808403863
g_047_002,3.5375,-76.58749999999999,11.624369382858276,90.45675659179688,9.142205238342283,85.54875183105469,10.258925199508669,76.1318359375,10.993382215499878,140.0634002685547,16.06479263305664,144.24952697753906,14.75340986251831,146.30081176757812,31.210989236831665,92.2652587890625,29.24886131286621,73.72347259521484,28.08360362052917,81.24118041992188,3,17.93117096689012,31.210989236831665,103.33122168646918
g_047_003,3.5375,-76.5825,11.559539556503296,89.78114318847656,9.12834882736206,84.89973449707031,10.208109855651855,75.68791961669922,10.375280618667604,134.1549835205078,15.564841747283936,138.1645050048828,14.052726745605469,140.13087463378906,31.20200133323669,91.3537826538086,29.34246826171875,73.30302429199219,28.28272783756256,80.42926788330078,3,17.746227198176914,31.20200133323669,100.87835947672527
g_047_004,3.5375,-76.5775,11.659045219421388,89.16477966308594,9.138306140899658,84.30763244628906,10.29325556755066,75.28297424316406,10.299796104431152,128.41441345214844,15.44309949874878,132.2523651123047,13.861550331115724,134.1363067626953,30.73480534553528,90.46864318847656,28.91353702545166,72.895263671875,27.88148164749145,79.64077758789062,3,17.580541875627304,30.73480534553528,98.50701734754774
g_047_005,3.5375,-76.57249999999999,11.844087600708008,88.60908508300781,9.226788997650146,83.77381134033203,10.490296125411987,74.91792297363281,10.572576522827148,122.86141204833984,15.63205337524414,126.5334701538086,14.01213312149048,128.3377685546875,30.02648615837097,89.61363220214844,28.22835803031921,72.50189208984375,27.24999642372132,78.87907409667969,3,17.475864039527046,30.02648615837097,96.22534094916449
g_047_006,3.5375,-76.5675,12.014240503311155,88.11538696289062,9.280763626098633,83.29955291748047,10.672781705856323,74.59364318847656,10.804203510284424,117.5206298828125,15.781184673309326,121.0331802368164,14.105674266815186,122.76106262207033,29.341435194015503,88.79325103759766,27.54639744758606,72.12489318847656,26.609548330307007,78.14815521240234,3,17.350692139731514,29.341435194015503,94.04330613878038
g_047_007,3.5375,-76.5625,12.128215789794922,87.68490600585938,9.332374572753906,82.88601684570312,10.800366640090942,74.31090545654297,10.968478918075562,112.42274475097656,15.885671615600586,115.78313446044922,14.176941394805908,117.43830871582033,28.872005939483643,88.01277923583984,27.05749487876892,71.76658630371094,26.251064777374268,77.45274353027344,3,17.27473494741652,28.872005939483643,91.97312503390842
g_047_008,3.5375,-76.55749999999999,12.126693487167358,87.3187255859375,9.412551403045654,82.53424835205078,10.84197473526001,74.07041931152344,10.75494647026062,107.60570526123048,15.703609943389893,110.82241821289062,13.835333347320557,112.40928649902344,28.45367765426636,87.27836608886719,26.645692825317383,71.42962646484375,26.030902862548828,76.79830932617188,3,17.08948696984185,28.45367765426636,90.02967834472656
g_047_009,3.5375,-76.5525,12.0342435836792,87.01778411865234,9.469192028045654,82.24515533447266,10.811849355697632,73.87278747558594,9.974600076675417,103.11580657958984,15.04663896560669,106.19874572753906,12.868283748626707,107.72251892089844,28.06812620162964,86.5970230102539,26.276482820510864,71.11699676513672,25.88285541534424,76.19110107421875,3,16.714696910646225,28.06812620162964,88.23087988959418
g_047_010,3.5375,-76.5475,11.912874937057495,86.78287506103516,9.487949848175049,82.01950073242188,10.76194453239441,73.71853637695312,9.041840314865112,99.00831604003906,14.185999870300291,101.96904754638672,11.73471736907959,103.43603515625,27.86031699180603,85.9765625,26.021498918533325,70.83202362060547,25.86841869354248,75.6380844116211,3,16.31950683063931,27.86031699180603,86.59788682725694
g_047_011,3.5375,-76.54249999999999,11.790624618530272,86.61463165283203,9.387014865875244,81.85787963867188,10.58324098587036,73.60806274414062,8.237715721130371,95.34717559814452,13.394415855407717,98.19922637939452,10.847663879394531,99.61699676513672,28.38482069969177,85.42538452148438,26.340609788894653,70.57823181152344,26.422569513320923,75.14678955078125,3,16.154297325346207,28.38482069969177,85.1549309624566
g_047_012,3.5375,-76.5375,11.484886169433594,86.51350402832031,9.156083583831789,81.76072692871094,10.120418787002563,73.54165649414062,7.527087211608887,92.2031021118164,12.658729076385498,94.962158203125,10.1769061088562,96.33981323242188,30.178351163864136,84.95216369628906,27.7561423778534,70.35923767089844,28.077200412750244,74.7249526977539,3,16.34842276573181,30.178351163864136,83.9285905626085
g_047_013,3.5375,-76.5325,11.03774118423462,86.4797592163086,8.907549858093262,81.72831726074219,9.584894895553589,73.51950073242188,6.6898887157440186,89.6496353149414,11.875097274780272,92.33361053466795,9.506853580474854,93.68197631835938,32.656588315963745,84.56526184082031,29.907959699630737,70.17854309082031,30.51902866363525,74.38005828857422,4,16.742844687567818,32.656588315963745,82.94629584418402
g_047_014,3.5375,-76.5275,10.652558326721191,86.51350402832031,8.797703266143799,81.76072692871094,9.303125619888306,73.54165649414062,5.932227849960327,87.75685119628906,11.276134967803957,90.38583374023438,8.954506397247314,91.71754455566406,34.19996619224548,84.27204895019531,31.43323135375977,70.03919982910156,32.37183713912964,74.11869049072266,4,16.991254568099976,34.19996619224548,82.23400624593098
g_047_015,3.5375,-76.5225,10.639470100402832,86.61463165283203,8.82735013961792,81.85787963867188,9.337486743927002,73.60806274414062,5.560693979263306,86.58341979980469,11.11120080947876,89.17930603027344,8.605947494506836,90.5087661743164,34.05917406082153,84.07804870605469,31.45000410079956,69.94354248046875,32.56599831581116,73.94580841064453,4,16.90636952718099,34.05917406082153,81.81327395968967
g_047_016,3.5375,-76.5175,11.05989909172058,86.78287506103516,9.074288845062256,82.01950073242188,9.747559309005736,73.71853637695312,5.736449956893921,86.1684799194336,11.344707012176514,88.75440979003906,8.459263324737549,90.0975112915039,31.82334995269776,83.98625946044922,29.551081657409668,69.89289855957031,30.55252742767334,73.86408233642578,4,16.372125175264145,31.82334995269776,81.69828372531467
g_047_017,3.5375,-76.5125,11.743124008178713,87.01778411865234,9.556418895721436,82.24515533447266,10.60801100730896,73.87278747558594,6.6050684452056885,86.5255355834961,11.988300323486328,89.1250991821289,8.726104736328125,90.49868774414062,28.00479745864868,83.99663543701172,26.21858692169189,69.88736724853516,27.146717309951782,73.87348937988281,3,15.621903234057957,28.00479745864868,81.89361572265625
g_047_018,3.5375,-76.5075,12.272170782089232,87.3187255859375,10.082048892974854,82.53424835205078,11.38362169265747,74.07041931152344,8.0794677734375,87.6402587890625,13.29906940460205,90.27662658691406,9.88876485824585,91.69783782958984,24.63716459274292,84.10604095458984,23.30486392974853,69.92581176757812,24.602601051330566,73.97120666503906,3,15.283308108647665,24.63716459274292,82.39346398247613
g_047_019,3.5375,-76.5025,12.429805755615234,87.68490600585938,10.326408386230469,82.88601684570312,11.76193642616272,74.31090545654297,9.382941722869871,89.47300720214844,14.47605800628662,92.16817474365234,11.0877685546875,93.65354919433594,23.1529598236084,84.30859375,21.94434642791748,70.00599670410156,23.777105808258057,74.15198516845703,3,15.371036767959595,23.777105808258057,83.1825705634223
g_047_020,3.5375,-76.4975,12.34550404548645,88.11538696289062,10.149334907531738,83.29955291748047,11.495392560958862,74.59364318847656,9.569973707199097,91.9652328491211,14.377033233642578,94.7393569946289,11.137414455413818,96.30409240722656,24.297598838806152,84.596435546875,22.66105580329895,70.12483978271484,24.535584926605225,74.40877532958984,3,15.618765830993652,24.535584926605225,84.23859066433377
g_047_021,3.5375,-76.49249999999999,11.824724197387695,88.60908508300781,9.479736804962158,83.77381134033203,10.496280431747437,74.91792297363281,8.68445873260498,95.0476303100586,13.1210355758667,97.91870880126952,10.232466697692873,99.57598114013672,28.450672149658203,84.96056365966797,26.04338479042053,70.2787857055664,27.4867901802063,74.73353576660156,3,16.202172173394096,28.450672149658203,85.53511386447482
g_047_022,3.5375,-76.4875,10.979315757751465,89.16477966308594,8.839426517486572,84.30763244628906,9.310008764266968,75.28297424316406,7.795513153076172,98.64801788330078,12.198318481445312,101.63174438476562,9.766618251800535,103.39229583740234,33.7932071685791,85.3917236328125,30.930526971817017,70.46408081054688,32.39971113204956,75.11798858642578,4,17.334738466474747,33.7932071685791,87.0445819430881
g_047_023,3.5375,-76.4825,10.368290662765505,89.78114318847656,8.673200130462646,84.89973449707031,9.057278633117676,75.68791961669922,7.654077053070068,102.69739532470705,11.995126724243164,105.80725860595705,9.859098434448242,107.6792449951172,36.79339408874512,85.88105010986328,34.12752723693848,70.67710876464844,35.95209550857544,75.55421447753906,4,18.27556538581848,36.79339408874512,88.74056328667535
g_047_024,3.5375,-76.47749999999999,10.216082334518433,90.45675659179688,8.800105094909668,85.54875183105469,9.204389333724976,76.1318359375,7.880592823028564,107.13368225097656,12.266510009765623,110.3811492919922,10.081328868865969,112.3702392578125,37.302563190460205,86.42053985595703,34.925891399383545,70.91452026367188,36.87551546096802,76.03507232666016,4,18.61699761284722,37.302563190460205,90.5991719563802
g_047_025,3.5375,-76.4725,10.47387671470642,91.19010925292967,8.871198654174805,86.25323486328125,9.341137170791626,76.61376190185547,8.404232501983643,111.90335845947266,12.842708587646484,115.29816436767578,10.448890209197998,117.40778350830078,36.15105247497559,87.00328063964844,34.07749009132385,71.17337036132812,35.71705436706543,76.55439758300781,4,18.48084897465176,36.15105247497559,92.59971788194444
g_047_026,3.5375,-76.4675,10.854700088500977,91.97962188720705,8.960512161254883,87.01166534423828,9.516501426696776,77.13265991210938,9.359992504119871,116.9616470336914,13.617048263549805,120.51203918457033,11.144509315490724,122.74378204345705,34.55155420303345,87.62351989746094,32.548556089401245,71.4511489868164,33.82725954055786,77.10706329345703,3,18.264514843622845,34.55155420303345,94.72479417588976
g_047_027,3.5375,-76.46249999999999,10.983214616775513,92.82366943359376,8.950474262237549,87.82249450683594,9.558675289154053,77.68746948242188,10.146729469299316,122.27175903320312,14.010817527770996,125.98479461669922,11.70062017440796,128.3388214111328,34.213932514190674,88.27658081054688,32.005799293518066,71.7457504272461,33.18378162384033,77.68891906738281,3,18.306004974577164,34.213932514190674,96.96002875434027
g_047_028,3.5375,-76.4575,10.83997654914856,93.7205810546875,8.896831035614014,88.68409729003906,9.456964254379272,78.27711486816406,10.197949409484863,127.80377960205078,13.845725059509276,131.685546875,11.742259502410889,134.1609649658203,35.10418748855591,88.95877838134766,32.6893515586853,72.05547332763672,34.05157518386841,78.29669952392578,3,18.53609111573961,35.10418748855591,99.29367065429688
g_047_029,3.5375,-76.4525,10.81713891029358,94.66866302490234,8.97217845916748,89.59486389160156,9.482563257217407,78.90049743652344,10.089812755584717,133.53346252441406,13.705191612243652,137.58926391601562,11.700929641723633,140.18453979492188,35.212687969207764,89.66727447509766,32.94294548034668,72.37893676757812,34.437636852264404,78.92787170410156,3,18.595676104227703,35.212687969207764,101.71615261501736
g_047_030,3.5375,-76.44749999999999,11.031471252441406,95.66620635986328,9.081887245178224,90.55314636230467,9.674408435821531,79.55648803710938,10.238958835601808,139.4411163330078,13.972418785095217,143.67562866210938,11.835968494415283,146.38885498046875,34.13498020172119,90.39989471435548,32.07734203338623,72.71504211425781,33.45303201675415,79.58052825927734,3,18.388940811157227,34.13498020172119,104.21965620252821
g_047_031,3.5375,-76.4425,11.43982481956482,96.71150970458984,9.311884880065918,91.55731201171876,10.052827835083008,80.2439956665039,11.001224994659424,145.51068115234375,14.533878326416016,149.92807006835938,12.299978256225586,152.7572021484375,32.088247299194336,91.15499877929688,30.263084411621094,73.06292724609375,31.3643856048584,80.25322723388672,3,18.039481825298733,32.088247299194336,106.79776933458116
g_047_032,3.5375,-76.4375,11.785415172576904,97.8028564453125,9.605646133422852,92.60570526123048,10.494249105453491,80.9618911743164,12.00331163406372,151.72886657714844,15.290416717529297,156.33291625976562,13.01560115814209,159.2759552001953,30.25262451171875,91.93136596679688,28.58292293548584,73.42188262939453,29.61235284805298,80.94488525390625,3,17.84917113516066,30.25262451171875,109.44514719645183
g_047_033,3.5375,-76.43249999999999,11.957627058029177,98.93856811523438,9.767268180847168,93.69672393798828,10.769957780838013,81.70909118652344,12.797832012176514,158.08465576171875,15.810791969299316,162.87881469726562,13.669732093811035,165.93389892578125,29.17619466781616,92.72806549072266,27.563437938690186,73.7913589477539,28.663196086883545,81.65470123291016,3,17.797337532043457,29.17619466781616,112.15731981065538
g_047_034,3.5375,-76.4275,11.94972324371338,100.1169891357422,9.741263389587402,94.82876586914062,10.768758296966553,82.4844970703125,13.191669464111328,164.56874084472656,16.0282039642334,169.55616760253906,14.05043601989746,172.7216796875,29.335418701171875,93.54438018798828,27.61128759384156,74.17089080810547,28.787779331207275,82.38203430175781,3,17.940504444970024,29.335418701171875,114.93046061197917
g_047_035,3.5375,-76.4225,11.833017349243164,101.3364715576172,9.678529739379885,96.0002670288086,10.706823348999023,83.28705596923828,13.482336044311523,171.17315673828125,16.226594924926758,176.35678100585938,14.455511093139648,179.63136291503906,29.926642417907715,94.37972259521484,28.175284385681152,74.56007385253906,29.33449125289917,83.12638092041016,3,18.202136728498672,29.926642417907715,117.76125250922308
g_047_036,3.5375,-76.41749999999999,11.829736471176147,102.5954360961914,9.657634735107422,97.20970153808594,10.669792652130129,84.11571502685547,13.934191703796388,177.89100646972656,16.619215965270996,183.27359008789065,14.960315704345703,186.6561584472656,30.18199872970581,95.2335968017578,28.56908130645752,74.95856475830078,29.65034580230713,83.88729858398438,3,18.452479230033028,30.18199872970581,120.64678531222873
g_047_037,3.5375,-76.4125,12.002132177352903,103.89232635498048,9.78456687927246,98.45555877685548,10.989403009414673,84.9694595336914,14.7438325881958,184.7162628173828,17.218887329101562,190.3003692626953,15.703128814697266,193.79014587402344,29.32412338256836,96.10555267333984,27.966721534729004,75.36605072021484,28.88404417037964,84.6644058227539,3,18.512982209523518,29.32412338256836,123.58445909288194
g_047_038,3.5375,-76.4075,12.494821786880491,105.22562408447266,10.10054349899292,99.73640441894533,11.687557697296144,85.84730529785156,16.454211235046387,191.6435546875,18.7181978225708,197.4315948486328,17.39388942718506,201.0280303955078,27.469637393951416,96.99515533447266,26.478047847747803,75.78223419189453,27.26655149459839,85.45732116699219,3,18.673717578252155,27.469637393951416,126.57191382514105
g_047_039,3.5375,-76.4025,13.252513647079468,106.5938720703125,10.497989654541016,101.0508270263672,12.717792987823486,86.748291015625,20.06502151489257,198.6680603027344,21.983397483825684,204.662338256836,21.24317646026612,208.36512756347656,24.83139991760254,97.90198516845705,24.18174695968628,76.20683288574219,25.120166778564453,86.26567077636719,3,19.321467267142403,25.120166778564453,129.60700056287976
g_048_000,3.5425,-76.5975,13.461997985839844,93.9969482421875,10.332609176635742,88.94959259033203,12.612329721450806,78.45882415771484,18.091329336166385,157.9297332763672,22.656553268432617,162.65296936035156,22.04658365249633,164.95848083496094,24.112688779830933,94.91513061523438,22.12853527069092,74.95802307128906,21.25490665435791,83.60340118408203,3,18.521948205100166,24.112688779830933,111.15812259250217
g_048_001,3.5425,-76.5925,13.065197467803957,93.2269515991211,9.927323818206789,88.20989990234375,11.883339166641235,77.95258331298828,15.567326307296751,151.8672637939453,20.187021255493164,156.4092559814453,19.42748737335205,158.62774658203125,26.35921549797058,93.98139190673828,24.23739528656006,74.52607727050781,23.0370512008667,82.771728515625,3,18.187928597132366,26.35921549797058,108.61921098497179
g_048_002,3.5425,-76.58749999999999,12.8095862865448,92.5120849609375,9.74452257156372,87.5231704711914,11.502832889556885,77.48265075683594,14.140721559524536,145.9542999267578,18.87197780609131,150.3195343017578,17.952184200286865,152.4532470703125,27.408727645874023,93.06999969482422,25.246726989746094,74.10493469238281,24.0257271528244,81.95995330810547,3,17.967000789112515,27.408727645874023,106.15331946478949
g_048_003,3.5425,-76.5825,12.767808675765991,91.85382080078124,9.71618938446045,86.89082336425781,11.458172082901,77.04997253417969,13.587348699569702,140.20498657226562,18.356486320495605,144.39837646484375,17.31304121017456,146.44976806640625,27.46434783935547,92.18372344970705,25.34577989578247,73.69583892822266,24.19578325748444,81.17051696777344,3,17.8005508184433,27.46434783935547,103.76642523871527
g_048_004,3.5425,-76.5775,12.850678443908691,91.25355529785156,9.755881786346436,86.3141860961914,11.571232557296751,76.65545654296875,13.5854172706604,134.63644409179688,18.36711025238037,138.6634063720703,17.234699726104736,140.63519287109375,27.034298181533813,91.32581329345705,25.020057678222656,73.30026245117188,23.948747873306274,80.40631103515625,3,17.707569307751125,27.034298181533813,101.4656253390842
g_048_005,3.5425,-76.57249999999999,12.988767385482788,90.71260833740234,9.867130756378174,85.7945327758789,11.78511905670166,76.29996490478516,13.940400838851929,129.26951599121094,18.68852424621582,133.1361541748047,17.521647453308105,135.03138732910156,26.371808528900143,90.50007629394533,24.457289457321167,72.91989135742188,23.509626150131226,79.67073059082031,3,17.681145985921223,26.371808528900143,99.25942908393012
g_048_006,3.5425,-76.5675,13.11430287361145,90.2322006225586,9.95625925064087,85.3330307006836,11.963188886642456,75.98428344726562,14.330281257629396,124.12960052490234,19.061954498291016,127.84273529052734,17.847251892089844,129.6649169921875,25.792203664779663,89.71092987060547,23.95604968070984,72.55667114257812,23.164857149124146,78.96769714355469,3,17.687372128168743,25.792203664779663,97.1580073038737
g_048_007,3.5425,-76.5625,13.148884057998655,89.81344604492188,9.972705841064451,84.9307632446289,12.03180718421936,75.70914459228516,14.552078008651732,119.24736785888672,19.27214431762696,122.8147964477539,18.021296501159668,124.56793212890624,25.55777597427368,88.96344757080078,23.71249771118164,72.21282196044922,23.09888744354248,78.30174255371094,3,17.707564115524292,25.55777597427368,95.17349582248264
g_048_008,3.5425,-76.55749999999999,13.059114456176758,89.45735168457031,9.990145683288574,84.58868408203125,12.021061182022097,75.47518157958984,14.436755895614624,114.65960693359376,19.192095279693604,118.09022521972656,17.812100887298584,119.77899932861328,25.46185874938965,88.26338958740234,23.618536710739136,71.89082336425781,23.226768970489506,77.67798614501953,3,17.646493090523613,25.46185874938965,93.32024976942274
g_048_009,3.5425,-76.5525,12.910582542419434,89.16477966308594,9.9718976020813,84.30763244628906,11.932323217391968,75.28297424316406,13.735276460647585,110.40966796875,18.55854749679565,113.71370697021484,16.956960201263428,115.34359741210938,25.463621139526367,87.61714172363281,23.59918069839477,71.5934066772461,23.431522130966187,77.10211944580078,3,17.395545721054077,25.463621139526367,91.61500295003255
g_048_010,3.5425,-76.5475,12.78405785560608,88.93644714355469,9.95215940475464,84.08828735351562,11.849552631378174,75.13297271728516,12.90698218345642,106.54751586914062,17.78222370147705,109.73670959472656,15.952924251556396,111.31420135498048,25.470532178878784,87.03162384033203,23.58138346672058,71.32352447509766,23.626487970352173,76.58033752441406,3,17.10070040490892,25.470532178878784,90.07684665256076
g_048_011,3.5425,-76.54249999999999,12.654406309127808,88.77294158935547,9.830636978149414,83.93122100830078,11.68617868423462,75.02556610107422,12.167766571044922,103.12884521484376,17.031177043914795,106.21663665771484,15.049595832824709,107.74935150146484,25.914145708084103,86.51407623291016,23.888450860977173,71.084228515625,24.06589150428772,76.11910247802734,3,16.92091661029392,25.914145708084103,88.72688547770183
g_048_012,3.5425,-76.5375,12.499427318572998,88.67466735839844,9.68956470489502,83.8368148803711,11.40202522277832,74.96100616455078,11.583143949508669,100.21309661865234,16.32824182510376,103.21473693847656,14.323625564575195,104.71160888671876,26.89281392097473,86.0717544555664,24.6407163143158,70.8785629272461,24.880087852478027,75.72488403320312,3,16.915516297022503,26.89281392097473,87.58745914035373
g_048_013,3.5425,-76.5325,12.2696270942688,88.64188385009766,9.47993803024292,83.8053207397461,11.012436628341677,74.9394760131836,10.786115884780884,97.85997772216795,15.456968307495115,100.79254913330078,13.501004219055176,102.26394653320312,28.3657386302948,85.7114486694336,25.89157700538636,70.70938110351562,26.094136476516724,75.40375518798828,3,16.984171364042496,28.3657386302948,86.6808598836263
g_048_014,3.5425,-76.5275,12.092170238494871,88.67466735839844,9.376875877380373,83.8368148803711,10.76471996307373,74.96100616455078,10.133135318756104,96.12470245361328,14.82335901260376,99.00699615478516,12.79396629333496,100.46472930908205,29.294325351715088,85.43895721435547,26.76894450187683,70.57913208007812,26.97183322906494,75.16090393066406,3,17.002147754033405,29.294325351715088,86.02754550509982
g_048_015,3.5425,-76.5225,12.131484746932983,88.77294158935547,9.390617370605469,83.93122100830078,10.781530857086182,75.02556610107422,9.819292783737184,95.0523681640625,14.591071128845217,97.9045639038086,12.420773029327393,99.36182403564452,29.146697998046875,85.25851440429688,26.75688958168029,70.48963165283203,27.03043937683105,75.0001220703125,3,16.896532985899185,29.146697998046875,85.64408365885417
g_048_016,3.5425,-76.5175,12.303797006607056,88.93644714355469,9.632202625274658,84.08828735351562,11.14289617538452,75.13297271728516,10.188952922821043,94.6725616455078,14.992165565490724,97.5157699584961,12.566152572631836,98.98685455322266,27.687498569488525,85.17230224609375,25.58602809906006,70.44186401367188,26.05767297744751,74.92337036132812,3,16.68415183491177,27.687498569488525,85.54115888807509
g_048_017,3.5425,-76.5125,12.534249305725098,89.16477966308594,9.95662260055542,84.30763244628906,11.702061414718628,75.28297424316406,11.03103733062744,94.99544525146484,15.863984107971191,97.85112762451172,13.156714916229248,99.35102081298828,25.6168532371521,85.18014526367188,23.914077520370483,70.43585205078125,24.68233036994934,74.93047332763672,3,16.495325644810993,25.6168532371521,85.72216118706598
g_048_018,3.5425,-76.5075,12.703100204467772,89.45735168457031,10.225865364074709,84.58868408203125,12.168134927749634,75.47518157958984,12.019903182983398,96.0103988647461,16.903446197509766,98.89969635009766,13.946778297424316,100.44355010986328,23.771206378936768,85.27947998046875,22.33107972145081,70.4706802368164,23.596250534057617,75.01914978027344,3,16.407307200961643,23.771206378936768,86.18268585205078
g_048_019,3.5425,-76.5025,12.759907007217407,89.81344604492188,10.341181755065918,84.9307632446289,12.366711854934692,75.70914459228516,12.680657863616943,97.68759155273438,17.546894073486328,100.63072967529295,14.42835521697998,102.23326110839844,22.91689348220825,85.4655990600586,21.598470211029053,70.5445327758789,23.26799726486206,75.18519592285156,3,16.43411874771118,23.26799726486206,86.91114044189453
g_048_020,3.5425,-76.4975,12.715796709060667,90.2322006225586,10.219330310821531,85.3330307006836,12.199523687362673,75.98428344726562,12.671844005584717,99.98208618164062,17.324131965637207,102.99790954589844,14.231897830963137,104.67276000976562,23.52644109725952,85.73218536376953,21.998090744018555,70.65493774414062,23.73323345184326,75.42294311523438,3,16.513365533616806,23.73323345184326,87.89025963677301
g_048_021,3.5425,-76.49249999999999,12.53906226158142,90.71260833740234,9.835946559906006,85.7945327758789,11.645917892456056,76.29996490478516,12.068818092346191,102.83929443359376,16.310017585754395,105.94491577148438,13.480245113372805,107.70418548583984,25.764408111572266,86.07189178466797,23.783232927322388,70.79896545410156,25.11366891860962,75.72583770751953,3,16.726813051435684,25.764408111572266,89.09913296169705
g_048_022,3.5425,-76.4875,12.186640739440918,91.25355529785156,9.396329402923584,86.3141860961914,10.809415578842165,76.65545654296875,11.247161388397217,106.20052337646484,15.137479782104492,109.41120910644533,12.74895715713501,111.26509857177734,29.089425563812256,86.47698211669922,26.581361293792725,70.9734878540039,27.488415718078613,76.08696746826172,3,17.187242958280777,29.089425563812256,90.51527404785156
g_048_023,3.5425,-76.4825,11.80290675163269,91.85382080078124,9.079065322875977,86.89082336425781,10.20312237739563,77.04997253417969,10.742319583892822,110.0076904296875,14.554041862487791,113.33683013916016,12.505093574523926,115.29346466064452,31.71648740768433,86.93986511230469,28.996337890625,71.17538452148438,29.77212858200073,76.49955749511719,3,17.70794481701321,31.71648740768433,92.11637878417969
g_048_024,3.5425,-76.47749999999999,11.689624547958374,92.5120849609375,9.090290546417236,87.5231704711914,10.136840343475342,77.48265075683594,10.865785121917725,114.20653533935548,14.720711708068848,117.665771484375,12.72968864440918,119.73123931884766,32.22836875915527,87.45348358154297,29.655447483062744,71.4017105102539,30.458723068237305,76.9572982788086,3,17.95283113585578,32.22836875915527,93.88154941134982
g_048_025,3.5425,-76.4725,11.925110340118408,93.2269515991211,9.279967784881592,88.20989990234375,10.406269311904907,77.95258331298828,11.704622268676758,118.74855041503906,15.522012710571287,122.34796142578124,13.439104080200195,124.52645111083984,31.22326374053955,88.01155090332031,28.906822681427,71.64978790283203,29.65040349960327,77.45458984375,3,18.00639737976922,31.22326374053955,95.79203626844618
g_048_026,3.5425,-76.4675,12.219060897827148,93.9969482421875,9.49382209777832,88.94959259033203,10.841470956802368,78.45882415771484,12.992584705352783,123.59165954589844,16.60453701019287,127.3399429321289,14.496867179870604,129.63400268554688,29.780520915985107,88.60865020751953,27.67064738273621,71.91726684570312,28.3692593574524,77.98661041259766,3,18.052085611555313,29.780520915985107,97.83149973551433
g_048_027,3.5425,-76.46249999999999,12.362468481063845,94.82057189941406,9.586874008178713,89.74079895019531,10.997779369354248,79.00038146972656,13.8837890625,128.7001495361328,17.265042304992676,132.60482788085938,15.227588176727297,135.0156707763672,29.264610767364506,89.24024200439453,27.15485191345215,72.20214080810547,27.88932037353516,78.54933166503906,3,18.18136938412984,29.264610767364506,99.9860127766927
g_048_028,3.5425,-76.4575,12.307601928710938,95.69625854492188,9.52528190612793,90.58201599121094,10.931588888168337,79.57624816894531,14.04394006729126,134.04405212402344,17.225067138671875,138.1116943359375,15.388378620147703,140.63951110839844,29.742935180664062,89.90264129638672,27.53302335739136,72.5027084350586,28.307716369628903,79.13945770263672,3,18.333948161866928,29.742935180664062,102.24384307861328
g_048_029,3.5425,-76.4525,12.287248373031616,96.6224136352539,9.56218719482422,91.47171783447266,10.947761058807371,80.18538665771484,14.00287628173828,139.59848022460938,17.12317657470703,143.83485412597656,15.35542058944702,146.47909545898438,29.75240707397461,90.59286499023438,27.621946811676025,72.81758117675781,28.435755729675293,79.75436401367188,3,18.343197743097942,29.75240707397461,104.59519534640842
g_048_030,3.5425,-76.44749999999999,12.411759614944458,97.59744262695312,9.686754703521729,92.40837097167967,11.112818002700806,80.8267593383789,14.234832286834717,145.3427734375,17.321746826171875,149.75296020507812,15.547478675842283,152.51258850097656,29.045069217681885,91.30857849121094,27.09796571731568,73.14559936523438,27.91513681411743,80.3919677734375,3,18.263729095458984,29.045069217681885,107.03189341227214
g_048_031,3.5425,-76.4425,12.547388553619385,98.6197280883789,9.952459812164308,93.3904266357422,11.501687288284302,81.49930572509766,15.069288730621338,151.2597198486328,18.045907020568848,155.8482666015625,16.226462364196777,158.72201538085938,27.83925151824951,92.04793548583984,26.062085151672363,73.48583984375,27.033281803131104,81.05065155029297,3,18.25309024916755,27.83925151824951,109.54709879557292
g_048_032,3.5425,-76.4375,12.661683559417725,99.68766784667967,10.064841747283936,94.41634368896484,11.748303890228271,82.20198822021484,15.828283786773682,157.33494567871094,18.66939353942871,162.10595703125,16.860504150390625,165.0924530029297,26.8849778175354,92.80951690673828,25.26400852203369,73.83753204345703,26.390778064727783,81.72915649414062,3,18.263641675313313,26.8849778175354,112.13506232367621
g_048_033,3.5425,-76.43249999999999,12.690616369247437,100.7996597290039,10.145223140716553,95.48458099365234,11.921111822128296,82.93375396728516,16.341567039489746,163.55636596679688,19.09642791748047,168.5135955810547,17.33829975128174,171.61146545410156,26.393192768096924,93.5921859741211,24.82378578186035,74.20004272460938,26.070412158966064,82.4264907836914,3,18.313404083251953,26.393192768096924,114.79090457492404
g_048_034,3.5425,-76.4275,12.710926294326782,101.9541244506836,10.125690937042236,96.59362030029295,11.888631105422974,83.6935806274414,16.569258213043213,169.91371154785156,19.172921180725098,175.06057739257812,17.591391563415527,178.26858520507812,26.63810539245605,94.3950653076172,25.00357818603516,74.57286071777344,26.24737977981568,83.1418685913086,3,18.438653628031414,26.63810539245605,117.51044379340277
g_048_035,3.5425,-76.4225,12.684109210968018,103.1495132446289,10.07767629623413,97.74197387695312,11.833836555480955,84.4804458618164,16.811379432678223,176.398193359375,19.270974159240723,181.7378387451172,17.86591148376465,185.054916381836,27.10112762451172,95.21741485595705,25.427631378173828,74.95552825927734,26.61635637283325,83.87464904785156,3,18.63211139043172,27.10112762451172,120.29005262586806
g_048_036,3.5425,-76.41749999999999,12.692981958389282,104.38429260253906,10.084421634674072,98.92816925048828,11.801486015319824,85.2933578491211,17.140640258789062,183.00216674804688,19.473852157592773,188.5375366210937,18.30441093444824,191.96278381347656,27.404765129089355,96.05862426757812,25.733168601989743,75.34766387939453,26.86425876617432,84.62429809570312,3,18.833331717385185,27.404765129089355,123.12654368082683
g_048_037,3.5425,-76.4125,12.823795795440674,105.65697479248048,10.20054578781128,100.15078735351562,12.020915508270264,86.13133239746094,17.98288631439209,189.71896362304688,20.196972846984863,195.4528045654297,19.24088478088379,198.9855499267578,26.941048622131348,96.91814422607422,25.477903842926025,75.74890899658203,26.55760288238525,85.39034271240234,3,19.049172931247288,26.941048622131348,126.01708984375
g_048_038,3.5425,-76.4075,13.208660125732422,106.9661102294922,10.414824962615969,101.4084243774414,12.550920009613035,86.9934310913086,19.54521369934082,196.54266357421875,21.61615562438965,202.47755432128903,20.869494438171387,206.1173095703125,25.57944965362549,97.79549407958984,24.45801687240601,76.15895080566406,25.511459827423096,86.1723403930664,3,19.306021690368652,25.57944965362549,128.95914204915366
g_048_039,3.5425,-76.4025,13.685280799865724,108.31028747558594,10.781124591827393,102.6997299194336,13.275346994400024,87.87871551513672,22.32659912109375,203.4679718017578,24.39899063110352,209.60633850097656,23.95882225036621,213.35284423828125,23.806336402893063,98.69019317626952,23.02075481414795,76.5774917602539,24.27563714981079,86.9698715209961,3,19.947654750612045,24.39899063110352,131.95038265652127
