,Factor_1,Factor_2,Factor_3,Factor_4,Factor_5,Factor_6,Factor_7,Factor_8,Factor_9,Factor_10,Factor_11,Factor_12,Factor_13,Factor_14,Factor_15,Factor_16,Factor_17,Factor_18,Factor_19,Factor_20,Factor_21,Factor_22,Factor_23,Factor_24,Factor_25,Factor_26,Factor_27,Factor_28,Factor_29,Factor_30,Factor_31,Factor_32,Factor_33,Factor_34,Factor_35,Factor_36,Factor_37,Factor_38,Factor_39
emb_dim_0000,-0.12398107683750152,0.35134078842303995,0.4380601685874391,0.22494795836098333,0.33369581416153404,0.25425060536151717,-0.15388709862525976,0.07116255563698841,0.25393751788392616,0.08689990922197909,0.1445865811871222,-0.011633622000861725,0.004007536623276068,-0.05422597208305465,0.029728618319439733,-0.13229599967958044,-0.033150242355538075,-0.06208131379323545,0.10270807551719931,0.1527256306583249,-0.05682375401362567,-0.10785984016202065,0.0488658753109845,-0.1510265693348279,-0.04320368796854954,0.007490064154555427,-0.06412531199473259,0.03436833188165934,-0.012227431094576722,-0.06829125523778241,-0.014682466913110653,0.03481021462824925,0.04809325561216609,-0.0828377381396601,-0.008246484079149328,0.08601593691692452,-0.033165446932733836,-0.02597686512049148,-0.11159732839608172
emb_dim_0001,0.311408083698544,-0.41606443671994137,0.2874310657974444,-0.08178356312412091,-0.2277936172572926,-0.15088036132978727,0.18386186881485275,0.1057755395299687,-0.1449316001905423,-0.04218628819865894,-0.18838133411037922,0.05202494627366899,0.23024781532208188,0.05258124073086671,0.036573826877147435,0.15316942858565083,-0.011807624558357018,0.09389349760384558,-0.01558419286464911,-0.13683730695375762,-0.19565947874431824,0.06294781424892924,0.03672112895214907,0.10192126165894091,0.16557076623148886,-0.032999707800167935,-0.21413322067538845,0.040758121748746,-0.04024828467026995,0.021347096143327655,0.08198363589375286,0.1537438782972334,-0.018236397499747082,0.051764479331109274,0.08352666833997514,-0.0224477817389691,0.07134504675659824,0.003909108653636271,-0.07874971152726129
emb_dim_0002,-0.1111080625619019,0.06952727706451498,-0.29040379816796497,0.4248066698436277,0.017317130631135273,-0.1393447910144195,0.16430434697191473,-0.10214176057177597,-0.04537304943576564,-0.028357630309669594,-0.0639865365796199,0.12499117609069034,-0.03426034680610307,-0.05811925525407211,0.06290492800234121,-0.0674760710317307,0.20933722579788716,0.058921304506348186,0.059874965880943876,0.02466364080020337,-0.06535511688569803,-0.09256411350333638,-0.04809836698710102,0.0051777314383813795,-0.01927443550411155,0.021695005122119793,0.015840048378080517,-0.03060068567696505,0.3517508688295038,-7.001969511902944e-05,-0.1295564735125058,0.05235883640650999,0.11595523997182922,0.04572887952909141,0.14917540848400276,-0.05959592426318863,0.2564324798702238,0.13238700632958342,-0.10624422063403804
emb_dim_0003,0.19180266937902155,0.4988541222729046,0.17447463386284445,-0.06064725430632839,0.29429727069631073,-0.043373203142402575,-0.054407136560717974,-0.0010650554105041334,-0.042499055327738025,-0.08415398370774904,-0.06009084617390905,0.11749678065756307,-0.11110301508993888,-0.10342779308877939,0.08741680894635318,-0.07342994858604236,0.1768843705598846,-0.0976611796224519,-0.09738070208751042,0.1456043598325792,0.03848219018641832,0.03198261768279692,0.16206658605846627,0.1815661449439813,0.0066987404477694785,0.04620003110729026,-0.06047803869405783,-0.24441460836153822,-0.10345747958461046,0.09804429295330302,0.1852479449702103,0.14215469844331038,0.15522263863207836,0.08141775923290771,0.017295573256113132,0.007734778737865234,0.12732697658211692,0.0635352296942724,0.020172520266649528
emb_dim_0004,0.11169422830203732,-0.30449579931617393,0.08598938660888829,0.4105584431440295,-0.06075739311649296,0.07173845754560039,-0.13460882683068026,0.14670656086141357,0.08827350570894257,0.06555329169405301,0.1899162943257378,0.009127066371750881,0.09475835594423306,-0.04075758278214434,0.16935509933443815,0.051712107434569686,-0.033696430281435284,-0.03825867753833727,-0.0672626104017932,0.10446821282292817,0.025862731187016246,-0.22755115096496314,-0.03533829853394391,0.14048745608558139,-0.1547620448866257,0.18558015816166057,0.11331662153421594,-0.1453749294601279,-0.16363560095711632,-0.0479641085986244,-0.17092124076853363,-0.02810836600185991,0.030547341777123704,0.0076543763796708,-0.006047290778406312,-0.08510902445609744,-0.06828388469162579,-0.07235916163525419,0.21193873900703297
emb_dim_0005,0.23935423698353736,-0.08175170791178052,0.2917098205799015,0.05607389578549743,-0.2535950796318984,-0.10515580868965521,-0.10594085139773164,-0.04959467400817133,0.0372547193495603,0.13334483727195043,0.16178842819107292,-0.10937675140540615,-0.12043030683608208,-0.16305949180981177,0.049206175263823086,0.1618936982468534,0.11166622863343573,0.09845381173918388,-0.26209885501425134,-0.08895532477863004,-0.041613434142970265,0.33440375304507,0.05670654182325605,0.07863419336429034,-0.05013401942846753,0.07934532669191148,0.07666572651419533,-0.038287732093700545,-0.011957501670945041,0.0019660090235694727,-0.3728936677909658,0.05100840509039053,-0.06855073076576843,0.003582939975552901,0.04119953929834761,-0.01877047189818605,0.027815318306969084,0.010968837682975496,0.23455904258939986
emb_dim_0006,-0.4302835794992213,-0.37523733459738334,0.26898305845521503,0.4283662693130589,-0.09218433324199533,0.104464487324309,-0.007131546146530524,0.010228847142611349,0.04614624041899642,-0.045285473609841156,0.05641626752414548,-0.06743062483039981,-0.0059232435794849695,0.06453245595610266,0.07039244556114915,-0.146521608186893,0.014779613418948645,-0.07819470496860367,0.13363435482335922,0.019720925950720086,-0.029497634010742162,0.017379505886076833,0.043507959097950515,0.12956111642306153,-0.04776093603121585,-0.11269527204710068,-0.08839617061050206,0.10626112849893335,-0.17137663975156903,-0.07985676018330701,-0.05844507019361086,-0.154686312413502,0.02601526332989246,0.11338894778414917,-0.03332452935444619,0.016900104296612938,0.03769140490112259,-0.027880897140971108,0.16387032132124466
emb_dim_0007,0.7578453083368298,-0.006199462570563252,0.21806193338063218,0.3314450287892408,-0.007217729285800577,-0.14270998148964553,-0.1190515776528509,0.011823572586302067,0.032561283735616814,0.08134245107127473,-0.10799981290650987,-0.06269958303317738,-0.05168504594047665,-0.002526865186196602,-0.09345198099809696,-0.022605053500809786,0.031486503614671375,-0.15565571190081068,0.03282712336201972,0.09629298569632533,-0.15279826404570288,0.010142851303939916,0.014440003928803886,-0.13154272282536078,0.022254595509556867,0.01471471746828706,0.03246477403772745,0.05097321853857592,-0.057475916704315386,-0.0628544886843371,0.03073568912393729,0.09894626145559582,-0.09004772611771768,-0.12285818498646786,0.0498059296530525,0.04997948556189185,-0.05879710851040915,0.040040873087102025,-0.0071109740945556575
emb_dim_0008,0.5138226181955142,0.2823838018976548,-0.30214624816098307,-0.11707436052244698,-0.2012036401108336,0.1622009446138281,-0.013031271157421025,0.025679837751468478,-0.24041022225829714,0.03260084602187668,-0.058024912632782984,0.2061869483091315,0.06950959054273267,-0.01936853748387167,-0.14950796794018228,-0.20024542457175537,0.01591610267017397,0.015232592402502177,0.10317385324686024,0.003781147453562642,0.03092707195899218,-0.04518751161722766,-0.1179149224020553,-0.0846164300760436,-0.022977830597319678,-0.029760678376998285,-0.1525977355832696,0.12740031086114395,0.06484766344927409,0.06802628563216487,-0.09274733940518896,-0.06823679867611522,0.07391527535260357,0.016546280037284977,-0.09530444341900378,0.08023527924457087,0.05361357372672848,0.13567839484682895,-0.04590563810464615
emb_dim_0009,-0.011611848313593404,-0.09743492987285093,-0.684883200911536,0.06986121502120926,-0.09441813064993602,-0.13989644950437385,0.016395678656844728,0.23569177482748116,-0.10025159853479487,0.015283390988278966,0.09232995439010871,-0.12971675671870317,0.08542169139549444,-0.07201726044230287,-0.0620596258343432,0.1229277643872746,-0.07925377352731637,-0.015918630469584038,0.022386448167499868,-0.07142309490124674,-0.1887659491133804,0.015389718877585088,0.006018462312778484,-0.10506972221998653,-0.019963668794170455,0.009252397964697468,-0.0168536034348381,-0.01255699264417526,0.11824111767309226,0.07882139573043356,-0.026186081320291158,0.18691822874854327,-0.0028360898523535415,0.003616724743432893,0.060451127186776685,0.08372593413241568,-0.10712993451043318,-0.01915208263841405,-0.059667903490776636
emb_dim_0010,-0.022755642830312398,-0.33903609788893246,-0.3486845202369227,-0.4250814762319802,0.21445930461067894,0.04176221294024233,0.09217746617082632,-0.12884953745914518,0.07953189600328542,0.11292242980109349,-0.016926666351948325,0.024329689541987304,0.02785997940164094,0.12103397421365715,0.14265885320458038,0.11150138969664504,0.13351312413107022,-0.0944396015099339,0.16860881552597992,0.17129036684109347,0.0347574072771755,0.1440434836113617,0.07593483976086271,-0.02953726924816444,-0.03308632625474115,-0.16360050818618677,0.11554044955523375,0.20687169183074142,-0.060811169899083056,-0.03785540709760568,-0.01563130853601213,-0.10193172256607302,-0.11151597679638006,0.00897089323430738,-0.11367788748139938,-0.1152568122815802,0.04972953863056451,0.04221565355862516,0.038749426081800147
emb_dim_0011,0.01893565343416209,-0.3293648444612422,0.31786285566847905,0.26226711120390994,0.12110762503922787,0.19389319006069494,-0.18057085788863228,0.1894979853599547,-0.07168105315936482,0.019458808443149303,0.19156794996557877,0.11493749547660456,-0.0014848300390882998,0.25598016471109564,-0.009524128169185055,-0.03277531794583509,-0.10996753438684895,0.18716854131526534,0.0561231394806039,0.03666145133080261,-0.024271239212455064,0.06709478843484822,-0.11179897462785424,0.03866819474741794,-0.04023595417514202,0.1264976207910667,-0.0560017709375765,-0.019631202161498985,-0.06987154667198031,-0.11245805396005944,0.09139661732757207,-0.08308650737369494,-0.010849867616329306,-0.025835242229305572,-0.03139705247309268,0.19708695327810408,0.10736181624134315,0.041013297663475494,0.04557789907245316
emb_dim_0012,0.350738021019606,-0.01462416117872964,-0.27841241150047374,0.26204962292046835,0.3104536240853637,-0.4675002450509243,0.19878639503091575,0.13123068501853366,-0.06402002017897218,0.020577392390898827,-0.04972615760690378,0.024943965156124247,0.10793330966018612,-0.00703728721778402,0.04281172614406686,0.06618952987757562,-0.03535339901545809,0.01666851428999279,0.18598970683574298,-0.08036925152485941,0.07208959266385133,-0.07078780151334131,-0.011085979700092688,-0.14920799725195355,-0.061357515636537165,-0.008601791253087021,-0.02015908293182299,-0.02553741052431002,0.13760135852027813,0.23095130718651008,0.15554867182936313,-0.06738686891032283,0.028989821994460544,0.11180436178249091,-0.024483620854979137,0.06979794780868076,-0.08232181437843544,0.02038780129159526,-0.027658824461522655
emb_dim_0013,-0.41952503718280526,0.3367461680399585,0.014961928982438687,-0.2425985185597013,-0.19508720033338392,-0.1886734045736667,0.0002659995498625437,0.29166036793578204,0.06686889332367403,-0.1365437405409518,-0.004123257087665563,-0.04082457940517124,0.03782004326723334,-0.15170263747923624,-0.041517226051742184,0.08186710759926695,0.07010375801392682,-0.057860575912783305,0.06686014162311471,-0.0664988302605789,0.13797264055271424,0.1058813223488322,0.06129580018224603,0.1846579972830132,-0.0381101418071431,0.08910989838730626,0.0003387758297316354,0.03404302646032848,0.06608959333577342,0.24658815396078,0.006149170213241371,0.045588902285664035,0.10921270375602517,0.1281301185268261,0.08820395412667485,-0.10347339013127792,-0.025570417750936877,-0.054096608840268456,0.13176929623105607
emb_dim_0014,0.6531195738284631,0.4767670272156141,0.2779593691666258,0.08567478219215016,0.046439220075276,0.030372178379562745,0.0581683276100094,0.05713776835584131,-0.06978232126292465,0.05827023707253772,-0.011423493538905954,0.0858107016926219,0.09591614550357491,0.12639592669665414,-9.080555020658507e-05,0.014231462049781705,0.042582582292904105,0.10621808796882443,0.008039150112752953,0.0034812351308958467,-0.11367753944812217,-0.029401064914216603,-0.03163647473682165,0.04968044524093424,0.029047938204487967,-0.026135565150514975,0.03751701781371963,-0.10154753770834889,-0.04938595059408392,-0.07220137361096664,0.072334326891009,-0.0031538879389427558,0.005053185580079032,0.054409200373680584,-0.014607962281635998,0.027631938220446756,0.12248873309173425,0.023975475570518493,-0.019792396771343774
emb_dim_0015,0.24875597860883072,0.5974618914243918,-0.2356690472143576,-0.18802368592122246,0.026943649226480154,0.03295838668417945,-0.0336460096148646,-0.04332169498899293,-0.16429471589397493,0.011451456771187253,0.03916143554866252,-0.10362355974442211,0.03874703541426519,0.024425286188519642,-0.011552534572689113,-0.1550444174384785,0.010268170229256914,0.12562719862479418,0.05772345267997925,0.07969539574675094,0.04117025795024792,-0.18704613760725342,-0.086224857753956,-0.0730764762658581,0.15320330255867903,0.0016396670210478456,0.16802693369618632,0.08320147441263556,-0.032036033536051355,0.07190220596501147,0.04220865469215007,0.059134389712714515,0.04686343184949337,-0.030754752607822552,0.18270714956516562,0.0066946824609662725,-0.037109526708658,0.14584216511914705,-0.10084334000024904
emb_dim_0016,-0.4285454409585998,0.46858265994378157,-0.14393740651802525,-0.25999738681383067,-0.07095732446276631,-0.11330477566203515,-0.15985051050065743,0.15643328315068233,-0.10426319180390894,0.09910648101994425,-0.020421304012299597,-0.10312786454193613,0.09614704501863874,-0.031122026758955593,0.06492316453075024,-0.07241129141227685,-0.15465375594802003,0.039303565555166654,0.03247406721982502,0.02778295986983768,0.14603138434335292,0.09344617828546206,-0.011375044797525064,0.061525814862329255,0.06239749495579951,-0.06533669531883388,0.14835673896915622,-0.05425084437886892,-0.04875867197177563,0.1797166568471267,-0.03701639680778642,-0.0810317745203053,0.12098147351739938,0.21554712817970947,-0.11354861925400365,0.03959455029167373,-0.06852734961814118,0.1420367045743263,0.026138921494397296
emb_dim_0017,0.6107546779065907,-0.264766935480724,0.26384255339229573,0.4024414888808206,-0.006744327017105425,0.026086622002195185,0.19001537539081761,0.038894514428456775,0.0396430962323061,0.20487093845925364,0.11247218130004748,-0.055750564235076704,0.01116230175620447,-0.013395486194195096,-0.0026283069676215224,-0.0559253744901749,-0.059878713726597234,0.01223527790748513,-0.12793693085905367,-0.015577972437795955,0.05614718329585028,0.08166557064412552,-0.037764858558080004,0.07161562719883054,0.08291484597172431,-0.017539794137062588,0.06746480115992595,-0.09110330511688379,0.0807371838023289,-0.004771826108354027,-0.0552582415697977,-0.06420489078208616,0.10056924693582148,0.10141460397244813,0.061751145897508845,-0.020772836849883222,0.021955378101484478,-0.01942873592786548,-0.1063966166023716
emb_dim_0018,0.31145542647455565,0.1605087291794639,-0.19160298624042382,0.08868768796052375,-0.017474335787334747,0.5675428404526766,-0.04479714558032188,0.09914044802956133,0.07065195632730276,0.0014082527424708557,0.06759083515760485,-0.045731719104073094,0.10559451482666071,-0.058538332643946256,-0.0010081728875914805,-0.246099546758496,0.04584250791057545,0.17997024928542607,0.19069176443031965,0.0030147053061551146,-0.007755572269539784,0.14634855191922358,0.03173359763520773,-0.028685977666713703,-0.03308299916416084,-0.001251262938070259,0.10088920943790597,-0.02373683264366055,0.03032108198505567,0.09959433290630253,-0.05827691309203298,-0.01385410925187368,0.027520301560944985,0.06482543630830373,-0.01831980543580878,-0.033254120628459095,-0.013430017211039001,0.12616995350186944,-0.003727817795936403
emb_dim_0019,-0.15799628062755477,0.025275190282911263,0.13857206834112337,-0.18444987318197834,0.12050299133008982,0.10429381365565628,-0.7315614566353748,0.02257616222394454,0.011230571051899849,0.08895710150705417,0.03461710139624065,0.022028404075379513,-0.09672924317719324,-0.12131469874704613,-0.013742674024105873,-0.11272569980632606,0.029869526162506054,0.04369032822329624,-0.05094244047582281,-0.035963660719788945,-0.024281592166401675,0.05098117731789665,0.016757483170430455,-0.11857403028631455,-0.02935751607250477,-0.012373487729473229,0.010598612953522397,0.0708999747494951,0.013957532956505975,-0.000311301082091328,-0.11354236130233562,-0.029017445563324796,0.009604122008517712,-0.037263726862549834,0.056115218681385894,-0.015259371141497443,-0.0005802175024997926,0.028246064608489004,0.12567479979992294
emb_dim_0020,0.5070863847932957,-0.45554946097430893,0.2161657593225383,-0.2719021592912536,-0.1149614807962007,-0.14690783940283034,-0.021036064988407335,0.16697831213522313,0.04620790995005684,0.14360541227118367,0.08883246310736062,-0.013861676959974928,0.010255742822789326,-0.00818311527698983,0.1008576532275941,-0.06393927773680812,-0.009902458084725868,-0.1466442559294062,-0.12522881221409185,-0.012927857343286837,-0.10553443184417814,-0.06477599208486082,0.019907439670183512,-0.11853511781691138,-0.026720418128189108,-0.09770599814407702,-0.13531018058265892,-0.12706960344575657,0.06796961695245587,-0.10667808838737193,0.07915584700040239,0.0653518516979144,-0.056479592240942816,0.04783335668765454,0.03682695635846274,0.023862480087131422,0.04123602790882107,-0.0871416646853544,-0.061404961662267867
emb_dim_0021,0.39428160837310927,-0.010010911423097766,0.43619739996476614,0.007962389910131871,0.5252535935254877,0.06403906898222608,0.07202588796448293,0.104227852197528,-0.07059214146336794,-0.09470373373958339,0.025035304988241053,-0.09507249932090546,0.09285478728372888,0.10092346250300202,-0.10068718511271742,-0.1400551939701062,0.07408247927718806,0.028126654006087604,-0.0680307318979099,0.1977840746388896,-0.06362820141581209,-0.12060532845771413,0.06108799575428849,-0.01521567823457214,0.017316883223991046,0.0039909885875543125,0.05875374892529848,-0.03576731469062875,-0.05244117981384446,0.07366335577918846,-0.03296933639830166,0.08212384924594023,0.006524942618510601,-0.005488263910872334,0.02573296069520127,-0.022105489965609834,0.0368765478552005,0.07567530195298032,-0.09415763505813277
emb_dim_0022,0.026450807199924375,-0.4565211323848957,-0.11665230306112188,0.42049690856793664,-0.0004886833482388136,0.22999100232672445,-0.11616590975819639,-0.017660460533451064,0.26598656035812324,-0.07658317827814852,0.027389703743129875,0.02108720298478032,-0.05031788073039727,0.011782104047933565,-0.014462624154246009,0.06430523330823328,-0.23932138140820336,-0.04680311367803848,0.18515833476619917,0.033375503662789956,-0.04349162289034195,-0.01571360563705767,0.20160315277284951,0.026776092540591392,0.025692740895935318,0.08064115658100571,-0.0018914705641062113,0.12952649345243075,-0.026407900787855584,0.06336207912825112,-0.0875882833444967,-0.15445728602228742,0.02982527360726423,0.007849977137383328,0.09483323645780856,-0.09878993610434823,-0.054955496486716125,0.007452170382210937,-0.06908795355972625
emb_dim_0023,0.42338341167005533,-0.6963429877661521,-0.18794094225030522,-0.011869071155573507,-0.18153362035042292,-0.0010764934397483625,-0.010873712831457553,-0.03214743547163142,0.056735864145736385,-0.0001575262134350088,-0.06262631112174755,-0.03152537309504084,0.05137417019890942,-0.21046112266853143,-0.007949780234286889,-0.019340570042373564,0.05333629295497512,-0.019030905241185923,0.06852539455021278,-0.012124582671548199,0.01681918099593213,0.055639330702277806,0.04864140128536902,-0.07868674220932416,-0.05049517103470419,-0.039000332933886384,0.02577823804090628,-0.024164390992974984,0.03971160478565109,0.06087410640165854,-0.026373172725096643,0.00857533939916022,-0.07802096283995644,-0.1072126137089285,-0.0041867869868801024,0.07179208512128869,-0.05578717257325822,0.042897412369603614,-0.059940600550806904
emb_dim_0024,0.0027677192185038345,0.22039436355048161,0.6140163100303574,-0.1577501322037097,0.08696593106653953,-0.008670301060428095,-0.23300380407925736,0.13461376601674735,-0.040057496343390876,-0.1946789656610896,0.043855020175093525,-0.06413043279616122,-0.13264544385760382,-0.05207070843179497,-0.042218024331607366,0.0713507660347234,-0.027807254555465514,-0.04353207591179337,0.04979605566143043,0.09901022312354961,0.04004760762331256,-0.010215845676327214,-0.035194375295467005,0.056871995365645245,0.18220610028143316,0.02181921874407576,-0.01717531700854418,0.0028882874776366193,-0.03470703731166993,0.1692390805320944,-0.2443123792825763,0.028126817875175358,-0.11347657002800698,-0.07962989294594479,0.05653987592122439,-0.020227074916527407,0.11393045083774739,-0.016545048456768296,-0.004236422722938791
emb_dim_0025,-0.24371778501485158,0.1331167888743383,-0.1337984047536089,0.0888231804218707,-0.06937436877478972,0.06148255870287866,0.027507319397991923,0.009206029897261122,0.07009230145119519,-0.032421564065824,-0.05622645163449602,-0.028042911135931506,-0.05650012838754584,0.043339291912874424,0.035150882417290856,0.012417609677556575,0.025003832460535017,0.04259065392676977,0.7957217986505736,-0.029858763082011953,0.04626651530179392,0.013565640941378838,0.006250068551950079,0.11200575976212851,0.05085244242911573,0.009007592718854793,-0.022206355616980703,0.10188186844546789,0.025209200801330222,0.04740666807217661,-0.08249636672833645,-0.05506452563927501,0.023613765125995407,-0.002558530925303544,-0.0009694176041712356,0.00011265282668329122,-0.0056771357605028315,-0.019344339141112166,0.009019770256081494
emb_dim_0026,-0.4849530497095928,0.07997498159453206,0.0913780752373564,0.32576129665063086,-0.3808322160269077,-0.07075929207897928,0.08145542938085233,-0.09005365940204502,-0.18789742200049944,-0.00834097896150119,0.01815035096688149,0.08983155159577619,0.06021617916348915,-0.08303118073095639,-0.02809778303013461,-0.1360931630998079,-0.010835451373838812,0.2062395537891006,-0.13223917444850314,-0.11385035353988415,0.13412568750238785,0.10441712113712924,-0.08100746750490423,-0.019080999395838575,-0.0924672734582021,0.10503270567144299,-0.0829324938132881,-0.02797118866969644,0.008102782275712102,-0.00494261763376356,-0.09981908154225477,-0.10344472079873253,-0.12161704498695768,0.0744496335293845,-0.052576781351462876,-0.06198237446874897,-0.14647539082168626,-0.12006226841946042,0.010015112454240707
emb_dim_0027,-0.3380923176794143,0.34915696185119105,-0.13107840948327135,-0.049447340223394656,-0.047296723138654385,0.22689832716762687,-0.24270494443834661,0.10535857763938018,0.10244848995297486,0.07534170753430568,0.23530564735460635,-0.11116939810609347,-0.07645641072203062,-0.052538856559446914,0.008186315139453641,-0.0995463811732366,-0.045061670953942805,-0.04368029799025083,0.1371141716231796,-0.0340109780013249,-0.09228955555789285,0.03160201343364243,0.06537176777770444,-0.012664674684512371,-0.33064557851970905,0.09011189742007036,0.029789382174194683,-0.06888296414362596,-0.016035240511971287,-0.19229082837379738,-0.10896100963029319,-0.079477883071743,-0.014452378826915814,-0.10817869244949262,-0.08350467254822111,-0.007594468217772661,-0.08959742715545138,-0.020013629585572797,-0.06902454786353687
emb_dim_0028,0.3940160358198415,-0.28657917528038884,-0.11392654163839674,0.3559442582603959,0.10102918365239716,-0.20895331201978393,0.019061392221284976,-0.19958952661180457,0.057009944538145216,0.057867423210853156,0.10005514329645158,0.09817198808137606,-0.1446170818693568,-0.007510945096904045,0.11114172254833245,0.12923820243667922,-0.07887138867229093,0.013251173957898427,-0.14197996721651682,-0.04572037980523964,-0.013567103210012903,-0.1765893128098227,0.16881267947712722,-0.047509867361771776,-0.04865707837925748,0.11774797765661627,-0.012520862995926868,-0.14369958606817387,0.07527044740885458,-0.04393292309089122,0.054868039612459514,-0.2637945897921496,-0.0726648885249253,0.03059978505047566,-0.050700084578592694,0.062463881876644964,0.04437203417812092,-0.14644595532870416,-0.07039838765834187
emb_dim_0029,0.3505480423329182,-0.3500841681347044,0.18740306114873267,0.194636826255352,-0.24213698534157171,0.056160067341527294,-0.041377049717226576,0.12223910800076389,0.06117339116323584,0.11308498732446999,-0.036474696725341586,0.16829979924381613,0.14597393508431203,0.010898167075198383,0.08328155601052806,0.18826693153793117,-0.07763965261955769,0.06759689421262413,0.2766058153424246,-0.06697562485534561,0.05117909383462425,-0.05582592968400988,0.03240959144613206,-0.05737122852043589,-0.06177484352353312,-0.05588709153369964,-0.20122884434024463,-0.006153116718987918,-0.033517081457427864,0.043362293939576,-0.031723034032904135,-0.24777782573537682,0.04756255701919258,-0.06312581112305991,-0.13635262528173225,-0.15001836073505923,-0.18012376923341225,0.040963525090241634,-0.02571405924846481
emb_dim_0030,-0.2984534696577499,0.4667034974771969,0.0056329106562933206,-0.1929019654504129,0.014675046977645975,0.29444712453556404,0.14720028538703595,-0.015278419137473777,-0.053886179816107105,0.013330299771300106,0.0020013279511051064,-0.034164556834118974,-0.13747089856247516,0.011761277882687207,0.10408915250354128,-0.13891060534771305,0.032079724689354064,-0.009712161036800403,0.013646933630628449,-0.17078274984959646,-0.13048314959059637,0.1538340330156519,0.06801733212318302,0.13492198974458422,0.009177051997904024,-0.25057121704761753,0.05181929170620282,0.05073726580320648,0.009143455761744473,-0.18745158369493328,-0.030761337302879624,-0.16942560383716385,-0.09712320237378982,-0.16071752062597586,0.14079720009111182,0.06450700265903168,0.03603981004796707,-0.1169866958584638,-0.11565960054318283
emb_dim_0031,-0.12651831816893305,0.430694703763348,0.161524995248989,-0.0025888918912142143,0.25768099615551027,0.0906156566061048,0.22836429444109277,0.06368928317503143,-0.1435558229023693,0.07917081461081926,-0.05716757215549221,-0.009353027231323776,0.25478859706954776,0.12253296065611269,0.16145449335266737,-0.1543105057392578,0.01723319271543154,0.0032459953185744795,-0.18000539041069682,0.0424526009918794,0.05677216032287777,-0.09811635153611288,-0.046586748977980506,0.0006200319677312082,-0.02604414230806295,0.08541512441801401,0.03535434024812741,0.29363759038813797,0.013859937507547852,0.2445590988183537,0.1418315366122262,-0.020306955203049665,-0.01031616403878274,0.024052863432868853,0.049579966082260854,-0.0336750235589206,-0.08762704207735066,0.002745382623094901,0.014908799618222623
emb_dim_0032,0.3030086452050231,0.19945354567871798,0.4032887495854945,0.2082779316963735,0.11963408076842179,-0.06661913612925388,0.2744872553549445,-0.1438801890138719,-0.17639205966911206,0.0706682392267221,-0.008985382238876181,0.10350164132954444,-0.12108223145932118,0.07753564849786877,0.05219915349522882,0.03553712657813014,-0.08563538290147896,0.05540596397771299,0.007889151463118957,-0.07956547215880774,0.12906922706176438,0.01132888780034855,0.11751719504724091,-0.0020185817927829007,0.057262002892462395,-0.0654486038426572,-0.041778796721596685,-0.15545171509726535,0.31994480325377295,0.14100926885601112,0.05054009365694189,-0.19368787038325253,0.0416886421944651,-0.09259456796297837,0.01775442247038348,0.049508265923571895,0.02537723502986277,0.02615341067741751,-0.022758258143623925
emb_dim_0033,-0.28349862989463126,0.1685831140393548,0.4013423888110676,0.18050645518823322,0.2870140533477771,-0.022102571507143075,-0.1301257296986263,0.03859891973142275,-0.007830769385419791,-0.08049438578626951,0.07641299866501435,-0.056726593338915055,-0.08024453811929069,0.4125947340169027,0.051624909207395084,-0.1312426605525628,-0.04224873825225418,0.07808639643313917,-0.13573026088107773,0.16970007312833743,0.00814483945120239,-0.2077393525524993,-0.1389754067246096,-0.007130261961548059,0.003612806317583848,0.12308308860679261,-0.015982782278648116,-0.04808884659825247,0.16360746258260828,0.0178878372201841,-0.04262255506359554,0.006571301594949926,0.05111947689952408,0.022011465933771065,0.05792549681735065,0.01200231258892293,-0.014300210436207186,0.05134208957499661,-0.08977731325287822
emb_dim_0034,-0.532683992441756,0.2757411652371058,-0.2777687583316664,-0.06484346351575297,-0.15260317240543858,-0.005591622516281134,0.12719114603840956,0.09115724607264865,-0.16256232647099675,0.055944306059381166,-0.0830295034059231,0.04617572193401913,0.25170465427997707,-0.03383608409234552,-0.030576256792959115,-0.2995773642648823,-0.1616380599416053,0.04826500045513847,-0.062163171142705274,-0.10641440873397344,-0.012895798274273142,0.2042784254479174,0.020858181907594645,0.015532682687481123,0.022580300666812343,-0.042916677109948405,-0.05109214975321598,-0.15255991348964995,0.029452211182475835,-0.08496048964262749,0.01575006158152729,0.09261366150026977,0.042871559895559824,0.0483593117064106,-0.1269575064598008,0.03556043599423094,0.046288623334016996,0.0939466492672027,-0.08681952400682999
emb_dim_0035,-0.23813382877521505,-0.13588557201975757,-0.23036895096687052,-0.6090781401832827,0.20113789123704132,-0.16461481298487313,0.025035606391009095,-0.04312414768183698,-0.1980628801603275,-0.12230640818325661,-0.21523770226176342,-0.10230880587966508,-0.06554683174191857,0.006447162420266581,-0.12035194499496804,-0.11024144764401553,0.08785688623916536,-0.08187037281564599,-0.05461057256592092,-0.023944270676443828,0.06043051422970585,0.023196512859975493,-0.01920664085880293,0.03347772720338769,0.01709583402543833,-0.04660631698648978,-0.02459801386133868,0.09948556221461474,-0.07464799142424555,0.16439380924992028,-0.04313089304711768,-0.06703860128154879,-0.03001851923048155,-0.10316785136449672,0.0178509657848298,0.05483572998040957,0.016075866627222404,0.12519267776708057,-0.06071562035755978
emb_dim_0036,-0.6320360060322312,-0.17822875366459487,-0.5479110836326986,-0.16477752069412652,-0.06867267243892232,-0.04394195606296462,0.05683580140297487,-0.07346664192070969,-0.002557214599591182,-0.06496836311296134,-0.1480140959657413,0.03198166324605945,0.022180336192309226,0.10571808106475615,0.01825629690781515,0.044376771889842945,-0.044482776724944474,-0.0759159669763241,0.08430185908467255,-0.019449129969707407,0.048976983208602984,-0.012161513495661016,-0.023396062973648154,0.05620456573995181,0.12131991163349448,-0.12765122127181103,0.012997083026522667,0.14144082391856702,0.029472028057000853,0.12479141044627325,0.0036235908167909212,-0.012837982779401706,-0.05622378432768841,0.05991788195425524,-0.037132900741763036,-0.0057509021664055825,0.07599125126423108,0.021091282461833356,0.061341185962525704
emb_dim_0037,-0.4455059815429588,0.0963585452326184,0.20236084928101342,0.09918253562932884,0.1111421888699476,-0.1291712996413877,0.2696553126196286,0.10882792276809053,-0.4063033665549928,-0.021313451021626552,-0.169107216038315,0.1532710362625135,-0.07710875937825956,0.009340153867699479,0.10236570998585995,-0.11251659981869835,0.07449370390356139,0.011845615120499017,0.10042991125525394,-0.02720884546110856,0.0487547870131198,0.040351072104580554,-0.047511328206024175,-0.04772518666357974,0.06601443799995146,-0.03196629048144302,-0.040388316027303285,0.21849057845071743,-0.00011270382860672438,0.009547018223896269,0.0013665171755584068,-0.11449295235730571,-0.024530966725347016,-0.06290511620289033,0.0029388001889600257,-0.030165699613451922,0.044791220498344546,-0.03769121908844403,0.25013922107318726
emb_dim_0038,-0.12485487084128415,-0.34448076151738294,-0.6330755225383199,-0.04998692009544693,0.18185483532242294,0.10819923518736996,-0.011122757935839939,-0.019222960567933274,-0.005863602160135923,-0.015552483657496554,-0.07473731324629146,-0.029496763771964446,-0.030531402154883494,-0.009747225710195578,0.057023413228774765,-0.15477410069387904,0.10836299568155415,0.03551661839130925,0.09709020446907683,0.07404629332841778,0.02538887208430069,0.18688781703522356,0.07641352373009376,0.011751713816810413,0.08870211506240488,0.051895632571879,-0.03012171929056422,0.07806006563887907,0.13080767083144795,0.005600832442929241,-0.049312312788202535,-0.10377485134511652,-0.11898331879205028,-0.0822935151405995,0.050807270272727016,0.033915356800822145,0.03642922559193375,-0.06400826256124478,-0.07560756953784607
emb_dim_0039,-0.21356461094803583,-0.6354883740168612,0.05460929420732932,-0.1489961057890689,0.3086773154588304,-0.161547211019859,0.21264841527136952,-0.06702822992943336,-0.05107844625979695,-0.0956346947247436,0.0006269861635390828,-0.10411049191558598,-0.005278020342762769,-0.04478372102175103,0.07850169496626395,0.11753623317466598,-0.03326312762210176,0.0018593378569113515,-0.10923195874478481,0.17401212858727427,-0.007211015829485513,-0.019475572733840978,0.02931858686153165,0.07218469303979362,-0.10999741829965456,0.04991750584622404,0.11622438698365091,-0.012644250975731523,-0.023421907118328335,0.2450359315508903,-0.08181971060716538,-0.025848693089363075,0.09609210589512321,-0.042821095915673735,0.02222131191641354,-0.07870640818054156,-0.0175771505482154,0.023380353807279923,-0.07824512759678903
emb_dim_0040,-0.43869044584892963,0.3159996348801214,-0.08424905194115415,-0.22483758503241355,-0.2871792857525774,0.15145013260405302,0.1402384673893948,0.12508813532422824,-0.06429851536731641,-0.13525173810287347,-0.021424456301197964,-0.0775419238789448,0.11181638814421951,-0.09092148080014058,-0.1913153764394147,-0.05796354640997527,-0.17240613554996373,0.09690191368147197,0.008742636436458444,-0.04780280261255281,-0.017954684517907087,0.043123269255693375,-0.09641014764745855,0.057278857710289954,0.004483913639183801,-0.07840153843052924,0.040472439615089555,-0.1290662613124461,-0.25118897508407195,0.058730240824796096,-0.15311552663369768,0.18864649984587195,0.023960143658987146,0.018910281883141228,-0.06469285926228542,0.01071800331278337,0.06370488087698545,-0.07452867534445541,0.011988589107675534
emb_dim_0041,0.057469884059473626,-0.4450458641358296,0.026652229510721007,0.04176986693545947,-0.1045648526542422,-0.02488955555850997,-0.04903329518426816,0.17254017393248547,0.03726311773814363,0.13312767850170382,-0.012203820128027123,-0.19659657860076968,-0.011019392894659084,-0.12520747400574725,-0.6305674514008548,-0.045348679555704964,-0.0034894153650546628,0.03590082727331179,-0.04379863146827768,-0.023848929428725938,0.015954347621505414,0.01185481506202426,-0.026799264777477953,0.013754621652610573,0.014776709951498481,-0.006329184300016193,-0.0003932564158161854,-0.058944882139743957,-0.10301149653341321,-0.031597031911826536,0.004238599800984475,0.016090173728576213,0.05590535655759694,-0.00273432380585073,0.03059302857115164,-0.024646762295343946,-0.0056055453290476285,0.03480008149188545,0.021587090861510023
emb_dim_0042,-0.5293094878763518,0.25104315488462925,0.0850012124654749,0.22103730342986389,0.1664705364880579,-0.0330890589114174,0.0021815736127419267,0.12210239191052294,0.15597172247250798,-0.19099538214446563,0.07205225552376349,-0.1490079377969797,0.14263433323572808,0.01926759726115305,0.1834277377296033,-0.03655644248850919,-0.02339534129917327,-0.1526760307988363,-0.05885682088685096,0.15737740804607797,0.038212302402514005,0.12331612400367688,0.04608063545586665,0.07653941719698648,0.09623443027215112,-0.011731369607152002,0.07629334445522443,-0.04613375482034058,0.023693403913267456,0.027585850292549566,0.13240117902841236,-0.07187650191525113,0.11531763213038114,0.0608009881860757,0.155230617154468,0.06659070799358635,-0.02692424878541433,-0.05822700441678871,-0.15788825063026737
emb_dim_0043,-0.2480490022213423,0.4274119319665906,0.049636676307507496,-0.043407904893943035,0.145736678892448,-0.039232652251301466,0.2973551661836891,0.09629045656470632,-0.140155778308339,0.020299071806410503,-0.1426572605933137,0.05671353001255382,-0.15128848970102945,-0.13408008907627475,-0.016112579458448666,-0.007971481914171673,0.08897479499841662,0.06308888027278384,-0.130823533164576,-0.08118855377214126,0.030193082746195848,-0.13947171575401532,0.04408146920590282,-0.05128933650698688,0.16360481842758415,0.2529727179342257,-0.0468678705111024,0.17060252931749614,0.06706864919752495,0.27625837304370043,0.024581017292508785,-0.12391852615961775,-0.14108320466503033,-0.05251832641396944,0.14234321987940932,-0.05448164822938927,0.0073672970470279025,0.03914292013068834,-0.16470774505978547
emb_dim_0044,-0.2901680666227911,0.0924788056241519,-0.24005825227315553,-0.14075077538562983,-0.1746127856168325,0.03704682376827124,-0.010629293420824405,0.11954456276914513,-0.10554322978072411,0.015209606070947573,-0.03588255820221634,-0.07132058666023966,0.001617285596054627,0.0879509927190875,0.047426636399478264,-0.04611660345760646,0.056190663064446957,-0.018698883773600097,-0.08087749463091537,0.1047183593559135,-0.0055274599209347575,0.24495585762844163,0.021911711712644878,0.2209024188703607,0.07256379353752042,-0.11707891197196582,0.015667873549319228,0.07098435029281203,-0.048382592718105,0.10877303266430588,0.0781267868146297,0.5120558194824848,0.1463285075146804,0.12162472427869779,0.08534851495042775,-0.09861658200407127,-0.008129313631686608,0.026044444453098056,-0.08372243233012973
emb_dim_0045,0.08308062844847308,0.5772617435153092,-0.15804332667206492,0.1288279379128066,0.021510991801042212,0.02746073753716219,0.15472368172769882,0.12527997574220917,0.134874252818381,-0.10738330218954187,0.08290163837024049,-0.25289988350226,0.1460826731619087,0.027024760683246933,0.0007526890401733245,0.1899149103045622,-0.008789149753256275,-0.006779842326970302,0.02912334624837191,0.09002560019751786,0.04779495509282299,-0.03891871425320244,-0.06891888995927409,-0.14127877880069617,0.15583472990494587,-0.042882743830950996,-0.16599266355876194,-0.13481762252894663,-0.1499567871384779,0.058924034502769174,0.059490749099164415,0.09207602788499371,-0.06808106229371022,-0.05247516571225573,-0.1694432113527663,0.11323531979873414,0.15940355254098948,0.023127016935570593,0.09736478640664743
emb_dim_0046,-0.3274116470177514,0.2528986591721059,-0.3393984283969188,-0.010684877640937411,0.09867374065027015,-0.08782895687650003,0.05340650718995217,0.039605178150760846,0.061525265326286015,0.061414835697309565,-0.13584808786311717,-0.2418003556133069,0.16341136710441237,-0.08477653723926733,-0.24625609817252656,0.06847040806762027,0.17049600768197354,0.17855402163376183,0.22587385644349858,0.01936601358520897,-0.15838998343779986,0.02828934872992363,0.14887949228125927,-0.11864856582117396,-0.02019319694917305,-0.13316056274592894,0.13070884242431133,0.19507712659663629,0.050671108355165084,0.13576397963070244,-0.05835165372556861,-0.058281953214759506,0.05785067011497793,0.04617261970223521,0.03801351336744876,0.0040520856767845646,-0.1115990845085324,0.1482174224025983,0.05861083371865915
emb_dim_0047,-0.30513824758810765,-0.187242357498763,-0.6260262493412576,-0.2345915565575727,-0.1254172281676695,0.01697801409488164,0.04364557534467843,-0.08900756700207003,0.048714734100936255,0.02740619984674101,-0.11525957343939527,0.025782114983472076,-0.07550178266855553,0.2415701186132267,-0.018389351054409257,-0.03280605008899787,-0.016900974980127645,0.005663511268784251,0.014462405267244897,0.007648072565461162,0.022669698342085702,0.08872074751616826,-0.09681814672198752,-0.058475922110995414,0.07506966636918835,-0.1410144482720808,0.06045720158277796,0.17860721396876353,-0.15114842480792934,-0.12128225367408643,-0.045537308603252453,-0.024308924158896128,-0.18285719533720507,0.13267371177177792,-0.08152700833486297,0.09369269820173147,0.07263594263458224,0.0038348298487119892,0.03956529500735259
emb_dim_0048,0.10073429443782245,0.4732069686972933,0.1416365784810858,-0.3224732767908419,0.2014968697620587,-0.049503448118907924,0.04546086619655856,-0.1293862622017309,-0.07729956013925764,-0.09924267730626862,-0.07279431420033547,0.35633501354801944,0.022897965854379976,0.11157484200630823,-0.03699765757039931,-0.045053994492378624,0.08327642204017807,-0.19279436478284231,-0.019982303795520472,-0.011756802453521814,-0.1524431315161391,0.03854984912875422,0.032463330940269215,-0.041961666579365946,0.015703409063366296,0.09038589618895014,-0.33743759124331074,0.021815611385681697,0.147493364978284,-0.021665639923618984,-0.02890549575120379,-0.0370858863408014,-0.011691999330425223,0.04140310368139058,0.03867941664617808,-0.015169347820830124,0.07367926566818986,-0.01995625690525434,0.06880082336270817
emb_dim_0049,0.19532209472064332,-0.11583959428938514,0.2292644752923494,-0.10980604283589039,-0.1329228618230006,0.08352092530271697,-0.0059320807076545376,0.10785614732171749,-0.08862593026291386,0.07888817134531667,-0.01607298816863875,0.07558612323497645,0.03403460262281406,0.036107445996673045,-0.019953995907603963,-0.01536957639074424,0.006608175569381815,0.7000753940061988,0.021377381914315007,0.004777243844452334,0.008995339939326375,0.041038373911306665,0.0036969830322538177,-0.09179971064217125,-0.045786956490203964,0.004250026068412749,0.02521364539074135,-0.02430394963530357,0.03395231635146656,-0.017233058250788306,0.011612059606781513,0.05750387351395404,-0.030547317852955846,0.11608254900473859,0.056832473241455114,-0.008403743737938014,-0.012209271831320999,0.07450123219299457,0.07157077199438168
emb_dim_0050,-0.5930579512477042,-0.3628459254136864,-0.05361613670084935,0.18019535890326513,0.0026927754147423955,-0.18250074672144723,0.1563688069005893,-0.16247610080454578,0.07231052971758765,-0.02419147332847992,0.0010993549407432586,0.015240126087901843,-0.08788887817598336,0.038208375126371576,-0.13490925653481461,0.06197231465984013,-0.04562194319519019,-0.0012988389833375573,-0.06690229540851235,0.04196064059658498,-0.04597822185109257,-0.05255043827008089,-0.04841480623962626,0.20960327954871125,0.034163418372800625,0.09902181851851301,-0.04578456690379614,-0.25450518347012485,-0.003945880618267859,0.009088222689575811,-0.11216964086702004,-0.08804119006745006,0.054384956031442715,-0.19692935605417905,-0.018866864741784124,-0.026672389178465157,0.15117519443207175,-0.12485546626054275,-0.0804813132994575
emb_dim_0051,-0.36578790491382723,0.19235321157074392,0.34285742993184115,0.03705598195270576,0.07085879459020712,-0.11405512273386213,0.1528352418079682,0.06907179305043748,-0.17042550883460666,-0.1160273433948191,-0.2367245885234065,0.04416718296351741,-0.11853880073765945,0.08721059793217445,0.03371886103892631,0.13183182095633303,0.027265438224541253,-0.18576021764254166,-0.017287075077150542,-0.03702619736823296,0.10090139388665899,0.09035925696757148,0.06317417342652037,-0.04913063465673839,0.042209065545269125,-0.03583162405715576,-0.11543354667861279,-0.014518969641598631,0.24039048663311793,0.26485481594095905,-0.06027637079006634,-0.04060819101469973,0.025927416513359336,-0.22732402004201213,0.008201801636383949,-0.06912038357261356,0.04963662697537147,0.15630138893915388,0.031552255839004874
emb_dim_0052,-0.02421964778034798,0.5347904425609309,0.42490967745998937,-0.16452525940392046,-0.182695148889972,-0.08752634446197484,0.006391920706015397,0.006057318844546608,0.06498445221386699,-0.01459099815109212,-0.16716978719739292,-0.12165860839035036,0.03163180246071766,0.12247988265345766,-0.12046142550070169,0.08208953605326874,-0.044669749603091204,-0.10177896039876302,-0.02617880044037305,-0.06031513496578621,-0.1322675561552778,-0.11438265147121887,0.10595753952004222,-0.04027136024906513,0.11470636413547784,-0.05688947409813947,0.030265939346744323,0.04321253271891564,-0.014564403499683458,0.04800405383075386,-0.1396305013518561,0.034332222816100294,-0.05335730116030082,0.24093250326315793,0.09034493854802945,0.10698795830504496,0.013072219859800137,-0.005196264352423266,0.12967284183460756
emb_dim_0053,-0.5270895819225438,-0.037458177589633275,0.1639673040567924,-0.2773904052437112,-0.34419973969121986,0.03251284906428395,0.03537126391252951,-0.11529529882408465,-0.1558014194796179,-0.18729300120209422,-0.06326578180436221,0.0525475636039528,-0.17793403232805782,0.10490646164589776,0.06219601605987339,0.0794918739554738,0.12430277899603762,0.07839172648492977,-0.1235396129046079,0.11878318123586316,0.07021238601510779,-0.04086974528283932,0.019057284032236898,0.0352681270386019,-0.07585652210447416,-0.03882771086490871,-0.06569234997151757,0.04403686872415869,-0.07793656290027706,0.006907755201943919,0.031222779480676054,0.04019504175437015,0.008383366820835191,0.063238432271262,-0.02893803271052252,0.01777210613555215,0.13722055113348616,0.08012089851430845,0.10416717138137976
emb_dim_0054,-0.00873538687947118,-0.4713986863602921,-0.32942816201767766,0.092187702921016,0.2799826127318756,-0.03815815880579512,-0.05752633087246028,-0.3724897611332486,-0.015501047883567409,0.16551175515738809,-0.004870795937984192,0.05621329377341753,-0.10580424441497602,0.1447500403296293,-0.09958846822577161,-0.08156152926130357,0.05843589777816302,0.09328858210627872,0.12083974674172578,0.08230826512227794,-0.03833292197381036,-0.12128534799378507,-0.07366612074316951,-0.12592769105808493,-0.005268995802077178,-0.03647135055830167,0.0667623900803632,0.1374538615043153,-0.047607990774056204,-0.1402375887493963,-0.006443923816409883,0.024273849520118317,-0.057304246494901845,-0.1183844796951311,-0.04498314644973474,0.06771242597079871,-0.04778253393000678,0.05758104340248971,-0.08722497494020921
emb_dim_0055,-0.35250592358382954,0.5999502612138473,0.1891893278140392,-0.01944577761015634,0.19860952475547755,0.048500745776393794,-0.08582213310987827,-0.04889835019808959,0.2077043018749379,0.005105049263465003,-0.050892871269751935,-0.02295521437994551,-0.03640191146200533,0.017051458697074195,-0.03700355990180544,-0.1631632258158847,-0.07896557744248917,0.13509126297831042,0.1677017144063012,-0.008749144904761296,-0.124289156294861,-0.02034996804566601,-0.04907236769611221,0.05645958334234649,0.12659262204552058,0.04385667258815228,0.059770495669307366,0.19955189967590126,0.00813442908411839,0.052746679602636334,-0.0652244700108808,0.014675558086990498,-0.005836745227578899,-0.04203952475619277,0.15668947704736838,-0.027076934070630575,-0.13145753812636657,0.00014568949834467052,-0.050593462017069615
emb_dim_0056,-0.0764784482270028,-0.1927117858641296,-0.5407127550848249,0.22886879410520733,0.11097360641935831,-0.0448782979402349,0.02578425902267373,0.1401269329472092,-0.1752786016377057,0.02516914804747365,0.1684894393686061,-0.07325303688229491,0.029214720040902104,-0.0662250534728711,0.02325232048360054,-0.22934928450948083,0.11270889677431413,0.09211500218582844,-0.2224762902615883,-0.057761214269369796,-0.08967449022314553,0.08241281707668402,0.014030110487728505,0.05640560550931676,-0.20848583093482762,0.11567063220421193,-0.08323669847156923,-0.1832924741872175,-0.06398964397421414,-0.09110817367211942,0.10241346419986724,-0.10694392876544682,-0.1451979990285805,-0.06382345597795859,0.04949178881218486,-0.05443317657330602,-0.1839361048460284,-0.05798832688645103,-0.029418750871418382
emb_dim_0057,-0.19554104888156162,0.018725405013567478,0.31649964538551245,0.03723131483939196,-0.03326277662403954,0.228144602553537,0.015310251971840074,0.5389708949243702,0.13888116449229174,-0.1082463761328917,-0.007313813229369156,-0.09839463444167751,0.060836191291213385,-0.14035566447890102,-0.08895449054483501,-0.17517099438086442,0.0406972668797691,-0.02268380344700215,0.004222905003051139,-0.028715262650838472,-0.2588356949062212,-0.09078322234015865,0.024132796078408292,0.02077888688880593,0.1042031312656825,-0.038973996400834925,0.044485023096185884,0.14195940346023536,-0.11689414120313214,-0.011138787281796318,0.04527750051679862,0.09882791275666818,0.045374812456479945,0.13762255066773202,-0.01401946112394891,0.0060473460175116695,-0.004435676508880155,0.08373402097563806,-0.06833148999380423
emb_dim_0058,0.3774308616984386,-0.20993377111302752,-0.34150993621393677,-0.3087112338223305,-0.048392866444646895,0.18134229839212743,0.0035131443985735433,-0.007227754739312674,-0.19360406854977133,0.031320150431890216,0.02079469932319102,0.16590847482218005,-0.06858660064250828,0.25454956592443617,-0.02518331562940819,0.04353976050141543,-0.0022746201161599716,0.1628868610927513,0.0678711310091839,0.07355759655649118,-0.03645433275322632,-0.013816706275145,-0.051990055753726845,0.024547481114517697,0.02304465938941287,-0.17799783824688503,-0.07812615275650266,0.05663057042207537,-0.19519404101433668,-0.1378800493037629,0.07265751942557712,-0.002943301312659911,-0.13325877110661116,-0.025106722418803865,-0.09979401590824255,0.09880265902334065,0.013398775511007707,-0.06478592814975224,0.059152347789473855
emb_dim_0059,-0.14010073315067817,0.08076123289728646,-0.36255184478960795,-0.1542926437486293,0.0187357819270272,0.16465414024186495,0.0541139270244793,-0.2494904833425434,0.04609046292152915,0.019766651488033325,-0.056926621454553475,-0.011396670397420802,0.18266487034649456,0.2719271125197422,0.14358270142639795,0.034037911872097225,-0.03730179735116496,0.07419041392240178,-0.1858233051879223,-0.01035903169530446,-0.02620387017757023,-0.17091802235553663,0.060392704203008275,0.10897379370893495,-0.17615342122320132,-0.014898630195928382,0.12743499118388307,0.1606655490961291,0.1192278737319982,-0.15812637678463143,0.07944048557603484,-0.08404172663806543,-0.09066736173634345,-0.07109446003413045,-0.0253925060028849,-0.0412772865320993,-0.127437187444281,0.04649039764259483,0.004613366021233097
emb_dim_0060,-0.30139615389446356,0.26957135126441467,-0.6463709311508201,-0.24679166064761976,-0.13711989031848432,-0.021331728423381987,0.11149867783628611,-0.010102197067757834,0.028762904387633105,-0.12153406752701366,-0.10062246216397595,-0.19595772778031473,0.11806809980011276,0.01333182560073348,-0.00330499369810028,0.03259571391707266,0.03187628444584912,-0.10320758666708581,0.005634170124334371,0.0122748613105014,-0.03966507125809415,0.05801577292410929,-0.04253173814026641,0.044919145753211175,0.05525825935630503,-0.09882822473101431,-0.011386585415122276,0.03135860890376217,-0.02084111953101658,0.28123367715298514,0.0038888521024697293,0.03927345361339293,0.06459049817358817,-0.00487443466989127,-0.010814131547257492,-0.06070742551171334,0.04823518237364479,0.07370774851167239,-0.04610151734443881
emb_dim_0061,-0.7197963809307256,0.14847433958580972,0.07414000660048574,0.2958574407203269,-0.18993831259492025,0.10303716401039023,0.09069023852757618,-0.11301968963534761,0.02067915977480748,0.09991781553025854,-0.0264328183127909,0.03831678144154446,-0.04304810969927149,-0.0064462713511131845,0.06237077937391723,-0.047971546495385466,-0.030538147679375023,0.11414521620347087,0.22462873371084452,-0.018367021483794172,0.10033021860427781,0.01422046957271804,-0.002410276391243794,0.017733463431986212,-0.08189763799532991,-0.08726497588700795,-0.009170626765846915,0.07825312082678453,0.09109681211882165,0.04765927454042773,-0.06403370007204108,-0.19013705094989627,0.07485923078489091,0.015231661156189213,-0.04252804553560061,0.003206160674583151,-0.03221228161717453,-0.007973815050963057,-0.038467056653456407
emb_dim_0062,0.11180499572682925,-0.004933332743623993,-0.009522638461945858,-0.27230457418954934,0.07563234008151999,-0.056699885196921734,-0.012637516460831125,-0.19341252256295496,0.13156695910472765,-0.0425894486874632,-0.08644496494678555,0.07748260173077266,-0.17872605578305226,0.1904091867100033,0.03412002720735392,0.18780034090898692,-0.07749033606069276,-0.03187783005582912,-0.1087818051755254,-0.06307152911091785,0.014025665188733251,-0.053278810352997835,0.10266855057528088,0.11232453882275661,0.21481935418022996,-0.12890102968732417,0.16706093478376807,-0.15325238964998308,0.05537571945715616,0.4668846507178658,-0.20048126300432023,-0.00908894921835128,-0.005401534662369039,-0.12092568844735477,0.10877020559400617,-0.07526987171429629,0.16546151279352564,-0.07780368392301593,0.06523610284352464
emb_dim_0063,-0.1731596919115144,-0.22713198100403897,-0.8194527371782208,-0.00047771140900726764,0.13833644162075803,0.04386328787881612,0.011846599041075774,-0.05203805194998768,-0.0762034297597628,0.018153570966933916,-0.04396972474533936,-0.05542418656077668,-0.0805313137777671,0.03572798778708217,0.014717430159918497,-0.07434417525747407,-0.11145229897191956,0.0067537368675356915,0.02263464300072225,0.09979616656447786,-0.03411412886618877,-0.06572645881441828,-0.01710032102904018,0.08509753627690382,0.0005010482991328179,0.032549593560061006,-0.00457431810755402,-0.0031903208970909067,-0.09505688297678465,0.04209455411176644,0.029052000249621908,-0.10298070885242055,-0.06842267698032976,0.021406486616214877,0.018291840077181137,-0.039603414353034175,0.028744757912419965,-0.020636066115017723,-0.019586593576154686
emb_dim_0064,0.8351211328587269,0.07791897107475472,-0.20926226109461674,0.049119820035020634,-0.07328606164775839,0.022763119060482173,0.06698686128559747,0.13701166285024374,-0.03856207742576709,-0.07736287157375309,0.07979265608145036,-0.08948916345436748,0.06192092725699614,-0.026368414797869378,0.09522166438219283,0.04884851078377373,-0.07312357437956604,0.08665352623408085,0.039175723349606305,-0.020009525115435415,0.05977839626460076,0.06051558521270913,-0.10651600033254449,-0.018436254958912122,-0.038859643558396,0.07914440526722957,0.03952019061455548,0.07588717536469897,-0.08213466184602934,0.043426959611078106,-0.010044955886672213,0.08299624762817927,-0.01292693344902848,0.05062066901786675,-0.058453871557322686,0.15155321779689773,0.0037887305524373816,-0.02355308485897241,0.05214204142989547
emb_dim_0065,-0.20884942644726784,0.09664325247944373,-0.7283853419581406,-0.020351448333384238,-0.24065518878729583,-0.057584014022492795,0.0657502522348489,-0.0795642680410041,0.09709441000427692,-0.141845578483237,-0.0523369782130698,-0.06683846954620662,-0.0583310873400346,0.029813644266896425,-0.10441036678464828,0.10956011597898292,-0.08657282110226149,-0.10892397445057073,0.07164604542963621,0.0931609861576142,0.06856713241030979,0.003427236136896186,0.0768559432353619,0.06942601173361025,0.04532625485879791,-0.0003376143826176526,-0.1844952564261396,0.08836596031981493,-0.0006575818776025553,0.07962839668851067,-0.034275637373836834,-0.08160140404656856,0.13310473831257327,0.037536050303186304,0.028371463052670916,-0.03938721097732848,0.058161246792474953,-0.07367664631063216,0.1302123736126125
emb_dim_0066,-0.061269040096212896,-0.6871083384799533,0.17449472098142108,0.15406933465294015,0.08710795005270128,0.030422225545434105,-0.17869994185789725,-0.010825337495708963,0.05413846521821533,-0.03494230698928939,-0.019592844227281154,-0.08406591501953647,0.01730284883236684,0.010923169781068501,-0.09943340780622761,-0.28545191571215983,0.12226328395848077,0.028156909969656054,0.03590195939805586,-0.07304363253020354,0.09450153308355015,0.021170479021314647,0.20980205694395104,0.14272203231484876,0.061722705685010655,0.08660170705872253,-0.04137164059786819,-0.14506379887530374,-0.03818272969039695,0.01727255922073801,0.0013249249547413315,-0.030901966367272608,-0.05737188201035887,-0.12091281637452049,0.10228752130989384,0.05655631127250882,0.04434725006492805,-0.07608539832449568,0.10588024862381684
emb_dim_0067,-0.2712283533675668,-0.6779449771239219,-0.22902163328230302,-0.04045992966850032,0.003150015572971898,0.21209975588832256,-0.058164983179303895,0.0668674053561657,0.08886129516062116,-0.09200036871128378,-0.09197831906453104,-0.12430265390201149,-0.13213003194030437,-0.025877075027887747,-0.15958709688094477,-0.0979099601898794,0.18352141388460552,0.1306596662515879,-0.005440679008722461,0.03244698454746238,-0.12107768397770291,-0.13676820443393117,-0.03338574172668664,-0.057067414595691215,0.04533590889839536,-0.013253325495157373,0.05375754146807225,-0.021062672743552904,-0.16389179943917476,0.12343649306080635,-0.04686361416210079,0.08159201842757553,0.04613562743767553,0.04452471817605348,-0.055199006136998505,0.006616639974303062,0.033759114182037635,0.11603601880148334,-0.04219746399844294
emb_dim_0068,0.8645087531682835,-0.01718964439447273,0.07615681438709886,0.1828394369887825,-0.011476082657417855,-0.06927730007860382,0.09229359934617394,-0.02144147793837013,0.09746735672713923,0.04924424704491597,0.05855333410009494,0.03201286661330503,-0.035673136575284085,0.014121053399947034,0.07168095907523388,0.117509066185644,-0.004832212398310049,-0.004297984574489169,-0.07271024898778805,-0.033414955308482985,0.009935989654065778,0.10748426653465841,-0.024935535965597444,-0.08057023696882204,-0.021678749744422895,0.017353774993832206,-0.07682079154181026,-0.06892118368339066,0.0016037974157960553,-0.04718322064093723,-0.0012664505816247919,-0.05900575110094844,0.03442992286691287,0.1182957557861786,0.013663533098940412,-0.0635844443276134,-0.10269755650510423,-0.04385073679059874,0.05154460778634915
emb_dim_0069,0.25686379710670615,0.7352425894934901,-0.13297905899550438,0.1213454025832361,-0.08246835133884264,0.20084515829116956,-0.0789037026769378,0.005563210022005984,-0.037466619976570734,0.012681497153771723,0.040055202023003424,-0.01812121504829101,0.09759206238188259,-0.09447555487203822,0.0443120505328065,0.006539850833309181,0.08041635028817806,-0.018319242671312255,-0.0029200123236161435,-0.042747015778485234,0.019902192760662647,0.05798448469040102,0.13587883258164024,-0.020030836903408827,-0.013229935878330523,0.0084678321633768,-0.0391029756438081,0.07409482917072939,-0.004930977904520661,-0.21967412465218686,0.020684797019566308,-0.07372564339248497,-0.08322943019029498,-0.01711051912520488,-0.07534327647347415,-0.00398297913612223,0.026182689563055934,0.09404647697581049,-0.00617109473653643
emb_dim_0070,-0.597299178942258,-0.028520282458823633,-0.1697168217861971,0.01736796361097457,-0.09201081000050376,0.021372124236351913,0.06308360155183444,-0.13677832369046347,-0.13162121155997983,-0.03097278854305344,0.00021138588878539532,0.10405736633458852,0.0008763285097859109,0.044465020473377484,0.09977142042722327,0.22358828468135872,0.12669353741957665,0.027543058567980946,-0.022149384411316867,0.07566916778269331,0.04117893015150509,0.14600715683323462,-0.06369319385679267,-0.021664167703229705,0.11978592144773065,0.012990238379007764,-0.1054467751768616,0.14137333863394633,-0.04294851741644797,0.2910161714322919,0.11505420638078022,-0.10932390747723154,0.041910203287720875,0.07729777988896473,-0.05502923273997394,0.039330150808318,-0.03454008681955107,0.028552290110477465,0.054171674009340795
emb_dim_0071,-0.1894434460105982,0.6320974317753372,0.1932976523884425,0.32821398310406136,-0.0021940349378074975,-0.13369024487701822,0.23309051478012321,-0.03652079242699199,-0.03955344427957603,0.08339299647756808,-0.07541444418825821,0.0848978048116255,0.08285384686049431,-0.1823470396950009,0.026824751509504852,0.04223551605061048,0.0786319799520384,0.1354201473682821,0.023182390920709135,-0.04101337428864061,0.0024312387557887845,-0.1441003223899553,-0.004842516188635773,-0.10397695219892314,-0.005984858834666358,0.04470815317257064,-0.040656043669949814,0.09123492068931088,0.18042378110968435,0.0722477384399894,-0.03744073152163323,-0.0744957213737045,0.01041205230962583,-0.03388503142181276,-0.022994361411182107,-0.09925138537553062,-0.04319704026673076,-0.14467222555692397,0.037888867010086834
emb_dim_0072,0.5025624390985963,0.03730425964993127,0.25240892687733757,0.1577357444492298,-0.20945673253559052,0.12064004195323652,-0.03970516493326437,-0.018951064450385406,-0.011229964886553475,0.06230624848629883,0.02531123161440756,-0.01626412451519043,-0.023529750160545905,0.21408840842448837,0.007878781953475704,0.3239161790790744,0.10155359597171572,0.07959431909275949,0.14966954332698937,0.006480503438327752,-0.06089211855187513,0.014750135241115497,-0.03543232068340961,-0.13543642491770452,0.17795399629029562,-0.1284117665491303,0.034036662317322476,0.12401818563198615,-0.04858202953082519,-0.10585076137446975,-0.037768625041249754,-0.14556608528941564,-0.01623155482497474,0.007225355388190699,-0.10011452734606054,-0.0018297506609398508,0.1353016434225056,-0.06019530311354887,0.02085547941888462
emb_dim_0073,-0.5085777165421939,0.4882424711179645,-0.007891859763430445,-0.024869100471418784,-0.01627458486706497,-0.30093007159575086,0.2100028091362112,0.08336024078717376,-0.08039724810784328,-0.09288336867762137,-0.06942889821926969,0.02863230300639938,0.022755938333282027,-0.1640927748677461,-0.018839707831393576,0.12236379080822771,0.08359902418724577,-0.06811645771239516,-0.01002166230110779,0.14150825341242507,-0.1070494275716818,-0.025108126129379127,-0.13405414054689688,-0.13733713500810535,-0.21069089287077367,-0.07822956297066853,-0.06454804363021376,0.04380582930415675,0.07078822963856585,0.06305315382420085,0.022056577884401435,-0.0914793623322576,0.07664706313260061,-0.02407178779073506,-0.0053645836722603256,0.0074409125179356024,-0.028867192768796516,-0.07195548911435891,-0.03560261247996686
emb_dim_0074,-0.8288517512746436,-0.026119159596875535,-0.1123944253376288,0.06548490889099524,-0.15049476067146447,-0.038216938793648014,0.08310889521110848,-0.019611908055826213,0.12823587010700874,-0.02393171241501715,-0.04603869751630901,0.0069690015891952775,0.007401649586683665,0.005653870344985074,0.16525672393806853,0.09270300632675041,-0.0022480375061331324,0.01173173448429698,0.08227018946552928,0.032472594946824127,-0.0046293595984190465,0.05338191722873093,0.06329900514414576,-0.04756078364890591,-0.07415200552618365,-0.1279978228083133,-0.07258689292399106,-0.014852109250731955,0.028441534186831402,-0.0032095832051395844,-0.06251747484917153,-0.07932214579082791,0.03517198233461226,0.12480610414570038,-0.003722219415449157,-0.06263866691420907,0.03611974921173506,-0.012467318172977023,0.05192585463205582
emb_dim_0075,0.5818317399604345,-0.16054350157678243,-0.09915250421289153,0.4363093417304907,-0.18013620421610804,-0.053052533190612025,-0.015802475255513045,-0.029603881341107502,0.0404066521544596,0.017690570272264398,0.04166287806146112,-0.059185700158315334,-0.003833281853253257,-0.15080685565903634,-0.07440504274526342,0.10400572447172442,-0.11724311737542709,0.16685506551169715,-0.10836290712012558,-0.06927693112262488,0.03394229968115,0.12013905247344887,0.19656178030993848,0.03549517056607687,-0.10977833586158452,0.17499376747248507,-0.004591355907798046,-0.15478125228503054,0.0994429727597713,0.05845719670519386,-0.023577548113856456,0.04112340310267554,-0.08339005045218832,0.027800450282851344,0.028938282486819802,-0.0341936174378323,0.03336922946841166,-0.04090741131546165,0.02610643679856562
emb_dim_0076,0.4344976795097958,0.2837219335097439,0.05219782794984008,-0.1841286406260012,0.2591228048369413,-0.1727852181982027,0.19133698583774575,-0.13607583598464287,0.008501984860495238,-0.09823925428948195,-0.14764707942486846,-0.07362590463716023,0.19468525760200747,0.05130527845942393,0.004757888319877334,0.10046439352000415,0.05440153083804049,-0.10169450946944046,-0.1098561399326653,0.001702292793472769,0.0009286090555796846,3.516563560786772e-05,0.03623178389264273,0.05421341705775285,0.1584254105989538,-0.06470798309260672,-0.30425605347255763,-0.09072439984581522,0.13299927317295734,0.08165036984325309,-0.02055626685751391,0.13377678892101286,0.08565426566148235,-0.13888243698055408,-0.08819779637622158,0.018675115361753786,-0.03484296174264334,0.0208033716707645,-0.13628666733790176
emb_dim_0077,0.43275376773450464,0.2031277670591759,-0.11734621121174718,-0.013557593202389173,0.1863694626928923,-0.07504357588666519,0.05167769210847813,-0.3168298382209045,0.1900700516291407,0.2739750761832454,0.027734706191165096,-0.011402791690218775,-0.18329105377682148,0.13306958161902935,-0.10729221764018575,0.19437787384630983,0.1284398829019086,-0.1162358378733094,-0.0512130616335896,0.02313233161721871,0.09363933283361531,-0.10229000925344371,-0.04653801408263009,-0.06726300700340451,-0.09428682834688454,0.03615662173367558,-0.16413757852796676,-0.02777559531995208,-0.0037073808417586902,0.037238074784314346,-0.025210881910969162,-0.01678260637788315,-0.20956687030464866,-0.021257259835217528,0.08288921648094036,-0.006926487748110352,0.06796299106946248,0.0444541669491604,0.04433243559177741
emb_dim_0078,0.7067293105605923,-0.33989141619956764,0.04850062465865491,0.08361612314959804,-0.12189996435534783,0.015001964429088879,0.12322542294685614,-0.09222069691639317,-0.13236153064146872,-0.05448158059947946,-0.11210685953757454,0.20224681306376527,-0.02427574758982912,0.016141863258153474,0.008237267691627864,-0.06849196935810482,-0.011199134730483451,-0.13354129128444506,-0.017382317754551575,-0.05930363354102263,0.015326141172459829,0.008274430056508441,-0.03443670067626895,-0.052022057619977705,0.05449423302128116,-0.06477657255930362,-0.035040143948504146,0.06781599512543394,0.07084591527333511,0.030878489282877536,0.09956224945978603,-0.055813222449600984,0.007224191313793407,0.04999203788802212,0.047829555126992856,-0.06258972719684654,-0.09321037230091157,-0.11612397325611011,-0.02637276522693376
emb_dim_0079,-0.636434196129952,0.28871124233457324,-0.23141253248030938,-0.027745549515004676,-0.12714833666376457,-0.0037665956150410873,0.12867758889173572,0.17557827640082588,-0.006626798827047701,-0.10366075950937803,0.008018737124886804,0.024819900107073082,0.039083264473343225,-0.08684314729924984,-0.05706462101393659,0.09706525135380642,0.004836452660239034,-0.05606474135201812,0.04624527146315454,-0.08196299652538398,0.16403402749884965,0.0020567204215200625,0.006876166941050444,-0.2098122671578389,0.102281972659288,-0.035380409350874976,0.1356703693160392,0.002046553484535019,0.12373038253842714,0.20035931041339888,0.03648804545161255,0.10199832078948798,0.03032477024923954,0.03242618456907476,-0.05690413291199709,0.03994925416119542,-0.026681292853073014,0.15058076567194278,0.07255782359199842
emb_dim_0080,-0.38905792874435924,0.27258329660092084,-0.03695386468161601,0.038337175669338905,0.6098116799452975,0.13816668277419672,-0.014365773373434717,-0.07068081549798602,0.028172958236801358,0.013972529853254886,0.0017943644806707394,-0.039701794417239186,0.08449634245662627,0.16658204036556493,0.0466809781516724,-0.050877163088833624,-0.0396602765671487,0.041138332815370986,0.0996205912390743,-0.14650615536360634,0.04827596867241189,-0.0568993694341016,-0.019110871947565743,0.026187498209349864,-0.010038041511404713,-0.2107895541531461,0.06995749391868375,0.05509952077131979,-0.04155380698182079,0.02494206181144627,-0.012354023580220431,0.06852059656480142,0.06856235605172409,0.05479099522871876,-0.07056735533221624,-0.11701839008465356,0.12432942677287614,0.08777300026137332,0.06285874698722722
emb_dim_0081,-0.7848148293079249,-0.05675536642305248,0.15692443735142736,-0.0012764105361133319,0.18493945756733918,0.08860447351837193,-0.0001028623900096939,-0.18230164707211433,0.016741670119484374,0.02487123568775529,0.06270498910728024,-0.11301607002951962,0.06408461520837822,0.06347880532413905,-0.07283314997804209,0.05829201470157205,-0.029500949163840915,-0.02578150076869906,-0.04821537497052385,-0.04240912694586928,0.046500806757743665,0.10345109368453881,-0.0046235588591244485,0.11322916348729817,0.11790375221293287,-0.009099167426358136,0.02259615418285193,0.12545785345149998,0.031187918096970187,-0.03248140144107857,-0.001638335972235692,-0.06535654833895319,-0.06007349756278881,0.07664543277699515,0.11344521912038713,-0.14921618743454798,0.08922202259333294,0.03531918914745654,-0.005366366994908169
emb_dim_0082,0.3734244037376369,-0.3509921299872294,0.21070742480041044,-0.1644303353396877,-0.08075750677285845,-0.00018046012094899172,0.03088738360686514,-0.022158173744553963,-0.17034384802313735,0.053396567371197176,0.1664014029376837,0.04917903496648608,-0.04287272348963441,0.08948984205987624,0.09812068066421716,0.1177200995523155,-0.01456653226228373,0.17467944901948781,-0.06064262272784463,-0.12318027244823823,-0.09339414777578937,0.10822338760544893,0.10667165851490677,0.1442443406938614,0.2536903453534924,0.045169689810038965,-0.14370580809131617,-0.032483011558441674,-0.19719146937907095,-0.06947924340649184,-0.01791274465084288,0.04038288726295978,-0.11019106430510463,0.14683665648156455,-0.02708074834686496,0.17996836633991,-0.1467649558732217,-0.02712540879753049,-0.04787143493503783
emb_dim_0083,-0.13429126156429533,-0.3905646813337479,0.09033216102728504,-0.34447491086920573,-0.1236011559998759,-0.13662847616152016,-0.006375074077038327,-0.025468224558864605,-0.06809645919129548,-0.040122804216845456,0.14597849195511156,0.040285163517790705,-0.17227936298888102,-0.08840751769039752,0.1944033426428161,-0.20381566715701055,0.10983878781532845,-0.2235223075213822,-0.14849132138379895,0.10205675850050513,0.11950462491847852,0.09274633708296762,-0.22650795032488333,0.06035371151461965,-0.19433854737272507,0.027190337679280342,-0.1312764192065391,0.00314056708427665,-0.09543308680356112,-0.1282275070179214,0.07247859532897807,-0.17364188656016893,0.05336508788706141,-0.14832895040943056,-0.045451264306972106,-0.09160389718320584,0.05349892789710931,0.017083564709329594,0.08345674161637565
emb_dim_0084,-0.04174893196534797,0.4230218417719025,0.32587944228523075,0.1448458648723922,0.34763828137210073,0.14216947739307734,-0.015235961254649582,0.05743407266321762,0.13199483318932964,-0.003998512791733866,0.11260826790466598,0.04541044661736294,-0.04399859457258262,-0.11123808783615043,-0.011813933860739574,0.14283737110705072,0.04490239837320779,0.07772525239240934,-0.08439776006333563,0.16402283311510585,-0.042210378325377114,0.1337651515035253,0.03902238582210309,0.009213954301835211,-0.1041818848671825,0.06960453979485451,0.13006676940769146,-0.22960508914429031,0.006277601466424112,0.01203940458321444,0.009123438270669963,-0.045914441828906964,0.11310096636323438,0.05089725350650508,-0.020306471630646118,-0.022513081377520842,0.1166994707786256,0.08666018978162678,-0.25936449335164513
emb_dim_0085,-0.18342819991481427,0.5959770598216363,-0.13018899764229153,-0.05197005334869919,0.34757490674189645,-0.10767800624993769,0.009393570679751263,-0.15454934626643713,-0.2694373627603207,-0.06419833387255329,-0.04348838719386399,0.06361512088235459,-0.00030228815652021465,0.0910273786608022,0.08248937431517618,-0.011320124570130779,0.017251375126206173,0.05794071524865916,-0.05080640857720009,-0.0590335329497479,0.0208025739598092,0.1940043890135322,0.1659092601495688,0.02563543751069659,-0.016854159017923094,0.06897014875857595,-0.07526307089418216,0.007509872475477541,0.12544087794724434,-0.04163384115503785,0.020101564985374604,-0.011450401246062539,-0.0613717289058966,-0.026165387835366167,-0.12909127193757483,-0.15731823446970547,0.012251965132637231,-0.07060845746813925,0.003163735725214735
emb_dim_0086,0.4926226003029247,0.323464468961622,-0.20614039841383722,-0.4416986326896676,-0.17004040601668372,0.044774139188970184,-0.06833277159781345,0.11237131212519949,-0.05530092255507193,0.1577909647429878,-0.020711386684573244,0.23686752198565095,0.03921067966420145,-0.14829704707274916,-0.05096369760636733,0.137924210956005,0.010300513212237444,-0.0012957738748485138,-0.018225285193406864,-0.06222504654119139,0.031153843868353036,0.10461851582150092,-0.06546817342053744,-0.07864717746280059,-0.10098133691158849,-0.13874354794026791,-0.004013748848497444,0.003737973876591403,0.08878868505243574,-0.13992158204928568,0.0076424583295231895,0.08466082235821995,-0.01746378809669884,-0.06428188992778924,0.013643277267453348,-0.034268277629544805,-0.06590293079396164,0.13890447456020766,0.013558231789612357
emb_dim_0087,-0.0796324282588021,0.032349825734252984,-0.5684821051421163,0.03010465632751604,-0.12678605087442812,-0.04064346476034412,-0.1850369506309513,0.028396253222149958,0.2292550910342865,0.11219424408321159,0.0016649063564587237,-0.08835058179122691,0.015415325676070058,0.051609278570675016,0.13633774859320757,0.20287532346185708,-0.046837781943575005,-0.050501419453385384,-0.04295899847312731,-0.1988040543853996,0.19441783866822593,-0.05110740774445719,0.005778185397176834,0.025197807361405578,0.09319761073930749,0.05707227893100858,0.19627637243662457,-0.08234539205844504,0.010525933485351384,-0.07630661024977636,-0.03134536370982783,-0.04815727205671461,0.07732050302205402,0.021922627327414276,-0.01911829069796632,-0.023827816216084898,-0.02570536006398999,-0.020266633026021826,-0.09404710207950406
emb_dim_0088,0.3845377111528729,-0.06312752539307814,-0.5974609399776891,0.0663883355750616,-0.28374159623513623,0.15325036788109958,0.01752066607540186,-0.006325644095540341,-0.049807919641147044,0.23140382685676122,0.09893305514534931,0.11120778570264767,-0.13060282102081813,0.013446928370079892,-0.039109919592893394,-0.049229881150659884,0.08051221689511619,0.047570453125938314,-0.07696959396078218,0.10549112715084981,0.03080339317562807,0.06821706764526958,-0.07985098147576172,-0.016030691467952114,-0.07663175693183233,0.054491234457497345,0.09458128515906199,0.08318128734769577,-0.045573944703598074,-0.21218714819527415,0.00674163814506348,-0.08702587556477179,-0.033066559985841605,0.11505271827274313,-0.17645098151027866,-0.07524848703443632,-0.04735853973324467,-0.0174643411000496,-0.03080827660601063
emb_dim_0089,-0.7929425618309286,0.27418382148115494,-0.050838470276644426,0.060795925283533066,0.23631842280278645,-0.02203102677006564,-0.026475530861130987,-0.07781903792305765,-0.008644207985388576,-0.0490777522697526,0.046372997500238315,0.019212308440625426,0.006026814639753457,-0.02515776569651358,-0.06383956783723728,-0.007125795594687632,0.02940529538593531,-0.06418264702437233,0.021514234434938172,0.02628677190582566,0.01924407520954138,0.016227312337557222,-0.024858011818421125,-0.05594034621363519,-0.10394694742431652,-0.015060344227177896,0.028184295710332933,-0.0740226157339812,0.11678072775200078,0.001824809084745222,0.014531397554793806,-0.09999412661082518,0.09141679445000302,-0.11627060258170574,0.050819194569654474,-0.05096332407326537,0.010909144102256841,-0.11226137035190407,-0.10960513041680324
emb_dim_0090,0.33813132692258974,0.16747794359531296,0.04593100772048072,0.17989138090658474,0.0590628134837721,0.16727939041104645,-0.06049861179048485,-0.02535818972401997,-0.08727017487252747,-0.06596241409015875,0.029883124766012358,-0.0074836449174675215,0.17942307801320626,-0.05042148240635746,-0.07790017164898315,-0.6847876078472941,-0.010001991825287167,-0.01622996534040323,0.005233695196544863,0.01104829881043789,-0.10775063155091093,-0.0989508289525004,-0.023206205602180507,-0.049295037482416496,-0.040597299072583644,-0.019118010201876885,0.043970083417087705,-0.05761144750750021,0.023062768602059632,-0.13965628166195188,-0.04355535040680264,-0.013016893878020875,-0.05714701996474903,-0.1082868351208819,-0.029758445177591037,-0.019243751644833874,-0.03387655088496172,-0.026708343969175256,-0.08603428189886857
emb_dim_0091,0.007070449535406581,0.6623575013559356,-0.09830297786057057,-0.21697710339205095,-0.013288092286409781,-0.1069501473567761,-0.04082232558128099,0.03729857267532087,0.0666058567742353,0.18062610252786923,0.07424466986722407,-0.10987980071138011,0.17239417652723182,-0.06774345491398501,-0.021940041393623454,-0.02405157424369018,0.030022474465925146,-0.04030131721813181,-0.021059763824119407,0.05473204819759725,-0.06176309212154348,-0.16860669324523087,0.0636954766934495,0.049365895234485424,-0.08079004616428956,-0.0006435845686538802,0.029909607610443565,-0.046295235142359004,0.15741315454615576,0.10624595060630132,-0.03782904932146728,0.30119039004449577,-0.0015083576813389049,-0.061785914046545806,-0.036669390502760475,-0.1118756591722734,0.0056237679543148554,0.05788974565718892,-0.05684244315516337
emb_dim_0092,-0.2808595530596749,0.061188417341596135,-0.4780623804220077,-0.717075911177685,0.03280339446648528,0.057039624517708915,0.03787570264566899,-0.02878127480069726,0.015982756827830413,-0.031894798973117235,0.013470676419345556,0.08105601122673405,0.0927890255066123,0.09085129146284504,0.041199176583318564,0.04168298485679305,-0.06508856697876217,0.07636241627350808,-0.09503672502177057,-0.023834993720394992,0.11206134185379522,-0.08294113672675303,0.03791808772795027,0.009251481967473859,-0.004812521610869981,-0.022861297688888324,0.07779552079135693,-0.00426989299738854,0.005943083283375353,-0.014422849679051242,-0.046595864077469976,-0.018401759386984903,0.0330799714950797,0.10807883391917131,0.07076867659764426,-0.006359907593117392,-0.021824969186526308,0.022330686244612766,-0.07683480283857638
emb_dim_0093,0.16952064981770867,-0.015288243337409522,-0.16415975067633973,0.09978014043123411,0.08893038190299277,0.02068787389268126,0.007979633139755304,-0.009803748744092983,-0.01762473504396642,0.04765508008553105,0.06452640044424156,-0.8296428339338469,0.046711643714478474,0.00979045283275389,-0.0979008883533472,0.06921253701743182,-0.04388373855839019,-0.05364832095922096,-0.02913834255344274,-0.03952075954279185,-0.008463618385123741,0.0412520375936777,-0.009136846362402555,-0.01955378074048928,0.03748070567572324,0.046598794023154415,0.007657824684424366,-0.024022921508705886,-0.06669401052058026,0.0008969888175427321,-0.052967780006726764,0.03070453006319651,-0.02681488548811042,0.08753370276741104,-0.07522509045600204,-0.045925486636537824,0.00683051592611612,0.030573442321256777,0.05778251677475768
emb_dim_0094,-0.5289377032725171,0.11403287037380169,-0.2219057875282954,-0.04759711123525133,0.2818639610439907,-0.02462467437659833,-0.07735304840674455,-0.12427229842780445,0.09748110894631996,0.00023022488295260237,0.144337003966027,-0.13271525705879733,-0.06905099502386776,0.021107629471425624,-0.14707128632961644,-0.019395073657519787,0.06180797261358397,0.04783775040646858,0.15787985102303978,-0.08571114666700602,0.002887389172723679,0.00022594453808713293,0.08369615389190296,-0.08469211557427839,-0.04725115606766152,-0.06764362686698587,-0.1744561450727501,-0.15763864827239552,0.12206299441373455,-0.12111227023675357,-0.16369665400244135,-0.06860636040230902,-0.022556455184200498,-0.08037270294673242,-0.018558530933823505,-0.08255709231578952,0.0730904539792812,-0.1989880620434338,0.07691490184594763
emb_dim_0095,0.38988870725147584,0.38999767294918397,0.031051589402581462,0.3713975131962123,0.07214479890437156,-0.22234469269833346,0.024343801257224965,0.10831648322355497,0.016641174404924998,-0.01554662323663416,0.11580131437161413,-0.1220237030891193,-0.014982045532598302,-0.11373373485733737,0.11966725364127,0.015363256188661361,-0.01696125904415947,0.30258377871055614,0.06927035539940458,-0.10049119465630653,-0.006064342397488826,0.0557716857857834,0.053160296695749246,-0.10717076122810769,-0.2696389945460975,-0.02166581421437558,0.059036472957800804,-0.12382155856539731,0.0017130196354283036,-0.036512944474440825,0.00894841846731536,0.01721548928282413,0.07620401418429028,0.06392827293174953,-0.011705851474830008,0.010117528720098344,0.010253075553542707,-0.060089244630036245,-0.03575055625124643
emb_dim_0096,-0.1321716915130325,0.08740770299379795,-0.6473044303950699,-0.1912341071297618,0.012755456943594663,0.12178310724360299,-0.06930738752524321,0.3037796193187577,0.06972810286556336,0.04636295499570912,-0.09720680009763784,-0.09362311817859169,0.2131558551388834,0.07182444003928622,-0.05034988975195468,-0.028719008038388005,0.056203345783400326,0.059873625234227325,0.1446167540109834,0.04439042078683665,-0.018087236659403993,-0.0854979331255661,0.04968327195643318,0.03661973494720449,-0.013029010384572414,0.005289550261862272,0.07096964345849452,0.0665995459690458,-0.05230586142178286,-0.034085216263953506,0.07156147302034496,0.11217274700750562,-0.08171395745630801,-0.002087117622031517,0.10663922959306174,-0.033601107800272784,-0.1499638511032034,0.13704881568730629,0.08314171791803318
emb_dim_0097,-0.4974562560466584,-0.3791261928379943,-0.5469980593539899,-0.1880860614322548,0.044005656496927226,-0.09499919592368936,0.10229563190406475,-0.03222124691680603,-0.09069972707602496,-0.01945283585895684,-0.006787820763164748,0.00984479247686926,-0.06790150746541786,0.13602301696067043,-0.05695830555944714,0.12070086717836186,-0.041315940238759355,0.022604312929357093,0.052859166281852506,0.0345307097076355,0.0005983196805088054,0.031502688577082646,0.04072889944337809,0.024044866045202368,0.08696205833893579,-0.028023725398459976,-0.009729173868216747,0.09232531856025522,0.005665101575899403,0.07403730689470253,0.1377946671951471,-0.022262147973764964,0.022226869499295913,0.11501883725581427,-0.08950881373818217,0.007388784704065393,-0.037581476185640963,-0.0956826896163248,0.010759466919583212
emb_dim_0098,0.8649916919875693,-0.04356388150118174,-0.09604726817607008,0.003535543549859587,0.17170242288325394,-0.03712498571673861,-0.006103830042300799,0.032800817411627305,0.09386381147322036,0.00861421533274266,0.030965011397757942,0.008997727902127262,0.003740836091649394,0.032383060346427454,-0.11206694195558894,0.009867451148775026,0.016078054590783854,-0.022869741975003584,0.1973395235385652,-0.01918470360072355,0.011568758581467695,-0.11151895986807371,0.062137442155425444,-0.10162919769195013,-0.016153045092528875,-0.01622658333326509,0.036670726535720725,0.0341193140903802,0.05159715421725475,0.07010273688824165,-0.007751492149559383,-0.066378268529397,-0.03377101594250957,-0.09029468243232608,-0.07777614360505584,0.023102784049400592,0.0839347430540626,-0.04541426492789453,0.014453077048857855
emb_dim_0099,-0.2751301404026058,-0.19318101077723257,-0.5742642738430814,0.1767435490542309,-0.1654892506508103,-0.11523785037032971,-0.1434710974191669,-0.002075150040518369,-0.051484059255246746,0.15074346802660626,-0.06546832809701228,-0.01710465271982819,-0.014272979209606738,0.10237692416971163,-0.047602382208952174,-0.02844567002468117,-0.22427649196380375,0.13146884221558897,0.009561875643398473,-0.08818280052915514,-0.2452068234979146,0.12220314336848545,-0.032862329352521084,-0.16899756280665132,-0.04372571659602454,0.07952093188341175,0.05408680123013469,-0.019125358667452082,-0.06566144721061064,-0.030886635237403214,-0.02935693501323966,0.026320950789372077,-0.10460549090832431,-0.05850043181216083,-0.06288883533976519,0.06044841205317979,-0.18022611539773054,-0.07437878566484468,-0.08788094904084227
emb_dim_0100,-0.16913154867337563,0.13917986977536506,-0.556833449451969,-0.11696598245737595,0.24386667593682784,-0.17269382905300146,-0.11303533129758,0.008112044853635828,-0.07201448826398196,-0.044053418859376386,0.0190439967720717,0.11442673426937464,0.024326359306511898,-0.07335997184270379,-0.10807131781073584,-0.018377155591201094,-0.09434269822075135,-0.10423623951275879,0.11838857547416554,0.06523113086957986,-0.03571286275832121,0.022605306533195542,-0.013416287036754718,0.013719505405445604,-0.14682956753447526,-0.016890867923223928,-0.12163818208939253,0.06045433121566957,0.05794186708258409,0.057196595572386995,0.08410545034709517,0.008327469481921151,0.02077852132186803,-0.23682804189107215,0.20614507877784088,0.07591883600761758,-0.01381651830732214,-0.04456259592862971,-0.006213838707041887
emb_dim_0101,-0.21599581249804983,-0.3381501974264409,-0.06070765212988257,0.1599938319025412,-0.36952635757297875,0.008370097591069681,0.17883353878671102,0.21368553223404907,0.06209955971797465,0.13965544498218113,0.09753361594653734,-0.17419100314126315,-0.06644632425451107,-0.024903741253799593,0.005896444239528925,-0.06620379055803513,-0.01919166432028014,0.009178186521483486,0.032517355498027804,-0.1527346260416115,0.17168099408764428,0.10779358487619535,-0.016529746797075456,0.09762745437099658,0.1495037183366256,0.0028182612379556208,0.01983777633261813,-0.12408474672756055,0.08622225432927502,0.012991578690607306,-0.11306811256709245,-0.01991132874414313,-0.07398541295396639,0.17522778892874244,0.08055934747531034,-0.027445916225544608,-0.28205555850983177,-0.04427352942508007,-0.04465844519704012
emb_dim_0102,-0.18176936764714896,0.35047747362254306,0.2835884502416901,-0.000868326625422094,-0.2651017164380262,-0.026518414104741247,-0.013188925980718953,0.0017535926394170707,0.190297994144072,0.004536186028876387,0.12600138140914868,-0.12245882697836546,-0.1549571668214815,-0.18339061473882523,-0.1458609643842218,-0.09703651020704782,0.06718916386436591,-0.06073529307656411,-0.23810126273229396,-0.16283096564713323,0.10260777911435563,0.055978289812277864,-0.2171904679414562,0.00432988015438966,-0.1405919376100505,0.09467882973578133,-0.1620791074574386,-0.138512840143494,-0.08354244822137454,-0.11835706797330338,-0.03019722109512929,-0.027740107716897715,-0.033427583908499856,-0.0559407877955661,0.0636254431455403,0.03446065025211055,0.09107377111450204,-0.10703867710847961,0.14358452047940723
emb_dim_0103,-0.5886277268783671,0.19763215609728457,-0.3263139425389287,-0.40759018651373,0.24189122137160438,-0.017987739476807027,0.054745501994641343,0.04268702306546459,-0.08113792944167143,0.04436446032363916,-0.12335644712326593,0.0815488956185058,-0.06827864245286913,0.031450374019941746,0.007039585814473236,-0.01200483220041421,0.1492818897642118,-0.01736717736533765,0.15229774221963863,0.11493552824312209,-0.023133402443984378,-0.04119149154457856,-0.005694207891786813,0.013774616881655034,0.08215676638100018,0.01208740040468239,-0.08765414691201605,0.08053593162944109,0.06392433832089035,0.035031623919275966,-0.09535535486792647,0.03597119969089162,0.010927673610159776,-0.06421794929981611,-0.018007697883221135,-0.01589239092834552,0.025030337548328854,0.09021658778401162,0.02507075845124816
emb_dim_0104,-0.36615282966210516,-0.27511069299787744,0.24611024957961172,-0.0463563301766736,-0.15942285466975942,0.13904569997523866,-0.13224855657415954,0.09131289197401153,-0.059201462600590615,-0.09859148495909519,0.05445979233498702,0.11361628012369376,0.21995258750489047,0.23354472582586538,0.17890196429879648,-0.03222621859712439,0.08754831253556543,0.03119539527088666,0.02240314366189298,-0.030148271140610233,-0.06838276930132865,-0.08556752242678445,-0.06243605466164697,-0.14700673608273715,-0.014942160570385837,-0.023204957950340065,0.014859870325712059,0.15394139625730377,-0.17522377285145324,0.02790369367795542,0.1207052236070062,-0.13606512732480433,-0.06665777970315624,-0.12287598839960283,-0.13123821324322113,-0.0438081585181333,-0.07942522874582848,-0.010359425009940776,-0.0970948084846693
emb_dim_0105,0.763842986044269,0.17491104018382475,0.27354478824468015,-0.0409473399310891,-0.09461035015197777,0.13764566080277701,0.01779418382028128,-0.012845914390571183,0.035451279428136986,0.07164208262897788,0.10859045192114791,-0.04653164204928229,0.005913359791716155,0.09386062047178079,-0.015181069712720173,-0.11925658155593544,-0.0024449390107070578,0.11714612919501777,0.061071090548883794,0.10261130460074692,-0.032762812944973345,0.06276152007032346,0.021807755925568443,-0.03538457010869527,-0.0008862092157312172,-0.06451406815016775,0.0978484397975076,0.019595497174997655,-0.0035431116046187633,0.0034417087702041755,-0.03169508002004522,0.1265999429657678,-0.041803466326141715,0.05639324805969337,-0.11791897514155167,0.04642549014603287,-0.014284523345005438,0.06478037280751801,-0.026040512303067087
emb_dim_0106,-0.3488410451643525,-0.31019381565638854,-0.1356467010778799,-0.02025657336993436,-0.10586209905347224,0.3929448920628642,-0.02636497139571391,0.012178946700951798,-0.09081364068632074,-0.02707859148476383,-0.15075960136524444,-0.10082491521409621,0.011062803033922257,-0.2194371788497034,-0.02940401444661629,-0.06739198617312772,0.14775588637588852,0.08263648433161577,0.11786049624035257,-0.04428540045376927,-0.1156905061582693,0.22451587609688967,0.029320079211121987,0.047044481543544264,0.19528218731938787,0.06217593758353414,-0.10896842368410177,-0.0799931224685485,0.08793362144369767,0.08563915589178045,0.0768904689396605,-0.03402369555734358,-0.05280665004076261,-0.26885723658391186,-0.017175257303243655,-0.08710471814591415,0.16060916406783193,0.09050216357507092,-0.028768240397102924
emb_dim_0107,0.3399135010212907,-0.3605034078300443,0.212726235083904,-0.047114072835144,-0.20720967286609948,0.056121317609020845,-0.10998667893090634,0.029936621010339816,-0.03284868016119167,0.1972676697517268,-0.022635683936830738,-0.27815488840455127,0.039212176058526074,0.04654482604349778,0.0072497626318540394,-0.18718772058472563,-0.014150488802781887,-0.0939061893841425,0.02044424433594259,-0.10148447990595787,-0.04278820949208987,0.0014139578392429139,0.1841444991913362,0.001856276773320396,-0.1655511789495137,0.18194737974101957,0.11548643253903235,0.1954435274652413,-0.10138255100808803,-0.09911901364021734,-0.08571622294514171,0.06650641712783999,-0.05871715011621166,0.1288108911527173,0.06936599356042346,-0.1886625696228321,-0.04660451518227347,-0.09156037553608591,0.03332249813981277
emb_dim_0108,-0.09569594603696234,-0.46427971460012873,0.18260001521656968,0.22296906524086266,-0.008938831130502829,-0.12638443721220405,-0.003330417144605662,0.3130656528446421,-0.04209779012732689,0.08957096527597051,0.1865130218659075,0.04129823450117578,0.08658264386224036,-0.19606638371398685,-0.02777113649057019,-0.11243860898778853,0.07001988149636158,0.016130867281316925,-0.09003600483550643,-0.11680641170736665,-0.16039968131778948,-0.13029568873866956,0.05344185396259529,0.00219592639501572,-0.16585757809397422,0.11794542765819592,-0.09964477562543476,0.06407397974336876,0.14036305685474276,-0.1709384505562963,0.23215370306555186,-0.004117963197118028,-0.02030060269665364,-0.008882118045359365,0.05205957621802688,0.07290901506626693,-0.07501216488486506,-0.07932366820911227,0.010502848586088225
emb_dim_0109,-0.06794663501460835,0.35081541855782894,0.3044301366003738,-0.17823901903977063,0.05644306433167129,0.0827048482058566,-0.1259387980036312,0.031702315513908556,0.19516370789326776,-0.06990734902368555,0.024559373979976963,-0.18624176079308336,-0.07136086797629144,-0.46326082458233914,0.0015215343835054843,0.1673148190547294,-0.007840758663644497,0.03721462687731907,0.03941152028387751,0.07720353981890386,0.008411418739331971,0.06583181654571095,0.07144011940529488,0.06502503570049055,-0.11528428937490201,-0.026309725222828744,-0.02918564384568487,-0.10292457825630537,0.049503360984957154,0.1488730963555736,-0.09902156162462564,0.1709112511474752,-0.14720885584487,0.007407936566034614,0.0968342143814205,0.014730203108962187,0.06015149368060974,0.09940555810787922,-0.10877941557627585
emb_dim_0110,0.4975774943540733,0.40628514218897926,-0.025499796582669727,-0.17977814517959825,-0.05509623516029159,0.0767209210742466,-0.11855499467871757,0.12661891064382247,0.13783928733187972,0.060043234808694404,0.09247119564269685,-0.052787813237082655,0.029532294241254725,-0.12749735507485077,-0.2170670119389262,0.06954938146502167,-0.06332579495881253,0.08579473595128925,0.01709482099046853,-0.019877430330623877,-0.05910741023238654,0.01952450882424461,0.09113699590351575,-0.1288881285810074,-0.12195835545597344,0.011288979196980624,0.01794573335937625,-0.01022390910014576,-0.14010679682019977,-0.1813603698157198,0.002108499630853871,0.004842712427824844,-0.1456901030128406,-0.054708831195791986,-0.022479380998281694,0.013628537050705226,0.06740154323905577,-0.030547982275647305,0.16953311087521344
emb_dim_0111,-0.13801896905329905,-0.42977655251308655,0.45699822747391977,-0.2517246748366164,-0.015908315483077636,0.13494725555850634,-0.01754436555660462,-0.11649037652939327,0.11055298621567215,-0.007969664582966595,-0.0924008680837695,-0.22125364622818022,-0.1960150512635611,0.030903490081116095,0.004035627415476561,-0.12582056612387577,0.09948490342795176,-0.09238420708011519,-0.19753262270234492,0.06994093403178886,-0.07730686417819546,-0.057388029294183435,-0.04606978126073926,-0.038918194972722135,0.21570978204940663,0.002796723046144719,0.1528129182060934,-0.03992082627860425,0.011603589524319708,0.11551971197562963,0.16575757884172457,0.038089407660284846,0.01372191134533385,-0.05200501377502148,0.06234112501770402,0.04905838414772565,-0.012476249800158191,0.018116285828954897,-0.01570647271203514
emb_dim_0112,-0.1198163024247708,-0.0961751445822294,-0.3511043413772543,0.045428289626209296,0.1877076585909175,0.04036229994595284,0.019977083760939474,-0.030516394620851366,0.05773591048509244,-0.01621158258232397,0.2611283269387901,0.04678366262850088,-0.0528147513001376,-0.15192598250504696,0.06385587258451941,0.029526324511187082,0.14586734134781576,-0.09196347736456198,0.05923749970010272,0.09545993231891582,-0.049394809264277785,-0.20763827343271965,0.3196039849737392,-0.08493021448642173,-0.1517352202007437,0.07210245786499193,-0.0008229456973617285,-0.11818106439328532,0.24099580154370978,-0.09256614166896447,-0.011481966885188717,-0.1575765467048099,0.19868465022082496,-0.0006144759349114608,0.013521863653938457,-0.04573227477999376,-0.06570877811953622,0.09013761725584338,-0.20314118313630058
emb_dim_0113,0.6282593733408367,0.16813932926592182,0.17020670144106154,0.07675890909199548,0.030822406747943735,-0.01957228133924667,-0.03636630056836232,0.1111026297967264,-0.200020634414596,-0.025241694366920923,0.046231469540804766,-0.04853496434796393,-0.09365356588324156,0.05596350415400239,0.014109671420411512,-0.021682545836767438,-0.06784145370751157,0.1217190816634073,-0.2353789598248496,-0.08207380948912053,0.06650426271129574,-0.00876799443581748,-0.10034628364175856,-0.06525027845538216,-0.1669426989313489,-0.0233087238723677,0.06552939783504091,-0.05619338097114101,-0.09988750321382776,0.1577173975372253,-0.08809574018612445,-0.20037780644007816,0.15117450932284945,0.08459795116689851,-0.031542680601264465,0.002679364294017592,-0.06124786085280892,-0.15424474690089082,0.10615461907433793
emb_dim_0114,-0.001467419406825281,0.21534958995827747,-0.01766608508656579,-0.12445651425809076,0.15524148444055,-0.09078498105693915,-0.013001683246195415,0.03426772530694955,-0.12393995923891216,-0.0621247584307333,0.09106101152351556,-0.1446256918779508,0.011151843038958347,-0.014164267119359765,0.00483895148477011,0.058986837195381246,-0.04335480440546146,0.0027755490812907055,0.08838944476745074,0.026329757760565623,-0.016098338010189665,-0.023915169992490378,-0.0006386947196943725,0.09343573095163599,-0.016648734069007215,0.007945072702786321,-0.0336034693444478,-0.01848474957383923,-0.021217888262849684,0.7597512721147784,-0.0009162083572883071,-0.0042954324621440635,-0.0034174198835685912,0.052406343976409,-0.008825691923400984,0.029996451904349318,-0.025701537852550253,-0.006916523082804366,0.01332212780482902
emb_dim_0115,-0.41476862319000357,0.1952681632473202,-0.14139881207066501,0.2857462588257307,-0.04603078462447229,-0.029095630001858636,0.12467508845664042,-0.24772638713414488,-0.1980542922184209,0.004999300122082585,0.041528107154507644,0.34457005938421453,0.004842113032871603,-0.1396481613104285,-0.07181698500166002,-0.15030554149076297,0.09451190682368828,-0.02834453909577584,-0.21491881366717602,0.017000271966406223,-0.07623442630847006,-0.0605995455885871,0.056661410114201456,-0.04041384436545256,-0.11338824261415174,0.12423592087194991,-0.20721835594770965,0.015685296438689312,0.10287169622093749,-0.17805761596695846,-0.010214759575224969,0.06557751200078125,0.03928221582121085,-0.04403286155703191,-0.051907978855895445,-0.03464306432501598,-0.12156260842219913,-0.10412095521913294,0.018436176397396285
emb_dim_0116,-0.08404575639607624,-0.6363696858587087,-0.22081885071005258,-0.19159700020372333,-0.0014796558073909107,0.04872223118071767,-0.1067491078247252,0.006652800854816124,-0.000506280006383584,0.02630872264601472,-0.15835867762062258,0.030776057358907108,0.08881837108164269,0.14597775285507536,-0.11166467804090192,-0.12330570945172335,-0.15416465218703546,-0.10200603368527134,0.10083521632837084,-0.06387403842656561,-0.0020832697606878213,-0.05396854509857546,0.004811762452623149,0.015139483280679029,0.09299583014985795,-0.2127050166375605,0.20972002375511217,0.15786514701499835,-0.04168495307033542,0.08525296893853547,0.04811943980121915,-0.05762138534174318,-0.1322705986242086,-0.02952214785792375,-0.013846954096961234,-0.09765380498040635,0.03447463250609994,-0.016832518294965303,0.06974093826985821
emb_dim_0117,0.15019905152367907,0.27490865828330124,0.43423437507123397,0.23549896676481819,-0.30829998195096436,-0.09225669837599469,-0.024402489703366538,-0.11601497019974705,-0.014285654122310832,0.06100705276611839,-0.09147669502250132,0.014982329196202028,0.001993245454573925,0.018064202511726014,0.05087806057004039,0.08342738140656884,-0.06623694381443078,0.07098835969605964,0.11152912122645589,0.10719041921320593,0.08750091940660489,0.05677440205256934,0.10897440274716289,-0.02838745517108397,0.009408707229241368,0.00625843835407461,-0.23703749717156253,-0.20638522161473932,-0.09331067593212604,0.08321386999842402,-0.24122395318653322,-0.10791605897947136,0.1642829645747234,0.07591056462684177,-0.07225750509126212,0.03609952126398786,0.10469481794963671,0.011067180026253254,0.015094391465655969
emb_dim_0118,0.417142171787912,-0.23384619201901524,-0.08130358123406516,0.07760974642570592,0.06106196771172256,-0.45226842411016843,0.10306249170791193,-0.3792264149452919,0.08931007791777734,-0.010507617270049818,-0.04062884805235652,-0.04675180753485221,0.2267706739867449,-0.14557726361135834,-0.024139052400229604,0.07301550598074417,0.06843789269596422,0.04863894241555008,-0.05384171838345282,-0.0977819912371273,0.005426248258121292,-0.03472861444628376,-0.07072864097382749,-0.1099835895484492,0.05070600275253361,-0.09103216938577134,-0.1506349048751717,-0.0636764356512356,0.023155089158406843,0.07497223260306078,-0.02763958886133623,-0.015417178284984135,-0.0065458918774605685,-0.13330710540960183,-0.014389293088140933,-0.03732685386163746,-0.027628564517145637,-0.05779293326341218,0.021324841896500107
emb_dim_0119,-0.5215122375856162,0.07572059101563106,-0.15446576573553653,0.1305817702335437,-0.3470362687457046,0.11275794152149189,0.10962295054948505,0.07585855126796945,0.07051578548123053,0.09531330565853771,-0.006413951454945279,0.07446082804015695,-0.05355105089633429,-0.10706702786024491,-0.025638967914437982,0.21448978327939272,-0.14959056619745006,-0.12163727271767047,-0.0356026512460416,-0.038624212022356705,0.09226725049265566,0.2376894876797494,0.01619230937912402,-0.08457671167482733,0.0646463612797959,-0.03835223625391269,0.08150958061578041,0.21169796025185533,0.06790955952120635,0.11064136428719065,0.11358247421383728,-0.03576003160759463,0.07408289652238823,-0.07986791918143651,0.10688512742701278,-0.007516891646993544,0.04625142586860647,0.0390532646357214,0.0904076490032755
emb_dim_0120,-0.6319681534473672,0.3645005498982217,0.2578967424513515,-0.29393708843163446,0.11361865502228106,-0.01019175834800587,0.09453146869250063,-0.0468275298920471,0.01823542842695087,0.12134509009516088,-0.07758328316142978,-0.14605099844660788,0.08533796480825115,0.03719466226156167,0.004309975455068715,0.05016612097598216,0.06627100746243508,-0.09420746571074408,-0.0016308574159774262,-0.027050640501431376,-0.004015920049843799,0.10622112461545963,0.02179605742383332,-0.034567678724800655,0.15634551624210075,-0.10701252953317339,-0.031313136054909645,0.0601261837694031,-0.026354036380351796,0.05933622178495941,0.027302628875791254,0.09590123659413868,0.12337091481318707,0.09221764437258619,0.06721463263422377,-0.002676292974353302,0.0698088408448509,0.03526617110320722,0.004481268904409501
emb_dim_0121,0.26103163832045323,0.6638049965455155,-0.03403392292248706,0.32076993676551574,0.07186950263437636,0.14642225128302877,0.004558895062767204,0.0378079037896652,-0.0237321394158069,-0.12179929538608746,0.13654019717214855,0.06160404787199913,0.04007468063593105,0.023502438482619476,0.061278718630891606,-0.1266606238362746,0.07825998867297294,-0.07859328149575562,-0.11703598240395656,-0.07436456498505556,0.10011888043448582,-0.018477117895648765,0.07569322283776392,0.009135427201826809,-0.12175074935160599,-0.0436782354651976,0.0032920649671739437,-0.17469581551836103,0.10554107208777154,-0.1268538579758611,0.16371703317548086,-0.05842893850338929,0.02816846768430486,-0.012143382959934243,-0.0754431060405138,-0.0025659789560029404,-0.05540937882378114,0.0918101770472292,0.02322124407210868
emb_dim_0122,-0.5550432133758988,-0.100068416575435,0.1810555185485677,0.07686906645995006,-0.2545401220172106,-0.43887325075740974,0.013808109516774277,-0.004295841082267197,0.09066235705936151,-0.08827297105857694,0.01908993477790384,0.035351087782595256,0.03125821113622032,-0.22040555221671113,0.0636050941149609,0.015273196362591859,0.022532123681678704,0.013013517451206044,0.12736508076038933,0.02000297409534806,0.03401005754433366,-0.02925471271972498,0.07761050807134355,-0.027783535133628363,0.049010753176317645,-0.017651870819995853,0.06365354606247459,-0.12330810171851977,-0.022667433758782635,0.19532175151061615,-0.10451614259153144,0.12876184117652764,0.16063870680814493,0.04888769903159159,-0.000895885230652949,0.0005714336113699573,0.06052604791723085,0.00022151363639559966,-0.022619039326303048
emb_dim_0123,-0.40797464508929826,-0.09588510356790188,0.1820497780009773,0.11328430591107422,0.13207823929634577,0.00015561811348225224,-0.048244263901178926,-0.11395808643567505,0.020319635622213075,-0.05068379610710305,-0.09844863388915685,-0.077558985374719,-0.17293194713869775,0.016769480643667425,0.029953594169009574,-0.026531199478927348,0.005565104193435063,-0.12395360074182445,0.08231255555922547,0.04799956446804842,-0.0631870925289343,0.12837887948511814,-0.06916199119009982,-0.07377008298106677,0.1972889046729232,-0.345586618825642,-0.15634795440809776,0.07370512689396315,0.12568382809093487,-0.07101250600598785,-0.03296244995138638,-0.2007062720174492,-0.10336313237230109,-0.0201358527714003,-0.1163756398503,0.0164303687548273,-0.04917102097395934,-0.10332033039628004,0.08091202327860335
emb_dim_0124,0.1780253143829877,0.21181704694642017,-0.006795125137411948,-0.0629079485035236,0.04317539112058411,-0.03434906855768794,0.07499586343882167,-0.0515965488354685,0.019851505672570068,0.07249122832703303,0.02827839343150977,-0.05292978296596335,0.7450746835007387,0.003801509665762538,-0.013661682601650174,-0.1369324561238743,-0.06011319471752981,0.017588442870597534,-0.026906461809016964,-0.0102555014787936,0.03677391358183727,-0.075018730554272,0.020527660797654775,-0.02028726650944683,0.037648245421583376,0.03129971443503646,0.049329695340961766,0.0843148616676845,0.05003075630343313,-0.07312944194329413,0.09919200881749027,-0.020152042560188124,-0.0693671983763683,0.00014854010923821338,-0.018874828599295256,-0.009648049191262595,0.0017309878369987665,0.024781146079213945,-0.03488186734262715
emb_dim_0125,-0.7336151300110513,0.15760414481659063,0.27741681342368885,-0.031612545371118406,0.04875029597842701,-0.17237348044983572,-0.10682463641198471,0.006427873818518963,0.11108507122759284,0.07081168509320826,-0.05067656752185986,0.09843000442106985,-0.11867077211735949,-0.03667468562193089,-0.056761170907163636,0.031938972267672436,0.04583548223751236,0.17263842447694352,0.01088799853376296,0.0718473311080131,-0.14193008070761012,-0.008178743535055337,0.01421527919743243,-0.11700023369937752,-0.11623986169790416,-0.026733402959288104,-0.0799368768972308,0.06687185713518128,0.06646695995891198,-0.08594236236749449,0.007881879639389208,-0.0529287519336665,0.03344333322204609,0.06818756507280846,-0.023403172967596628,0.04147848145883059,-0.0007935929429323435,0.01930401670173033,-0.04517012706500316
emb_dim_0126,-0.11199263322151372,0.020289450941404285,0.5113084226734692,0.08516866098039516,-0.04665466987921504,-0.1312528566364337,0.04389472420687804,0.08032217664099292,0.05059872647205462,0.044991568705361334,-0.18913050171243853,0.12033579708997526,-0.025910470893855394,0.12939335266389393,-0.001750838905655799,0.09421315644702372,-0.059595546301420936,0.12782987304675578,0.0609543501372646,0.09566459880318723,0.1618242253103009,0.1902997402902834,-0.023246861853594453,0.08420926629663698,0.1120067063073495,-0.09682812932246196,0.008607390806880019,0.034178558614355835,0.021446613864601397,-0.05463342295870478,0.032613164338882124,0.05412749181942173,-0.006852331499789901,0.2510108460958296,-0.015931239154773402,0.2936415612802573,0.058102159230402045,0.283685159960794,-0.03595983848312164
emb_dim_0127,0.6945271807146203,-0.33345434114001504,-0.22351358558312306,0.16701028048997874,0.147937345574732,-0.08293614441909998,0.14718504615016956,-0.14334306413423553,-0.10579860537814414,0.047777440911324846,0.08828618309438073,0.12939643847469337,0.03849142450165356,0.04409461931267301,-0.01784890820537537,0.05000721206216012,0.08669005321382077,-0.004732271179864312,-0.03785826118617718,0.013752912339500378,-0.053898538657434956,-0.02905971440351683,-0.023998193087324756,-0.06143126605740251,0.004173328475857928,-0.021366209438405306,-0.06735526417979311,0.05760580777132189,0.0547351092985634,-0.09322626465318272,0.08546358139242315,-0.11753036692093467,0.11091642108676075,-0.12783977492774307,-0.1559955074630261,0.007869804359211674,-0.05175726018557069,-0.002054807744421905,-0.022478308920795154
emb_dim_0128,-0.18898593324914292,-0.5136799987069525,0.03662326280317344,0.03805586886025443,-0.06625358886047314,-0.0175651192069706,0.12384334345991428,-0.12316361835576554,-0.20615950574204295,-0.1321422596755241,0.13664728071024773,-0.04958489714866727,-0.03781460726712883,0.08500493283455995,0.2475056954180077,-0.10862925671502961,0.12907829019499406,-0.17160623499662608,-0.052544550927261215,0.005908479856890163,0.08591435734845333,0.06927850885392162,-0.005120440945138151,0.28540612724340797,0.040303499167951895,-0.14630271840005246,0.032699124808873097,0.021118056569657453,-0.2044141507851052,0.12421592085282461,-0.018664098614371016,0.09133167771615254,0.01959649109014297,0.07636644321303368,-0.023791855376357845,-0.024137262386891352,-0.06091550581605997,-0.055437581492025455,0.08071293368658111
emb_dim_0129,-0.3359073836588968,-0.38625781507953305,-0.307417525126902,-0.3184123432930468,-0.3263684711508108,0.34411642933464665,-0.12993599895174243,0.03073355026883293,-0.09108121513556772,0.036793150026737914,-0.01597328473895332,0.06401553762866093,0.05647654110739587,0.03638427877454898,0.034704811306963256,-0.02289235061079536,0.07942739680318901,0.03278545130059194,0.19337988142637022,-0.009683083657767075,0.029423171823157165,0.045805867681829676,0.019152044025363746,0.0890342413648287,0.1670666001063302,0.042932187014900335,0.0026678043495567323,0.06413115348127112,-0.17107695712445845,-0.03688621291658533,-0.1414642535432642,-0.007803921423933881,-0.015765103882693983,0.05372554553397643,-0.02692790962774259,0.03791002928277611,-0.028102037905085264,0.018228981317442664,-0.0018761068292700673
emb_dim_0130,-0.3545571997283034,-0.042396854604933996,0.01680565085543094,-0.13009145603211097,-0.029309881235882785,0.003916731644874625,-0.12612045367481,-0.08990842852501807,0.04885546510687311,0.048311735880623895,-0.028493642469235206,-0.1012719207076629,-0.07653629800501904,0.12039890142053698,0.0015219204925710033,-0.08498656470168182,-0.051860541050607056,0.012920261110500746,0.11664813731228267,-1.2590896721774148e-05,0.03753075677100377,0.034722157827102286,0.008588315196714123,-0.10120549807116186,-0.09166323420929107,0.005725991078259871,0.0018171608487966967,0.04357890649930882,0.006360894612966621,0.07584220771480771,-0.7232571269145082,-0.0012752462182609372,0.02924117515437106,-0.06955687589703913,0.039981889274744574,-0.005299629957748135,0.012044648211068517,-0.0036294592379396613,0.007450019149996689
emb_dim_0131,0.24088601765618964,-0.23876937688479383,-0.5397115315451347,0.1333962550511095,0.04349909244322214,0.12933630100839563,0.09622836404788562,-0.19661973830215035,0.14012131213766113,0.1878346067949115,0.1305131371589125,-0.003571371641194339,-0.01871833871941402,0.07880842853805069,0.07229817823936961,0.1762769953966847,0.03033580613351886,-0.07628534124559554,0.051974316464990164,0.007578353932720455,0.016112296393248883,-0.08421046788726265,0.0587443536789524,-0.21579958922513295,-0.09887566031297793,-0.07613941676435527,0.0012612248334705049,0.12389122228701348,0.17446497173024855,-0.05353756251454228,-0.11807554314467282,-0.08267014065155863,-0.05684849921527959,0.08733977547830415,0.02996451997726142,-0.0017731855930268403,-0.003970292711797728,0.17182150835312926,0.046515524656728195
emb_dim_0132,0.5361034960292685,-0.2040410312485912,-0.46989808494033486,0.16798134140147034,0.11228533055918907,-0.020164462296842753,-0.02094739898500572,-0.09549723055592914,-0.06519970886216206,-0.02428572547964914,0.08674530548937703,0.11150614960741688,-0.03158797910405032,-0.0015312067046278004,-0.14073600913520334,0.04697025446558398,0.06025581317838982,0.05397360700568318,0.034530439525713774,0.027171373927851544,0.06780080382873543,0.011921021423415378,-0.04020492650881884,0.032108483740487935,-0.06324587718695095,0.10251601610647071,-0.02980152386340988,-0.22502872663880638,0.15930787621797443,0.03474458977907855,-0.026721563955331804,-0.15564248816748824,0.01755896610614994,-0.1507516879961657,-0.07455965604457013,-0.09952780044496912,-0.015663959724239625,0.07290857580898116,-0.1395055497024264
emb_dim_0133,0.4189210163748043,0.1855316703747983,0.16770378691310003,0.7256768780107462,-0.09649545677486246,-0.024029361189718264,0.04342770400335583,-0.054822955588364225,-0.039505689384684774,-0.02102675501056991,-0.09646046865814856,-0.05688922869182017,0.028265731622701126,0.16209065515367407,-0.016787829874832665,-0.01115696576064315,0.00875165050304986,-0.08543870208312442,0.08495369931281309,0.02534272766916694,-0.09687580284064176,-0.011332731682011111,0.02290844906999057,-0.06944583410896538,0.05317136274645303,-0.03900198704343258,-0.013719718993362068,-0.01532396969559383,-0.09061633332755684,-0.17236692296796224,-0.06311202528403924,0.056010203650731755,-0.07827533866031866,-0.08116587606424919,0.020204132146149405,-0.03070795213279702,-0.029906079229495255,0.07548073707405667,-0.043160644748499635
emb_dim_0134,0.2952148055153214,0.58409537439529,0.028044930666324377,0.2046804097718682,0.055121545220135654,0.14499590218503136,0.05450885486325762,0.039367570747110406,-0.06104697511523934,0.16373417668303591,-0.03021554068672308,0.06653353124232063,0.04967421512026177,0.186050341092662,0.10719761475573487,-0.2684512770420316,0.03060988607930333,-0.013674867179060414,-0.00045755264175068906,-0.051492658080676004,0.05792513936792832,0.06401556537216982,0.14122042670113163,-0.035336523513620155,-0.004008887774963188,0.007868737479070602,0.0002858924668837082,0.02556755936331582,0.16363544235784985,-0.1303851944303366,-0.08830867362225225,-0.10504238117423251,-0.1510201666254965,0.18832791977714577,7.417181237921791e-05,-0.03355269853349517,0.11399940095071288,0.049036805580461265,0.10971845991724248
emb_dim_0135,0.1165562441757165,0.5345420816065127,0.11211313094652427,-0.11552598141295863,-0.21770243301512643,0.19614137998616765,-0.09746223816093381,-0.08143452684796085,-0.04911410213707216,-0.17368890441971668,0.008863633479484507,0.07057465741122299,-0.10188474069354929,0.21801105991756028,0.04599604796213252,0.08349756553335881,-0.0641077416412165,-0.04703123390042409,0.020177163853432194,-0.21441736721152108,0.024683727094206943,0.08757018424721043,0.044449524503047906,0.07910782917604461,0.058397274573704784,0.045000934241435246,-0.049915816934779596,0.034477881660604594,-0.07003059441878468,0.10785461169183494,-0.09415753784491344,0.025689849408431525,-0.1902651748110497,-0.014730058766979248,0.20459087911816273,-0.023242072083833797,0.16449389396746142,-0.02399777879980783,-0.02534373593565972
emb_dim_0136,0.13063614536464735,-0.046741324912382524,0.4600593800119256,0.3447549511657247,-0.4135971082529814,0.09624404490983053,-0.048160592551953596,-0.12551041353499587,-0.046452523666080395,-0.044074456061221436,-0.12180186721287005,-0.01085883859155564,0.1104325438803378,0.16400055509906997,0.036529990392319904,-0.08683808483632625,-0.0208295650041043,0.29297401948441937,0.014991290166025224,-0.06994766708361921,0.050587539754751186,0.05474448618139735,-0.02209208585355312,0.11132849012438646,-0.03999583979286995,-0.10409620567248931,0.02525104429901144,0.10819284261956304,-0.06290089637263623,0.11925004145894287,0.043116063868667114,-0.10989870318299207,0.06399701552655135,-0.02881819758516247,0.014295860284306162,-0.04674654731338011,-0.03531939151010867,-0.10389762657160947,-0.0756252637279232
emb_dim_0137,0.12977680807633432,-0.08228891009436035,0.4318848661193848,0.34750813065618347,0.2485320896461738,-0.15643497725202188,0.1514121780691141,0.14804892733173286,-0.15165718859092475,0.0237425323042622,0.012781412621129825,-0.00888486673364161,0.037000300773971206,0.12990611620468642,0.04753293596155501,-0.1543218231876317,-0.07172152959872703,0.18813416695483287,0.15023803370614836,-0.05852624591796439,0.11522093394005829,-0.11980982006329749,0.18716846525532146,-0.05604560919948791,-0.03998672933153072,-0.010250595166916305,-0.0681156811896068,-0.1318363349074825,0.16599861804820865,0.25535080780986086,0.003289707521000374,-0.08661715723302385,0.07460097344038555,0.0803335978781519,-0.06212994991486077,0.17806736761910086,-0.09673152225713838,-0.10401540110783584,-0.02148482423221353
emb_dim_0138,-0.13647476385589122,-0.26392708795201963,0.4633758097884275,-0.2407435792020654,-0.05928248791635605,-0.10719546238370369,0.12846320536956982,0.055240220707799916,0.21786993305315475,-0.005949034925291835,0.014456242904097293,0.056776063493279016,-0.029540503671816116,-0.019861101892079798,0.0316630196600156,0.19505221541817502,0.047513612574655736,0.02757406076987271,-0.16801376052460584,0.3702561661280818,-0.054147287726884374,0.02144090232716952,-0.08379455268521846,-0.0907714338242115,0.13686844817033267,-0.030535908463219515,-0.060007009935095924,0.05068050090405966,-0.13763287574169528,0.10318903760758735,0.10324285702255451,0.09935086449231921,-0.0221652063561436,0.011033855017623034,0.01699195536539755,0.04694579358576639,0.05162469670352676,-0.00980491742087436,-0.2596433252475714
emb_dim_0139,0.33552788835346087,0.525633496568174,-0.21098847812585575,0.26632537442164794,0.17617399740604742,0.06083049055973842,0.11965221848660947,-0.0380266762513534,0.1114720712441807,0.05062363397927443,0.0580565802135833,-0.08104796285861093,0.07758155967207682,-0.0935609291784689,0.07524625916482656,0.004228619629765191,-0.007332673212750886,0.06060960639763203,0.044785708041875996,-0.029789840499692806,0.013476881150665055,-0.12312222468077287,0.20832800146154914,-0.18021368436379193,-0.08158853885352049,0.05816947940127643,-0.053736840911705844,-0.16379016021476625,-0.057029567081779343,-0.07227732514222183,-0.08056989383053212,0.04240193431161094,0.034623693930488135,0.03106948813609958,-0.03547832201982539,-0.07318774359498934,0.04400217958798581,0.10515931961247345,-0.05725784179883397
emb_dim_0140,-0.21891871673172508,-0.6437813437126898,-0.1854140996033476,0.007760256851491691,0.1917896212909084,-0.10458556545188168,0.10650644165229249,-0.2479351692267335,0.08457868747543576,0.21083140098177716,-0.02097773855685886,-0.04039864246675682,0.07349964896504038,0.07586785200274994,0.006469386061005675,0.16215596964251722,-0.04862589214854138,0.2256078833097101,-0.027461001831199646,0.0389025241554163,0.024592680802309592,0.012495754590878606,0.08523706980083261,-0.04298914825397726,0.027765766858740073,-0.021696761858714015,-0.03768161796940877,0.007789659735544538,0.05572411149840509,0.022461559647940995,-0.16650445095211672,0.03206326058826671,0.12279875198989376,0.061991613069162045,0.051291662446227675,-0.09972982985446752,-0.026578709793000307,0.1294644703662384,-0.1203954633476221
emb_dim_0141,-0.4719372960010831,-0.09129145157173187,-0.2801376061120466,-0.12646712710187927,0.14443585124969807,0.20704360294597113,-0.09138935963961868,-0.09208872842315442,-0.19700716719179823,0.013836765191007445,-0.031547545098849834,-0.04315942181348853,0.07808017269163335,-0.13154862562410172,-0.155384946455207,-0.32451616617688506,0.0230804185885006,0.07140572203162944,0.07779734565652364,-0.031961877000639516,-0.07645605451490779,-0.05186801998599965,0.027745805964163314,0.012014482279417225,-0.08919797313619947,-0.08010504879936205,-0.05126436106813343,0.10025015706872706,-0.033751055778937666,-0.2805721378637953,0.011330900706492631,0.1255439046596241,0.0535968247614708,0.0035677666009562843,-0.11554310712651134,-0.08023280126065077,-0.08091750298550912,-0.050141274859208086,0.11377544669452673
emb_dim_0142,0.2344043347203266,-0.2109904035884784,0.21876007441655554,0.1643783185613739,0.24885465928631653,0.2054844612211304,0.010563824366798308,-0.23577009712917435,0.03608413803492985,-0.14438675420683103,0.030358323199776154,-0.009749270037872898,-0.10382652353608206,0.07290846939023757,0.05539349922484442,-0.3513634259525067,0.1147982478966139,-0.14049717665055966,-0.34830551718475206,0.13374136566885786,-0.06530060060500709,-0.05818787665726914,0.12736678359314715,0.16372946284307807,-0.0163345567455229,-0.06228890666246436,-0.06898718121764531,-0.017758710011711632,0.023773365501506025,-0.007215972297517539,-0.06054381013340054,-0.05710655323381892,0.14671012420666213,-0.1621842285936874,0.056268870199845895,-0.06653941557765125,0.12538077690280258,-0.09906485609567824,-0.0062598870339479655
emb_dim_0143,-0.1337248215604271,0.053479965390058004,0.05119553030219921,-0.3245821027162829,-0.1043708515262696,-0.12231515512320489,-0.06272567382096579,-0.3591181030046965,0.0770925334225747,0.047949692747134065,-0.08612990868612024,-0.08286963105101958,0.06669345505974628,0.08162874535930069,0.2034864636003755,0.3897479739210456,0.11412866117251465,-0.1529209221097363,0.1619846282654796,-0.14426202851662318,0.05395019572755671,-0.04452799493488665,0.16602942682331176,-0.0936476507378886,-0.05819689881734152,-0.08963113779004706,0.01064462937473384,-0.014143158288327901,0.14005791135147794,-0.07656400471373091,-0.08493562042529271,-0.11306560748275198,0.08719325242690983,0.010884551572049473,0.04303727245464092,-0.07069774135973204,0.10387595483402727,-0.11324124906163863,0.2791159813214012
emb_dim_0144,0.5083611849517932,-0.5081600383788956,-0.004101296480652624,0.33537368409583096,-0.032458213417336235,0.01186755511632163,0.01518478045393375,0.05751115458398275,0.013403513246192498,0.024853636178760605,0.08092020749952739,-0.010444479443127716,0.18123024218394582,-0.04364383071637495,0.11537373411992857,0.02042596029729331,-0.06964547051516227,-0.03837928342867342,-0.032543591484194515,-0.09104498628828332,0.03057525875280179,-0.11261579118868281,0.08916923489219349,0.2570700619633754,0.008318944810082782,-0.02593707296398665,0.0814491760229532,0.04900393063695888,0.0710992569886295,0.08038588718276413,0.13270443774480425,-0.031005165811226303,-0.017209437069018094,-0.03029099085811854,-0.11310078388160029,-0.033283858331374865,-0.038797561902215234,-0.04912262613504967,0.018361941805542337
emb_dim_0145,-0.6538244946119487,-0.12348429074153443,0.16422951153519794,-0.030138636028580548,-0.10214190726779084,-0.14778409317981958,-0.11379216811774391,0.09292940588586313,-0.041040859301729085,0.1501669249435136,0.16599028698803261,-0.0899274270870278,0.02245980339635725,0.030757890244286896,-0.030002529266260392,0.22553763606931185,0.011380888665176692,0.0725529310631919,0.04800529984005264,0.003521309510772121,0.08226009244815295,0.13663002612984115,-0.009901181555456797,-0.17894691580531483,0.03270216626169993,-0.025969062060683314,0.02196594339511848,0.2385367702781683,-0.02702489433665063,0.06839244679947717,-0.033297782429514845,0.12247623760970004,-0.03812267242978517,0.04874753119466346,0.05878528926153983,0.06996607353889647,-0.001993050667636849,-0.07153944522517579,0.06007113491630427
emb_dim_0146,0.37609178755663886,0.1998513267985237,-0.2622717470270191,-0.3136675300491738,-0.008914756875934456,-0.09126567350617049,-0.25988988069131524,0.12856210315485783,-0.10068577591013188,0.07076575643806962,0.04758482430012465,-0.13939441343176728,-0.05232864507911528,-0.1575803382772352,0.13965639949420783,0.09043332276990985,0.00448048331343408,-0.03072026183464395,-0.1144467941712366,-0.054709855258697496,-0.058797032200278807,-0.07722255420840303,-0.010553030126357341,-0.022758129378613746,-0.06280555626897709,0.22386064257443947,0.02460900686215155,-0.004186843394336103,0.017282636847597833,0.10926422717215284,0.11495390141750478,0.10827267540769872,-0.15881958998110507,-0.0649073529335781,0.021500399162437876,-0.03315929630712164,-0.08547229431649117,-0.003992771665763874,-0.042696670784336685
emb_dim_0147,-0.2886948644854933,0.11074035022451602,0.28877398226022716,0.35268222615045813,-0.08113466940221642,0.12753132900341957,0.13212719948011772,-0.04674698610942922,-0.025783304151376384,-0.0968518968625719,-0.03910833115629585,-0.04361451325048511,0.05653093667715353,-0.20191896063046763,-0.04227175734755942,-0.21407349106993423,-0.03375958008030753,0.014231570843564249,-0.01930556259934064,-0.039435825608478865,0.07186808033634495,-0.04081865750043379,-0.22044907137409875,0.09152799605279553,0.0042442694079466185,-0.08832657347499044,-0.20435130445539884,-0.14168200026732616,0.06367467693955213,-0.07193790275517735,0.012634908616853596,-0.10989268910069198,0.22971439011057443,0.06594208531915846,-0.12870395991963762,0.00530590455401198,0.09699713495982966,-0.1669547672041078,-0.21049434213723986
emb_dim_0148,-0.12088798579377995,0.005716502899923286,-0.5210905023795999,-0.34336290948016895,0.012365271937095693,0.16374455520047854,0.044110160087234083,0.029267276183028306,-0.1372578727045237,-0.12473740340790315,-0.07874498061477925,0.10556180423693028,0.1824167166932229,0.03679036321290645,-0.025946794854835573,0.046268392286737174,-0.0026958726304392813,-0.02513935600679813,0.05651358150626684,0.12472341233757721,-0.15819313520857625,0.029661374731423,-0.1329498334155591,-0.05256856310123039,0.020551106940247667,0.10294354799025615,0.08891647153809078,0.19703255480999013,0.1015753579873886,0.1421881931638829,0.057666042429716007,-0.042318627303647216,0.0361585701758176,0.10451749364606809,-0.08510791337864392,0.0008213124046334595,-0.21453148408817405,0.056665366007493764,0.003642617119288587
emb_dim_0149,0.3959165657502185,0.3956192313607533,0.19893394373007856,0.019776529271061893,0.2509304510807351,0.210420145206285,0.06478358352768375,0.08436133693352049,-0.10839376988304521,-0.055561888187887154,-0.024895338660564526,-0.12203015370199992,0.05522658374734456,-0.08277736903071581,0.08201253137875279,-0.09256785331319675,0.11830154449933045,-0.050313905651282055,-0.016230876220589805,-0.009510032626526322,0.20024784683275934,-0.0013207844108776145,0.03359148955736145,0.10544451444870202,-0.00673670211343942,0.11031686686677881,-0.016192566677599957,-0.1530024820262068,0.0840824951936635,0.04383094641336513,0.0678704189930113,-0.0968431729752904,-0.0013441262574109985,-0.20000151760930676,-0.20170189922277904,0.007398098110319254,-0.022044026895235,0.13863260838904676,-0.04617212399370591
emb_dim_0150,0.17132285588371401,-0.18503190332292224,0.37096136293984117,0.10772379462658432,-0.31305537040007547,0.18269351941436743,-0.06174738862020026,0.06633877982094447,-0.023175854535468877,-0.029875066858131044,-0.06311155243451448,-0.008340340196872121,0.18224480208225374,-0.015302700275561316,0.10313323285818968,-0.11206409575229682,-0.06687249345838485,0.1607462922847846,0.07718233801155734,0.06482789952128462,0.1111785923393477,0.04759744426219874,-0.009501204272018851,0.3137682737370569,-0.07198028016596635,0.015428235715546385,0.013796733194602739,0.16862057057328,-0.05230506476716602,-0.022792842493404065,0.06350828689909263,-0.03627553662732792,-0.07311726671968859,0.021451819695635796,0.016838391678036555,0.22450253833683065,0.017776349181648544,-0.13089559663310138,0.062196068630219516
emb_dim_0151,0.3501351426083605,0.5094093329841045,0.12032739319140062,0.1169978097229024,-0.2623749107536111,0.17583918312324529,-0.19335171593545905,0.06814524724461815,0.11573173849141184,-0.10579949765621825,0.11956394105468963,-0.044884711467199113,0.04409742850627465,-0.04477655339676011,0.08340038267225945,-0.12924469250130402,-0.09359905029340858,0.07450677992761608,0.046639551459187543,0.09515470752784676,0.09453790065420874,-0.05520270983864441,-0.013889956430309757,-0.010515510704287698,0.05614590341955855,-0.028048840622017013,0.17461629597830147,-0.05221029503127582,-0.1312200018539054,0.0784091035969971,-0.10054728492607175,0.13996268210738474,0.07525564153248335,-0.010150651964538711,0.05054098490788883,0.08731899687153824,0.0508760589398173,-0.08816863307338815,-0.032332614346754836
emb_dim_0152,0.15616033291775294,-0.03218381580740097,-0.7749167827467729,-0.045046149798570266,-0.07228782397437325,0.10637706706742885,-0.017220722390684482,-0.06827826866061601,-0.03647641435491673,0.05883775850990848,0.04559883867736559,0.05296154891010466,-0.04047579843191003,0.005472708534392867,0.008548362209306687,0.041573195785383245,0.03187405848111374,0.004972770346687893,-0.15887936439632608,-0.17145124057027913,-0.002252176202942296,0.18046650258091693,0.1062252941362575,-0.024095475837166865,0.02999606771375417,-0.14246937121758124,0.0029276357584170133,-0.02166086047342743,0.05391868756386703,-0.06621250859288136,0.18600092216324,0.04213140403712925,-0.07391882070046948,-0.08796716669777858,-0.022402488083379687,0.005716011902602699,0.0517409494081839,-0.10772730293265595,0.09020440907475402
emb_dim_0153,0.2732164250183674,-0.1536108653327329,-0.5159906981495728,-0.23925319480972254,0.037531558511286096,0.10728176554320523,-0.22915878990558874,0.008994165754987762,0.204245193693107,-0.04372186135145262,0.007230431898779882,-0.009696408915452617,-0.27496492763339514,-0.02601064062748968,-0.03211595303955968,0.07159018473813143,0.013575620529165269,-0.0045656492470332105,0.2610430833075865,0.07331964619333356,-0.00846879087530889,-0.09478554261250247,0.13516120911573917,-0.08943813609669808,-0.10572789737202619,0.07281948074929787,-0.012003747932494062,-0.13835186889208112,-0.09006410980718964,-0.019648537822622172,-0.28348656333696876,-0.02795978650289048,0.0432175053299174,0.02171434438277425,-0.07358874905234852,0.012466049310157124,0.08118449685268993,-0.059769955243275726,-0.036282409358056864
emb_dim_0154,0.1147222620475806,-0.11444050027608312,0.09652078714469255,-0.0790204166034694,0.13113158545083492,0.009589069342519244,-0.07641752649945698,0.059794671905017284,0.049450410580937,0.78924106684292,-0.000504589671742554,-0.022130627431325232,0.05472814645884708,-0.06690207676852816,-0.061627926296943025,0.04643778645799959,-0.0008102981869987668,0.08665581007655214,-0.030823396076822513,0.004911322412550494,-0.023112306870390485,0.029103798788146246,-0.01837213894645527,-0.026072267843963916,0.06184654380678584,-0.0075465093015688964,0.04246270104437011,0.007633718302689282,0.04202065663096335,-0.08260138424922933,-0.04873329278295006,0.09553708906261747,-0.010094504617386663,0.030523825890582754,-0.04275785528979795,0.000978662714444203,-0.022259376154034744,0.006124194513167765,0.044993371613243745
emb_dim_0155,-0.07331610883712489,-0.6515863954635014,-0.21140640966995405,-0.10301611448180875,-0.034722209993067375,0.12010848846379085,0.04305072373431345,-0.23238677754844472,-0.05324190471482411,0.17262627028049898,-0.004504402160031975,0.06571619163097218,0.19278646126241777,0.22440242226128526,0.0005914652341955145,0.04924672130876169,0.058148016550015946,0.12033684198904127,-0.06348981333428609,0.035395642992643056,0.056243653433454464,0.05119108972195728,-0.030527899336305852,-0.05371604725576467,-0.14685213694979968,0.022316412423616306,0.04368370896184823,0.07007207849608636,-0.041454177113761655,-0.16100178587675412,0.03769967254683044,-0.08228625911612987,0.07033832184343805,0.04306048704282071,-0.06870649088450476,0.018100490083007962,0.07441331890231472,0.11708037661715671,-0.09781231124989406
emb_dim_0156,-0.19806939049465616,0.48563451498374366,-0.04217133504543295,-0.3193120616986461,-0.0014849551746150505,0.014660293942851788,-0.10128253378485083,0.04462413431362,0.0663297064016528,-0.17275131230886892,-0.17623191195783325,0.018449385193977354,-0.09046444056337344,-0.14187171227356632,0.0665371847936968,0.12333524779015602,0.15085564445388158,0.001556150107957529,0.11278534290863697,-0.08804259584535869,-0.09474966579351816,-0.03177809571976729,0.0002698728447453995,-0.12610151335305894,0.15496616834241342,-0.05008103402917583,-0.05091891488658565,-0.04006587477723831,-0.13998189097578226,0.33645654079431875,0.07938481331943717,0.1827797960872883,0.04732204435552571,0.004368116111157681,0.0886868035615468,0.0017864960014227897,0.1364633759996258,0.0916238260413396,0.026323851949338416
emb_dim_0157,-0.37365163319486794,0.23131186736813844,0.22866175824656707,-0.14587134670482566,-0.06217985924745688,-0.10492115449791063,0.00015604328743671521,-0.05914570112081049,0.10361445451436739,-0.14483951634219025,0.004710033263449205,0.04416386201119741,0.033626219947647834,-0.19693589168117273,0.01027666621116505,0.1199909006550858,-0.02359031655979052,0.15020696388231786,-0.2501392363157251,-0.07825906150622017,0.14739127691334147,0.017759971251045656,0.025769100860479545,-0.006901346502303543,-0.19240958650616002,0.05493458959718756,0.178802394465069,-0.06872256607439677,-0.007820012735967753,0.07092556659961614,-0.04460740814328018,-0.05528820324198225,-0.054579999478612924,0.12818028803876325,0.4870719211874884,-0.037900612781360116,-0.10616398780747857,-0.0523538401450942,-0.03432965127838578
emb_dim_0158,-0.7782323133982129,0.14181666445172855,-0.3718884074102297,-0.018108850695919762,-0.0010441665548648448,0.08878524380169704,-0.018520183273095746,0.06836938175144613,0.010904506895256625,0.04307899813751393,0.02924903407360599,-0.09404892890190983,-0.06402073184846507,0.015604231093778351,-0.05994550356541779,0.06617066239013594,-0.034574702057256546,0.0001653349145784558,0.0569550808019819,-0.0702399383093758,0.03589452187452023,0.0596240544498486,-0.05574210925745463,0.05255239530527025,0.03432572106631229,-0.013429949666920935,0.020706975117340445,-0.05607767323968112,0.017237997582894623,-0.03110336964607704,0.015018993231185196,-0.06694899429122941,0.050082729588424205,0.020080727357385003,0.09797350852194474,-0.006371484151449997,-0.17502590522872322,-0.020638340076770414,-0.04524866068174836
emb_dim_0159,0.731645119397413,0.17092140010738988,-0.29075034094490115,-0.009320627527952829,0.011826803752341663,-0.020050980217724414,-0.06177640430233418,0.13542082091092486,0.09673029188053453,-0.05591036352076352,-0.05049695390298712,-0.19613663236437057,-0.019965556085692924,-0.08197915865985188,-0.12125205230926564,-0.09616108286085945,0.0068128324931010465,0.026368179607322403,-0.0140190970450456,-0.04668156381849018,0.010885190934103891,0.001678607523478495,0.05949479448383262,0.023946293167877473,0.09096586618015663,0.011141411805148807,0.03366238240715957,-0.14050074761143552,-0.0699135325887259,0.17441355611855408,-0.0998732539479499,0.07733224709077778,0.12109507223095106,0.05527664724069827,0.019659856072160368,-0.02346433397134753,-0.009849741412510908,-0.05006867201802865,-0.12052256852100038
emb_dim_0160,-0.10683197520402743,-0.16070406043864788,0.17930980336961727,-0.10714233247149053,-0.0740902696353895,0.08090728122214363,-0.08179472479458252,-0.023914797239913115,0.05643174224553712,-0.009357126975863826,-0.011033035249549758,0.1611684705402594,0.055046750486782474,0.00867152429725389,0.030076538916122383,-0.032171108956471864,0.00464008435152182,-0.042400877012634564,0.13988217196610042,-0.008550027255982012,-0.0905813820960845,0.12432885982929182,-0.018668493543477663,0.10129916029616766,0.04530478257299176,0.027457379696748302,-0.018791852720774802,0.7049690075953977,-0.02129733997757267,-0.10856272108319723,-0.07399713895066827,0.07101710748116724,-0.05045740273760934,0.10731765984495652,-0.05863287527111665,-0.0022538559465658044,-0.03861625796593656,0.02306416498260255,-0.07056421647216837
emb_dim_0161,-0.3684582139671295,0.024899869018416038,0.1627456468333544,0.34331946373058686,-0.2767523870410315,0.13491833515988091,-0.0017128731051260528,0.07492242267448485,0.04429753333403497,-0.09808622155634258,-0.1546023009839676,0.011740235370763694,-0.08048345675612047,0.11117021510041963,0.32236744469813383,-0.1189305458048798,-0.0662171611723486,-0.03957668831655003,0.004476697840189302,-0.03650915890328631,0.0993029837391007,-0.06952538175725387,0.009467602841113488,0.07728529131606182,0.031916644299141345,0.030436332856144995,0.03399986652538872,0.11577546278176859,0.001891820059769745,-0.09797698656106697,0.12276657605924286,-0.3044132749109653,0.10797086733269225,0.11888188351986792,0.014048348722797423,-0.10296802844805174,-0.1776829209537989,-0.020980477240826998,-0.024220612898002224
emb_dim_0162,-0.04102876549694552,0.0010277532340308058,0.5903412085388946,0.1276485321227831,0.3080484268775265,-0.1932687603392046,0.14813710735726413,-0.03543897009000733,0.00473173344870216,-0.03292502512911462,0.009028140417883124,-0.042792344792584924,0.024724295086472975,0.1328597763641899,0.11694387075639855,0.09914497496755996,0.20905753800354376,-0.007238279072379072,-0.1347641927175694,-0.020740520184832217,-0.05611359680238312,9.122774351423896e-05,0.0889325168178424,-0.07258854200505431,0.06760946527873368,-0.019853242530227532,-0.15256372323725118,-0.06097570005203537,-0.020275223778203247,0.08514684690634587,0.15200601032290045,-0.09219104704287198,-0.10419866817495942,-0.19636410930762382,-0.0013890617588606638,-0.06325785306722194,0.00577590711649196,0.09955095170181678,-0.21769930812567123
emb_dim_0163,0.060265124569543416,-0.24671114295389265,0.3615067668597756,0.07639170997302067,-0.08731038301348633,0.06799705511240477,-0.05026983818239364,-0.2660775550944059,-0.01084114495707323,-0.13123007264562617,-0.17050891878053195,0.03242893872278532,-0.0753763904247548,0.056328013239267595,-0.0653091897251017,-0.09178933353834626,-0.056949671974851984,-0.11334941220154572,0.25268103609639586,0.19162076920313223,0.052189714719683526,0.0394519300188826,-0.08730145105688178,0.01898164491774648,0.05908946360676205,0.20107219947925156,-0.03654765296974345,-0.27280973393276636,-0.1672579194802743,0.1710901918478126,-0.07147284617559953,0.03031596271864113,0.04019835728688716,0.023199295366938398,0.18581336009910285,-0.1206668310338222,-0.03861309441151594,-0.05699206875377365,-0.005073944201976722
emb_dim_0164,-0.0220323097400859,-0.22953196574516324,0.1597898365058308,0.08748289290319457,0.1678939022614636,0.026424287450348555,-0.02737992022318409,-0.11931633395604495,0.046458227798568764,-0.029456626605953364,-0.009672610375906832,0.10612916820724154,0.026186133336019154,-0.08647802589628871,-0.013523467630573176,-0.0795259111228115,0.006326271877803306,-0.19152192728151973,-0.013863675277642956,-0.02218822831226596,-0.01548029656008717,-0.009960942419506229,-0.008267477912063684,-0.02082556680529889,-0.05876656539162001,0.02472414421511374,0.08344125170241189,-0.08525943187696199,0.17412953822629115,-0.07069156927051469,-0.07717286862543583,-0.0814113669065759,0.049446381932150625,-0.6923247271424281,-0.008236902252147233,-0.0108708109189647,0.06246003541698787,-0.008874590110740812,-0.07648357075307129
emb_dim_0165,-0.05022454044882555,0.28116520229354935,-0.17272345719311616,-0.08616650655423243,0.06163431698889362,-0.08392871230466065,-0.09203298128172778,-0.031875256016369494,0.1612294038069178,0.12960040770018214,0.10050579985075005,0.2560689930760903,-0.09146512124371406,-0.2821787051254096,0.11934302833876789,0.06366358237551092,-0.22511947666561533,-0.028944316502232018,0.09142750305069489,0.024535847296853864,-0.07208311500336025,-0.09235136720035987,0.20736430458198085,0.010694702867702938,-0.3316245039955137,0.05986898214876244,0.18449216738228982,-0.2581335438028672,0.13106403065286323,-0.05434885446352508,-0.03218258359763425,-0.07857557133634141,-0.029028369006706325,-0.04910167136641143,0.10701803219076743,-0.07228111011720818,-0.07172489730462048,-0.07767420867790929,0.02574858824955249
emb_dim_0166,0.6669794656073267,-0.0488866019915708,0.15663675345962544,0.04658169050662405,-0.2664275395887182,-0.05897123960517784,0.181531693462659,-0.05870198450210579,-0.055881452598283775,-0.07791595148021539,0.03303114365750314,-0.05828312481913514,0.07761913393614407,0.20792332653675707,0.1483366590421272,-0.21233689298712377,-0.027854155068470995,-0.05831948049102998,0.13148278785597964,0.014918263286496697,0.04612616610626351,0.007374554026615984,0.03687095237189415,-0.06810957903927765,0.1351803712344106,0.022113697612390126,-0.013739006558816979,0.00813457579098133,0.07227363541948363,-0.006593739850373248,0.05023532328886335,0.07669948456488923,-0.052119553000050785,0.12759848860554457,-0.03406127161988536,0.018748924117013437,-0.026954517241398645,-0.1133973550819826,0.07646818112671806
emb_dim_0167,-0.43187037483625484,0.371555526600099,0.15714392628137178,-0.3584608409366246,0.348694213679124,-0.03450326220895332,-0.002512143388338956,-0.05690811921455817,0.06083631967225937,-0.04657042939998961,0.05926193842571477,-0.04410901801463298,-0.1776604330518926,-0.09785405622645758,-0.04524628460455947,0.0605829836552018,-0.004612131682206556,-0.13115496002923296,-0.08509955122456735,0.10056701750881267,-0.1026862560394151,0.06385125396853716,0.04233862901398771,0.11348309322479384,-0.11531826664849738,-0.0947321437093428,-0.048219264309526416,-0.1053292539538317,-0.11934043757967139,0.07201173830441855,-0.07574483866233978,0.016670233646246244,-0.09374118710108235,-0.034494694054447085,0.12458311467894251,-0.017906617335848102,0.0359864271864724,-0.0877292988081316,-0.005359519665656208
emb_dim_0168,0.26725791241246394,-0.11065810237160327,-0.3464606026733382,-0.05513633530231455,-0.24552960615129418,0.043205829482603174,-0.05438988207061134,-0.09084560529906888,-0.20167347566292854,0.019166423738648908,-0.005593528397800937,0.12835147171933842,0.20498845150191128,0.07544994151925691,-0.03305902985545824,0.11727283177102335,0.0546519852393895,-0.04469483958700765,0.25266926029549747,-0.08828910937324115,0.07565211458115975,0.09313012497843427,-0.025308159732857476,0.30172734996513373,0.02591642527078448,-0.09718238816877582,-0.12562899963433102,0.19494093387603342,-0.013889700379738874,0.17427204149047765,0.1761608837639179,0.1617918612918265,0.09838543963189912,0.038054826222651605,0.05231025253713921,-0.02795014710863718,-0.04262789761619199,0.059796286462568564,-0.054317869171813526
emb_dim_0169,0.39918455140280124,-0.027352411225254523,0.10489155825095867,-0.1707434368618196,-0.11603727901491737,0.20085803116083692,-0.023219392264288232,-0.08406636186718791,-0.10368038811448833,0.08960994527826932,-0.1333072009369302,0.12229486531181012,0.22060916919916918,0.18618152173376395,-0.07932450969579166,-0.08675611367310283,-0.03512398073016719,0.08900208353443537,0.21466598290052422,-0.12155719143573022,0.08730835059453554,0.015672441237868266,-0.10129003614661965,0.31935756953544564,0.06452365621729873,-0.0031462701053033212,-0.04745973178834766,0.2063082651761387,0.04568612232514368,0.07052063835234457,-0.07285851559158987,-0.22760903463172116,-0.05008054012584629,-0.03805175668805097,0.14765478762894202,0.03661195814242483,0.09027002316128635,-0.11261200319553985,-0.05701044492961094
emb_dim_0170,0.6487129162342891,-0.09769115786651514,0.5931437844381705,0.10178382840333415,-0.02851518486046934,0.025825204891945328,-0.11263547119912237,0.015711740329331685,0.013482597756359193,0.12047760953339302,0.03964767462709986,-0.011706825613560127,0.1042643274357179,0.09085264858569365,0.05393713155643571,-0.1172043707068763,0.024669143923391902,0.037353899360720914,-0.09694989115692886,-0.06165507019250054,-0.06183826246837181,-0.04883698540993254,-0.002862820914285668,-0.01016274232726239,0.007825377975380111,0.041179818759579254,0.09066795182106537,-0.008599580385284314,-0.012676992669210137,0.06671696632307322,-0.07022009603922877,-0.028507655334191313,0.011400648418586918,0.0681686149889602,0.020275319934306948,-0.06379202289713784,-0.014400972056504799,-0.021588488261283595,0.004239363071707223
emb_dim_0171,0.3874852621323406,-0.4584536326302305,0.3007078163757838,0.2735332293956609,-0.3001967902425238,-0.049594318047514435,0.006346612562863984,0.05732773153988862,-0.03674904389675941,-0.09127476879763585,-0.023266152790688537,0.10381251873083382,-0.005867937126253758,0.09143671748716155,-0.04728182453583961,0.1566048722502251,-0.0748109857504891,0.04275952473732008,0.041892150693293516,0.10565996391578263,-0.001832530899128205,0.058290439485158,0.025193454924175726,0.13153186428313587,0.0011257822771278446,-0.0820641491421186,-0.010194006449736314,0.1874900886661648,-0.012772967098698991,0.07669482344665937,0.03581490522557271,-0.014518209679753726,-0.02202203048235185,0.06343382219126176,-0.09746827761799916,0.13145249342561477,0.17889516477781403,0.0596383026167917,0.07810194447600059
emb_dim_0172,0.14123783999210213,-0.22280530056227982,-0.12614109355353081,-0.1561644191672193,0.17498295643554124,-0.01454958546869655,0.0775053865672338,0.15573761181143655,-0.03999379211890884,0.048643114683784204,-0.06160157484769915,-0.2148150154894753,0.13750016331257103,0.19973723728488896,0.1151951484434052,0.4589781484020867,-0.13643223895542023,-0.12657771445776347,0.06719878467231238,0.11700573824844498,0.1643838175514515,-0.057242413796831884,-0.0640732488887882,0.03602734318643908,0.1583835802345221,-0.16550779299162802,0.17217128422875771,-0.08456455519788392,0.09857093575240755,0.043151652257099486,0.12332462665542593,0.05687419501419199,-0.08686281230755502,0.007906789246030988,-0.04153373031998696,0.056366526166657105,0.03797465357468646,-0.017792816379863744,-0.027686601911543093
emb_dim_0173,0.29586681758287936,-0.10839982970346458,0.37334853898036136,0.1513039697472261,0.017015754180377037,0.02047538224742981,-0.11709308000988826,0.14647637029623858,0.14346880052203176,0.0048628696231754415,-0.20125348698622542,0.11087179803300201,-0.08970494528433437,0.13326072407464146,-0.05604473322741493,0.03891710573580235,-0.2282449421135655,0.015868071189639434,0.26518392647632105,-0.08941243168795296,-0.0436618552405126,-0.12938208195860385,0.13402036634681025,0.16272660355504096,-0.01781121193768776,-0.024742466935492837,-0.0467732802940154,0.1516295123993717,-0.1765570365967118,0.052395416968547,0.026467053752991805,-0.18443238690008318,-0.16741259470917952,0.12808183364266174,-0.10685986154877596,0.07305784926391137,0.0396505677116642,0.1591627110737618,-0.005171642469405178
emb_dim_0174,-0.8493973546031287,-0.02871231177246471,-0.13907369758169125,-0.1664429919974256,0.02887115617201342,-0.05579050383577796,-0.035535963502199945,0.015327680058614162,0.05647456887081091,-0.057176173936769194,0.0411812446844954,0.05552767890461976,-0.061296902923012084,0.14293332361014002,-0.03588893285082144,0.09804507518115074,0.019323312661238646,0.08413365596748157,-0.05099501814621533,-0.0475161494604083,-0.06361652507859754,-0.03565881964051155,0.05149806026551424,-0.11054849181266989,-0.029803137506135526,-0.01561833319871537,-0.014220472769651668,0.05774113299279454,-0.04689253230003189,0.043652375434974015,-0.06780641045541747,0.08459559208621158,-0.07917915485926927,0.06536272776219854,-0.027005647090373532,0.0464327947504925,0.008588596732572496,-0.04928661585532156,0.024847101289597134
emb_dim_0175,-0.5855933121548598,0.07823983118653807,0.05995162200787499,-0.18339347741948014,0.049820939042265096,0.26202359573438083,-0.18226127317120655,-0.0035581402093327465,0.10429784829241617,0.02618159004449888,-0.07007426506871732,0.06258376901411969,-0.01694158841347555,-0.03346975804468524,-0.026316893466950535,0.11528239739819643,-0.10390470273095526,0.05013954943275957,-0.07358810873323043,0.1529294637794029,-0.10905493323153141,-0.11092556184862319,-0.13351092501058207,0.04378071269418612,0.07849660510005482,0.1286115893138923,0.027487776007856405,0.1857986437748494,-0.10038965880891129,-0.09684304971951417,-0.01492281360318003,-0.08676645065349249,-0.18318969368419755,0.033913827236745325,-0.05181778488462131,0.025651764978332752,0.08894279714030139,0.02810921519721549,0.07119869352074416
emb_dim_0176,0.05611298529610737,-0.8588933692670753,-0.04154377092759363,0.11278508612794505,0.09647186533801776,-0.005970095993904418,0.015959003426466736,0.02307981987478144,-0.02032421821066442,0.2047647930835073,0.119841668382932,0.05441563677460811,0.018665165931959663,-0.07024447515886555,0.03166038187635572,-0.015628949285590235,0.04273479270481768,-0.016369790333050475,0.0837487709340797,-0.005314436043446854,-0.05872609902026507,0.025009572605280243,0.11378050293469935,0.019650846754472356,-0.09817812606205685,-0.017422958319722792,-0.00851597522461708,-0.01896399240775328,0.11617774682529856,-0.08049962584073327,-0.01904561048020347,-0.06979568998020749,-0.029073512108346845,-0.08720092154429449,-0.0338698888055252,-0.002158987442554514,-0.06547362701597906,-0.11089437885185091,0.03692334451836705
emb_dim_0177,-0.5169608050393768,0.4813895326706627,0.18583410475416914,-0.2291478657623282,-0.1427492117134958,0.04304210975788347,0.02286778179202045,0.05154678282846751,0.1466801844029255,-0.1888849775215562,0.036863117667026074,-0.11193417514449114,0.05523248692461565,0.02291014025298071,0.056899306921395686,0.10263855538805164,0.06182791890353382,-0.14579714335689736,0.040922322632276194,0.039590558702168786,-0.020500942428659127,-0.09864860109729347,0.10506443481904819,0.08844506436822636,0.07282526509011318,-0.03341399809041455,0.08926034579518001,-0.09410659073866831,0.040367950595881275,0.137004439489933,-0.06316727868620442,-0.06987865169007797,-0.04425675937703064,0.000577433873073473,0.11315012961293172,-0.12272063752275751,0.0882942178303973,0.002632879282341476,-0.05498631772562209
emb_dim_0178,0.47668658753550197,-0.12652226716941717,-0.4919856409967614,-0.20554593449886666,-0.0051758293351587045,-0.37159750964931215,0.04991655914555107,-0.17090502658714568,0.12424911416010789,0.12287392783435086,-0.0038315305906966336,0.043495636799835806,0.01102430392080678,-0.028727512125949085,-0.16056388290168996,0.07211397628397312,0.004818940038786654,0.05583818675420363,-0.04775418240991319,0.032972597383111285,-0.06529659658084006,0.018540045012449928,0.10968911249419275,-0.16036986797078548,-0.02010802525673966,0.02342790084397327,0.10897584993223274,-0.07082327747256281,-0.09516019593017837,0.06634316982875489,-0.17258638728540207,0.060429177215063606,0.10117459915168592,0.04230568371435863,-0.05771620177569796,-0.0010080372674337761,0.08288725047293771,0.05846174366803225,0.029583770084922023
emb_dim_0179,0.4359369193193962,0.2059226105657234,0.11580843211802375,0.2014051414920531,-0.28301992581492486,0.2018051605412868,-0.010246213651844237,0.08346226726455834,-0.21484574628264744,-0.020553087252181326,0.03670899447869715,-0.011424225386502175,-0.1550859432679161,-0.02071335123804357,0.10244855211041136,0.07639570138865705,0.0752845095232993,-0.028496389891357655,-0.017515658868575493,0.02003823764139837,0.0782636169587801,0.07510458264080751,0.21320796142378218,0.04813938874311881,0.03569013444395778,0.17832884753440567,-0.010265084474860653,0.24118666377695355,-0.022628329384126056,0.16811216703915366,0.10484259864179,-0.17113307815192683,-0.027479588174519832,0.1103111677996392,-0.03603233132595579,0.016885455831628916,0.04281666749062634,-0.036809010239089855,-0.06312001574468554
emb_dim_0180,0.11297031201918073,-0.06854982514493778,0.8296972528564751,-7.96354364422105e-06,-0.08590079018865941,0.10521851716326718,0.11898006953136396,0.02600874784026165,0.07774802226231484,0.006617333836788326,-0.046508059720557486,0.13690962848331775,-0.03900514556247905,0.038674995874721445,0.028981105863121057,-0.014986162653527228,0.029441600514838656,0.01255965588111507,0.15973272233752414,0.007784120724968447,0.08118979904035058,-0.06392814114348708,-0.05859513302483168,-0.037932247860381796,-0.0433963123016224,-0.098332244298453,0.07572989423707845,0.16025011964082828,0.03827654713793605,0.039568376174256494,0.028496705628910872,-0.11529556582085823,0.025990942859722335,0.016204851621278146,-0.023672997927885353,-0.01670215483627457,-0.04579193120405283,-0.04645628367671236,0.061427269531001284
emb_dim_0181,-0.5515825193520579,-0.36024923384370733,-0.08978614860086401,0.14611451340694523,-0.08975244529397743,0.1654809700219442,-0.003911311269066832,-0.059506080976881835,-0.17306804248963756,0.2567214204391605,0.10712877125526084,0.11523142846042203,0.1149130660988301,0.17270298604002238,0.12431522415856681,0.005744802352615435,-0.06803100959056171,0.00896935807027954,0.0767968589713454,0.0717214267428881,0.00750556521877059,0.07291893044429398,0.07897310787673988,-0.1209488616243902,-0.061246912507075535,0.08000372690853284,0.07674778050639881,0.19393861108599303,-0.05819444886382433,-0.02769351548924141,0.054490454610544525,-0.048398236674979916,-0.03192072392485241,0.05528100500249658,-0.07062146046705166,0.1261627624185892,-0.1063499030960369,-0.025543263189558893,0.09343687585543098
emb_dim_0182,-0.07095168663619109,0.0014258868621135862,0.00010597590786051843,-0.010987545021184344,0.005040622458277885,-0.1691743138304724,0.22734778646382003,0.22333657629766449,0.20527482010474063,-0.15787466209248782,-0.1613245371357332,-0.09476560783087086,0.17697535074515594,-0.20055676960419175,-0.18255748257903234,-0.106297182681955,-0.027190263856557935,-0.014403787569032439,0.26233204297380136,-0.15324108213229573,-0.09471743372026506,-0.022090670113184385,-0.07837283751099952,-0.01782179820570223,0.27491849959107034,-0.19980203150159653,0.09414898662005579,0.11856917219086291,0.032741616929725166,0.09594846920538466,-0.10599732245944352,0.0035763919617102426,0.11103103931451637,0.1113118351595273,-0.04139362941782682,0.031576129735799,-0.015149873643119104,0.16708381344704487,0.00612157544118891
emb_dim_0183,0.2997740509138409,0.07092120438400894,0.5049755617400857,0.29851072089236835,0.11957294624755715,-0.09145042516572455,0.12393758140348062,0.028039506331329553,0.04902032791104066,0.1167123719724561,0.052835745769789375,-0.14160280693451568,0.11475714927174095,-0.060196100440283416,-0.16640860545614447,0.003593517624113651,-0.1581369887632165,0.012039931656158498,-0.05425593626577814,0.14059363096549132,-0.08607603501468755,0.032063519913918974,-0.02605686260423504,0.07734411711775585,0.1505140948431686,-0.02514695041647892,-0.023841495845770767,0.004121183763717393,-0.022797187436853918,-0.04445168301886099,0.02856172021029765,0.19441519092864074,0.0946315307386032,-0.013601087903637876,-0.07752305686503923,-0.03814581431361439,0.04282095056966026,0.009806334202436562,0.06551438308887353
emb_dim_0184,0.06612339679124037,0.6654823495628621,0.07768347559498505,-0.08212114489146201,-0.04010508343970067,0.06202353736119817,-0.06849258398136722,-0.09626633627080335,-0.20490773492199243,0.011721447369325932,0.020763926273995925,0.006289241895281212,-0.01558416722993732,-0.10374399628519636,0.05678059278966117,0.08999366150708592,-0.06451342473697358,0.2065189127240144,-0.00843733983083415,0.048892478167135024,0.054459641985032135,0.08746522710738064,0.0032242267383508533,0.04599718752965879,-0.20336252485176534,0.09191779276764861,-0.09384085875870148,0.05013317352326304,0.1255027475543174,0.10834108325977077,0.1324026912216754,-0.10809071178490598,0.005887139212698359,0.08888676261785973,-0.03702710585308745,-0.0350397419024355,-0.033504812801049534,-0.05171768789570397,-0.18410653612955072
emb_dim_0185,-0.5607921471233713,-0.3333175112852091,0.08225792328486338,-0.2386504338970148,0.13392259976261353,-0.1393327321142376,0.09645126368830859,-0.00674208668441364,-0.03115677076620673,-0.0018799251967745476,-0.17357915807812915,-0.04400953248602962,0.048292518606387114,0.03769986660592336,-0.06041581334359348,0.05825246490720824,-0.030926876409261984,0.026468273921519923,-0.16179968870458172,0.03656218366619754,0.03931787218394215,0.006188156362833494,-0.027199574933881983,-0.12478757726620487,0.14501578730215944,0.015402254805016643,0.005517819867543519,0.06536658806587356,-0.00781959106341593,0.30581607503137753,-0.004118841522147898,0.022580632210536952,0.061939589871397034,-0.010559221397911973,0.0665217026653949,0.03956610182753388,-0.040034239061982786,-0.19521410709612386,-0.12042267603799142
emb_dim_0186,-0.3068047424892304,-0.11013472883290011,0.41967760006572913,0.11459603378331361,-0.08188635770401448,-0.00741740013782873,0.07575923404138821,0.04024089777983691,0.11703805349846139,-0.16289454044622595,0.1635174084783798,0.07479171799104387,-0.10715521288767513,-0.05453904614345211,-0.061261562227411706,0.27379509680081465,0.040180801691540716,0.18415416035403176,0.05927070616196416,0.1351956433695891,0.1392569725638403,0.007175862345854257,-0.03234895073950181,-0.12625736180765929,0.028998623885787812,0.014006235434495086,-0.22185119975585346,-0.08464980608976197,0.05790753592893352,0.08364388697395819,-0.002572369818608522,0.0967495880931898,0.062416430094129935,-0.09063406716797953,0.24921018529856684,-0.08750221890238156,0.0930081866384404,0.13025913673555137,-0.058602895221210725
emb_dim_0187,-0.2614625094418743,-0.19184157152643053,-0.19988124875395114,0.43652049128864556,0.33906136566576317,0.040847708825078065,0.09382164182163734,0.003950328354118609,-0.08980440662123285,0.006212340023319837,0.05641766470439811,0.029455309153118493,-0.0033940444197820556,-0.06460724157407102,-0.010768797187383128,-0.22411883801904897,0.0478402232697121,0.048614983056331953,-0.2403852082535429,0.026754696263130467,0.013194055295269983,0.00787700190878972,-0.13947449846008028,0.0485605729556005,0.04431308698316755,0.02083798670964777,0.07020026026544395,0.10011847799692707,-0.15596677615510376,-0.10764864229678779,0.05465776319009145,-0.2784214446061178,0.024330108022127577,-0.1219775809781138,-0.11917529018158526,0.01713412214277901,0.05871881320078378,-0.10505059912239313,0.01283665485796837
emb_dim_0188,0.4788740579013853,0.08879673146812651,0.4035456421865905,-0.04203431329389065,-0.1489523204767667,0.11257886772491911,-0.06077055924476083,0.06522380198793667,0.021881101171056218,-0.0766596346653574,-0.11039234721148708,0.10171185341239884,-0.09201489446656105,-0.07778417492110118,0.00505019346031479,-0.028661331974222583,-0.1330795574907575,-0.057408773961707134,0.02374768554536793,-0.03972233038787469,-0.17642878796377856,-0.07072355302223486,-0.08633377106626991,-0.07114440746186122,0.14782635045685996,-0.21651052623957012,-0.2283213090369785,0.1376923606686379,0.07588490942558306,0.03937537817108791,0.06294102857059763,0.17989484404973463,0.024542214958296123,0.07879396030662306,-0.0169916589560977,0.11767210042331483,-0.06014203504677986,-0.037079452453190255,-0.00884491887321509
emb_dim_0189,-0.1637879547374304,0.28929625087408317,-0.5113100256990708,0.07739172568986825,0.20841574564890197,0.05578371093500514,-0.014257525272434277,-0.05328752491077608,0.0011182155114505227,0.2069870364480711,-0.020961092213808034,-0.01713692542917062,0.008133459961831981,0.062332601465932495,0.013936273001558667,0.0205789279681011,-0.020753646749237794,-0.04880004245093106,0.09475234883850775,0.061453316540527755,0.17383857830027336,-0.15937466344952905,-0.0047918580643967704,-0.1438463100528875,-0.11034960308948646,0.11651011909313669,-0.008221017798082679,0.006987218158581693,0.12045304512854417,-0.09815204000344993,-0.13237425526390337,-0.044298929941752226,0.025890890986562557,-0.09655121582530432,0.05170350613990994,-0.06165384297179681,-0.21631649236093595,0.06280968631869063,-0.06368625179501836
emb_dim_0190,0.109448845556212,-0.1460576368416103,-0.3035875550063686,-0.2310613108120831,0.0694982362597193,-0.09884756049289309,-0.056362492142899505,-0.3891556133954893,0.12145170780108752,-0.09247897111092042,-0.0793248369534902,0.13940490087941457,0.01986868927139662,-0.10541886162436005,0.16878163354608464,0.1838677331029683,0.1462278266783753,0.025762992070448135,-0.020910893782887276,0.008211953866067346,-0.09939929426671767,-0.05859126110882026,-5.501799511145798e-05,-0.23027039209298386,-0.2969612572084796,0.027599470122040604,-0.01222847646797611,-0.05254760088041647,-0.026888748715117018,-0.024130480487742967,-0.19142845064326186,-0.04587944611368862,0.09099354150848853,0.04095527781733693,0.052664574723000825,-0.050509781495145914,0.0640665449088487,-0.06833443965915112,-0.17349833657461
emb_dim_0191,0.20265879218650878,-0.06747602277938834,-0.2593608195236475,0.6153003774788297,0.30760551095933875,-0.0603494481694984,0.08243028493096043,0.0246664552706316,0.015187417394295749,-0.014089059342882843,0.0929297849736074,0.0726616170228082,0.03617670331908298,-0.002354436687245145,0.056868510992897345,-0.1174410504722107,0.06032449118935481,-0.14440667332201668,0.07995993143360954,0.007068119918011506,0.05965339234646278,-0.0077714064918581165,0.05494926174008454,0.2517020171844511,-0.0350000971479344,0.10183316087885708,0.04447763670406457,-0.03694062402633445,0.03693402440366626,0.09106470419406262,0.19370218077339174,0.06657598513583206,0.09378517108758115,-0.04481508208371379,0.050358514971810736,0.07429060181012806,-0.02850147351955897,0.03816360950953952,0.004861345854609675
emb_dim_0192,0.4041739129455703,-0.30162685821861424,-0.23075274242271057,0.23338235213502614,-0.28812111085712827,0.3006042181661564,0.1018614091199389,-0.01179662022513857,-0.09864463654846774,-0.03168564007207961,0.02063216909189365,-0.09752022150182597,0.07589840849998043,0.11531351477019625,-0.013577513800430999,-0.15087689692599357,-0.19569366654384313,0.04610662684503781,0.009855155185006778,-0.12521571501103307,0.08297224875699265,-0.0027935995021835048,-0.12620574900538498,-0.0015009770770775352,0.05826643988080134,0.05120179318773253,-0.021778279207842414,0.09005796598964418,-0.03505677798935734,-0.27228498823968444,0.10299093775036391,0.04641467558980005,-0.18881823221658822,0.005469734928751322,-0.010573437706919545,0.14388533061042158,-0.021766018623332422,0.0907371104993154,0.011513804736116398
emb_dim_0193,0.18933398990312864,-0.14239676402873375,0.0160968791272364,-0.08716559846795273,0.23118402050791168,0.22590994114410565,-0.004905527390402239,-0.0567750354100909,0.07765559056090468,0.21110877800804217,0.16368195267577515,-0.1442676667197559,0.009182438875580758,0.15225124835804035,-0.08529872702410386,0.2523790447024118,-0.08499777968433897,0.0770285437848186,0.03193626897577209,0.20746024272568958,0.11089923995885091,-0.09499065562817255,-0.02719528959943682,0.0060916400109064794,-0.04659128686939335,-0.009017038364465853,0.02714185914789671,0.019309959928572578,-0.06278721376791271,-0.3067662823776017,-0.05583391554398176,0.20608203644630368,0.08214837240826846,0.06303178673506842,0.00974357475031899,-0.06297443413781263,-0.11521028747787398,0.18950032226479296,-0.1512626430693936
emb_dim_0194,0.6365759753884489,0.22861299137311925,-0.22845226226320284,0.0969357265344476,-0.012454954525918736,-0.13990845702750296,0.08588774307450636,-0.03380847027502779,0.03225760619100732,-0.08899281629372821,-0.008759864501828266,-0.17484370559171314,0.18466699472113488,-0.09345487064354902,0.11147278792237865,0.04679953687021532,-0.1466231898225822,-0.08389111737749873,0.07863849563939822,-0.11815965002868714,0.2679604039604618,-0.023275956716409682,-0.08959699401444948,-0.06297515924775651,-0.018953837741563357,0.07622590737004357,-0.042619604438261086,-0.011876507591376831,0.1275485762512842,0.218578152092987,0.04242637998726176,-0.018163615004867264,0.12716249359341983,-0.06901438486194171,0.11288155119158895,0.03500704695574715,-0.037930074106264186,0.10021864692040532,-0.09431842863350563
emb_dim_0195,-0.1028476957995453,-0.12426278757139582,-0.18190891335232715,0.11417166505232611,-0.5002266402325953,-0.031140536101710435,-0.15180896069969146,0.035604211722103096,0.10518334093206204,-0.0941313148403634,0.06657124039769129,-0.023810072612449457,0.024428963361980534,-0.11154853614784736,-0.034644867959139326,-0.16937579168695643,0.024724536750618337,0.19842411089104248,0.07454846154626553,-0.010741471489244305,-0.10678236794262157,-0.2210236262280334,0.024967712647838907,-0.17906666082127726,0.030837268790263935,0.005515955232354276,0.18809547363220183,0.019869854196948752,-0.05173905823494793,-0.05587576604521949,-0.018485786044822913,0.01513757886339503,-0.08856519061807576,-0.2377805537050003,-0.023818994643473156,-0.061394249945676764,0.09393190209676404,-0.10849459512190732,0.10622754213902867
emb_dim_0196,-0.13312776964138937,-0.47889403898288063,0.27080636817698844,-0.092041384742907,-0.007469823867476913,-0.02623880127243204,0.08995925846611645,-0.11279076883324858,0.07664810129153453,0.07258971589149968,-0.00502161586198374,-0.07451052771724304,-0.10140893593220714,0.07918058200954343,-0.04318571069039086,0.07067990953029996,-0.0742272363390654,-0.04079738675862795,0.09619272956831472,-0.16980908609893144,0.18932966490411193,-0.08396006297517865,-0.09911114256776535,-0.13839864874221317,0.20312811494287494,-0.033846192787347344,0.09221090278598898,0.044242978591569324,-0.027799324551250677,-0.11810779528399683,-0.3429016666552176,0.11555304131524613,-0.09122198892637688,-0.022287410457990223,-0.06343027883328885,-0.058550641901339365,0.09965412608977514,0.08315132377828503,-0.06709832624984895
emb_dim_0197,0.016224764542319817,-0.4197439516653956,0.0008478623024726668,-0.06312852020372971,-0.06360361430499453,0.08096520673829787,-0.02081209004359298,-0.22103515297543497,-0.37352107359401654,-0.04270489414172911,0.03836519300479101,0.18640428884663432,-0.03904595442682574,-0.05644556606756936,-0.002887889750494475,0.1000660515876952,0.13436295245163943,-0.013609791957402168,0.07287926900896027,0.14124516986173014,-0.04575919629056724,0.2822105971274896,-0.0012158122162033837,0.07489225871838438,-0.13297415596125864,0.0720689053523432,0.0990149836657083,0.021736214581930723,0.051393615307079164,0.1371577358078583,-0.07200974474691679,0.12142650123789121,0.04650459806091701,0.011339408376479336,0.12123613571138861,0.1090498497361447,0.009374890727293578,-0.1389960304159129,0.029990627381138574
emb_dim_0198,-0.4437920260026112,0.32404206665855156,0.24828997529512276,-0.0910693109848698,0.01895000767496037,0.17355280900210893,0.07231456062035307,0.010435118451620805,-0.3660749407342001,-0.17637338418425058,-0.12605223255074932,0.19426802981435198,0.012200743016784513,0.0065073151888299366,-0.003182711948708629,-0.20428241158042412,0.0660932159678882,0.048709333321225456,0.016738102678243483,0.14714380995024098,-0.007782024759515622,-0.06887073528227522,0.01826777865822627,0.08206270428758448,0.01565326538648592,-0.04243986740834347,-0.017589267180296776,0.18853342430916584,-0.09948167728832592,0.16805121722404567,-0.008233214676530293,-0.022334541695191473,0.054375616495767304,0.05506215209894845,-0.03738307355922154,-0.008748715062831616,0.03331085728256625,0.07685801140458835,-0.14444327023301284
emb_dim_0199,-0.27001698910004834,-0.3492304091930682,-0.12445667325486431,0.12851354874769957,0.12482276917343264,-0.1520590766951212,0.09064886502455156,-0.1259659884161286,-0.05149633595252302,0.24989388242897867,-0.020916794153958054,0.15427459081006367,0.09430643894377042,-0.12035130585637203,0.08406986010746824,-0.19900282802977515,-0.027690103541980392,-0.1645499193518847,0.08928811213490725,-0.21273850003755504,-0.20723082557167513,-0.23511854889821948,0.03766253063949821,-0.01421909458795465,0.10187432805516387,0.006873261948999725,-0.06156943741025655,0.18173065963690674,-0.1067743215721026,-0.0030559206364370248,0.07158160598460105,0.017479266545171807,-0.012318573053674174,-0.061102064833453464,-0.029862583058101237,-0.014506466339249563,-0.05634396238203178,-0.05343066473151543,-0.05828742461875662
emb_dim_0200,0.6730140301243711,-0.04243099126958667,0.3314006314466963,-0.10477754514720057,-0.04559901343588362,0.17123517180492023,0.10376319220887104,0.16933726024214665,0.01616965245645878,0.07634130789736657,-0.012764630507602657,-0.09990859873159673,-0.15890097129174252,0.030543434671459337,-0.12729107258210826,0.06596381160303572,0.06920638712868481,-0.021699318546185283,-0.0078709392824338,0.09938737966117452,0.04081833391671951,-0.13887585873541014,0.02346946149853976,0.16714172257317125,0.08310977394413532,-0.08261705575057908,0.01007003049266042,0.016761995931778257,-0.13143007109376925,-0.003278987996962065,0.0031185126653415947,-0.08056006002494326,-0.024092306020866216,0.00977426841876853,-0.09447101052772229,-0.09671527369685459,-0.04552624000388104,-0.055424453059488336,-0.05349651996946874
emb_dim_0201,-0.27593760280276713,-0.03798261975158207,-0.3097275256527616,-0.13299723112696493,0.4346243842092597,-0.2949934127586321,-0.01202676649372163,-0.030554028998909705,-0.09294956131356369,0.04925639700724762,-0.019861737753808176,-0.08213213668344038,-0.03118144981549738,-0.07530486073163671,0.002897124391626359,-0.08715383825771518,0.018590101494490075,0.05532955398568086,-0.1578294487819543,0.00810235024309857,-0.06955864815383886,-0.3188016384691508,-0.01595288640107474,-0.03326570561576947,-0.049817278978041495,0.04453949266035028,-0.009569110570250549,-0.09741945728843517,0.23202192854113943,0.002408474196333009,0.07126934668433713,0.025021919754760886,0.02971705616521885,-0.10071349117698007,0.17153376598167136,0.017272598925213403,0.040298928237266066,-0.03853703424579109,-0.0874764760672146
emb_dim_0202,-0.062324294387491444,-0.3229790691586245,-0.304591423133662,0.3268618506268118,0.2354198750502299,-0.16881684826086973,-0.013469193315097773,0.05152987392285909,0.11728398609475611,0.03329528473483075,0.1333698869151143,-0.009109933208663113,-0.0837461441374879,0.1740238040913449,0.12641213383068356,0.016559558295451877,0.09359123436994103,0.03404392589978068,0.2106551468626396,0.19302325319172373,-0.1526899312966247,-0.030647213298855818,0.07385777200465311,-0.09416687466769355,-0.05584079222593801,-0.11685274427639807,0.051153373750608,0.04523224553815046,0.15015940413400822,-0.08233075403542656,0.003877699541582469,-0.1415066929894399,0.08693604326893067,-0.02249867222803593,0.04001179433628975,0.22207994714512172,-0.01085673693436078,-0.032619796294018066,0.07530250202003842
emb_dim_0203,0.3241680391584388,-0.39828025437888603,0.2077811560089658,-0.01797544220089877,-0.059483767657287565,0.07293020805339871,-0.020157422364815988,0.228621238340851,-0.1298354388118107,-0.04709292128942117,0.21101467479308614,-0.06349199244480351,0.03886114188054526,-0.2522981303636845,0.14243858689015856,0.09756162909771163,0.13064245014275766,-0.08015464337505523,-0.09044287271569658,-0.06192365357786852,0.03167208968703393,0.2071704000223186,-0.10061247983504468,0.020516505021385894,-0.04913807454219993,0.14210296751274923,-0.012507271020799864,-0.26146144212421724,-0.13473781319868688,-0.02856028808249821,0.07032112752982514,0.1452275644732982,0.0514665896095774,0.026106174871096732,-0.06875630032977723,0.07163535483782685,0.03152090891620225,-0.023008779918157442,0.056455486715295974
emb_dim_0204,-0.19442269285890185,0.15805940401422924,0.4526234056209425,-0.19815212260332052,0.04866771125162193,-0.10687079483201828,-0.051877203922480235,-0.2920298074738046,0.10458340511685453,-0.01973692613942317,-0.023937053691484855,-0.0952440300243076,-0.17906483063865522,-0.06763560473295957,-0.08795552374906881,0.13761646164762634,-0.0027802117570016557,0.05414568301693888,0.057796446590330154,-0.12304425673460899,-0.11011963396088843,0.05781210022769364,0.16686436451099348,-0.021083356734117563,-0.026559212781889892,-0.051607602996549526,0.01618329785864082,0.11604589484145968,-0.02881854260926326,0.03455217317277714,-0.18585278259694105,-0.01149790564291357,-0.15038453889712994,0.14727767581451476,0.0934785728046498,-0.07712168865481031,-0.08209870639578312,-0.12779973184672289,-0.02603079663710609
emb_dim_0205,0.1502099564417168,-0.2808123007238173,0.14411206686854786,0.14521654217807387,0.10898500965583631,0.12604958005846537,-0.042016458447572354,-0.11412697403280063,0.026365543548346363,-0.0706196212047194,0.11233260948313213,0.31798486748978216,0.2680034673847405,0.003426073928528633,-0.22786499122055343,-0.2349030622272555,-0.18703016639100112,-0.044385977401254974,0.09119517731741038,-0.019250730154030907,0.06276299132329544,0.043709243550720644,-0.05302014153504641,0.01590399122458181,0.10829697471549979,0.02260406805006532,0.017600042004223004,-0.19376339874329992,-0.04360469723167715,-0.18988660996250076,0.15671978363732633,-0.15047853615395532,-0.16259817092262735,-0.06159760603614086,-0.05465179327971556,0.014985956793552519,0.08703763167093008,-0.0969141621584878,0.004463199740208689
emb_dim_0206,-0.37296213970281633,0.21251112035452843,0.002436584161112815,-0.4412273361555503,0.048767886070988864,-0.19126223381326724,-0.010371618648141782,-0.03413870932760347,0.05276440517384336,-0.1340745039802003,-0.01379903577658484,-0.15544488523690894,0.18071651814742123,0.02740154844505651,0.056093633463784556,0.17854268935966466,0.03280952373885977,-0.2949572535774361,0.17865324720726394,0.01910644000363333,-0.010679802296642263,0.052925603518593704,0.07838903751389384,-0.0905303003936714,0.08266297980683335,-0.10820112866533552,-0.11228998306268213,-0.02669561060397544,-0.04616892257105585,0.08196762580853982,-0.08978260028578804,0.008328661324426867,0.07193618967281555,-0.08857087544171113,0.0564550607218977,-0.2412590257050373,0.03725270748984284,-0.00768299403932108,-0.0981408893732697
emb_dim_0207,-0.7434699028276835,-0.1484941918259748,-0.3354372056116376,0.043653970373600144,0.02700514344384371,-0.01660753863911227,-0.027807444220994865,0.0271974408035736,-0.05134932587948063,-0.02783659416307689,-0.015072063872328505,0.18477487155493136,0.02381808248406791,-0.0810224239360499,-0.06218894487440571,-0.0763501475581404,-0.1110886952602883,-0.022903386542363048,-0.1003442137659518,0.03277887612848659,-0.004435445833679403,-0.043861833841981966,0.06954973149159298,-0.04549429711556334,-0.021975692506229952,0.11284373030564496,0.048413654000693196,-0.01103961662421893,0.10901118328812934,0.02949633343585243,0.04936932716280613,-0.0009276050752417811,0.009988495808750462,-0.14532594152121664,-0.008710109211334251,0.1640330576479677,0.016513919538074035,0.02593636639500296,-0.060810921952774225
emb_dim_0208,-0.1693342194399207,-0.31295269384385194,0.16315025248053786,-0.1895526870849853,-0.23075641227679505,-0.36301683771677407,-0.1688160536045683,0.04052348662678194,-0.014024280246052153,-0.15846363668768293,-0.14734492301747285,-0.004203170450260001,-0.06463113368820567,-0.23789175224883277,0.08047283739750759,0.08712528314110758,-0.09792829198654723,0.05245928890718786,0.045396977113491235,0.029338396981222935,-0.035506580503908994,0.02248332898064818,0.03642439774512496,0.013508534767855518,0.1036686017877738,-0.07465755270645917,0.030538623483487244,-0.03651476468794497,-0.14963271305724263,0.09374483596730779,-0.00981249463299654,-0.10568026573596702,-0.13830735207681794,0.07083131180098177,0.28416372531597234,-0.013000850304097476,0.03261904490255422,-0.15050529476149427,0.0502735695576708
emb_dim_0209,-0.4999071937669027,0.31266620014836466,0.147809590276127,-0.4556097663483998,-0.33754251636877747,-0.05694442588109457,0.06867662105269641,0.16198679153775994,-0.05557957475619516,-0.068634055855405,-0.19121977997628647,-0.014933380137560763,0.026723145436544145,0.04220430762494707,0.02106840936283215,0.047952260423135884,-0.06808791848145974,-0.07924075064485908,0.06798688268449671,0.06576209760322774,0.05054378973790312,-0.04161252155770037,-0.09130417151294722,0.047560192260447484,0.12846208089026342,-0.06378265155537187,-0.04213266612710808,0.08797477287181875,-0.11294899309288005,0.07290429038191247,-0.08435058172224268,0.010345258648436028,0.0598906750111334,0.012813166353317567,0.01392775970289623,0.008431045912676134,0.027534889595405152,0.023725971839041106,0.09274262721392182
emb_dim_0210,0.5772096897105411,0.09830742481135887,-0.11184506354561843,-0.1248948161634872,0.29898168611051607,-0.13356221818299888,-0.10029655979499201,-0.0068440152040270446,0.10828106362643547,0.038113453275295396,0.0752070484939692,-0.06167809289030567,0.06618554758150855,0.11735428787825132,-0.10602275304264061,0.16095472412762693,0.022549231303118752,-0.015287577664951835,0.1832416523080278,0.04053141457564556,0.08775788677182987,-0.14840191109079243,0.10743894189587269,-0.03575829599051728,0.06910796827198656,-0.021439461301298625,0.10399996150957483,0.12297527023170228,0.1673682513764823,0.2790285138295009,-0.03638883904208377,0.01374528215589358,0.15931917714910604,-0.09784298067795955,-0.022776655127504784,0.031307317055746804,-0.052572061607152776,0.06504996819583435,0.05614618926458014
emb_dim_0211,0.7225986944449464,0.2187628349725426,-0.12295224246419212,-0.06386845666852072,-0.1663283253761996,0.07880385976535077,0.04636559942006175,-0.14735106774232076,-0.10335102040289745,-0.06661133270678354,-0.023871996938679845,0.04886850313466727,0.021926339182881657,-0.04152074803236008,-0.015588347198249426,0.22115485155584516,-0.15221630439928385,0.127255433411224,0.07023701194130554,-0.14707891683960334,0.05866247759709142,0.1260890253857345,-0.05964843026200312,0.10513161204374862,0.011996911090978404,0.05212753691425258,-0.1423490416304624,0.08697893964895387,-0.1263571294714116,-0.05307812238869067,-0.07523197188353874,-0.10736834941415206,0.004070885973116512,0.045660243519967884,0.05659239501621742,-0.020522108598682563,0.017068975348037484,-0.031149572720254516,0.013770672689400196
emb_dim_0212,0.11572989898447439,-0.3590981953890038,0.5022513524952402,0.07310493715151077,0.09398308813932608,-0.21243261038838365,0.17294508869148725,-0.11331655658594793,-0.012661354894983354,-0.006233134553771686,-0.1497763047964814,-0.10934288571077735,-0.02160689342601891,0.11752165290709622,-0.1300876767431298,0.18605674774316763,-0.031701245033759075,0.10420429579574683,-0.032461894626783484,0.019955628348503347,-0.062001988719819025,0.08334764617194444,-0.03246398292887517,0.018628839473824935,-0.08564736913530567,-0.15829191380952962,-0.06604672561354127,-0.026343360108213646,0.05636904574592003,-0.05307720653777098,0.04526816353428427,-0.0915657505238874,0.1226342305003126,-0.03266458496184999,0.036251846595398984,-0.04995162296784107,0.1556168131894689,-0.04708700794267135,0.31920545325293814
emb_dim_0213,-0.3118339762747673,-0.3406995365262131,-0.025496235675986457,-0.13152265116214168,0.10167807304118434,0.1105734645304847,0.11645073089503111,0.24053005818324105,-0.012029140409417322,0.1663101633874251,-0.05390030592234185,-0.17948463772903203,-0.05776593377268443,-0.07849220197082593,-0.17174858968039283,-0.0969803714087118,-0.012157102094627057,0.04458555634447803,0.02014666945209031,0.018623940559216744,-0.22830857609571423,-0.03412796564131407,0.005498168699465998,0.10802388730178077,-0.12024577570085403,0.07516700530880935,0.0970427676127752,-0.246434905684825,-0.17908412033430957,-0.012802730784957953,-0.11629171825454633,0.11849340891825448,0.07754769428768418,0.15648706914637622,-0.1039836694879875,-0.06324903954410314,-0.18335196686969107,-0.09496689564056027,0.12608816492326413
emb_dim_0214,0.24642260493053575,-0.3842830274369801,-0.4024327813352944,0.0358521355244476,-0.06269384762441729,-0.09098287810842196,0.03889643485214025,-0.051190668356630505,0.017128882118605346,0.20957445034546082,0.00110837821581756,-0.09525810295498939,0.06855739390200982,-0.21646044698750133,-0.12262623041361638,-0.009612165491084885,-0.07514728665846311,0.11795303382565038,0.162131297924339,-0.13769112350571322,0.04973364188591168,-0.11971286647556786,-0.05897702987067862,-0.13499642146430982,-0.09552263526693226,0.014325182898881319,0.16083117212343978,-0.15904766240757462,-0.03369127673581952,-0.011345064415772519,0.031071552702616675,0.056047993518666586,0.03032567836075433,-0.06108832776436861,-0.12084951918440938,-0.01363711153905644,0.16288372151711616,-0.04207128312559199,-0.009739657750103218
emb_dim_0215,-0.4273788092336088,0.36233214069418634,-0.09831911571574364,0.2608638382852523,0.07223510486183264,-0.025272299353329447,-0.07152037187951317,0.048606529897489634,0.03523999148951487,-0.0015042994989300582,-0.15138476735589554,0.13395677867690964,0.08392454309079658,-0.010963494832278556,-0.09585767498331624,0.01659291682863511,-0.10525876617754083,-0.0042539486511790235,0.23642664225366766,-0.0772744931559862,0.2068561722528731,-0.04216058613770159,0.01115974435952516,0.15537110626444028,-0.03159028038770435,0.22555107336506464,0.01438209526025319,0.031901345813372235,0.0691965756562048,0.04892681613394436,0.08750787786994284,-0.14703847030802109,-0.013365853809890674,-0.014105381163490869,-0.18211880715635725,0.013075691846526134,-0.07127612538057905,-0.13743014216842692,0.0015736103978210533
emb_dim_0216,0.6767712693531657,0.16544640668710667,0.16498615005206585,-0.04572339917364477,0.188040919087038,-0.07053818324181145,0.037898485384700954,-0.01933064513982034,0.2858311949825325,-0.0929308482423458,-0.002602970332249257,-0.10974358155485538,0.07548693473995378,-0.043231004287148066,0.06765417310829111,0.05481388767412967,-0.0990098796766734,-0.09178282956150867,0.06625441176639008,-0.006294440794859113,0.06739051888670872,0.10576726536756226,-0.022727055344206954,0.04662307767813683,-0.08173562461588664,0.06398409162809858,-0.06583932576243337,0.04561430957304221,0.023316196767294274,0.024540758169313042,0.008985912601459698,-0.06635342595670891,-0.1317338259384509,0.1212171919489415,0.15788456007207152,-0.014604309849613901,-0.041530097139935156,-0.11376606071618575,-0.06516909350498216
emb_dim_0217,0.23823955516171974,0.2673348108296906,0.6076141814317885,0.03457987825396103,-0.18024451044669162,0.03431173234960406,-0.1310138779384317,0.04319841562894753,0.03160998241108931,-0.03299076212694325,0.0715358274137253,-0.018493331630777966,-0.11550128144427842,-0.15012128367791383,0.18273267638730095,-0.04630737975284684,-0.07929387256747707,0.007086901535683294,0.08632156455516056,0.04687484317870447,0.08403343435385774,0.07753567206037208,0.0692198000782318,0.031515637547086015,-0.24590366309569006,0.05436363559798682,0.040103600808172254,0.036005692624932494,0.044714778918888975,0.09391462830886022,-0.014786805061153707,-0.059638978801071066,0.04031316198072241,-0.09482540101523619,0.10384997201318645,-0.0304409541768334,0.01807147945680938,-0.15695572434899271,0.08314006003540574
emb_dim_0218,-0.5409932351513659,-0.5900831784447287,-0.010782886728974124,-0.09924034699228101,-0.21049250715830647,0.13904729008426425,-0.028503356971768312,-0.05557641735790644,-0.07945244656883858,-0.04394500149724959,0.10489051393023906,-0.0041467057738832,-0.13184401325517792,-0.007694569648488487,0.14322411828348225,-0.01261457869507323,0.04395806442370393,0.05951524514511127,-0.142078576042006,0.04996371954222466,-0.07088823191589348,0.19698213788159216,-0.05327431352041149,0.12627430331973927,-0.0014881968701933716,0.07380873773822012,-0.02873760443270445,-0.04540628688365651,-0.07594347809880575,-0.1016931191643678,-0.0617754753361659,0.04403509737759005,-0.000661692005101816,-0.042423492741905884,0.0032523214795949287,-0.029613906639040406,0.10308101998503354,-0.04655977093991653,-0.06805300972098588
emb_dim_0219,0.40721188051520013,0.17689738959155063,0.40937220398094515,-0.22325798447911746,-0.1873151221131914,-0.01720558760994871,-0.07380218733171467,-0.19241792051552056,0.03615428769164407,0.10973726894550921,-0.12096195658966541,0.05187248175990831,-0.051681182747926394,-0.12883470528092683,0.1100498600461931,-0.06581173578825768,0.14294646968809652,-0.019497585499294184,-0.07254051313836153,-0.08726584094866009,0.03204729793666809,0.11465834410912033,-0.0251123505408953,-0.0013026112525750953,0.09504665679784302,-0.11731634230901522,0.05097473332004904,0.07648446163737051,-0.0664919630647021,-0.16364091985111398,-0.08649226688181753,0.009437027207966306,0.002665004087409938,-0.17484817826567303,0.1302171513648662,0.06052247853086955,0.07558884379052055,-0.03058305525463967,0.0777852667010797
emb_dim_0220,-0.21943865950561525,0.6077645534564586,-0.06377026636316765,0.06571270862269632,0.0816340742234844,-0.12083532109043635,-0.1247374020674173,-0.0488596429115694,-0.06673795710436793,0.11404613127720095,-0.0016184280958807984,0.2534656041875589,0.18520811591416686,0.12264606248086896,-0.024154165663607476,-0.11974343354104675,0.030642712072050153,0.11061345870384616,0.13625421166753082,-0.04926045976170697,-0.021768128768390946,-0.06210604503152353,0.062286986413659665,-0.07764497634747118,-0.16243382594265543,0.01816276881174674,0.05670189250300523,0.15392167405281365,0.001785737926938813,0.03553101438242367,0.12014977562692833,0.0881443589455126,-0.03464635351750471,0.07261447384652142,-0.15652712877624386,0.07247693179924061,-0.10505188941205879,0.06353440104299982,-0.1716989305813604
emb_dim_0221,-0.1375582465206584,-0.7324486426459851,-0.1101986619843379,0.178232031634362,-0.13984410227678956,0.18928677834106736,0.06985712517747586,-0.17723411189242338,-0.03843045324526301,0.09583478519696904,-0.05065319298474008,-0.08472897267594173,0.033061230955835096,0.11491379582205277,-0.0042323522739967576,0.07360498625036554,-0.013726842252445552,0.21909447429802817,0.004595526439716175,-0.027033497778582438,-0.013975844419683841,0.09280271289260734,-0.07346120608458194,-0.07410020745911162,0.11150190427722943,-0.01274916144431133,0.06729830984815577,-0.06293502201579786,0.00293616359776597,-0.10791558939194566,-0.06418758001135366,-0.129575755836205,0.06298096598426306,0.04482958546518148,-0.05642706463585727,0.02757522381946644,0.1496352180463397,0.03223277904139474,-0.03838898362317271
emb_dim_0222,0.5469610057020448,0.371452676805075,0.4213406529783714,0.017200293953316726,0.05979273897319099,0.03923230411806236,-0.07633396206596958,-0.0636197028274887,-0.003231595208059389,-0.02962655745156055,0.010696028390588752,0.01263330314666775,0.042903384030952486,0.06765108816649916,-0.05098215420474958,-0.11738471796030513,0.140294898599293,0.05880762522059755,-0.005637638021185434,0.08001143804742313,-0.10057033582736966,-0.06300258057258509,-0.05380886458602565,-0.025100814150389072,0.014198440031526434,-0.03246309732786879,0.024130168806961297,-0.14212171035942842,0.07343728040688433,-0.01843705020312302,-0.14280143546629676,-0.02575181484894312,0.06230791362149205,-0.1694364200097176,0.17502360396734587,0.11087257242505176,-0.0035725185440859384,-0.014372461008871372,0.05207331187683015
emb_dim_0223,0.7328389130622993,-0.1812279204609204,-0.2843765873137794,0.07882773090505345,0.09174882404085291,-0.13389466623835797,-0.033072421476537245,-0.09377538089377281,0.10012008046644277,-0.03775827306210799,-0.009756441177571344,0.039885498353637125,0.007186653684083459,0.016066835863439172,-0.008497206516288134,0.20947534163663636,-0.05888417774303164,-0.019188318012985955,0.04893433585508587,0.1544792316047731,0.01891263940509461,-0.06336433729053825,-0.04906866489199792,-0.0013513740474579959,-0.16405270450940374,-0.1011644489692119,-0.05870902468595404,0.08956910302695419,0.018980681902635386,0.06364052850176338,-0.04950458350841516,-0.11586911379509529,-0.09755838477011473,-0.05186053519308495,-0.09867211581703288,-0.014076790772961435,-0.02243360410716332,-0.05209015597663365,0.08670358311889975
emb_dim_0224,0.07090966611203516,0.19892271098910508,0.3579096476190714,-0.256166863362441,-0.134729316100599,0.25930626736705675,0.15433724736345167,0.2646385599806493,-0.11042512698020954,-0.20367215926476842,-0.05034886352456878,0.2096675773077586,-0.04261018700340932,0.14176063087805046,0.11865025471461788,-0.1313221366361587,0.1050112231584903,0.06225700106099137,-0.008161339667055706,-0.060997570983131334,-0.012276662554488706,0.03467716411323704,-0.017313413790569696,0.10933562256815428,0.22982039847058336,-0.13945644964832288,-0.0008396127110127837,0.12504595086630413,-0.05987453816716235,0.07796934666883404,0.06590748081565471,0.26792676890753453,-0.039591741845529826,0.14412601611874273,-0.16044130366705442,0.11637687711780902,0.0865849602084408,0.041979021714711705,0.07855529887602644
emb_dim_0225,-0.23932516047267574,-0.5672802903281442,-0.20576313775896987,0.24471957746881481,0.250357511112141,0.07809022724862245,-0.0007751849730436436,0.04022242645631571,-0.09413711353579853,0.0646880692119863,0.16782409590740247,0.20221231519925506,0.005472040274588914,0.2493873629523093,0.0882237474956035,-0.1090798605052395,0.08262902985643969,0.03208870428281675,-0.03214311008557045,0.06727698691060875,-0.02671236138529351,-0.08692711242990896,0.02796997735419286,0.05164095847661124,0.04198796666768238,-0.01799680807792825,0.013916859880477073,0.08534896229130125,0.11821865544264014,-0.017358480602908462,0.1851960044703286,-0.06610122456693074,-0.022856278760143258,-0.03560752321967565,-0.03542508699103797,0.13114098442741612,-0.022163120790149864,0.138506754615476,0.03289286372593542
emb_dim_0226,0.7336074096862727,0.16019632014681348,-0.19812837204324707,-0.1469269998832323,-0.0333224108863798,0.10521941686892786,0.06083551447408903,-0.15366386870898777,0.07990062314591342,-0.06997485128834735,-0.03208065625772604,-0.08115973720823808,0.1175967694492007,0.031356059826703225,-0.040267551111291974,0.02556981223604401,-0.18333465527726947,-0.076480065778153,0.002525344643050919,-0.02199667528830387,-0.04735606850990996,-0.11399699212681982,0.06288192848463552,0.01262611992759025,0.08329334754845562,-0.1980361507189984,0.003453102223211208,0.035877020988080675,0.0009862991858112762,-0.013756086091923511,-0.04844268352749294,-0.07612408047020235,0.03341448559372586,0.07816365674397187,-0.05116158320496659,0.04800530440138578,0.050163750706082824,0.06277284793387954,-0.07155358372374894
emb_dim_0227,-0.030637929209766185,0.12043812878018734,0.018368849294736752,-0.08862361998110908,0.1500012064659158,-0.049169424117927116,0.08533791355171028,-0.2750023843447348,0.4400103125281163,0.08512122008409763,0.15769155448134445,-0.022730379995906276,0.06625414014957294,-0.1357527395021917,-0.07407841112205688,0.35526453637197886,0.06268069297055956,0.056021300204130854,-0.16787309047192214,0.10148112270212377,-0.03331319624653677,0.1233967988683694,-0.12611244429773155,-0.11596519995094727,0.0014233210644593625,-0.22700375252637767,0.03826125479951081,-0.020944406783232023,0.08883151716491275,-0.0967143939538079,-0.06970459131148521,-0.1383676178194132,0.0043846331440934375,-0.040244549477609255,0.09731547656958844,0.02331216132857198,-0.005150917250802093,0.0306554200258137,-0.03105096317045586
emb_dim_0228,0.06804309180357694,0.27757709006306175,-0.510745459002912,-0.3032615004451729,-0.1136242927514395,-0.058906156667667006,0.05712226218983206,0.003326839149262668,0.0011719749404087855,-0.061801065568443496,-0.06324426903829,-0.1327760997399428,0.05728530377436025,-0.041446291029349644,0.045689580681967296,0.29511229345787054,0.18984468455731662,-0.05790905789576824,-0.04755696967361112,0.024802211794702336,-0.006359518898205352,-0.05057250482015504,-0.07852935268148828,-0.06031936971271644,0.16435960652856293,-0.0895728361486899,-0.09593545149287781,-0.0751094639208383,-0.01826482441131482,0.06969223653944605,-0.022275593089767013,0.058302314784844086,0.07241717346728768,-0.10107977813366494,0.10979284103639424,0.1830724263098239,0.1305804351864125,0.039431307107113324,0.029132468555766546
emb_dim_0229,-0.4911523239414281,0.06240406859209752,0.054789859779017534,0.3086079529598791,0.15207880356957248,0.10941241324180968,0.046589466842491,0.04110786036815478,0.011582979741079271,0.124781788908286,0.023779154802564994,-0.14265200653282786,-0.07853886159429789,0.11917232043386963,-0.11204650221445071,0.012316133211784264,-0.1836917344998581,0.02540088141964482,0.18688274956436352,0.1287418816969985,-0.0006940910270073096,-0.03398533715807487,-0.08921016484913585,0.06695042373208274,0.008768919219735759,-0.11274677980111823,-0.03085331762926091,-0.05834019691270406,-0.1433387466588011,-0.13549132421271687,-0.10296833513834659,-0.25128286199544764,-0.008719418828798755,0.07018813668460844,-0.16131349305146192,0.047701869806948946,0.13558312416267873,0.1307536274029878,-0.16961468365522891
emb_dim_0230,0.25266125396822237,-0.21617009891531422,-0.2717749305873299,0.041313081291720476,-0.03878027127508838,0.4628575455958494,-0.037358386206352304,-0.17419284412798963,-0.025214485455346557,-0.0038456069934603558,0.018596382465329114,0.10798793622003798,-0.0032144469121371125,0.1998640968520786,0.01288899827057727,-0.03900494121113448,0.03830869802143278,0.12859127333264656,-0.10143658489786479,-0.10442179194162794,0.017968330158240627,0.11209871282013284,-0.02606854573156936,-0.02284245775208746,-0.055746153253538225,-0.03327469826157622,-0.08540534956704095,0.005888430538883352,-0.007652373312550829,-0.21205791819243075,0.18653411462200586,-0.07969702924546479,0.015029935863062152,-0.018354314583604644,-0.04600648498509512,-0.05403868347932571,-0.037227517497868616,0.005460990376895842,-0.2760918207046757
emb_dim_0231,-0.05101365342093578,0.21007474026373046,-0.35355978831656987,0.010967273959723611,-0.27768281799969113,-0.07516900267857936,-0.04614586666195383,-0.019454168814602418,0.0451503860551916,-0.10861214904118544,0.021289616367081023,-0.012426795463492627,-0.1736965052933514,-0.14102148566390296,0.013106762833247607,0.23749968865482834,0.019678071049260313,-0.06669167802332639,0.07606091921393332,0.011707544485285739,0.046169639233620004,-0.003618886720918272,0.002208979301418609,-0.00969058087135034,-0.05045537737573239,-0.028302194865808532,-0.546146432986337,0.026138211836231905,-0.11468861582264828,0.06227652509915424,0.06468964269493017,0.01513323337820811,0.08169310155033352,0.1280764731462642,-0.10776738056681123,-0.02099025996084426,0.10961492406661068,-0.02618103107713069,0.0003686281314840061
emb_dim_0232,0.330298958943019,0.4494861610641734,0.3637326556175522,-0.06999749422117452,0.11194193175667351,0.02572150520838031,0.0004021318289826388,-0.0761876075730772,0.15679683628945013,0.18034137349649895,-0.08959430945456442,0.09724645204888319,-0.009180299852580618,0.16132371371617055,-0.10309072282802888,-0.12987809807758288,0.032733417198020684,-0.15241000754754694,-0.12553265700404476,-0.023751385073267565,-0.17104229955195652,-0.01940758977971168,-0.009393590750184967,0.059120185160908396,0.03580928613138284,-0.22187539396571537,-0.08149082586920008,0.03874983374520115,0.03663121987313417,-0.1584096629982445,0.07636598607166911,0.01914880010083341,-0.12070982037947707,0.07836027983404996,0.05068144424424526,-0.1466385120458291,0.018674027181244876,0.04635408659657806,-0.08775565517332669
emb_dim_0233,0.09436209035058839,0.061781111427546484,0.6934819057493201,0.2635923854077585,-0.022196866455725172,-0.3758318555673625,0.09888831642209742,0.05915698673834639,-0.027653935732521905,0.007600807954836629,0.009535924927918119,0.09056896645139849,0.05867623888709708,-0.15299915571000597,-0.01759197224887462,0.10530953301081764,0.015390902549863833,-0.09839583291744083,0.09953638373636209,0.006509270989415383,-0.0498148965351325,0.008193043795228006,0.05486861275469322,-0.04546218148173678,-0.048422679915201015,0.03775198253912362,-0.12490328662542632,-0.026427652023963147,0.1557266344247402,0.037315362409835205,-0.10495235970087195,-0.06568816412523472,-0.04633781362308003,-0.0056131298551632194,0.03603423952117424,-0.15716194630123834,-0.04626647036424016,0.02054957084400288,-0.03989914651033489
emb_dim_0234,0.5043048052671093,0.054402968757644936,-0.06509920872309904,0.29727262729707604,-0.008909088439420822,-0.357076826951745,0.14975566848749586,-0.10819918389371155,-0.07170673493288159,-0.009306976800846078,-0.03024551050425284,-0.04153794181530434,0.09126260865697498,-0.19203728410398227,-0.08020084026209118,0.027635410551175636,0.025512007835814716,0.033001510808834685,-0.06782121350212653,0.04554919456358064,-0.0031039475964496402,-0.14158232424843514,-0.039677878632728744,-0.05299515689579595,-0.15026313217810475,-0.008196315119281362,-0.04266154064439586,-0.2981057693445299,0.013951123534409306,0.028075864494159868,-0.06805701764048912,-0.08465805324402528,0.09979154821978566,-0.0074129968835595925,-0.16293825660086833,-0.025418760430046573,0.0656485030224731,-0.0032557212981794707,-0.08794817714198938
emb_dim_0235,0.30638434865129804,-0.2729899534168476,0.052732547921695586,0.006383399460599032,-0.2217417076813976,-0.08092979296970453,0.008671319118639656,0.06684812396055426,-0.11147751733198137,0.1612725886776423,0.042497120428406226,0.5119377942297,0.06283124133407846,0.09338601786542726,-0.004859227543336941,0.11215886686289112,-0.10328889175405308,0.06773125314497387,-0.06649368170369793,-0.03537100395344836,0.11273279854960863,0.16875813020997776,-0.07989236483923229,0.004940101917687954,0.10658563007841151,0.22104055109506193,0.06783148926781667,0.19327732376899487,0.007376031169041224,-0.16520244578046633,0.07827402426552658,0.03539528959189544,-0.16573983168425277,0.09275703803972325,-0.08825211897773488,-0.06454444190700433,0.04539779816964244,0.006336913018820158,0.10981245538777108
emb_dim_0236,0.1590521492375185,0.17201720757993424,-0.4808221841195644,0.2702849213436033,0.29170581571942145,-0.07784487727684827,0.03500000682463917,-0.011619028180403982,0.1350734273600705,0.14322510658294074,-0.13659181462361758,0.02732850063259574,-0.17578349401941307,-0.00357517355540152,0.08780610732049453,0.06712499017749758,0.007949827772956804,-0.011496711439831813,-0.11589143474182625,-0.0064208349185388225,0.08179145657832029,0.028395403536091584,0.11282665932318263,-0.12081048679411208,-0.1798586651234394,0.03197619064618655,-0.021897229153971007,-0.2286686461943493,0.05928884294189545,-0.10645170964111202,0.0029473759934851413,-0.1249540091704183,0.06591750716574878,-0.05946970103904364,0.10972565945973516,0.048295053452814186,-0.10621044332729171,-0.04692484359870887,-0.018380217934894725
emb_dim_0237,0.5686457702308046,-0.11588166854501722,-0.1107651522460377,-0.10240667661524988,-0.051419837896917606,-0.13530369590957234,-0.025093756940858754,-0.03065539981391322,-0.1794660168541193,0.27446888288941795,-0.02083945713222944,-0.21172789739936546,0.19152127343080788,0.05704408936942096,-0.04372102281970224,0.2613891653656313,-0.09673271484384202,0.02193844885444225,0.05196225767326111,0.012900347707728027,0.1274013940504977,0.01691253206466442,0.12431652868402387,-0.031970966822069645,-0.1746529868862466,0.021782244650638934,0.03794481828473716,0.11341846792454319,0.04662717813613188,0.10684308808785205,0.006218183206186168,-0.056143767796907204,0.13621946166188859,-0.1322476137855229,0.05619135135983514,-0.031098261319386384,0.10518367968661244,0.07341772506593292,0.0021826912521555773
emb_dim_0238,0.07339801404843867,0.5625233006417855,0.06220676755470929,-0.27651757455848747,0.2954354991935779,-0.01621977407513112,-0.03480376768843793,-0.011381114746120318,-0.12293041267478633,0.08757374287954367,-0.09749509245799368,0.1964662634377822,-0.06733880930727626,-0.08717003583412118,-0.11961271790572144,-0.00823660487944567,-0.11315561913412414,0.1591887140363227,0.07881921521054003,0.013981623951593589,0.018399865464313266,-0.17807456976077268,0.019501136774448008,-0.09826619789860312,-0.043038449400847126,0.07490946739004739,0.00868368072356865,0.026781379521064193,0.09534064388451365,0.11874852795174694,-0.015176548752183923,0.11276206785870561,-0.10925972004302181,-0.022204487485681997,-0.08581217770574096,-0.0231245998829784,-0.13806242914109018,0.041831639472520145,0.23246138592244078
emb_dim_0239,-0.4585071779152413,0.11539389367621954,-0.3851562183054951,0.38049982228623147,-0.06152305875907114,0.09305472277894275,-0.16019272761968625,0.07387359441816509,0.2179913515813741,-0.18232419166502584,0.04745555346899808,-0.17232162329012357,-0.02934847121823341,-0.021360960892250605,-0.09490022193400574,-0.1605275989448736,-0.0389801173862717,0.027326327537422215,0.13957982963217475,0.016534474564720708,0.006290269830311529,-0.08903735821419803,-0.07789908645098376,-0.018041021689883092,-0.055081185052385316,-0.05979060963707403,0.028806585082403826,-0.029253584453784377,-0.10318642924743743,-0.04121907064188002,-0.021497759312485456,-0.1543239495644314,0.0061725392706672415,0.021461418243471732,-0.030680250948224855,0.081334432826653,-0.0012798132357196021,0.011156064153834112,0.02617504196142908
emb_dim_0240,0.1788523244116853,-0.5621967905928043,-0.02668216447007687,-0.20259850469386712,-0.12180263039472145,-0.15778266393486184,0.0858574358856323,0.02784705561872524,0.031950207186480284,0.006615736124862527,-0.17760254355319713,-0.09795314731606727,-0.06359235710775045,-0.09514033066909533,-0.04012044292854159,0.18532014619050316,-0.015671272169148213,-0.0656400065862111,0.023832034198401027,0.16915766628452297,0.08038475909557416,-0.1261777829098809,-0.0518534303623268,0.022170983113410567,0.2104663888272663,0.034830212031528245,-0.06049301397421158,0.09064631397669168,-0.06511870058820805,0.2720810526672756,-0.005675470557272157,0.24928849390017602,0.10455412553256856,0.05129704854073931,-0.0777480078331876,0.07220086690569473,0.05851977064196598,-0.05140631567113434,-0.006216563986096587
emb_dim_0241,0.22772567827667645,0.05239390674674185,0.1986437676793316,0.30578047716966994,0.4050311669245659,-0.14346214050418393,0.015507490034514616,-0.06187857481096121,0.0749089036457301,0.08608794072824276,-0.09359060618745974,-0.2148696596883113,-0.10728395782405774,-0.2839287059078904,0.030003818919429926,0.002620952882372384,0.11324355411572028,-0.021502962226512573,-0.21911187208150057,-0.06596038575021738,-0.010955115200788665,-0.09567199546325938,0.05353631915725622,-0.1397208503508548,-0.07698637116614362,-0.02863622808590161,0.06283243111402292,-0.14902223839219322,0.12188409323411772,0.06093907357982442,-0.04764259433279236,-0.14510844764074884,0.007069784077466507,-0.028401466230241,0.05210158587623236,0.09929465702729369,0.09538427275027783,-0.11114887247924918,0.08725978768404492
emb_dim_0242,0.13051541198415278,0.347426513046665,-0.20920629629324036,0.06082127296548172,0.18716851836131823,-0.2285696970520068,-0.11193905528640394,0.06277989681964011,0.15050305749488888,0.006799475827779423,-0.1285056027785998,-0.006088062536648485,0.05117758764253387,0.06756631354029027,-0.20816190153312367,0.00819495897762063,-0.060513738942578145,-0.17606423721448725,0.29822421733726967,0.00488526589837382,-0.2586364386140105,-0.056945426902975195,0.00854343684201545,-0.19011675518024593,0.10617364205291194,-0.013419002758283163,0.08242600331179994,-0.06830653179410012,0.020579065765578015,0.20698445053793454,-0.0051862584942654645,-0.06897736671859353,-0.13044452275930518,-0.10945284123895116,0.04285474920521532,-0.05638553566626656,0.19084605680719327,-0.0597821513485765,0.10249713218419322
emb_dim_0243,0.5832337914562812,0.00032343253230296236,0.2634817087075229,-0.10083386444931611,-0.19131332534771153,0.001513986806778853,0.020592372529419183,-0.03222982835682068,-0.11926951713356922,0.07985507236236748,-0.18811574105392534,-0.12003937289325609,0.172088714754651,-0.15371126712062377,0.023911935002295128,0.04759746627931899,-0.13193302124845194,0.0028570857281568643,0.045119957823471245,-0.05788777536025074,0.1154272109489067,0.0699623296723411,-0.11452127721153177,0.018931493750034976,0.15163345329468694,-0.09556513439134438,-0.03213335634634517,-0.07377170078552954,-0.0049360758407698685,0.16563749357249613,-0.006284030990858425,-0.1498829153296018,0.22687558481120043,-0.09296657320596502,0.035949094483735844,0.008392764498388286,0.024319904697224927,0.06647656835985039,-0.11261886238110595
emb_dim_0244,-0.08254920954415064,0.07842054351499866,0.45684775385068743,0.06839895932235239,-0.08081904462097766,-0.1583734448216915,-0.011316935672772019,-0.0778383721626378,0.0791050873256675,0.21671775122654344,0.05856369828890023,0.007523744222215304,0.19674247203358494,0.03995659394688637,0.23177588762645712,0.006211188899468228,-0.01761852345419234,-0.04465249413592076,0.0896556765625935,-0.18301778977359867,0.10136177473421074,0.20809129077125021,0.09396506073974371,0.03315670403038564,-0.05260107660027565,0.0427418836509146,-0.01647940034902756,0.03409290320606516,0.17555200045657737,0.2432002405849346,-0.13608397260821556,-0.21976945606400738,-0.10557877611144315,-0.03502784399515935,0.03657934779593748,-0.023335249787195547,-0.1560906958757573,-0.13147816742744137,-0.05002969089522436
emb_dim_0245,-0.13175529868535857,-0.6529224883046582,0.055417483976234035,-0.033635461384833296,-0.0019343024227668872,-0.12337980340766569,-0.09412777026928162,0.3468800665654011,0.046306800507039204,-0.04374449632352481,0.11225183682077337,0.09535157262270327,0.06907650997927857,-0.03657423938316753,0.25206755895143534,-0.1092165303440492,-0.08145693382229227,-0.07508455284124473,-0.01781184546952368,-0.025597103695002538,0.12396691624095142,-0.08302559923369303,-0.005666102058627242,-0.026791118912363198,-0.02525655482233703,0.07137534309312439,-0.027874013631463145,-0.21387691461289363,0.2561423205831445,-0.010129657727400721,-0.007615890519006661,0.0998907485847626,0.04494834976360299,-0.05198331779291245,-0.05815751330287072,-0.08440350094531528,-0.03575437611380498,0.06420078913823364,-0.03017899185662813
emb_dim_0246,-0.2077072248469911,0.7027096623383661,0.2879937510154039,-0.08240570301702317,0.09913315898442168,-0.10646242763266882,0.09062935663433291,-0.05259738305973951,0.024280186209561582,0.10321610922078538,-0.06208138383167358,-0.03674589953355448,-0.009969378605765813,-0.0360602726629359,0.03306829301397273,-0.04062209584762325,0.0323156112642824,-0.09847895841672472,0.12245438807777646,0.07436554092531546,0.02946156294702321,0.04140374750053936,0.05965447854746372,-0.037132869375929634,0.11216071458319087,-0.060651527057869,-0.06653846230071234,0.1564458944796567,0.054685107128580636,0.13096484531149774,-0.06840245894029777,0.06329599706286633,0.11951166174206096,0.05267224585081183,0.03754084393357635,0.11820713422857715,-0.05654231356768346,0.020561420308790324,0.03539844612661024
emb_dim_0247,-0.3553782777798635,-0.139124487491359,0.017131238466544598,0.19413117762099852,0.004417512296318319,0.27142597562523674,-0.13591922955934044,-0.004065442328005872,0.4597058011191122,-0.007931761849592281,-0.009155297798852425,-0.04934125908774997,-0.28460706916128453,-0.09921825172188725,-0.15990623620129646,0.06256672189649853,0.1003093511539687,-0.06938453007236013,0.12931221857763145,0.00791999580588313,0.07812396532545374,-0.13173135872363323,0.06543853307866324,-0.003521556142187237,0.12663683854797225,0.0006814826462398566,0.11026938706888732,0.10115973665876721,-0.12335181997990818,0.0166097767441879,-0.24662424860293067,-0.008780846863424483,-0.05726139338940312,-0.007725881193139725,0.06816148085951614,0.022498607567406206,0.013792716254676643,0.03209799096037438,0.08844229970974248
emb_dim_0248,-0.30157705556883907,-0.23306795693434862,0.49807087464780053,-0.006974644632516964,0.05858014331017617,-0.22555259736778924,0.02554765079171755,-0.20532967653565762,0.10427732899908136,-0.07307535590855473,-0.14099563620621572,-0.16845976806486795,0.0002642161475499013,-0.08972081751888741,0.06208964837331426,-0.04272769508998167,0.14222560154071567,-0.20058030489283823,-0.11689283086716548,0.0400076688768644,-0.12799176448167152,0.08819509834924086,-0.11268323635907213,-0.036303060830419655,0.003129828554620162,-0.05122925070571393,0.11463886036526033,0.07608963366472915,-0.08881641685020676,0.01508168004606001,0.053319941418480815,-0.1087261648780557,-0.06037740281219844,-0.03028807644663409,-0.04763118737272479,0.046219698647094465,-0.0605741363384845,0.02058375688089395,-0.055691585150598424
emb_dim_0249,-0.4689177905988924,0.20760258228768363,-0.3015068740473251,0.03522656469029639,0.26202007407859523,-0.1571041001552217,0.09481147611559261,0.05229473214068075,-0.21979121642467198,-0.221936692661838,0.25865821072365786,0.05329353166507929,0.05593502477947704,-0.09782136970648911,0.037145206202347174,0.06905640073102597,0.06996180390183997,0.015811401285618556,-0.042464609186306894,0.0933074942241037,-0.03672783475986691,0.1516446679028195,-0.01912729849724845,0.013092403831597411,-0.22086439642561398,0.021119917943013777,-0.06972844949129824,-0.11219501532214814,0.11498746125471718,0.036124884477782226,-0.07634511997050192,-0.02647313301959244,0.08534908757162356,-0.05934932737641138,-0.03272444336260752,0.08369670193932399,0.05268671127737054,-0.06590175532146328,-0.019070405083636697
emb_dim_0250,0.07703258685524295,-0.7298408434867543,-0.12661883085509257,0.06213652798323683,-0.026424378438032577,-0.14550599529679206,0.00010821968064661894,0.08941850980586838,-0.03171294472383814,-0.02852128715686503,-0.10257923822485822,0.1773973674516867,-0.04235304222986323,-0.1103265806419603,0.13042245951022205,0.001966890792116144,0.08286212845107246,0.03249599269611376,-0.010580416793867481,-0.10872221339683162,-0.015559527875033964,-0.03186909668085942,-0.0599799315223975,-0.13964764666198767,-0.015813280886676776,-0.0270992661839801,0.04700611599900086,0.051594420144784145,0.2161886143519236,-0.11047807596743153,0.010910281514802035,0.059625319905578816,-0.021918712897410732,0.15731525101672136,0.0028106430357011333,-0.05464555427584303,-0.025966753727191916,0.08157362771684665,0.09978173848459958
emb_dim_0251,0.24545074705791853,-0.15338995930495872,-0.30381246789510824,-0.021744851282787768,-0.11621639001339656,0.01342310060867865,-0.15570585494676442,-0.012319952719448602,-0.1749381227098243,0.0543122846901984,0.06525408376284487,-0.1104787486393125,0.015985122375801443,0.002055851281351977,-0.05005601180537842,-0.1373558375685121,0.1147331719515263,0.13701166808449397,-0.3792441054066139,-0.1948141651314748,-0.03271750517033461,0.15563076208688323,-0.11778761520434036,0.09587420978716783,0.1320999459003661,0.08822991849634071,0.043864651740033615,0.15111917768279598,-0.046334256042366316,0.06046666943274617,0.19376541988666976,-0.09041871205597586,0.06601818207032265,-0.052968515358910825,-0.021734486932926678,-0.05060387189577912,-0.041348024198024975,-0.14887024839194446,0.2018742375772116
emb_dim_0252,0.8189617945071107,-0.262268878259264,0.16544355363279567,-0.1378409809181063,-0.04536476113417464,0.05244340368770771,-0.04833313029640028,0.03398707491934368,-0.0352885366472899,0.044374872532998294,0.02242267290957597,-0.007519999395252183,-0.060068422820416835,0.0026220351552820194,-0.024243060409421684,-0.097570018056625,0.012653478490912464,-0.03807255875956541,0.04972323520869957,0.018483815711762816,-0.0525596405322159,-0.08313492788043846,0.09962575338701024,0.06382317977430196,0.10780613585707867,0.10933486046352828,0.017572547925388975,-0.0757621348103721,-0.03568147624582457,0.12264993975837563,-0.019792413558678376,0.06636435876373678,-0.010672583856782594,-0.017505366782037745,-0.019221807088447385,-0.013701084380314069,0.14098163654631654,-0.015447660548454202,0.0017937550517667436
emb_dim_0253,0.6884553332271075,-0.24545811254861877,-0.10616353155095704,-0.10350736484604213,-0.1718133001399718,-0.12950773269443064,-0.10123638831271037,0.009862850424139733,-0.16460956437736826,-0.09358757721536815,0.0385589199073885,0.005899903596901056,0.03162099268224858,-0.03674649996974309,0.03581937425718323,0.06970556881093139,-0.0016686927439556096,0.047231373149209416,-0.06861524931417837,0.019966507097529302,0.055156901850360644,0.2305675577681711,0.004699965282683347,0.027499499536167673,0.011931440322303857,0.12489606030410108,-0.09776153759066133,-0.10533343811667163,-0.09792922991165215,0.020914697726172427,0.01722221300143907,0.10867394388342665,0.0750544774644339,-0.0561806684687255,0.07412593440478264,0.008837983083470733,-0.07420246324161582,-0.10846748995308698,0.041356512851229855
emb_dim_0254,0.5414714723711439,0.18520769825650196,0.17969435797475258,0.36696964439519236,0.06034595434107962,-0.14712795036820542,0.13507376832855922,0.111810052879103,0.045186594756095905,-0.03666546776961532,0.029131859791742876,0.05914937957469984,0.09249312464906448,0.13509855969183385,0.10910222638692955,-0.020237122394631227,0.07997721614372848,-0.17564285602641871,-0.0014021659768437837,0.07843261059155203,0.09820652235497286,-0.04785700850643315,-0.06269562614625727,-0.1053486637419472,0.1029972704819422,0.0010143862820147288,0.022001892054054645,-0.12639201408061937,-0.016295845819198025,0.17493825772999932,0.10931235032670814,-0.09834295391755399,0.07353960728683583,0.033408963942893846,-0.16142712220566702,0.08440937595986164,0.030982538090899674,-0.060971332879904694,-0.12308307674867218
emb_dim_0255,-0.3632402762181634,-0.3333262803134133,-0.08860057614105257,-0.1141419961002807,0.007902155091522018,0.013416030356074655,0.06947008056585663,0.25710755996970625,-0.09149411076977777,0.07460577232336493,-0.010496915861348714,0.1868294836384229,0.23223200865111315,0.20004946910203503,0.07585450555710366,-0.08042192109222346,-0.010834720088306448,0.15292043681251646,-0.024482774567408466,0.042710242595480154,0.033682215107208605,-0.04048771266724846,-0.2762957953232579,0.014501778251337456,0.07134768226190982,0.030856908467929208,0.20737508964912932,0.12558972729531617,-0.056899581585432235,-0.08575002780211122,-0.012989312759077408,0.02941451857406453,-0.14567069473008776,0.012612034714415276,0.060478989534583666,0.1052820276442295,0.045447218036446045,0.08584332301588916,-0.053095973179762564
emb_dim_0256,0.18817739660253094,0.012281830486113568,-0.004432423503376742,0.13570348426796763,-0.564783166829623,-0.03675026917802278,-0.05705439532044588,0.09328867103743334,0.15333304411315693,-0.04145045131275255,-0.05047643065822619,0.26740679519497307,0.030194953376423597,-0.0852245391063766,-0.021926079260972814,-0.03582634203741264,-0.03508374329648703,-0.07808499928548344,0.14865732219212788,-0.1098647075141723,-0.015085260709478594,0.22283587537377889,0.05996819289613462,-0.019319657317340984,-0.1509468290189021,-0.08432680107157435,-0.17915458360817355,-0.05171855945101857,0.2268367414547798,0.052675735869001546,0.042270626375832496,-0.14602222393287187,-0.1183976541503775,0.00670030704757861,0.06539330059624157,0.12144844914516657,-0.05693937698052772,0.044767085384319255,0.09104677859201085
emb_dim_0257,0.3085139305777396,-0.23788786881016294,0.11434641124978737,0.3845683526633789,-0.3796390051266671,0.002967748757119844,-0.08279296243775473,0.18028496663940044,-0.05013516021719648,-0.12328561024877321,-0.0013014741893944634,-0.017566616805826774,0.06686404207540479,0.08525795435590153,-0.1261117336127589,-0.1838715922436492,-0.12055344425462941,0.1499666216915674,-0.1422248246333433,-0.08874021518272784,-0.01778209585490981,0.008568575092261707,-0.06825381107039191,0.0953810152954576,0.05808404681132122,-0.0850264821598263,0.09514588839413869,-0.05270340766957908,0.018359449343265218,-0.05034421258962905,-0.01823291297322519,-0.016990920851449494,-0.003186686816897478,0.05627317779573594,0.0032898669267859343,0.08225084353555971,-0.00031602124570557886,-0.21811073850529494,0.0543137572969281
emb_dim_0258,0.10597353672703143,-0.33135124899499446,-0.5127478334261553,-0.16140569688355494,-0.1128422359726899,0.22210151181221077,0.13595285233569435,-0.05137297022632553,-0.20416357174952893,-0.019503376144999397,-0.10243544471366578,0.24947695902383807,-0.024266319295644642,0.23868326503024304,-0.01318981765383578,0.08390929434949436,0.023844833332634353,0.13414586506389517,0.05487530425724316,-0.015421625698795507,0.15834197233838396,0.026588521022124532,-0.05318928660246151,0.12903193666156862,0.011732142511721222,0.1169691662081791,0.09937447627093407,0.1487192496542285,-0.0197640040239027,-0.029491949652468305,0.0862087637819525,-0.1798116095398428,-0.020898173266657903,0.05750072598564685,-0.03275316623820975,0.046890766197023974,-0.016866256242960113,0.0009729188103876694,0.04018640171735465
emb_dim_0259,-0.005324300147007026,-0.3987329234656424,-0.18932653411685849,-0.0479177422703709,-0.34881500050713543,0.17413277276960787,-0.10513518579139879,0.02305654945087258,0.013413836641661979,0.009770693112419982,0.12116570288210408,-0.10718051783553732,0.12725086796263496,0.07646663050216808,0.1526479824205384,0.02806560753840541,-0.15439651228889148,0.16541486265509855,-0.08937278516706272,-0.25329594806337596,0.12136353003275091,0.14126381412064187,-0.1059249030360411,0.051954670711849664,-0.013806562351093678,0.07488022101824636,-0.07125513239875392,0.1836572537764199,-0.10774861696277775,-0.24531171223728165,-0.06286091578064021,0.1536587586240072,-0.08791686315083796,0.022682567858699595,0.09418689180472335,0.11470672560135843,-0.016689431687536838,-0.10558409684240426,-0.047380506618224724
emb_dim_0260,0.8289791436702719,0.16976472338179993,-0.1290289697599177,0.10245155563124607,0.06255909091479682,0.08309372304784408,-0.04325629481363217,-0.07974797498086791,-0.010211459839562387,-0.06593883583369184,-0.025081277942860365,0.036404791570015506,-0.06351519112300646,0.09451513400789328,0.08779204344241999,-0.01621253807476677,-0.08347286413900948,0.12886378588888342,0.06672993528328484,-0.06458487875997965,0.07215522492841048,0.004061744084753185,-0.010145102839347477,0.05100246698845877,0.061485032236088234,0.09340251450164762,0.01494169280642922,0.020597525181400803,0.12661833052362856,0.04481698642441109,-0.01646197181217082,-0.11750276189417053,0.012452608314051202,0.13805339255546373,0.01926219942596042,-0.03242293815586279,0.018056645859418397,0.007920870571239236,-0.07281716066004332
emb_dim_0261,-0.22091681620722192,0.37616470048531864,0.5947079822932694,0.011559975146371351,-0.24009771346795822,0.007259863004499845,-0.08703377220580163,-0.04404167965106125,-0.11990580336362854,-0.02386410931963808,0.1028418494625879,0.0037432559544039222,0.06424308864984947,0.09658676969086977,0.006474810276095504,0.08550736503431136,-0.05139612828921067,0.002080660940868818,-0.04350641754180649,-0.07837836393740832,-0.08618187729353612,0.11610297398358096,0.07930789552735538,0.058164725034350474,0.05945900550957265,0.046588245977090735,0.007594849064715928,-0.09841439070050195,-0.23765892427887106,-0.03351569336052055,-0.047480421108974026,0.0031741534886730476,0.14811694238348833,0.10707174376246709,0.0022501642266652545,-0.07709606074208535,0.05368285207241274,-0.085440528491763,0.009949181807253165
emb_dim_0262,0.6213295155441304,-0.21324557151649523,0.000435999764724173,0.07370155584303197,0.39192076533247233,-0.014963327212226159,0.005156195636103464,-0.04914717133209771,-0.06841577130410692,-0.046042006529700606,0.11926860641383817,-0.026862830350872512,0.05221849926478566,-0.019329513660520048,0.13032393170331502,0.10734162972846308,-0.044633813782669285,0.20150331048567224,-0.10049740192764053,0.0395278204454418,-0.02749807419521714,0.10451282854741961,0.009816950177555395,-0.0625812339292775,-0.08549244999696298,-0.00039768349123000976,0.02797033727705481,0.010187633041930799,-0.023548672717989643,-0.19594198204940572,0.05311454332265771,0.01245871954326604,0.06661552607186602,0.051733110522074695,0.05221128843046184,-0.08507061432509949,-0.2046190908350568,-0.046590941786497544,0.05792504406976629
emb_dim_0263,-0.3248124438628884,-0.006173928596728493,0.18061310730057797,0.4873965523852056,-0.060114197312018273,-0.09000743412817785,0.051077207503275386,0.1062620275162635,0.10254795352549097,-0.2102647425892555,0.005408721217197608,-0.0052100482297727955,0.009418507814820828,-0.001531212356976481,-0.004035959867697624,0.003338285431025853,-0.07172703766660113,0.1019561005829559,-0.07970502055719156,-0.08966423942470643,0.05391690790481919,0.0024130899025128216,-0.05140744045324269,-0.09023231624565642,-0.06527891927447235,-0.06242197217771726,-0.09906030404450139,-0.29583211865248416,0.09393904853396985,0.1297557976659525,-0.07489899803986183,-0.21751675043013505,0.05519639484139093,0.23075270153644428,-0.10542410456292957,0.05592882788750813,-0.01443871121538289,-0.0498079917887682,-0.007625017580976123
emb_dim_0264,-0.6895786368750049,-0.32330580468211956,0.17576324838400612,0.0558753080785578,0.06805570596397233,-0.06774194713131802,0.0072704210742777714,0.054054341723041854,-0.0008195272471560062,-0.09925108861699594,-0.06349814532349704,0.02267607870452433,0.040171058917370425,-0.13445352823553963,-0.057982522592434346,-0.026102056401517453,0.057466282844360526,-0.03665861679188635,0.12452099650162247,0.13923964947366038,0.0019596437295855067,-0.048239111627485516,0.07799672013382652,0.1005914958964762,-0.017287557794300756,0.09043378634547106,-0.1256596208242868,-0.04796119231787392,-0.0715773590009288,-0.024465769563938082,-0.018980712964633495,-0.09314533429216322,0.029064953350985846,0.05893066881165798,-0.03632876751634242,-0.18333584534524128,-0.0443656411901599,-0.11362744270826816,0.0985761792962255
emb_dim_0265,-0.5470460282562808,-0.01959814489269784,0.5510025019645064,0.1567751592120038,-0.164719473597652,-0.12477257757192306,-0.08950683520930215,0.10041419016704749,-0.04850459780860614,0.0022761809205994604,-0.03022033718199264,-0.02273108344248226,-0.07994464452633544,-0.06481648315778293,-0.014039774912628221,0.02359501752863996,0.11851764371950786,-0.006286794941848246,0.00660966329195589,0.07494869381017054,-0.0843162763199491,-0.18592444240224418,-0.0026995636183262603,-0.05272361257335571,0.062115138378487235,-0.06328745141330909,0.009859993559354002,-0.012412098618852178,0.11151222442335454,0.05245283913012268,0.05387621837584737,-0.03955778005019612,0.20781859370272862,0.004952556658867154,-0.13818099660909408,0.006509373592785588,-0.0542320377519043,-0.02072765009550236,0.04919906178665544
emb_dim_0266,-0.7143565276416881,-0.03812657049078504,0.07085988332630423,0.044137447984991945,0.06211660792056822,-0.13618881160685986,0.010008371595723185,0.06008565033633543,-0.054618650635270334,0.04241767002632552,0.02796565990931794,0.06683664413904655,-0.09422382345302238,-0.08748316468676971,-0.06764584187585197,0.1438333024625309,0.08421202996457788,0.09374295973272317,-0.016355912289492385,0.060080146534145944,-0.00522281584518593,0.10751750602132487,0.04313378644712398,-0.10899310873886849,-0.14945653176684923,-0.049368894635081026,-0.051189644077350466,-0.1385035327940458,0.031975383699948554,0.2281354597605244,-0.11561395975356453,0.06297791485227042,0.08267795949543051,-0.0952894793850686,-0.11640537137210094,0.015719779474040522,-0.07460546752423043,-0.04291543860697414,-0.020749068175143052
emb_dim_0267,0.596305376178863,-0.3787510431620734,-0.35098482984000323,-0.1017355415874539,-0.11105460556087306,0.10194124188558043,0.04123379476918474,0.024874887623121702,0.016889992809214285,0.05672913538922658,-0.042847594051011316,-0.028629254999726655,0.18014514803676385,-0.05219691794439595,0.10574487593362226,-0.04516949316706275,-0.08720994562926392,-0.030153630836915354,-0.031720856534565106,-0.04855422839002958,0.05776462880491489,0.09134009513693643,0.05609387158284845,-0.02618961907930258,0.1486923674995407,-0.05904798797127447,0.039741276579124594,0.01089398637530246,0.04783798272922092,-0.0717060577726051,-0.0981134216486963,-0.10730017260585237,-0.09816566769839487,0.02094838589971591,0.12324882690427316,0.06186123904537592,0.06160847002274445,0.017810848551148676,-0.009996819257344832
emb_dim_0268,0.06865712203437283,-0.019004393779213622,0.09968285555356056,-0.31585753750498663,-0.19082449939348345,-0.019904549149466207,0.025386692097547084,-0.05063390982297854,-0.022406879315413342,-0.0074404241546239275,-0.07600464191004491,-0.10766542376239438,-0.010910208420071383,-0.2312679150410594,-0.05638378510211491,0.5545263042074456,-0.11106037545669946,0.025857523713340352,0.11097080028531735,-0.0020211176570003107,-0.1298729660898782,0.08958474916783381,0.05274044382871699,0.23048763636164069,-0.01035008919772713,0.020809647366665456,-0.1422705254468482,-0.03865372638201693,-0.13100865663931494,0.06671837679345348,0.10222406823163353,-0.08653896230803064,-0.06615320470665614,-0.07202693846415215,-0.12281436485837548,-0.01884088267632697,-0.033418816400135685,-0.17482629883052866,0.05012508074311188
emb_dim_0269,0.1711721344724251,-0.04068228282432214,-0.3560960769271376,-0.38726381844638086,-0.036070587395332955,0.03829713086978887,-0.13193774771917438,-0.1732656133295855,-0.01768645068151425,0.0021233925029621073,-0.011112590870885602,0.20203712294582019,-0.0031691394312085446,0.08149669028307313,0.07350376618154972,0.13067895812226174,-0.1949253872417031,0.016202672818443568,-0.10468992247444293,0.01168029039775052,-0.21153403139133856,-0.01483898395960682,0.2249829058329605,0.16219548499720823,0.005490758162313086,-0.1560340708468265,0.05406500476725428,0.17095046975525616,-0.07523180629763174,-0.20454800592410718,-0.026736434878947085,-0.004054070564641966,0.09643836646169947,0.02593992346839457,-0.0589296300553884,0.1828044000538755,-0.017509986530289793,-0.08930460074841381,0.030736860485544217
emb_dim_0270,0.4885307734884655,0.37644686484969664,0.2518367445624977,-0.10346958296421972,-0.053680325427981915,-0.09898347759909289,-0.04186355757568522,0.18287062130557652,-0.13605084518588872,0.11814442332589142,-0.0017547445019661513,0.1219720131526917,-0.09743399130892448,0.08672052089942266,0.06805562411675772,-0.08856098317473264,-0.17702281672290437,0.1357263570509665,-0.10957563628645804,0.03151941791576648,0.0864227746770832,-0.08884486750178666,-0.013149300310918257,0.02490847447413488,0.13620900195537528,-0.017479907892912993,0.06572572869608112,-0.042890755313330226,-0.06795104592731888,0.0637344580103438,0.14290659025333433,0.08234089992352585,0.029169188352777636,-0.11406141359456892,0.027239835318934404,0.07553691085420736,-0.21888176089872458,0.03579468506752956,0.045962787851554464
emb_dim_0271,0.5854744909228242,0.12253093037399605,0.04413875823550183,0.3645493685854143,0.030480114971384385,-0.009673847235478485,0.004945891021575255,-0.14060221567935452,-0.023958413772653262,-0.035406892031306814,0.029067042639548728,-0.009708185342000571,-0.0591752652426283,0.07403021683127567,-0.05380750099564651,-0.06344878881386415,0.011110550220825684,0.029356300803474792,-0.14486518896203146,0.11797920593296411,0.05115515133013292,-0.1636300608530736,-0.25213111731142845,-0.10864110172524673,-0.04074796599060253,-0.1173289623797412,0.044441137401117575,-0.07926593708867667,-0.1349921034527824,-0.19353721985355596,0.10010764652376282,0.006072120884534117,-0.0972748847122584,0.10993675753688298,-0.05502118337431192,0.011428920916285439,0.10993525751917675,0.10713373318473286,0.06328708296688908
emb_dim_0272,-0.17072556734685504,-0.4935211029561554,0.23725730637043307,0.19111304995671405,0.21307226799884146,-0.02050102316626478,-0.02857764487966459,0.21914537580743254,0.028214084062379723,-0.2377090513875283,-0.0920832728270065,0.04515334087652065,-0.11899683567383079,0.03205035031560853,0.07103446223584554,0.020987143591168805,-0.09754259324741386,-0.22357656314393198,0.08410200152109064,0.06549925506471901,0.22082047603403787,-0.22348584081437609,-0.053877287092223725,-0.003297330815120904,-0.028278252574800922,0.07475489161882522,0.12228969426023545,0.06480023028515236,0.030154722876466908,0.13531694530769736,0.09567265323131664,0.006377314321591439,0.025696138553131003,-0.1304678900373434,-0.02752670469233239,-0.03262221415198311,-0.01721788435753605,0.02787449942162242,-0.04730991558899676
emb_dim_0273,-0.3396515522497081,0.019166274150637014,0.39491510134657015,-0.14196671624049112,-0.04767083605508894,0.014018625348817261,0.011896085754346567,-0.12339772691285675,0.16805295651530539,-0.2542682412031563,-0.11521706139176098,-0.1720553085967271,-0.045124472638721824,-0.05200794695130472,-0.11377645478121447,0.13360273473765893,-0.02775691732006504,-0.09262582009175499,0.10414451220779312,-0.24088514876218048,-0.171200072993256,0.14576674132954917,-0.10451984307179622,0.05290122620330236,0.07820299638927714,-0.06149414052665161,-0.0066550408346388945,0.1720900899784125,-0.05035393195722687,0.19123089829570636,0.03717396345329563,0.013982900349759284,0.0469608192780136,0.08303951835968364,0.16705840560983906,-0.09105385522112426,0.02495220736389978,-0.17139885157802626,-0.024971170481818166
emb_dim_0274,-0.5640846421163735,0.14075415298000926,0.34735721883692916,0.05033179456596415,-0.29829705423585123,0.03249005972909213,0.13131034045845957,0.10414977154363413,0.12638690054198345,-0.18782078767369698,-0.12918596627258064,0.09829179741684195,-0.042413714168637526,0.02445103118577557,-0.12051497198195388,0.033560994642623014,-0.019842340979694,-0.028484111109949115,0.07145123022221996,-0.10183953389525999,-0.0518624668087401,-0.101976879609878,0.021307001089843083,0.19917648032847585,0.19533261987709688,-0.04778801911915905,-0.00857428934502951,0.059975760120770216,-0.06496716842500203,0.10187906098448916,0.0960462165971769,-0.09585854834367219,0.028906775502730533,0.11256000153193921,0.07481309118645263,-0.09121789911187074,0.06880772209637333,-0.03007565274688363,0.042137960696469114
emb_dim_0275,0.6164529089782778,0.4886958459896277,-0.034327672083325766,-0.04252353554425854,-0.15993271612032592,0.2477139608164588,0.016275109888562223,-0.011728684709638726,0.0277885834792982,0.08275820739645656,-0.01496810860845079,0.05544134556711448,-0.023036804101661486,0.08346572889033389,0.09816002812476851,-0.03191050491179312,-0.04857993923639005,-0.013366716697513579,0.05874063784753901,0.06601418489874913,0.013041792421088409,0.14414854026453863,-0.08065675829206369,0.09407258755017946,-0.05192832845250247,0.002477447255648914,0.017481368152195125,0.0049626827898780895,-0.07569473939090111,-0.025282376829615434,0.018612469173065735,0.02094818720911859,0.05389241981497866,0.16162412879795698,-0.06629420267174645,-0.02273408796147303,0.0884942861724005,0.033486640108900366,0.044290617958819944
emb_dim_0276,0.8394470613011962,-0.08005891752112182,0.09897812971434357,0.1775316074257767,0.03981230168379928,0.03686286540365808,0.07072681912794303,-0.12553573364775916,-0.16588466742454833,-0.0035871055782057113,-0.020824256507756503,-0.027682560448151337,0.004019588968503396,0.0450962697533027,-0.052651477461343014,0.024092821956724228,-0.015421882628911693,0.00961529520720072,-0.13755605485253655,-0.036632475160634365,0.022956221496542414,0.06222263485256229,0.10311931437171597,0.09965628283303041,-0.07052601955036615,-0.024003288203316958,-0.013304561255264734,-0.030398411123979563,-0.032997843746300506,-0.024366990467286565,0.05307691488569938,-0.08938921461680772,0.07544349549208904,-0.026032124115842287,0.10753853126017295,0.020621445541423217,0.05184214311409594,0.02989982907327536,0.01631781728896502
emb_dim_0277,-0.6398896467317687,0.5071002657998953,0.10871126929972691,-0.01593210798752683,-0.20773076204280994,0.060148504067450564,-0.04206885795307132,0.056219937669598485,-0.05986063693653618,-0.13064747505697355,-0.07030834409687857,0.06197667476701281,-0.0025597307135616395,-0.050732630497635725,0.0345886918664552,-0.2128866858997379,-0.06621334818790513,-0.04745110231116974,0.05604250654252664,0.02074578554670822,-0.042998449188905066,0.042358101902719984,-0.0717493765581887,0.03908738575174128,0.05507983036279638,0.04023512176403712,-0.03502337778056587,-0.06479371729217383,-0.041287042628437354,-0.02757086780770958,-0.10344750874173682,-0.02635021895282566,0.11678394262484894,-0.007673829792475494,0.024954112570135672,-0.01526969382829089,0.08259006111819794,-0.017755336807996312,-0.1344985873636345
emb_dim_0278,-0.19580966535510072,0.08174642203721999,-0.5160806372309359,0.14904450604256594,-0.11425358853729345,-0.11054398814068594,0.024503370408472856,0.04761743589647423,0.10380228275682438,0.021747866334805414,-0.05511422052046818,-0.29215621011565585,0.0681153865207771,-0.13484358053755355,-0.03935542588670491,0.20473776849151737,0.04831830685071207,-0.04233287710099727,0.041988831803883034,-0.10061081275811622,0.1769404320784996,-0.017862831360022254,0.008440235304005195,0.19405252767636236,-0.10987923845514416,-0.011595845977355915,-0.014897989981004875,-0.026298199408595447,0.012197774177846878,0.09793384790972062,-0.04355922293288593,0.0828013631750749,0.10521124158432739,0.15284396983256632,0.07708188244443899,0.12514631015207472,-0.1090718839297167,-0.08305554172546219,0.003339021768136592
emb_dim_0279,-0.3692627598336605,0.23322550105395917,-0.3392059998561198,-0.015087391415546957,-0.32668639453318016,0.14481612751192893,-0.06361306315301866,0.15437985520170228,-0.019159763248157973,0.15145655805893085,0.1400869641726414,0.00028643551665844213,-0.042534416541185574,0.05380219705328885,0.00021612395774197988,-0.17127146909948335,0.1319073589373422,0.04423214325120149,-0.11886729689829775,0.009715831054420912,0.10377442931524096,0.06389208241712811,0.04793785679586478,0.09420791024927344,0.038046638370704225,0.14671633207165985,0.06731558136791756,-0.04065642993277763,0.06757711215195467,-0.14452013708361225,-0.053326171497228056,0.1877434814500636,0.00198330409718233,0.0231373990305097,-0.11282324585722438,-0.13106554849315158,-0.01633213334896493,0.15093774244329836,-0.15197206427406268
emb_dim_0280,-0.35913739456518684,0.009265054265637849,-0.29810514508243524,-0.27868259149325486,-0.1874455548170033,0.004366592097207789,-0.09040907235758007,0.35361551391516544,0.16667359096644593,0.034175304090961735,0.09505045056539244,-0.10402017785200182,-0.043927767685274254,-0.027808998863661134,0.181054162131502,0.04255746248413622,0.0991166039407659,0.028380863190186248,0.013113434041103524,0.038025039449341866,-0.0935953023879187,0.10771445675811961,-0.06122414654518787,0.0880094704992019,0.05056561496039066,0.16713939854683804,0.08972160517909575,-0.01781176964790087,0.05363957571912623,0.14724490297726517,-0.08455958105531172,0.09577621349397168,0.05172323800780525,0.17630746201714698,0.04039085316287667,0.007818128703238916,-0.09078698253444206,0.02124667272314032,0.12890847045038004
emb_dim_0281,0.3001771207073689,0.3126695858832409,-0.259112848987376,-0.12726270318267302,-0.04254806882089802,0.057611369790836815,0.14832432855764435,0.004110861629914011,-0.16157547693714386,0.023863246498484723,-0.15242074545016954,-0.11514230689889043,0.0860966072781654,-0.016088943053046385,-0.016764596290165412,-0.1419605562725591,-0.05034052721582237,0.012604982146870941,-0.16478635865181304,-0.03361843155952682,-0.11952838672241906,0.11502544900198901,0.02762979621316372,0.1324201688173714,-0.015847174418638813,0.15810628628099194,0.14461078930205576,-0.07071149979487237,0.1725693283842893,-0.16670539386313535,0.20739943867137736,-0.05295097904833081,-0.0660216554476002,-0.15575863779380364,0.20228397832545725,-0.09462843978173878,0.06456364353487126,-0.011816671149086135,-0.16425196480615611
emb_dim_0282,-0.5430606549308992,0.1978067763558712,-0.31404148224535594,-0.050051641932116614,0.06352668064211181,0.08811794508411,0.02392678106039938,-0.19178695457603942,0.08040661406566117,0.026999721432698978,0.017107245516209478,-0.2271733600718392,0.04993205375011467,0.0432005513029144,-0.16898230782741452,0.08454659804659312,-0.11355412105074932,0.14069976957259686,-0.1274784281382112,0.044107255833429594,0.08310815742007888,-0.04596964349812054,0.03530819903792728,-0.17233693341139475,0.23402695374846125,-0.08552478856778353,0.009373607370585778,-0.08405617999231038,-0.022037082288384968,-0.06507700640048175,-0.15559967938754735,-0.03756749653521975,-0.03995041033235592,-0.08933372797534313,0.11240670143745136,0.07336882816817084,0.2292133776331009,-0.011689609216296502,-0.06504036404765745
emb_dim_0283,-0.17915145282096853,0.44022927448159577,-0.12411471421337346,0.14717055251008734,0.15702293921737542,-0.026165105906994474,-0.0708590216648886,0.07259474308448055,-0.0029794129442827903,0.0730963950900656,-0.005855558093156717,-0.1289412031504828,0.14724051105126934,-0.27440898283506104,-0.12814722386855631,-0.2022862240188086,-0.07423679791450506,-0.018844300900165836,0.004758674101678446,0.03628548315394371,-0.13478516758695827,-0.23836471949693455,0.04106643229565352,-0.03889622599447989,-0.02712355437833891,-0.04129311734710745,0.2397576571726661,-0.07639288778426746,0.08244645569314446,-0.0855460102440667,-0.06332571345627501,-0.22421541171302603,-0.00853662849312562,-0.017986366109967414,0.07400631425534182,0.04635192715404778,-0.04477222060353594,-0.021163675702030354,-0.09654444565972435
emb_dim_0284,0.10211792193870503,0.14368199312524696,0.056042663721867864,-0.36556630950109653,-0.2497310315945571,0.07888806026284452,-0.22713126525706243,0.005983355965947208,0.1307100703546583,0.17288022408811124,0.13500608912203316,-0.07436881830520321,-0.1568418646678876,-0.07868059792507082,0.03400261888516695,0.0037951608207221522,0.1924696804970748,0.0218582187245426,-0.014268588738465864,0.037791056030388195,-0.15608291887190828,0.10180411387320011,-0.04942399209542898,-0.02410804423700695,0.025925371699590444,-0.11187859208320439,0.10927694011430361,0.09032953178151996,-0.09407191083783947,-0.2910861423288022,0.01907405596912027,0.2746137023003591,-0.05201209356643361,-0.08685475763124924,-0.014856891726032197,0.11802340632013297,0.11286875367880372,-0.05649629297346071,0.18065582462238963
emb_dim_0285,0.04344358667117768,-0.43787854109915403,-0.1800526964383064,0.0772846380356398,-0.2656357055806709,-0.074066529242622,-0.278621438388289,0.10060690766160588,0.03757123018552292,0.1500440076964239,0.09630654333145452,0.0016013666565056226,-0.03277713145895118,-0.1553138457466665,-0.12042338433439871,-0.09931813527805106,-0.0740156614036564,0.2609569198058179,0.12199741975364448,0.09998838041302334,-0.09372545468558996,-0.15055409793643296,-0.06436208581352493,-0.05941701388704088,-0.1543943323422903,0.20719811401209645,-0.06753462677444176,0.07627462706345241,0.01488961827147312,0.023991378555042207,-0.22229389973364883,-0.017117514474113662,-0.02595929998836899,-0.012846172043827112,0.06835428774210438,0.0969233374533473,0.06669627427323996,-0.011583212943915686,0.06511715046783291
emb_dim_0286,0.27641019200800754,-0.15110114284118972,-0.0789791091340287,-0.006840474497192897,-0.033218882704479376,-0.041974879130358404,0.012032703325614472,0.06991062406020229,0.1274053365413898,-0.2840419034651974,0.14089051641637287,-0.390290956918107,0.03534070508211092,-0.01965237831074452,0.08751787788146882,-0.04730226105037076,0.014560464037856281,-0.31764039312102066,-0.2548085690988014,0.2167716836602878,0.021844917587248863,-0.04701298878654371,-0.0653352011468386,0.16660438129742813,-0.007176073417842406,0.06706700768134258,-0.1157681395309677,-0.10107091671028988,-0.20628363570559827,0.1370138878269378,0.022669018217348177,-0.02277642275684615,0.012685171209193862,0.02124397460616143,0.03387844377277317,0.08343837171435388,0.025890187443679782,-0.041763176521581305,-0.08513856609427292
emb_dim_0287,0.4719542066775155,0.017635618513190326,-0.15658156977490362,-0.14743050032846725,-0.32663162851719596,-0.22132917528861254,0.11397976753406587,-0.010207166397290555,0.08086478245286247,0.23482571881035835,0.09899453873006088,-0.05979758905265379,0.13991942145459493,-0.12647451378968358,-0.12654305438721217,0.24605821755921028,-0.019224554299211334,0.05093400680797657,-0.09075289869141923,0.050233653372710046,0.02918082519956303,0.07700412961210926,-0.15256839726835317,0.05065737025750832,-0.014220410294270788,-0.1605366922243571,-0.09583463903050898,-0.10764655430856833,-0.14619498053401328,0.03222341402560228,0.0813937048287125,0.0020716484249369716,-0.06856791558450939,0.12254159448194034,-0.08017941537995557,-0.09676421568999487,0.03443948231037806,-0.05344620840950355,0.07555669560489112
emb_dim_0288,0.3212514598313086,0.22171814083103775,0.49954078116126255,0.03612404837544838,-0.24946992824723085,-0.015498991736180447,0.035491537330051406,0.15976567641655937,0.02382343704634961,-0.08195422522625019,-0.022439542496467086,0.13227968544707636,-0.07834642406506757,0.008967441943489564,0.11256743526803864,-0.3167072138940914,0.18167984218911126,-0.16195640067732106,0.11423381142503476,0.03676521449289837,0.0073382564301149745,-0.05291857484310519,0.01024172394432426,0.13050453215652794,-0.03953453906966894,-0.0703853268421446,0.10180540377284676,0.018739895559811946,0.12603120086053937,0.022607288049060842,-0.0663346097622278,-0.036053160286286336,-0.022481069593654358,0.07351901363167261,-0.014030640720824591,0.003690289358219048,0.03823014975881452,0.03846838009330928,0.04512350780087219
emb_dim_0289,-0.6089689914237286,0.26050256870381144,0.4671671830330504,-0.14658741708326048,0.2351319981758867,-0.06413398729950245,-0.028672141267599083,0.09252614551784318,0.05012650139358531,-0.0039046350017457594,-0.003395643349262631,0.03200655860921692,0.010552592438291293,-0.08617833845774106,-0.03129369852760986,-0.03983236673192652,0.1037116855571061,-0.06486402970272623,0.03310283554278329,0.019245100007963575,-0.015657004642731797,-0.19566933857103502,0.08007059920078272,0.0579379065729852,-0.06792957385417482,0.0464042461878082,0.037434430015926105,0.020211942412904943,0.002259130373970558,0.03396361379487298,0.07658459965233413,-0.033154815026375115,-0.023977671419962515,0.004971432879923886,-0.057631941797648696,-0.05845268435195814,-0.06538760227524629,-0.06764302224198918,0.05061471124254121
emb_dim_0290,-0.1910945263007999,-0.5655240512772284,-0.4633357006183876,0.10938115149225948,-0.04244169307254827,0.016813304466931325,-0.05219658030405334,0.14460150655699366,0.17396203363844043,0.10718805937095503,0.02967442216616231,-0.0791133611470523,-0.025782237219846578,-0.2091937374755762,-0.11900019541650492,-0.034715129915492256,0.006464915620272811,0.04050329863488206,0.13618127237346436,0.03932971705292528,-0.018387045555337454,-0.027889735991208902,0.03015503882317059,-0.1136840194329293,-0.09685221524634696,-0.06707216024510762,-0.013690866102965453,-0.1623318618922093,0.04406354643624638,0.16951757573932122,-0.08078406293790914,0.025015366263481834,-0.09698674887910184,-0.009720558193443517,0.040157831467482946,0.07600686978377513,-0.010872653560096424,-0.020307746945681323,-0.017475060153336074
emb_dim_0291,0.1350513797279214,-0.4679407268868311,0.026191286379195336,0.3080328254219762,0.1415096688861188,-0.09497265200836628,0.08569017279508592,-0.1511950849270208,0.1230755083597551,-0.18974204579272563,-0.05224157269033163,-0.09291271745946914,0.19994828293874137,0.08457944817073164,-0.013801823743996753,0.0598458378005079,-0.08470993837446214,0.08630886292035853,0.060331570262696387,-0.06045335142433401,-0.045363130739404456,0.01884879503869358,-0.04843090139054639,0.09076358940875168,0.11816936499840805,-0.22161692698120894,0.07090213507577528,0.04384923177287548,0.030064915815252162,0.07339754297596239,-0.05037825147327452,-0.20295232633046412,-0.13151042145315323,0.1094353843313997,0.1707317280890855,0.18476558951886313,0.045521469887502504,-0.0018281440508909031,-0.017906423899858564
emb_dim_0292,0.008967546539555593,-0.5997359234494203,0.12300898930490314,0.07670669286281212,0.048853942739563706,-0.08144907580472197,-0.033849824507553736,-0.07261982025019877,-0.012264641424831281,-0.03537551597021855,-0.06181006434293779,0.0840327780278406,-0.15394389065782516,-0.05664239162007379,-0.18128142570471212,-0.00721402999773353,-0.07481788447031312,-0.0423836390565192,-0.05495218375104584,0.02044926272478623,-0.3238366763457928,-0.11831918864991388,0.1253577653422444,-0.08866846349779643,0.01864811140133838,-0.02578370887378836,0.06444727640031532,0.039423576658428036,-0.07625050347903362,-0.15368489031103913,0.012695441804349838,-0.07491765817794123,-0.026290649856007223,0.05754037135520411,-0.18020449682081008,0.10538129534694896,0.1424521231316394,-0.06550898770763407,0.031184992981366864
emb_dim_0293,-0.02767017416406583,-0.2572396612134957,-0.3571678487384592,-0.12537955833706677,0.3143761033491172,-0.0585643143984007,0.13483609248726278,0.01086216950462715,-0.05602583667300049,0.1462252766274541,-0.003339698002042611,-0.12665843043155245,0.1806208533491093,0.30182012582545187,0.04764210949175885,0.046082824151272225,0.004406065606243967,-0.06668980955967499,0.01920188953215907,0.07971167439031734,0.06062071813684971,0.006959595998378099,-0.177742257738416,-0.006940930555217701,0.05456282396758607,-0.23562196455756093,0.08885355642242151,0.07142868152913688,-0.15486748751860294,-0.0059064360621380535,-0.06592402146527923,0.0355677035986159,-0.11831166490819718,0.0137069233098622,-0.06388958375984723,0.09547297559851606,0.016464113778915983,-0.023144723412515084,0.11241334132797981
emb_dim_0294,0.09536394888932223,0.5275623292343155,0.063631813235329,0.2396323859010519,-0.3409794409355095,0.07242203394678431,-0.011327392041632708,0.0577632831797895,-0.010432180777783495,-0.10265508703162911,-0.058181322149358936,-0.16639575267188772,-0.0005697014761754667,-0.07916483538201767,-0.0934168952434359,-0.047180614498264335,-0.031756116585961384,-0.05607008368323577,-0.10767166090446552,0.022841512906640823,-0.10763180495927108,-0.03416166493159053,-0.14986891881766462,0.012264811216508468,-0.1094466346866075,0.04217808854683521,0.10102894413334353,-0.0856094077372972,0.0010026694420530158,0.16038327155910284,0.13946241527154027,0.23191678674208593,0.009885385376874146,-0.1092736362000134,-0.10899701671434346,0.20776396361410143,0.07557663491861355,-0.02881736752630572,-0.07242987994895071
emb_dim_0295,0.8017742728894032,-0.11134450816908684,0.16748300971107832,0.29973564435421324,-0.2616751818442457,0.006535494360960605,0.04154600943672443,0.09242011484368462,0.03940100284228027,0.048226928618897144,-0.0034849391320631072,0.03783833542970807,-0.017820822509743428,0.0498419764108198,-0.008546266881502578,-0.12221978997251189,-0.026282619773530205,-0.032247046605606816,-0.01569916309145895,0.019013818162170307,0.039245611703131206,0.13621417204359093,0.08441914089539775,0.01389441098215921,0.05581822238305321,-0.033641714636393455,-0.023372329899469604,0.03890785894775221,-0.06957517628837308,-0.07484514677944198,-0.0032043594547942877,0.028813427710032095,-0.043202289202645267,0.019000844452168437,0.023938516129989443,-0.04847419455680043,0.02898098200164707,-0.010281112493161233,0.069299270538978
emb_dim_0296,-0.7676878365463828,-0.03446713734452449,-0.1363668037921422,-0.08697529972610205,0.29894911431416366,0.2426353652917796,0.011930001978409805,0.039036747219913306,0.16695359571285975,0.037592196390265904,0.0032080908816238354,-0.03638667927357184,-0.04502563750061308,0.08255712344620657,-0.014686138151980055,-0.036344570760318023,-0.09223848313245375,0.1176792275406695,0.03977180665554725,0.012629040322805391,-0.1293785396698913,-0.0886619366082638,-0.05869054699055505,0.09041776294867838,0.010616340353775205,-0.03588236761300996,0.022896481345508087,-0.027194691074780012,-0.016445545159877405,-0.07700799063786362,0.03745989712790128,0.10480425556648934,-0.0891186076031215,0.05541684605180312,0.017457085469501647,-0.03421483430663832,-0.03480659327625241,0.09924868851966133,-0.017512262907047656
emb_dim_0297,-0.4824776468813833,0.3765053927253363,-0.06544557097901145,-0.2626101572867434,0.028281023319933443,0.24872454815244813,-0.0032033356727507257,0.04972188411959637,0.014762975750748173,0.0462113900405397,-0.0495326556361672,0.02546023736133363,-0.11100245209133977,0.03456146914471153,-0.02409431007817206,0.03097278438517589,0.06816629678995194,-0.10849922068021725,0.10846475498248968,0.09307349518061164,-0.09265510721061272,0.12470315785579927,-0.09242639752220912,0.22705319468114432,0.002315255574500687,-0.11014172522840941,-0.052593227278357996,0.0013081124631289143,0.21038542595978543,-0.07383387835810494,0.05113403528235293,0.0797389238232272,0.026277260691279447,-0.12658980009941623,-0.1491353761371764,-0.015653745402557005,0.0804224221986477,0.04799760215169494,-0.06450823302043228
emb_dim_0298,0.31233987687040027,0.2127692311840036,-0.214798471167503,0.1268054765760154,-0.2592826486007116,-0.1679871442948483,0.1065560886102242,0.07616043576064997,0.003921190027358331,0.022674558714038888,-0.1252179953966755,-0.14293687257154278,0.21002434183202817,0.059149158470291924,-0.012402733460777316,0.12194463219245713,-0.5631759178661822,-0.010913216618638446,0.010634229333965267,-0.04304337161225133,0.07929046527439584,0.010105267661978992,-0.004370137733983539,0.06912980335567408,-0.005681669676365222,-0.023175128549549763,0.08062001417777538,-0.03420093506427706,-0.08697009925483999,0.0801822803060002,-0.1003818831316943,-0.07678340107282351,-0.049180637486576834,0.04367920025455646,0.00850422756992982,0.03042307750032457,-0.08987810591224972,-0.0033440373243453616,0.028918134902470298
emb_dim_0299,0.4758368545966212,0.42106326283980683,0.14166263784454064,-0.061862017355838184,0.1616777463577711,0.09363807580893453,-0.05529810637517159,-0.006538883319655794,-0.04076100608407665,0.12985461490640987,0.12917546851558165,0.036548038997668855,-0.042516813619451636,-0.023030464001923337,-0.2214721203654207,0.0034174516265040224,0.009612214375131907,0.029023225275754422,-0.05006981790940154,0.011162003489056273,0.03469257220190538,-0.08489461095522721,0.07561221801593951,0.13293969004102343,-0.15090369443573803,0.10761304241844295,0.08545941595725712,-0.07328820130237533,0.018935345000305515,-0.22474461876405546,-0.07769810926143929,-0.033987349708005654,-0.10346416979638154,0.11690856115938494,-0.24695890708220267,0.1504590131103678,0.17230651430772417,0.01185909644608759,0.04225189744642327
emb_dim_0300,0.16725037586912636,-0.375936671969475,0.3085014562717888,0.23753124943413606,-0.0258202908920916,-0.016152471732892627,0.011118388306657654,0.050841483822205484,0.0637445436948287,0.12226311464873565,-0.06370737067761749,-0.26736797136831264,0.20781711297782265,-0.12060067240014863,0.13722445116632812,-0.23975461464378903,-0.04828274542155609,-0.0655379587305012,0.019054240889565966,0.021908247140074288,-0.18696920509930193,0.19376720577700227,-0.13324670643885297,-0.110123661576191,0.09830391710291182,-0.06742861623946973,-0.0003357103075132086,0.19980450529616534,-0.0924098075697362,-0.021397593677971765,0.032360787462857726,0.03690999802233277,0.03670826300800381,0.0037535532975081116,0.03567414037905671,0.059392720691702545,0.1532801373465579,-0.10671900037768532,-0.04814116654306735
emb_dim_0301,0.7232196239398136,-0.022619194822425664,0.31425335052047215,-0.06340707384193109,-0.2768915575667348,-0.028316120403537166,0.10979202326074249,0.1365821518788235,0.047175638586846175,0.13953091818136235,0.06741323409894932,0.15200764810500508,-0.08278124443242053,-0.014550512507740336,0.046581085930277794,0.09753494938406593,-0.1057885057462934,0.10130277421408344,-0.057155048200561116,-0.041776287930997365,0.006395004265762497,0.0901218092670793,0.06708792739122185,0.1102104175849453,0.0546284311512006,0.07831110600094311,-0.05211648267297114,-0.09876636798179377,0.05400079889347794,0.01000446083430401,-0.052646480471708564,0.026035830650557003,0.07977428290945957,0.05993539542916663,-0.03496377681288976,0.03780470940576071,0.053071791188907265,0.01725234932893272,0.030502795142042242
emb_dim_0302,-0.1626755727958742,0.4348167268756207,-0.4596778169813937,-0.07129267518523,0.2596675750562918,-0.20423242596963326,0.09411290405875071,0.1681267595548746,0.04104747107085071,-0.1064699874363709,-0.01242354164245532,0.02646640216108107,-0.03325937895941658,-0.09587768585831888,-0.032410765694757156,0.16906301481933503,0.054085759326664505,-0.20469656357009686,0.1826374080050153,-0.04583822221665778,-0.019300973191101016,-0.025710819704245255,0.007721305786980744,-0.14418023635717025,-0.05545786272560879,0.05885781760752241,0.12113054935142145,0.13814698205725673,0.10520370496884751,0.2197784318280376,0.1368047404783371,-0.04185785115688676,0.06251487835378307,-0.08047112341548707,-0.06384359697776003,0.00028974280260824674,0.044706989370982,0.06571647528521699,0.028818134646085795
emb_dim_0303,0.47757777013559316,0.07518211642134695,-0.21657596636654713,-0.07783811842509368,0.12394327380650094,0.08115767039011179,-0.14412331879131698,-0.11100164184725916,-0.18320915936001345,0.03328418392049129,-0.08690310926366507,0.20263420853438444,-0.02127362465745607,0.12543728237670676,0.07515477377531372,-0.11039966819367715,-0.026290150322308657,-0.036140412665903315,0.17428026824102053,0.16122094616938273,0.2540951107674954,0.003967753884717944,-0.05695015873705317,-0.08340192589978461,0.09901760368244165,-0.03840354895616403,0.07269799741154433,-0.0196045856697999,0.19059067010401842,-0.0768410412831784,-0.15169988975221638,0.05734194382890488,0.04660361721905035,-0.0832165513484725,-0.026162378748160502,-0.09946233256417791,-0.08025798506978073,0.15035839934496925,-0.032654126832458025
emb_dim_0304,0.06321307390743208,0.0981826464259304,-0.02749784670057044,0.12931904056697924,0.3539513639506928,-0.1378958549233961,0.03925911096313931,-0.017636981376549402,0.07293463012290936,-0.03918970524824473,-0.10479045200036058,0.018664496319632705,0.0880553568834196,0.0006548722102310289,0.034211945182099746,-0.11698752359356274,0.05693507157563741,-0.04122339875696144,0.012755092887763506,0.02103715687631816,0.029352475418304474,-0.6648707624090985,0.02410985788088744,-0.06394631498788818,0.06805552340418466,0.03664567636194011,0.0072562347688432645,-0.13266945020518164,0.11986319127277786,0.08472537077600845,0.013565530304730032,-0.1562473501897934,0.013298884047259025,0.015953849459903635,0.018991779989483402,0.007631578720081713,-0.02530129546221911,0.02774510562615357,0.022282531078847735
emb_dim_0305,0.4324808225699516,0.016308985475777724,-0.1255329506100839,-0.11453399326435278,-0.17324835953443754,0.24542823063827895,0.005472881249023616,0.19152367808694162,-0.1713095211864379,0.10820915463694568,-0.1937171542071945,0.07568262237547466,0.16579873218400454,0.1520946311129155,-0.11241455353448288,-0.13207105159877253,-0.08307723138749762,0.21525082288356193,0.15961758717630267,-0.12361384688429783,0.08694174318443479,-0.0475596362088815,0.04256935625495939,0.011299952324226913,0.1257879231647111,-0.030022902487722655,0.002925997019238568,0.11741384809987787,-0.08861953588234806,-0.06386282969354334,0.02525759901095728,-0.10302764797918092,-0.23446511394219843,0.1729223566797587,-0.19482120746843357,0.1682440642268171,0.060998590693496675,0.12212362270381105,-0.022377392397050055
emb_dim_0306,0.28196904284002694,-0.1914322831169461,0.32339229799820773,-0.14810686712705706,0.21524090258039283,0.02063918430499228,-0.03227324357623059,-0.07425883973217415,-0.14240455372914446,-0.03838009360998454,-0.09120787051702295,-0.012023241418535906,-0.032734299494338766,-0.08198595800000134,-0.06292532387189997,-0.07587473588378266,0.11124093001187574,0.006080323727573663,0.0034528043094064656,-0.019809619669777123,-0.058224891986921885,0.09924520788767431,-0.06882365696114015,0.10317485625936698,0.0969886877785858,-0.034573712194337476,-0.07846694428703087,-0.05019973074945082,-0.17136990691830087,0.053624799350058525,-0.04903843188095939,0.07916500823736888,-0.011276503222741143,-0.07416762104669773,-0.045158302367359265,0.011763327590947748,0.5342726801021324,0.018174767176648066,0.09274599731389861
emb_dim_0307,-0.17625246640110148,-0.2346259450945521,-0.2760886713649812,-0.35400478547065156,-0.06227301282320699,-0.10683363418926806,-0.22497435322445894,0.322349200698151,0.07649111007429268,-0.15427833685149306,0.14778565575345973,0.23799575135880505,-0.014388492573298233,0.06565021864084485,0.1250322984075778,-0.13618868947363855,0.0020433707558280664,-0.0203903288108103,0.047243719853604225,0.08373650495411408,-0.07752419602391108,-0.048385786630547496,-0.01633078959656592,0.1397965558979606,0.06494294914627623,0.08827477675254777,-0.01839329068347564,0.05626179909849908,0.01305653874710771,0.11121240460875635,0.05758161327312261,0.040308053971558046,0.0625309297040669,0.05484171258716321,0.03909659314742812,-0.12581090288092753,-0.0103818303127655,0.020462103574697247,-0.11400717899830387
emb_dim_0308,-0.22623073376100536,-0.23810788329208918,-0.15684037727709335,0.15544044629044448,-0.2271662259019716,0.20147518182446864,0.05472874307057555,-0.11409855642017608,-0.06676680800489673,0.006947347263766813,0.037546686680396096,0.022813243126406115,-0.06571776883922659,-0.3176879867142514,0.02545396708606358,-0.168846591942882,-0.000946131118064669,0.139093939719936,0.08660893418016902,-0.017199531539447147,-0.08905849270839031,-0.0292934293071797,0.008000761095545664,-0.10282157403229715,-0.02814884137040967,0.382710399720169,0.058950283379564226,-0.011158690868107966,0.018424445642488796,-0.12815614223442037,-0.12474613000438167,0.05902452678890482,-0.0452107481288081,-0.17598722018626667,-0.009005198217312686,0.0700208909727078,-0.14372138060194015,-0.0843474089499618,0.028826185412072276
emb_dim_0309,0.2883876725104096,-0.5255655472889778,-0.300395846172293,0.015463862410127732,0.1909827196786621,0.1295603183362683,-0.06218356595694433,0.01196285356036537,-0.06848033721641625,0.03283360040670415,0.10099329012804563,-0.0682838666217627,-0.1073002787572915,-0.04168439845885401,-0.24212982568982697,-0.08208354451604029,-0.1820819042886559,0.018544683884047508,-0.05599416951916752,0.04059498884242149,-0.039862872827417795,0.05522206140341747,0.020194351278618607,0.025124655765209124,0.050200600968179084,0.04547866339105408,-0.007076305911802836,0.05143930265952865,-0.1661549051364245,-0.26181079630263215,0.10848538310442553,0.06931254780387049,-0.10151571065528124,0.007391883775191985,-0.13241747322093742,0.024625586278793674,0.00024241823073278685,0.06627276220047991,-0.04915577533949693
emb_dim_0310,0.2719570583901533,0.28221030921397205,0.3054546308350437,-0.4728875322376568,0.04782055973885215,-0.23961586356462344,-0.030123934155638334,0.09844403787188391,-0.17916570469193727,-0.09869282657047994,-0.09159392580099922,-0.018624584300249183,-0.005719131968899718,0.21308619493111045,0.0332624017054634,0.02207305818203312,-0.000887664572237725,-0.07857316452719791,-0.014081390077994346,-0.03848381839405194,-0.056145333766411815,-0.07813798922120349,-0.04785845858845886,0.14810591023811012,0.12290294065991572,0.07313752779979611,0.1535289193418184,-0.028068696716664288,-0.1843918002875578,0.05707339552292755,-0.002265251139645245,-0.012389525817483081,-0.03686158932225328,0.07509216430281461,0.11158908978416683,-0.011080982977184784,-0.03423476363235819,-0.01405441193661557,0.04674237786153216
emb_dim_0311,0.7946140840661812,0.2659620671289179,0.15108594599004113,-0.07922438722640353,-0.16902906112759267,0.052313390676528695,-0.09289583139489134,0.07031894797282669,0.06309646549637102,-0.06096528822272451,-0.05158027247186814,-0.010716121802202215,0.02381277852957862,-0.0020605855458151632,0.01846457365109242,-0.048585551631013565,0.06004530382653646,0.008532368858941819,0.002156862427511042,0.006546196331906605,-0.011404337613069727,0.029802101596319575,0.0917428631653575,-0.02289977470838596,-0.0948593664367319,0.00014341700813776437,0.01782655597553494,0.031750352532762295,0.09084456163738472,-0.16090204507631453,-0.008886826325545124,0.07636200665408499,-0.024299141784486177,-0.11346341498809909,-0.017272624223428623,0.02377237664940854,-0.02144122958227765,-0.02060672388968794,0.001778426253549319
emb_dim_0312,0.4190567075634792,0.1863468794271562,0.16345522091254644,0.7267302100229719,-0.09975215078951769,-0.0263571964363524,0.044715476813716334,-0.051596693953687704,-0.04157537613106292,-0.023023576003907194,-0.09867037351296946,-0.05577172458834757,0.028451532794016157,0.16264577945687106,-0.017231874894174777,-0.012381821962877588,0.009372052926053009,-0.0856698113567323,0.0847963443065442,0.02415455496529312,-0.09718303429115263,-0.010554314766870203,0.02431894755163904,-0.070642650224087,0.05285380882578403,-0.0401797939372969,-0.012917246080565976,-0.014367477540105367,-0.09044833550637332,-0.16706614028699002,-0.06246481730933925,0.05767041709099225,-0.07767601666844709,-0.08148524823368196,0.019185418143561405,-0.029343339135840377,-0.030079227341575948,0.07562938671437264,-0.04134205609630706
emb_dim_0313,0.6653385908443238,-0.16004103495499752,-0.06904218840740174,0.14414150608686427,-0.0835231704197761,0.14677684696571835,-0.24772204238703624,0.03514625474975906,-0.10817226779754012,-0.11318019163078206,-0.12184937841164972,-0.06776873381539567,0.02384859776446345,0.013946423921651699,-0.12968248945077945,-0.12632690245904696,-0.027967170364675734,0.11495184832690744,0.059657057786731284,0.007587452982299578,0.06646151683846876,-0.012860148343815629,-0.13173808366861794,0.059722779175181144,0.1130708272007066,-0.007220615789928366,0.11172023672739487,0.18628873843581553,-0.03268712081435992,0.20876957410599503,-0.025529696822522818,0.02937847603271838,-0.0813686761066509,-0.03248407106956182,0.09470687981878685,0.0694180306089539,0.07089195519778672,-0.03365198656642394,0.07968081016485308
emb_dim_0314,-0.19762916606572437,-0.2029158134332891,-0.4648488527230558,0.3142432401359636,0.11482075277299758,-0.07410454717337409,0.04936978715362336,-0.09446070209275838,0.018129105429456827,0.1055207871202785,-0.183142149554495,-0.2778182734267752,-0.04386407555087566,-0.003719707457504177,0.025087033280659095,0.18803453848379234,-0.11693343525236992,0.1263740245715585,0.09723880302535554,0.03432785490923171,0.04413101640865226,0.1838397423957591,-0.021402155893434086,0.15492371765523358,-0.019681087483679863,-0.027250615319145053,0.036459093699649996,-0.039101482631725144,0.1237902742057842,0.004047378516942124,-0.06348980681723841,-0.08311841175720311,-0.05699353410459198,0.03570316471654841,-0.09080537127171528,-0.06501703387250786,0.002520945644456057,0.10661458095836074,0.19991069661804386
emb_dim_0315,-0.11420188886164585,0.269521204182741,-0.28522568001425197,-0.27213930948792053,-0.07587067280817159,-0.0758444815327656,-0.09308424928501692,-0.05662057342514555,-0.10974486757699382,-0.28918705487219715,0.2069497226265393,0.1402507536838079,0.02367209505040094,-0.07613202410339404,0.16693452825107377,-0.0031148909095371196,0.041680500405900975,0.03466035460298898,-0.16212021102669888,-0.04776741174440216,-0.14685889549721873,0.06321935681686525,-0.031709095007441936,-0.15268397628138244,-0.20559306266297195,0.28006495649692614,-0.021429440231508858,-0.31649237451130374,-0.03967757907078382,-0.07349400963447107,-0.09728995928143429,0.05812139502684754,0.0779278798164867,-0.056363991151711014,-0.037982358169045216,-0.09399083136773839,-0.04665554078826355,-0.0838829101363657,-0.10037063959902773
emb_dim_0316,0.4211463871460666,-0.12322179950446814,0.5703987206437802,0.1283761889559528,-0.013379739857273603,0.0944256342086784,-0.051850577044502175,0.011212519029424847,-0.00403227471991949,-0.06791461118042874,0.037707029427338494,0.0037421573955715524,-0.02832223682869815,0.0013768007966574378,-0.03554845695952134,-0.08386481033303446,0.07933127219218489,0.05902318386837933,-0.250111445454609,-0.09044200017354828,-0.04638331948781848,-0.08453308174842275,-0.05116871155398716,-0.005547708300080124,-0.11359486160518815,-0.10436570070670848,0.04720780537103135,0.00513415767871527,0.04593387097890313,-0.059609666699768894,-0.07702977380235848,-0.12687279321492995,-0.05900323552848376,-0.07918385241595538,-0.0026769216313163656,0.022808297521880183,-0.07488369966767423,-0.14819998732185785,0.1500487850237006
emb_dim_0317,-0.7234187178183352,-0.10134158236918651,0.03510884699308763,0.1685422872764263,0.13936447680786127,0.239491134935451,-0.04405495166829141,0.10096611696909531,-0.18911173606061832,0.176201198828536,0.1113879186269498,-0.01454604967881712,0.023342161788681495,-0.04657210517163728,0.11719219764923294,-0.18440263325312778,-0.1031534255947752,0.152456809125939,-0.1058052122575688,-0.04258301019969633,-0.0075289722907721825,0.0005272422544011987,-0.012695111428516728,0.06634769868992639,0.01701047640880071,0.09085322681581956,0.09175147942117062,-0.05822125241977825,0.03852903241999416,-0.05427420433047006,0.03538254122755389,-0.06591967359245662,-0.06856883033684465,-0.02107717204893553,-0.08387989542258611,0.0850614847212638,-0.005961986313799876,-0.031098591788764948,-0.12408199168182771
emb_dim_0318,0.5974385130775484,-0.3949406904442076,-0.02818024833451125,0.19199448319730114,0.08012546340229587,-0.11394873740870934,-0.09017510645967228,-0.03363748820016687,-0.012184627270148738,0.08959546798459533,0.1213496934948307,0.16363909281300204,0.10097144811786495,-0.03707177175889228,0.029985043225469455,0.09393368169726356,-0.0363877166870534,0.04993203170483444,-0.09175582132756349,0.05971296296245009,-0.2025987369622548,-0.020424267188005944,0.004935292927827236,-0.014135670698826189,-0.1286989752866807,0.06937190803154117,0.1365012560652138,-0.03677436083759512,-0.003982785485988053,0.01650518612468588,0.14049063224965583,0.052913414707210144,-0.013566898771231444,-0.03306236539089652,-0.03439613464610362,0.03797988765198288,-0.042290772705317274,-0.04691985081944205,0.1158923623703717
emb_dim_0319,0.7694623637143291,0.17785704605035763,0.01771143318524215,0.13692322318051744,0.11564461957795896,0.13414115204141275,-0.003964636995902888,0.1458570151222209,0.10256019494549254,0.07416200937597282,0.07545121211517009,-0.008795253610268712,0.011814072271211354,-0.0037853341790246545,-0.14624493304822975,-0.053610757137679085,-0.009099836931955686,0.06799104661922534,-0.13012429926891653,0.10188479163423789,-0.1508515049928979,-0.10549559162524165,-0.024753220049608404,-0.11752496238495672,0.038554539068698844,-0.07504118081835104,0.10500109741737823,0.006572010090145723,-0.04942915056588333,-0.11093140957006865,0.005929437895641335,0.13031497146806725,-0.1611949438046347,-0.07569336938143832,-0.061278016794491345,0.07822660358749306,0.04274267888199474,0.07503234715225832,-0.025105740546477105
emb_dim_0320,0.15889134135958727,-0.12904806763064375,0.6930449050974107,-0.32150135452497197,0.15837326817160183,0.003384016884827803,-0.004613734095354295,-0.07937778506776938,0.0696605329935763,0.08008603249656418,0.12162782312646449,-0.13713657787252642,-0.09532699683531472,-0.015780273383197548,0.015404366140953044,0.10483546717271114,0.01300259073200326,-0.14307346064432672,-0.01890732622842186,0.06885801921934821,-0.0414454796040237,-0.006684209859290697,-0.0333547610274575,-0.04724172448580507,0.09894439437066105,0.003484032121930538,-0.03568740594439101,-0.09658544707990045,-0.013145179430121471,-0.028006322457728904,-0.05578606863540132,0.0845977651482148,0.05636385136363553,0.01755272913903379,0.13457457907537115,-0.034817846604388504,-0.07193493446564632,0.13188942763071063,-0.09699574772297336
emb_dim_0321,-0.4333830116844406,0.4672604307620528,-0.022870159760733727,-0.3492061644343219,0.25722492626129556,0.10963533774283472,-0.030859962886253787,0.07661704144541667,-0.03635635821658554,0.1473903366823707,-0.026535387051098237,-0.008921577199578179,0.20867326280885246,-0.007928797717231635,-0.0018395929116559312,0.27084964685815704,-0.09231606959039541,0.1144240949010276,0.11769084414053507,-0.05142203837203334,-0.023969917093167557,0.0028280515234388485,0.08063639916505402,-0.1815162426611024,0.07667564103625576,-0.03714622853098661,-0.12068124390429517,-0.016776752169970748,0.12465586800645134,0.04336620545543175,-0.034945164082599164,0.014698106930273954,-0.026483592804702485,0.0435446648091939,0.01146579379919102,0.06287425707235254,-0.012980640824352187,0.03354441070563223,-0.04322738407654848
emb_dim_0322,-0.10355117677068951,-0.3309894750131737,0.17906314147512098,0.1491855095937883,-0.025845819012727967,-0.1307842488644487,-0.04272053342412604,-0.028814283300861228,0.02603363319676114,0.2225010573351548,0.12103902481146105,-0.04787485812274967,0.051771197062418256,-0.09487683965898683,-0.08861777596142387,0.24349663797733095,0.029966404662913577,-0.016856792925488504,0.04315093824372891,0.11041039253057362,-0.010327905752544464,-0.06683801617621597,0.014491450513638716,0.04637018897462381,-0.16861577820989757,0.13104848374127073,0.04978254623467158,0.24893101949607513,0.10593631851589998,-0.3268964514999617,-0.05312144451189367,-0.2959985692612177,0.005669731587056865,-0.13891357738845175,-0.0955892642282317,0.033735135419794,-0.057445369222450055,0.026584740557743014,0.04012832678983577
emb_dim_0323,-0.22627860952737586,0.02031646870816709,-0.6905195949310966,-0.05788045635707995,0.2319428787684666,-0.013109827554849657,0.0867608880124004,-0.08750472526955533,-0.018844696384949428,-0.08333343710478999,-0.032276256493502756,-0.12868153288931955,0.10126224659004372,-0.11197745827013465,0.13722286659992203,-0.0215210152192511,0.12680053350150966,-0.21441572950276402,-0.012188600022603791,-0.09436954698023765,0.05527621914214475,-0.05666493130961191,0.028544731209640857,-0.080833290933545,-0.02977689437557719,-0.06374755683764025,-0.16935882306042233,-0.028345320991286976,0.08117762365689822,0.05744498614267685,0.01341175133199677,-0.05635771563478974,0.024558331998769015,-0.13643268571863257,-0.03322278197445292,0.06145687514975419,-0.11399828307190528,0.05261882846242589,-0.025041818981343295
emb_dim_0324,-0.10979234918134671,-0.2605513826971092,0.5309260345091543,-0.26202161891100717,0.093845957787482,0.011303880470933236,0.00560717720938028,-0.1813314286722138,0.03553224288794389,0.009144687307174864,0.08693751849884634,0.06894488798613937,-0.08731047213741414,0.23116505379051144,0.09852208241756492,-0.060957084013741385,0.12545084497777434,-0.017211758438266785,0.12310056887024047,-0.029705463926982444,0.11138525354371773,0.2599276024324519,-0.10718667268514506,0.023536695449696023,-0.028091288278679148,-0.03139900740215882,-0.028922610243305672,-0.007153093447645278,0.07876549542288774,-0.1629598746164651,0.01754149175474095,-0.1747904964879015,-0.1408287564588983,0.009421203584112105,0.14979999326828303,0.1772473733915642,0.05576088706316239,0.03797327761623908,0.08972646190690252
emb_dim_0325,0.721075896415027,0.08315977138101892,-0.08704833349101963,0.07411930180561466,-0.07767143593010388,-0.19282508000275903,0.03454439649153795,0.03504320633327737,-0.17139863124769034,-0.16126015557215528,-0.0986217143336724,-0.06862204642792405,0.0021629448204184797,-0.041129431860161034,-0.015020627801871944,-0.049260653266975776,0.03486713796934575,0.00770396460422013,0.006302106608453982,-0.12143167951245024,-0.01276354359484743,0.13900729342644888,0.10974744440885185,0.05596310203988476,-0.07377444254760376,-0.06922796031468946,-0.032661929214479975,0.05105202325747376,0.027087654967658907,0.06569932562130505,0.09301433177793038,0.05864652136608536,-0.0789703981300457,-0.0786925726952256,-0.08408423560883443,0.034517363045878394,0.07285190511414534,-0.19811635927420657,0.10825448732477443
emb_dim_0326,0.04421723933949548,-0.06461747094432682,0.7289164583304294,0.1897695545980644,-0.1805914986896482,0.1565656786175463,-0.015881166035459082,-0.04089035166056925,0.0006994074693140749,0.028745642262478773,-0.00946015336903131,-0.017630729763111155,-0.06215956474183863,0.03532329139597407,0.14791822048977604,-0.01808545042971564,0.01330739806716212,0.012669563462026526,-0.17796450154992258,-0.019050340530195897,-0.059277583533141644,0.1847965382427246,0.03716460912584127,-0.053317937890956436,0.09224352219209675,-0.022900467123825593,-0.01950105847462498,0.03347317775526581,-0.14314587087498173,-0.1453477492446776,0.06417074016855617,-0.15589127665799962,0.027577859488123,0.018572659856957583,-0.04481841049604261,0.01994826655681337,-0.00736433748596452,-0.12144189114117918,0.001731322646656321
emb_dim_0327,0.38613381141749886,-0.11713915799595659,0.26497585869735946,0.20373311353283993,-0.01723013414355098,-0.1478810976879826,-0.05917948301591722,-0.3295762845664963,0.15671248084885797,0.06587288119302534,0.012397505932536298,0.12859128621466961,-0.19257867548669405,0.10206549174659718,0.16086883509635677,0.024319448476850452,0.03626870806274725,-0.08590611053752907,0.07634938717667307,0.07178900949400926,0.10171142780436263,-0.1075561824282608,-0.06827676755576653,-0.30463899834492336,-0.014161230081146243,0.07450797184955135,0.054005607480885905,-0.016516209962212522,0.07026504890908156,-0.12665159526873512,-0.17499843658664982,0.0201023607896724,-0.05702499553313462,-0.02658536101935103,0.01828288639490083,-0.1110953245430835,-0.04316427579880677,-0.012954209657945085,-0.1157502233434164
emb_dim_0328,0.559685046297528,-0.237732718530752,-0.09499027483224398,-0.22327488490043235,0.011485254848162355,-0.004703429772325574,-0.12118537382101041,-0.12027489779808655,-0.18416778184528118,0.0566387597909191,-0.13301680204438235,0.11905188770931405,-0.030911926222048254,0.01344313363981917,-0.09844585808378188,0.19140631528819632,-0.0396454752447258,0.07285907399404883,0.05789730839466959,-0.007303286860449155,-0.11283273137227319,0.14722699466912215,0.0640269203270315,-0.007150905950750675,0.033632971389392606,-0.22309376149231075,0.009339154309564408,0.008737490922140937,-0.12898590432680251,-0.24745759445880272,0.06451720090075048,0.03601326161247292,-0.07471703251947627,-0.0408751718928488,-0.08456950911900124,0.1225069264466886,0.10111828199885341,0.02109259444633582,-0.04842980623304399
emb_dim_0329,0.5516620136931025,-0.004463267892447674,0.29020808285820815,0.6535211938362713,-0.10817302171046407,-0.04214826321097348,0.017775581128298478,0.018350729018985493,-0.031468172444736306,-0.07100621075232205,-0.02062428931299369,-0.05678051747386033,-0.11448924430223446,0.04970138921167493,-0.01752558058722565,0.046912622887002424,0.08535630879710865,-0.13099188180555277,-0.023479808102157416,0.05561168785379287,-0.08115896024211922,-0.016880125624891433,-0.009485346756603025,-0.06535448793237587,0.017518557678117257,0.02378743963526089,-0.051212087016765544,0.006142064473290495,-0.03864528009770601,0.09196042231945659,0.03687240983597881,0.022751724124667562,-0.01600215536092495,-0.14156206330835563,-0.00700906930807408,0.020500590548049633,0.044196829308021934,0.05606383531524564,-0.014685201626330541
emb_dim_0330,-0.10063268655398776,-0.44471183984458973,0.44103969124370346,-0.14217602090665735,0.019469917750504797,0.03436644265464893,-0.019160559983846512,0.028452924990834953,0.12325214832383515,0.02664204192854978,-0.03404733081491321,-0.09690021846870646,-0.020713460585866584,0.07555747414945645,-0.07604882547169209,0.05859600946884935,0.1268271170823177,-0.10959268087796421,-0.09089694923911458,0.15629450397692277,-0.054198106324364045,-0.01852214980385493,0.010868258917184005,0.10534391425250243,0.10109097821150385,-0.05076798215154748,-0.03290059370625585,0.10621905157869488,-0.04845254775780239,0.22091631967536599,-0.1306888348967718,-0.12802437890208263,0.08687361154459972,0.059625054714580704,-0.09535104164937577,0.10757309699050596,0.22751140261913566,-0.021958945320628486,-0.04505065809755392
emb_dim_0331,0.6669205588336853,0.3291292353621307,-0.15978535867608343,0.1482250964239551,0.21445221889708413,-0.11933954946096675,0.10892454751037602,-0.02296758746086282,-0.09778867992899898,0.008662870799007643,0.14593117223756716,0.03426875086027638,0.04448288559773738,-0.03755516105655858,0.04234537026005202,0.113062951134816,0.010497732847586762,0.09771890645614455,-0.12300892720588016,-0.12501662663459795,-0.013421601051586168,-0.07692552767238099,-0.05564257545786926,-0.0701608676818228,-0.023183850091250284,0.027174898350145523,-0.11643223723420049,-0.11512233211917264,0.04692169218085303,0.05589476379355132,0.0027368218928645544,0.07038292574689319,0.1773002878507811,0.028637615169813994,-0.06910884944557773,-0.05022702147992036,0.02364016387961962,-0.001988903073862715,-0.031933510698725354
emb_dim_0332,-0.29812162798407316,0.6291615880809407,-0.02449292914172203,0.021691648962073515,-0.08689135354653671,-0.09112065303865154,-0.046721334754128055,-0.06660652748533225,0.06437769401461065,0.021331665084779294,0.0943444147384884,-0.1215567338224524,-0.04870104103712641,-0.3013083886431292,-0.0927892139638835,-0.04157136145222493,-0.02318578364274425,-0.06748629617932947,0.0962427441188713,-0.05499922145097227,0.15834622519779007,-0.08595265949467422,0.09133545637355595,0.030479925253183247,0.06425393570072108,0.15763654362539717,0.05203777347164926,-0.13747117368276593,0.10156176919733048,0.11660589201771646,-0.08663826400807721,0.08005072837085614,0.011514196113005642,0.0067015724098927745,-0.007795211386079736,-0.06505208268335513,-0.05138144942579895,0.04027082544025598,-0.09637099092188375
emb_dim_0333,0.0662976394063588,0.397299791340123,0.19121907037195668,0.11098851842755415,-0.07322449272225079,-0.018699344609300544,-0.0296876628518309,0.04485636602649741,-0.13606546745298595,0.020712979921442543,0.13210082751705376,0.033263312497983484,-0.04596834536625306,-0.2454342504665941,0.31465744487582514,-0.21447549772805938,-0.061890422271022615,0.055599754478087425,0.048018676008747256,-0.14278464509587752,-0.2018342468736974,-0.01807404965596684,0.03211812530942018,0.14925831211934093,-0.17568532426514058,0.012631847745552411,0.14215689560407804,0.16883327135791865,-0.10805495252505498,0.01343976395856173,0.08001430776904762,-0.0016202364822295874,0.014784232913695758,0.08738215883250598,-0.1289646754892419,0.10902798502852507,-0.17479109057000908,-0.04566466803237245,0.08593682290879454
emb_dim_0334,0.5846200787680872,0.22261133536038247,0.161632551975396,0.2255952100072099,0.2987378524493873,0.21471742055061002,-0.0065301180471443575,-0.0825705733747494,-0.18726086925575117,0.06034533302327486,0.11623163707007778,-0.14483787993940597,-0.04924636974459673,-0.06309259874267129,0.08239107691304644,0.007728168770770216,0.06402511489899841,-0.007962739864782362,-0.07213354840230812,0.028736016892912004,0.009531941055706754,0.05478206284133318,0.14460569614229876,-0.035575092293770774,-0.02763293400679595,0.1709128086217405,0.03228856858066702,-0.17013720252474196,-0.002366593264888361,-0.10205664846445603,-0.0047388894336098586,-0.06711274123277101,-0.045934752502551926,0.00718226821076217,-0.11448375284430633,0.06941866863139584,0.03933145622635632,-0.02994701183226144,-0.15115707436425205
emb_dim_0335,0.43107757560461146,-0.25844594819740097,0.2710021550172637,-0.09372140661260546,0.27620700499745404,0.009768391906358085,0.18549852552463433,0.10060858354284345,-0.017287404116070364,-0.036599915790953855,0.03762321430222351,0.06316160281755988,0.03822659705586525,0.04234355483189366,-0.022583768997626538,-0.10569256079883095,0.14150047190221862,0.20950613527489859,0.11890071247351937,0.007362681387138978,-0.11211904075833902,-0.12091116266391917,0.03992858855401965,-0.0230448201498747,-0.14600472979168302,-0.07850471988308715,-0.08892815937483545,-0.15999573320541413,0.08167270609763276,0.05577031835073335,0.020963692703590397,0.0021438935361453794,-0.016014526867541158,-0.16845460692926598,0.12883006225676188,-0.12116759418911176,-0.15197969569771605,0.12183308820684184,-0.06242427459961613
emb_dim_0336,-0.6052188381261839,0.2249328458917326,-0.5298485772884338,-0.27051235266433904,0.027457389230665655,0.11197585199409243,0.028885733273660945,0.053774477139750046,0.04147965932872532,-0.02235491111670529,0.07936005071834222,-0.030679424351241623,0.06643550120052442,-0.07070573320526684,0.004826790241343026,-0.11272030541869538,-0.06453556136110898,-0.06896416069143341,0.05658833564016127,-0.050359910128302085,-0.10049185065119487,-0.011655845301932949,0.09554767205694525,-0.018489801088193286,0.0014761687313342576,-0.05511278320031297,-0.03264928384977864,-0.052233620007516926,-0.057913233080953606,-0.12003261300925049,0.02800607623040037,0.06562030905698395,0.049306314094563104,-0.02057489490063009,0.06036272770726386,-0.037900437941262535,-0.0277674600622875,-0.019126230921343197,-0.11129529250940576
emb_dim_0337,-0.5360141830218326,0.0011019720414169626,0.3290847001908189,-0.058385515422511365,-0.2417001957763056,-0.00396650562840036,0.0788813889927873,0.1254846580739922,-0.27926535478321135,-0.009987720228635364,-0.10160199505136935,0.019233083790176204,-0.12488700616665457,0.06420625059643345,-0.01351482518098474,-0.19274432471159475,0.09697968281691613,-0.02959515224108784,-0.03513398423897823,-0.009129543694605136,-0.07049601132112492,0.13358280369027042,-0.17484181827438222,0.11004230094311589,0.07396790281070283,-0.002161967731632636,0.07052355819635488,0.17769891759189574,-0.052252547913928804,0.14746156323511234,0.04948217969708108,0.03261746997247844,-0.06539879153086987,-0.0315223179160498,-0.02214855195800068,-0.12615597467040052,0.01086534118485463,-0.11296464487081898,0.09332607917887892
emb_dim_0338,0.16422164428317218,0.365616219886828,-0.11934581997308143,0.31147379154113863,0.09849854145488374,0.19151994536753825,-0.015168555182643439,-0.1457742430984919,-0.028974379568830463,0.02588508007027587,0.0711974560344335,-0.13038478371693688,0.05638767744730031,0.0016263615732161638,0.0214328813743341,-0.24588630871627698,0.10730931058220644,0.1212086743713062,-0.011235384474566337,-0.08229011642387506,0.02969853436697891,-0.0993792137655761,0.043400440640752685,-0.14870755868054775,-0.07537848640444143,0.30163248342352983,-0.013314456135605222,0.007072230651068834,-0.043815797053259976,-0.016003951168424357,0.11954431250270807,-0.09447766995893478,-0.1128780947914393,-0.03744937877352336,-0.08656245781791505,-0.1343869639643599,-0.2504002348465646,0.12282625643644174,-0.0884928321467171
emb_dim_0339,0.485159149200288,-0.09205823554869813,0.03000274249269986,0.055162403271335966,0.3866941577399247,0.14600728951755718,0.03059256423714708,-0.17536789300857294,0.07153096481445409,0.052450827030487646,-0.1956170797483754,-0.07285538094374525,0.1392405467635103,-0.0694487432288501,0.037323511275822625,-0.007350996679243505,-0.21475061062579062,0.11806059451344636,0.17542815960902,-0.12814666571149716,0.01447111778084068,0.029836595841021496,-0.005049943299760946,-0.06483058973289077,-0.06541578842320707,-0.24954414352019438,-0.0734062665053825,-0.020679903645429057,0.05191837570355364,0.016399731944816878,-0.022777313633456177,-0.22100610308775814,0.08121135152811125,0.003296999665741381,0.026035270212710095,-0.03450804582197337,-0.16001656436368644,0.12742318648585899,0.015269982754332518
emb_dim_0340,0.0370355763360355,-0.2847628407298329,-0.12349310348521264,0.07610940295856267,-0.4271415892301919,-0.16410905554339236,0.10025901754115987,-0.07740545366485323,-0.01611127028019923,-0.034258066419032535,-0.029454532069923975,0.0010662453851027912,0.02031889311007593,0.027509126485949394,-0.20609554581294548,0.2233082275618851,-0.09338361359893342,-0.10725584058527501,0.15631968495107096,0.007102356894760542,0.04125254177320198,0.062834256637279,0.09177596331038465,0.19767793560495123,-0.17339535853309818,0.1779201333984884,0.02202142402958174,-0.03212670839429009,0.0790436039895821,-0.09861064259618554,-0.25544144731308277,-0.10146512942081956,0.05832317190394369,-0.17694147847730052,-0.06026137159279606,-0.051334140644884126,-0.009160826127150424,-0.12103670719438235,-0.06689179717313258
emb_dim_0341,-0.2843082737158199,0.5869206058263667,-0.17230540871741926,0.1623579216871273,-0.09949469255661679,0.10494905103310792,0.050111685277759395,0.0647136963465639,0.1778330989385674,0.08517875638364986,0.0021889672225111866,-0.09190145845453783,-0.07296717095698385,-0.2321117638669055,-0.01483437962641606,0.2110066844479989,0.03450309237439833,0.03778489821061654,0.13187415742006323,0.02315781118943877,-0.058054338238291876,0.13134650005446125,-0.03341971765182883,-0.05019893779414851,0.018038543530194084,-0.1011603631561915,0.01030557765241065,0.05489016854422032,0.043254864536724925,0.18454396837590828,0.11316091073237693,0.14169674397139395,0.10534102799402155,0.09986343683337631,-0.05880142517315221,-0.029447752356480495,0.06657686276300542,0.10112914164891824,0.0417625784262959
emb_dim_0342,0.018754701034637954,0.2618992923383437,-0.03675707178929612,0.006754560386022329,0.3138380335843634,-0.03666866709442809,-0.05089887125836921,0.14641232043411986,0.09593511889392013,-0.022642689228102232,0.023729223751429718,-0.11518639376209987,-0.04537683844427219,-0.2950522068652079,-0.20728335654732824,-0.0029402655384959246,-0.020344293071433758,-0.1364529411950351,0.023164836872507654,-0.06174074550155329,0.12735863546004955,0.11946231245353328,-0.047480293779863625,-0.068497527966871,-0.13055558163560768,0.13224297817206015,0.05552713942017644,-0.41239339097836963,0.07155414639650994,0.10165243835021551,-0.00025599790768955237,-0.012796025203724845,0.09241190786047439,0.21147214193743258,0.054336336115351505,0.025513501303175236,-0.03577628332616729,0.053965410585691764,-0.1051927484390084
emb_dim_0343,0.32717775098118285,-0.2538261764749704,-0.4376715978329826,-0.025071071724949878,-0.049161952202754856,-0.11802956223941434,0.015111404938803816,-0.005077069710424378,0.1620241720413825,-0.2638960168230407,0.06746611052594785,-0.0849047372795496,0.021936543413324423,-0.06601258779975631,-0.013943884423760116,0.15477981985658493,-0.013818085295995132,-0.04878561945359699,-0.061106678149784016,-0.04353795807359829,0.07959807956872882,-0.015297429337813612,-0.285708964419491,0.04796874143242379,0.032607400359588166,0.009638869350222285,0.06448481347957834,-0.06208023391374191,-0.016740113840653822,-0.06628634825418611,-0.040408853956830776,0.2775287334016224,-0.0011999321760798485,0.27076974426535294,0.09447884817854588,0.024954308354556375,0.14448412271238611,0.07843841811677968,-0.031937112397687116
emb_dim_0344,-0.18614349622418397,-0.28396699189224583,-0.6302801078410285,0.16426146158444868,0.04645824001625926,-0.011148075687354654,0.12036352921774748,0.10437474732214595,0.14115581993536205,-0.10785649015152493,0.0906478306034395,-0.007401155602568636,0.004763916007191103,-0.0995379679501912,0.07536708692382989,-0.039179259033816805,-0.081864793353215,0.14824101656533273,-0.014834955408885608,-0.07358358646537182,0.1194609206933271,-0.1435935118686593,0.004178655444909517,0.10939358979502091,-0.12386476332017932,-0.043879129965146466,0.03358789865803035,-0.09688916011190322,0.028851917864168224,0.025641507687212434,0.15780679665425262,-0.08019928266296233,-0.019651403487031666,0.07262780231746054,0.07950155706524614,-0.09211279363594033,-0.1424738477173577,-0.008892647177023436,-0.08404306032011308
emb_dim_0345,0.3096288683822579,-0.21085965328036593,-0.5440461715232969,-0.11362902566308339,-0.05165116791135705,-0.003927702877851371,0.16278585157463457,-0.11099088404989006,-0.030185118418126686,-0.07332818230354117,-0.041137630792039276,0.223019450126449,-0.04785995202803338,0.2743288988791348,0.11593935439957413,0.010195942064848936,0.01907224231992051,-0.14344488129128186,-0.02260948302268987,-0.044226958884418036,0.0006398343469886724,0.09696888216261199,-0.17853551444487684,-0.02293556528337352,0.05438903584879102,0.0183471532797029,0.007555755332225797,-0.03402569826406345,-0.14229897292130303,0.05969988517584216,0.15336061503013357,-0.014000081532805762,0.11363850978202153,0.1287947312651139,0.01877971502072962,-0.05125439003871615,-0.027811753770178835,0.026990466865556517,0.01827216768550338
emb_dim_0346,-0.10838024288315184,-0.32437631433313974,-0.5353147336167497,0.23358403243176404,0.10380089604115299,0.008749461185095361,-0.208531255922963,0.11231267309660144,0.1741724186146199,0.011813596926241983,0.1641886492406119,0.07137698615185514,-0.04782681392120132,0.020667916062283073,-0.016108892788982344,0.17411498584965854,0.15962917750199843,0.11134982759137954,0.1028491911822851,0.009154418952300503,-0.05299603617960371,-0.12853763540044413,0.007356126715533312,-0.13867355924372343,0.03530390562393719,0.021171154829113532,0.06786505623915311,0.015148561975041852,-0.010159679068412138,0.004312931151468651,0.015240271169701175,-0.1121394366720024,0.0507144005904446,-0.026472719331191993,0.09473727766322007,-0.05654264690174673,0.07507477046007159,0.010559619082386392,0.07360103540602791
emb_dim_0347,-0.4020118783018982,-0.43428460844353683,0.026974541644082497,-0.03641222852733911,-0.2655627835331243,0.10872670539674438,-0.056614012409483196,0.07627968462338101,-0.03992449289525884,-0.06789491373308287,-0.1678623130448399,-0.14141262191862142,-0.09661384243791758,-0.05236371755764057,-0.1532297994901635,0.05587859642745391,0.2145130825551496,-0.1319626852898938,-0.003795667916951254,0.06179302235003868,0.12012633956795477,-0.09797604405438909,0.01937131498776473,0.1792319533194089,0.11788227935887126,0.0364075147280305,-0.01790386622943132,0.10383048205785812,-0.018624852170547886,-0.02252797837187358,0.10195050262455328,-0.0167590614804372,0.03719512738286173,-0.08246684825261485,-0.11933454829075651,-0.010674290681903694,0.1462556802836482,-0.05112055618460092,0.011528927657495407
emb_dim_0348,-0.17100302271293333,-0.012874694412336584,-0.1084670680584898,-0.12559318431194647,0.06828396794588866,-0.0818504772368025,0.0018886803604531717,-0.04131890515215818,0.014462003012284154,-0.0158786555537882,0.01949987409463048,-0.024199058368319003,-0.07945852481290447,0.026892071914012553,-0.024263330024476372,-0.012289606325311776,0.02746626429692795,-0.012630370369525433,0.040370734148378634,0.01123784873329251,0.023869914751103997,-0.022059217575831992,0.008538808327045106,-0.09005481082658538,-0.0030245841118267574,0.022747396142159974,-0.047482089674069056,-0.09714947130180032,-0.026957797629252434,0.058098641601456745,-0.015339344069688092,-0.0062466042854116,0.7063805420005462,-0.04950176697382897,-0.01162423142171214,0.006527616717980744,0.012771792898296315,0.0022479178792027548,-0.014512754166928163
emb_dim_0349,-0.20079761231087417,0.19893732095884556,0.10598753024520227,0.489997410437069,-0.1618621557841238,0.09545750722335082,0.11361926683910288,-0.33645048041329256,0.042944119058979345,-0.0002674469492268879,-0.019867747730776975,-0.02027466132822431,-0.06338753158573397,0.13261425330587365,-0.01288456194827222,0.11660508165163912,0.11259679551732074,0.15627092644205912,0.09387440409658512,-0.00010403713964132718,0.09381919354146653,0.11211736461457986,-0.07958824399193377,0.11291799367298676,0.053025615769612025,-0.20019050018755877,0.06555669274299622,0.14290099279016313,0.014660187826487448,0.05541438264892571,0.07240892852202493,-0.07854840966532665,-0.046979112714531236,0.2311314909522087,-0.03600676665933666,-0.07406934610914612,-0.0049672945812618855,0.2167239289088233,-0.08741376169068678
emb_dim_0350,-0.5972713180395157,-0.5250050400867912,-0.1405400301043208,-0.08658592080089546,0.04166795359890628,0.17141002157471702,-0.05805617411732094,-0.07854636914569303,0.09152306372684836,-0.056132382850195256,-0.03991030717350037,-0.01878814459314111,0.11560181385325714,0.1300018228972223,0.006132737833120467,0.10323966173498585,-0.0626160469390218,0.04256636521524574,0.017735576809256443,-0.0699729648251824,0.05626286005219576,-0.0477565233160461,0.005197351043865988,0.08812471945095754,0.07139498240658027,-0.06781187198327601,-0.0431690210132284,0.13699561040204317,0.005039310848913229,-0.005592999302624386,0.004176348219018249,-0.009520747242344795,0.09179478958770511,0.07044752990855095,0.0839376981616383,0.11348364013283643,-0.1618367425772304,-0.08074478452852701,0.0144897200639351
emb_dim_0351,-0.5381006016784399,-0.13867388234852981,-0.30913730747057916,-0.16821970725801383,-0.2166464454945931,-0.0446572440993122,0.058500367209291325,0.14936315983870033,-0.048288300916957495,-0.0835203261149605,-0.027820224411955124,-0.08930711801475869,-0.015322609977743078,-0.13213435872355023,0.06100821605646364,0.08977173012209624,0.09350665283616172,-0.20470920023468123,-0.09209428439117043,-0.021848835951957357,-0.029349326002247232,0.03967967581497214,0.0401792338251624,0.0877052120013945,0.035472308196911335,0.08069589172509418,0.025673235963911516,-0.08185667498158357,-0.10291139119137688,0.11267319977416416,0.06721844761217832,0.0710432481569051,0.1458492307462346,-0.12194693875166747,0.0192657740224892,-0.1386652079601634,0.06617607084035176,-0.07390063442285842,-0.01767581947154485
emb_dim_0352,0.12126903285367284,-0.3286511647857824,-0.2888224639776036,0.1406945971993922,-0.16714048999654987,-0.0008828773684311371,0.006412794022279066,0.04170436667405859,-0.026948905236591596,-0.03306834696870265,-0.05799538002793793,-0.11314812006003674,-0.13090215714594186,-0.0038453101478729437,-0.06532208769133208,-0.026646303373678227,-0.027686445509091252,-0.0686386454830663,-0.04100496815839135,0.01583608197886415,-0.05598187600715428,0.10924284447000668,-0.0072493469692985766,0.0515812344169792,0.024590902292101865,-0.0034987207672692315,-0.044203928296598576,0.04501787395539724,-0.6517870003296565,0.012380823511424142,-0.03738561558321898,-0.0653971382064977,0.03098934174203298,0.11990419672359236,-0.0007608376384927335,-0.015437316273985195,0.11258055347218413,0.015070171789718333,0.040984567632651056
emb_dim_0353,0.7355298210637092,0.24462490347956078,0.07552876017235298,-0.16107503132851353,0.12316483770356518,0.17743110830983896,-0.02172907014964472,0.06937754789335714,-0.03273506529089282,-0.057391885643353645,-0.07302060100376237,-0.06692504715080119,-0.02299277886992256,-0.00892511335815886,-0.11557672573090987,-0.06009857816066663,-0.11262457332039873,-0.14286291888049624,-0.026883883839769637,0.08747916619086053,-0.05734196674626951,-0.013310333250518547,-0.12527305597755348,0.06170307469759208,0.03417609077939191,-0.10901277497610067,0.11829415784798417,-0.09387168063921701,-0.0740257888125208,-0.030213090448807798,0.1088054869520888,0.04773399466569038,0.04869729282299223,-0.07594630695330072,-0.04554900761153907,-0.12431257032847966,0.01721609706306123,0.03276661946515824,-0.1115317183798663
emb_dim_0354,-0.5712458261391108,0.5085779309192014,0.15267484911500553,0.04873614226716836,0.1222096659173948,-0.1144101784758877,0.08216059558859833,-0.14992269502399982,-0.04435246116113055,-0.03845861466704998,-0.015950631330916207,-0.14266429942029762,-0.006534744724521372,-0.03425105148031233,-0.13304507263839277,-0.018497829723367522,0.0009962206411892004,-0.07939874589463801,-0.06056360212092906,-0.09393842442901627,-0.0037902412194118097,-0.04923682912811703,-0.07687112307151836,0.034633069341842015,0.11971116844235863,-0.07976297053573157,0.033021068618384684,-0.09169438789566728,-0.12041993764154904,0.038861527159658155,0.04699507399781143,0.0882595353076055,0.03461482935296263,-0.0025831763154484234,-0.10153654228942874,-0.00437979408094598,0.1885343670868289,-0.029033615889806,-0.0066750066091450745
emb_dim_0355,-0.2850373902793031,0.046062954256211215,-0.15619446552085842,-0.31471919886613325,0.08905189539997509,0.025784159886780594,-0.047361237607928715,0.06187081554398098,-0.18931398858695894,0.07761225297078794,-0.04489377081070032,0.2507292797169709,0.13345363819038086,0.025585885443834715,0.04330639981786531,-0.4535643731191086,0.014637939179043744,0.08975647573138573,-0.10412623357679761,0.031310477140481636,0.044574348544616435,-0.02552176092175047,-0.057980042171329495,-0.04667987751800088,-0.15533587804691026,-0.05711509118219043,0.23757115873004717,0.2891298958446762,0.06950493117643448,-0.040639542460956926,0.10921747050069149,0.03607163316439712,0.0422890119201186,-0.10165377598320795,-0.10456827246371009,-0.01211262879408215,-0.008111272807261316,-0.07951776649532769,0.06214004182737909
emb_dim_0356,-0.7530580066646002,0.3175848530977963,0.08808611439720229,-0.28046867300869943,-0.05530767145858465,0.1107289656183669,-0.006181759147198347,-0.005955473177714046,-0.035464452571253996,-0.1147408020035164,0.01687936409519623,-0.11630023511488034,0.03749706920528774,-0.0767800952494017,0.06505000914399063,-0.09951503025809444,-0.0338324059639136,-0.0925542004027461,-0.011259236569825219,-0.08033872977114337,0.0593058415850071,0.0810216983325713,-0.0800856169837021,-0.010412388543989343,0.01355492029706898,-0.09310157903477018,0.07551142601174211,0.07444956069746883,-0.11709486800216572,0.09056555246972248,0.03310589955580662,0.04875981568450642,0.05161437620058075,-0.06337111588000963,0.05720079508946379,0.015381685800748453,0.003672989218247265,-0.08793939917147116,0.021949869337780977
emb_dim_0357,0.21604285657445363,-0.4101860247958457,0.13973661195721926,0.5765250631620923,-0.1030906854364588,-0.044826597222103776,-0.012800244261748263,0.14407625550004183,0.1715669071087599,-0.06478005381859891,0.1129994536192403,0.13705146453334802,-0.08537037834075668,-0.06226501001623069,-0.21097033217724936,0.04225050274097966,0.09686409643943004,-0.18694917369309993,0.056883879276356186,-0.07340644641630382,0.043393067621222706,0.037247187241809046,0.04139149982141704,-0.16509936851190568,-0.03858268119940288,-0.06930297482381287,-0.016466822570983808,0.05548415598703829,-0.11127629029395636,-0.01147761568928946,0.05220336930446263,0.09374205225202167,-0.017007788520639205,0.02226724139355236,-0.12176468927210883,0.035598146792171714,-0.012245878923399286,-0.03444450550985094,0.07069712730997203
emb_dim_0358,0.6376191696764555,0.16862252635456434,0.4644610560313661,0.19602292867546622,0.14783089551602543,-0.055843552099860666,0.02419362266082812,-0.09719131330912664,0.07039630252866236,-0.0963546843658992,0.0817830485544456,0.018441119128688312,-0.02036209558027097,0.08622678083216824,-0.04490667188890363,-0.17419779775823857,0.05860372255524881,-0.01272815463401489,0.010023968130340748,-0.0069058319998479495,-0.060814735248197443,-0.10247245491319514,0.08087973230253978,-0.04101161994808793,0.002010087633277185,-0.010044694675162693,-0.08133861651334032,-0.1918512333845975,0.03865479098326911,-0.004085303908126681,-0.02567864454090276,-0.03515624304967227,-0.027863317986334235,0.048816853918850434,0.02792807469127065,-0.04907223461346499,0.07063111961063813,-0.012033559672063356,-0.04651119321749832
emb_dim_0359,-0.44782048381994644,0.09263861195573064,-0.5292492043515207,-0.41282386430137263,-0.14535747646977157,-0.009709790893738721,0.05501615167532467,0.1814381466280846,-0.06410247091152547,-0.043809579644650674,-0.12673043046889695,-0.037729499744255456,0.050088489856539006,-0.13920020512940232,-0.02668434745743849,-0.08046626442451049,-0.00557627635551443,-0.01806737030965927,0.08344199512429543,0.018395134768777407,-0.06041234864011702,0.014922758162071132,-0.036307705596691636,-0.1314008086175063,0.0992953693849862,-0.10236898834619351,0.04332612687782328,0.06053190827705317,-0.09597440727403003,-0.004956036536975475,0.027833952191841742,0.04987120557073199,0.09745707492822837,0.025647426662002416,-0.010328089040507027,-0.06298884171567534,-0.008064415716889683,-0.03074376232780446,-0.07244369206357885
emb_dim_0360,-0.16339238845880374,0.4872167046971584,0.07712601644567368,-0.31416857542993243,-0.22248738297084508,0.05732029771931691,0.030890664597706737,0.22930101753076151,-0.16817350114251478,-5.899271288186723e-05,-0.06164152429797212,-0.18442436921606062,0.001373163978740348,-0.023265390570442523,0.04973215407041481,0.035133920794000295,0.008049416201227936,0.04710247208862365,-0.12385871660525469,0.03755710101143707,-0.026169730918006402,0.12104333426487375,-0.17391940715375664,0.16757589121119437,0.2614763555715737,-0.13610276585069192,-0.05273725833285504,0.0797938774885642,0.09265164064322516,0.2951556367623064,0.057787438726626415,0.060946017241169596,0.033628271736468276,0.020015392912703732,0.07879238365750953,-0.04256415597304841,-0.029804885249013882,0.01615007377278363,0.0282930738121467
emb_dim_0361,-0.4625139174643946,-0.1140948489947513,-0.06095471224082691,0.06844814410430825,0.16697992897412048,-0.09422132160522138,-0.1226394277314149,-0.060602163783898835,0.10223785799216006,0.033720809017861085,-0.06816440074232856,0.07102359414707542,-0.20750430763252825,-0.144967879369196,-0.08612225618461382,-0.14342028936844012,0.11307560008690125,0.1470102775788589,0.03523475846476464,0.06620664189006178,-0.2969103828307271,0.017439676062109014,-0.07413555323534737,-0.00242467118923482,-0.1357771089426571,-0.24349176351383875,-0.02630094426032291,0.09461730985684638,-0.038644251642437,-0.1779881397751948,0.126839966772117,0.04043470805367165,-0.15444472889857241,0.033077558010429456,-0.11435332448286249,-0.02520140334839186,-0.002309153151932744,-0.1824062081701997,0.001557343305171739
emb_dim_0362,-0.4756423788652195,-0.2603612512507828,-0.4331546359060339,-0.013537322557521459,-0.2719707428711223,0.19652740009058514,0.01099298874525685,0.030136689496475164,-0.11954708556969972,-0.02495364355556348,0.04415617837869114,0.01652030581412742,-0.024721069111111278,-0.016921174837632395,0.012414251003322187,-0.1685714484432064,-0.009850984351057628,0.12237541970561189,-0.13982479143224744,-0.06271941257559319,0.055949954631619996,0.020786071811997955,-0.007874408157445634,0.17269324529636088,0.008961764670619269,0.024587743720998693,0.149950991791692,-0.07577334335652713,-0.005287824511422308,-0.12774693225193093,-0.004565025744415933,0.055418924866688285,0.02263185404043194,-0.2564495183602549,0.09394813199074656,0.03623349111735159,-0.0721476549248595,0.008560540581032559,-0.008610764313703024
emb_dim_0363,0.31886304241632446,-0.1447187778516937,0.1224911716525836,0.23283462394228147,0.294408634884158,0.13514808895395397,0.03792489716624311,-0.1367483098683174,0.05635734581337706,0.20344131400380341,0.03727005047289858,0.0209157314300853,0.20518572603746082,0.10916345802037108,0.02244153358847499,0.12070540982207564,0.14230740428353417,0.2955535241637165,0.0035134543893255055,0.14665904550160683,-0.09188266801924919,-0.16437944040002148,-0.08877067967927794,-0.3035247355885414,-0.013584648742595507,0.08349852171664844,0.08021568140461677,0.07315527826870899,0.07448316022760729,-0.20121758551671065,0.006611954596351408,-0.07355795425554608,0.09435435237057439,0.0781611027848615,-0.09969433154610086,0.05395213445675559,0.0169759213478497,-0.004760783078266713,-0.213333080425054
emb_dim_0364,-0.046615255985611434,0.5689832989342496,0.022775513674903176,-0.38069722234015685,0.14633416107767938,-0.19991168355528047,-0.06096063515909258,-0.02470972546226817,0.028496861142637126,0.09554293252659872,-0.03780593589928541,-0.14918706715645483,0.13923606871217176,-0.14151576558653733,0.014886427064413524,0.11469697098689767,-0.0280788050882398,0.08269704090564842,0.02962839148861762,0.007159810589474394,0.04517754272549964,0.15599239872765788,-0.1548032059591131,-0.0595951377043136,0.0197007164922167,0.012426544395646054,-0.04367338454600474,-0.08271860045715093,-0.03462471822343889,-0.01594620137830748,-0.006774010150113513,0.061393677957264796,0.16173370798210157,-0.06093535563577331,-0.12491201894652143,0.021040373513012522,-0.15526958174127484,-0.05801707191014161,0.16599016132649885
emb_dim_0365,0.5259012591233974,-0.24652318124822967,0.46021068104677143,0.5005255980201767,0.16370249926726724,-0.021412782399163537,-0.0321016131606552,-0.07416570773301864,0.04153734461179073,0.06442346180043822,0.03377587710597118,0.006209495528965079,-0.013559092148128263,0.0026584372293590266,-0.038372998708066305,-0.07935165812347797,-0.02767149365697288,0.03195286076359533,0.008217786562534359,0.05368632299781933,-0.018266806218046546,-0.13691543509567922,0.004704121275387966,-0.01615834742464174,-0.03932435096157331,-0.048091552766626494,-0.005486293357843232,-0.07111928394353263,0.0386487240428205,-0.006961840296686535,0.03875036561626808,-0.15959113510763787,-0.021547206004186865,-0.006815687358642576,-0.028015534654545895,0.03614532841665378,0.017398256136022045,0.0396947623307244,-0.03242340634325615
emb_dim_0366,-0.2913441360495841,0.10712188580425296,-0.2390247974489447,-0.104235447328324,-0.3835396500603697,-0.11011666323688937,0.11086951041058654,-0.0016553203224730106,-0.0708698753305348,-0.10395854915429326,-0.08544075007850317,-0.09432222628659077,0.09064153865520294,-0.04152653857855055,-0.01727705886796915,0.31680181413743796,-0.01930992149283043,0.01234328520315024,0.01997399765437035,-0.017109794851871533,-0.01733933162999175,0.006606409504221682,0.31789483120812995,0.04578254907322427,0.0384602650505956,0.014477725737072735,-0.13629803612762523,-0.10051756864768595,0.04555202624742145,0.1452933377258321,-0.029819872159014407,-0.14300746000672254,-0.05919669840724544,-0.10616842411163654,-0.020625324490280393,0.038215205338124565,0.27253793470306553,0.09130415937155373,0.04339206677933781
emb_dim_0367,0.11457525864007334,-0.3008710846561259,-0.6917860223818115,0.10716692826585582,-0.02025472039082617,-0.11766993380194093,-0.022684550094007404,0.03986106531217308,-0.011978163379535113,0.005437564277124668,0.2871265205355829,0.0486164317478859,-0.029222540232215845,0.02881582460820643,0.02396600914295722,0.12226606768445841,0.07221334857603257,0.0202743895017847,-0.18116088059112812,0.07563041058134828,0.09343728690158666,0.054419362722211054,0.031125013368828898,0.03149551443220473,-0.043765992613873615,0.1752399811955925,-0.02694259921044551,-0.13708491571410858,-0.14190926067606005,-0.12219322772373283,-0.008511397265009284,-0.026504865450466934,-0.06219828287489051,0.08052827997300742,0.02750061345113471,-0.0068791704052640675,0.07335419547438204,-0.049374784755754,0.008105665863469115
emb_dim_0368,-0.027796143547303157,0.6183696851425047,-0.19370248576465968,0.07705442916826034,0.0017749498423668632,0.010720172277633035,-0.06382286803923698,0.1853254214936174,0.009011734667557128,-0.029759699470821056,0.11320678085869379,-0.0014504010816534408,-0.15214784565051,0.0001057511646550204,-0.019354532241337295,-0.06829159061914285,0.013396270830738742,-0.1053745245274935,-0.012721091623797549,-0.006721439941821725,-0.06595392446689335,0.018650107775102533,0.17618049882609188,-0.0046742595324700325,-0.10411014252656184,0.08830088457673095,0.15377286852557842,-0.13123844228039597,-0.18517929885393633,-0.027366543561965405,-0.19641425456429662,-0.18078636030210166,-0.0802426385159179,0.12722536305212012,0.07995421652726596,0.05616901409206854,0.07023301381209576,-0.04393336375833216,0.1409301906596556
emb_dim_0369,-0.5845051314538898,0.14525436786949847,-0.4423109130032291,-0.006436725936158145,0.174709246551846,0.023482270919852322,-0.07121086183861296,-0.06795934179075645,-0.08258913704126537,0.07928221550893072,-0.1644646869321373,0.01465990534501049,-0.05032864181890865,-0.07188655242079184,-0.06234097772842111,0.04580204239435372,0.055913233932780734,0.13278402114347876,0.05639422700704039,-0.11240551134106114,-0.022592318845114572,-0.12958396031385064,-0.1016332277180382,0.013715053738249352,-0.0038828999445060584,-0.09268974677776898,-0.144157652583517,-0.06112720644067107,0.15425535147829364,0.09635219000403938,-0.008232032008836133,-0.08651321679407344,0.08995046829787451,-0.016460488757639388,0.18237608908159147,-0.0509579720350146,-0.0450264819989558,0.08665059620321264,0.09245607716631082
emb_dim_0370,-0.2841979274687237,0.11941355866779196,0.06560132215707536,-0.012950890232526475,0.28205884572573847,0.023779751384900783,0.03912484588390585,-0.06157610028517718,-0.003213912154410445,0.18195324435288238,-0.013752975540495782,0.24453959373417927,0.0046479940570394685,0.05125305740086426,-0.002353991722798753,-0.12477203214490375,0.16696651132431384,-0.05453274931713462,-0.05720269716216714,0.274951917401575,0.008805775523896204,-0.04789296833029128,0.044972327486540405,-0.008983202338440426,0.10900711225674976,-0.08421852843615073,-0.004857701164526609,0.05044813002408806,0.34481312493112665,0.00828953309825873,-0.09429304392399322,-0.1286193062205056,0.0016755796706700169,-0.2246176389507867,0.03671015322498303,0.0637561505852614,0.032604991496732905,-0.01028659655834043,-0.2012918136230093
emb_dim_0371,0.6047735339201348,0.04316150813827557,0.11664700015100751,-0.10706025521455205,-0.07458306426970279,-0.015227424231171583,-0.05698393188037228,0.11223631329262998,-0.04768038733413452,0.07633878888216515,0.08162755337308734,0.1737365259692795,-0.2036199131357347,0.1786277058154445,0.09556680048393953,0.049099847142801,0.042548938836148145,-0.17911956612187502,0.09166546587101713,0.1608261272167126,0.05073450394588342,-0.07879528853631773,0.043402568020299445,0.017082585606727492,-0.008642624717946351,-0.14028481644184218,-0.10697623281901222,-0.013496633561605118,-0.06551971429403283,-0.04793007456704271,0.005739685671017583,0.10259249360147718,-0.12741526744377582,0.06046666017978138,-0.06014789931753366,-0.18659433963398028,0.024418058180225136,-0.02220889447382416,-0.07232438070101754
emb_dim_0372,0.2831363618979994,-0.43338911430491567,0.017079800954024733,0.04671243890159224,0.2441257972164727,0.10018306849031762,0.21478632017716387,-0.061697035532452475,0.36611406321850587,0.06257709124381601,-0.02237748645823726,-0.11716524545104227,0.013749117781968334,0.03023868908040876,0.044660100359130976,0.31609675159041845,-0.04736801798390491,-0.023606574119587685,0.0748532430891865,-0.018829409021299124,0.027578101238611846,0.08004358220769668,0.02560195570247614,-0.08640608433620077,-0.030170415988155414,-0.03471184348285627,-0.025922266803833915,0.150217593759714,0.08355710361462981,-0.03736452974111708,-0.02669443545251974,-0.17630346405304542,0.07834688811164017,0.006529985502058695,0.11659617572353534,-0.04653024598637711,0.052176298824213,0.04478898832876564,0.0627751929433143
emb_dim_0373,0.28536864169546816,0.03353760453771571,0.07167645384058512,-0.05686781350786732,-0.005605979024711428,-0.022965675637974223,0.0017567193769285445,0.10225773614996514,0.04534295994436225,0.12598303246919262,0.17978890406249812,-0.013470456282787854,-0.0060509427663336095,-0.05251646070980476,-0.037763537639220926,-0.009661951497899822,-0.007192393625939156,0.05809718840855469,-0.01729896499461608,-0.047668461203219055,-0.09843899740348475,0.050503597937139336,-0.03345583875014684,-0.07919035653394738,0.055970299683166934,0.05432682033322907,-0.03014561110254591,0.050990317245035374,0.020986065806878486,-0.02476369282576431,-0.04905541917060171,0.7475430755340428,-0.054040667613525925,0.012136495304041867,-0.02326954139553266,0.025302208013174902,0.007441143941169307,-0.11212428688321764,-0.01748211061928512
emb_dim_0374,0.12181829928169145,-0.00573030525696194,0.43433702627255183,0.22616330730351586,0.34146006437570103,0.2573966911408643,-0.0533766900436895,0.029942923126819534,0.14646422808410287,0.06108363165557306,0.019622293959908128,-0.028273544574547463,0.018710898215067513,-0.07858444379355756,0.10206424036884736,0.08973363798909187,0.010619895652920635,0.03519739552780834,-0.15227789903319916,-0.016983109462185012,0.20193322963594704,-0.027675483933151515,0.04331306023909928,0.012346804831854203,-0.016305712297263374,-0.03558244016302324,-0.01203742676972655,0.06285091697940429,0.1831313742548814,0.069365468701433,-0.04766592641307662,-0.015169616650832664,-0.05411620915597539,-0.07300368522778297,0.1304446560377788,-0.06540481338082085,-0.1118706623043048,0.24869432884478995,0.0543139135947416
emb_dim_0375,0.31313660867890813,-0.17380069663603226,-0.1637297875673344,-0.1537530881089681,0.4111345670553025,0.23191521924659797,-0.0006679450525106235,0.06728546563918592,0.007827675058894954,-0.0036371000914365227,-0.027557698141659,-0.20572310839514835,0.044169469867674636,0.03821475801347028,0.07029240325054864,0.04554930154562756,0.010862804087155654,-0.18912862457580215,-0.023564820588910233,-0.015836113659192384,0.06155110454023639,-0.11704323141057237,-0.023018996486084693,-0.011810734392550691,0.020833810584463243,-0.01335978537265228,0.018919616823932308,-0.14678262387460178,-0.03981431046643469,0.10595610918419499,0.0649014399856303,-0.007550493168045443,0.09772698550501785,-0.1806042715203606,-0.06057121730874416,0.0742278971548329,-0.15207022551431665,-0.06786498978978155,-0.13279836564209424
emb_dim_0376,-0.10461326686977965,-0.5906195088975016,-0.07625900101209741,-0.2602190574367676,-0.30004550664031565,0.27702060406463747,-0.14108234798759695,-0.07484260642274013,0.02324486374045877,0.07930952499399976,0.026952375909242047,0.021851142094546503,-0.06503853159487494,-0.023587102012896682,0.05234318368567624,0.04950716499514464,0.09346608216673723,0.0026469440131403127,-0.08896198794994345,-0.005708839596578407,0.04864243168081324,0.0990597378547784,0.03908702703946985,0.22701759537465355,-0.08872279774377502,0.13142214212448766,0.014594447708557685,0.10544159018492985,0.007705764069746618,-0.13239928538744075,0.058158847240801434,-0.11885514225430423,-0.06714713100911619,-0.08172209699702337,-0.10401638840342242,-0.09709661371362031,-0.029926637912887136,-0.09174200328915381,0.10892856913551548
emb_dim_0377,0.19489235165030241,0.1588558766158385,-0.17606701678017522,0.3869516950825519,0.1476713669107803,0.060779462691311056,-0.01192053728529013,0.13176804502319717,0.30718334770288525,-0.11939940554236086,0.053053836544809,-0.11615958413826437,0.05007313806968905,0.018977682831759362,0.03896357234990442,-0.1480316296704327,0.17382486476466208,-0.16061315010281643,0.2067911418702878,-0.018696510479293743,-0.06402244975888526,-0.18913323074708838,-0.11028499363604276,0.022471334174801107,0.1704779106498957,-0.1365117938238928,0.16707882645306218,0.0051157052420789184,-0.07915933763287125,-0.01549654010846295,-0.004934301817061309,-0.07812619987801483,-0.01897986421534911,-0.012528183430052717,0.10154539409652612,-0.13890087832364315,0.0032478811752394768,0.11026285667260825,-0.07014769847918216
emb_dim_0378,0.34328971563150124,-0.18347949625892604,-0.4648830888991029,-0.09312265639577051,-0.03495243590373095,-0.19443782719809016,-0.010294036247707344,-0.1258327330061314,-0.009231809412398737,0.0735106838392177,0.0753462682323652,0.025068602701346233,-0.13270197621224264,0.09898711753764551,0.05435808761144287,0.03959455334248595,0.1746904533328067,0.021239638079717363,0.11356495223353695,0.11992829184514364,0.061347553991941424,-0.04940707172800283,0.05058148558110529,-0.3229718719277442,-0.008224844585794462,0.07219428796058776,-0.11988953099259218,-0.1357619334759497,0.06034084178441152,-0.09678566678834638,-0.2676688697179577,-0.06347914812732876,0.06336659205703682,-0.1094007474396575,-0.12030184589235515,0.004423635463343418,0.1201415870970174,-0.06553329109652,0.027360567776948293
emb_dim_0379,-0.5291729646437278,-0.017216148818319774,-0.5022634696454317,-0.007789303146222473,0.18050982499639887,0.08903618456158835,-0.20063398975393976,-0.16751265800154652,0.061365606774751454,0.08105964321787344,-0.031314767290654244,0.12069005350317631,-0.05503598040075917,-0.005641312190626965,-0.0026151132766831144,-0.19124057045187584,0.013999490675820776,-0.05047709566388284,0.03594972050078896,0.015714718914559393,-0.08482115221465317,0.00485327304226062,0.009606889227510877,-0.03546877695437893,0.0016209573853738267,-0.045981081066708916,-0.04266876353078345,0.06640440818539098,0.037372130300828456,-0.06418952606864811,-0.0002055667606064891,-0.17018317665023996,0.0738308216665072,-0.01615450879088073,0.07194269866748325,0.04631849066899624,-0.09107014341457778,-0.17530157257698065,-0.04575848797924058
emb_dim_0380,-0.205361620537604,-0.35784734171613497,0.5096480636818517,0.38249308947147276,-0.058179126778807634,-0.06643209992890639,-0.04615427412127572,-0.11483063386293951,0.030309230918132552,0.04160672473542443,0.06560052101463228,-0.05143996932633492,-0.17852064536047824,-0.024994012866043695,-0.03904579598698569,0.07149004826103077,-0.023592176176579487,0.011653210009452991,-0.18526004862475298,0.07027132133123848,0.1335249452702562,0.0708116490703148,-0.14721101692565536,0.10316938966652976,0.02140507989706821,0.15200049849654812,0.03546797379476188,-0.04027340344059405,0.07026306244633058,-0.06238931956868629,0.0886951308561329,-0.04796010151665438,-0.07206356174493089,0.04256959262548726,0.011278954836118935,0.023232411325191174,0.04804781242229883,-0.13981513428051623,0.07845707611547638
emb_dim_0381,0.43942159171565304,-0.5305155450434268,-0.2347019977565128,0.26923890537766115,-0.01876971844166725,0.13878158136437976,0.037007338792439975,0.1505599226800272,-0.11915509048286693,0.05779491966173315,0.007478597778873102,-0.028488122874711426,-0.09029262633490721,-0.08061297178397862,0.00722980040485852,-0.19454727964871008,0.2115278688378375,-0.10272559565705712,0.10983157074321623,-0.004393847965039709,-0.028762537064626892,-0.12314507855949182,0.02095611809912337,-0.1367599753801073,-0.08348952041700623,0.0650877378096982,0.05282794775377531,0.07280824062392204,0.0032631094784354576,-0.06833877942519273,0.11130816112431066,-0.03496075787541973,-0.015986431039013926,-0.010751013947568696,-0.034522638939937206,-0.014095827864349045,-0.13746977930415108,-0.0159717208163599,0.024455292837475124
emb_dim_0382,0.41122699535317647,0.4284044398682369,-0.37294392201868853,-0.20393588369174312,-0.23367619125091954,-0.027815565566364286,-0.07533707720601268,0.12214794119722017,0.08595456545139356,-0.02569565743956303,0.10144866887454589,-0.07213642569944974,-0.048819622879447216,-0.004158918546046576,0.07586808773558615,0.0641269007044574,-0.1316389747527022,0.05947229842571245,0.02620022308541362,-0.07769570766092276,0.011349893822320685,0.07608061325058885,-0.13759807321950948,-0.1300335522877751,0.047438666454109366,0.005100909292371746,0.22625471526412985,0.08351997406387629,-0.0948543317470403,-0.13714838742336619,-0.060077995378765625,0.015695461665148836,-0.019368520254268343,0.159948885919245,-0.03050164342932646,0.02676773315014738,0.06433789221255395,0.04419905807461644,-0.0874220346671812
emb_dim_0383,-0.27828120151745117,-0.15340502192604036,0.2084667937841397,0.3943562299308291,-0.5776946313974622,0.007150713880882292,0.011867085813605035,-0.20435193909305657,0.02113319859113967,-0.10285275058059619,0.015552190886750058,-0.0044953786955095705,-0.022291593566255964,0.07592389569526674,-0.02178378202858672,0.14847224108971177,-0.06454229319193235,-0.0009307851438826089,-0.04771686341887736,-0.027576920188088647,0.10895371817333892,0.05576311178994113,0.07195703282452713,-0.10525702477185477,-0.012786624946443625,0.025884143862217854,-0.10766970857915874,0.013231064130160505,0.04001161246141736,0.12912236581468103,-0.06764292993996641,-0.09411713376132101,0.0340033649365972,0.017820552049416585,0.15905710882395463,-0.08342227744934343,0.004594738529704059,-0.02280769137759627,-0.11526577489595746
emb_dim_0384,0.4575053926124235,-0.16011829936122404,0.0531699107500545,-0.12409757999013862,0.028881393291206526,0.2144433941740718,-0.06832834979340273,0.028785458689686058,-0.0659400031475987,0.11918873331364932,-0.08729806604914125,0.1653618478324536,0.1542020993731027,0.13539208697393865,-0.0029435508103569552,-0.2246371418896677,0.06124394077141329,0.06575160862169617,0.22007846706638343,-0.10832241301491384,-0.06418203723196884,-0.11101054550985533,-0.001504547828913662,-0.13072345410533687,0.05460014563822666,-0.04089724483221877,-0.06473644491043548,0.10151135148567536,-0.09500806149353919,-0.26252463213692734,-0.0707191590919067,-0.23121698583488948,-0.06443128056634581,-0.11214544973465015,-0.10880144914635574,-0.005671869482133347,0.09277241902201276,0.025000734383797987,0.024675309136216652
emb_dim_0385,-0.4364457307321801,-0.28036830318910216,-0.3739942878201725,-0.06745061803080797,-0.0017230641282286775,0.20318361711500718,-0.004172491477407732,0.013944406584050618,0.06736273653101134,0.11786297947879389,-0.10181217580910434,0.06778860289621186,-0.04852040330386452,0.2679042011218245,-0.04724241972313456,0.1278828925405282,0.060755142351972456,0.14371885898336795,0.2034327100999892,-0.03839001968770317,-0.08516109516949338,-0.01796254009685647,-0.0753937127430955,0.013664978036744562,0.11636118586012398,-0.20490257914269755,0.08491634130590862,0.10520137729718096,-0.09610544163847573,0.04914612254973785,-0.05426890994883346,-0.1263144391868497,-0.03743314621080653,-0.15180868812762272,-0.1568081770137618,0.04279834572251546,0.10625656939120914,0.02442456893976594,0.010198951078311775
emb_dim_0386,-0.4577292989983074,0.05496372853413641,-0.48159475801268986,0.057440943463852576,0.014772561731115057,0.08012029275079825,-0.04523243273570486,-0.03551742628848633,0.21110065963687402,-0.10216443275729944,0.09746913591369241,-0.04641541723173082,-0.11597232390583112,-0.05295453913402345,0.003596408048114854,-0.052163199683937164,-0.009641753806017055,-0.04894310809607375,0.011785743719893776,-0.0014383478203411203,-0.1784072192568243,0.026026324623802412,0.09293537538374623,-0.1402963718985588,-0.14969871363264523,0.028506784232006564,0.03524297456860355,-0.1403499670160935,-0.12224236413335562,-0.08322014249966629,-0.1182130129037171,-0.12514292683885192,0.0752223994001339,-0.0946400658122694,0.08610025893264074,-0.16452302665920093,-0.042205593537240536,-0.07740477230451333,-0.02649038413992862
emb_dim_0387,-0.0037016538560535684,0.11301582024507911,-0.16040693568767173,-0.2296252046182827,0.05018208167836538,-0.21461783247115432,0.021789702567235635,-0.22777767756882203,0.053875000327974334,-0.06591903938903322,-0.11006591312056217,-0.2769673775987188,0.04068504493043866,0.09647846198280818,0.09578753533279151,0.14231179968522709,-0.08583631415821023,0.13712686762359397,0.02746965734248465,-0.2821409443936352,-0.06639919791128016,0.20688625203028066,-0.018708526219666132,0.01948432329921776,0.024586957285430946,0.11366574258019026,-0.05958075214356792,-0.056415110368792584,-0.1063313186371026,0.3552119792328134,-0.06331798900765005,0.17088147849938934,-0.007943193287820881,-0.06703210399688171,0.1629897012086229,0.05777247087907073,0.016087126340374115,-0.06877669679336426,0.03806563738052275
emb_dim_0388,0.5496446621698351,-0.06646181512657502,-0.41429644379019714,-0.24133896502008576,-0.08044189689506927,0.02418078506151332,0.015572624773478417,0.16361818427118854,0.030531058067163643,0.011881244791791586,0.004967160428943035,-0.14088401901847417,0.05037077560380095,-0.08046993147538357,0.2424353871996599,0.11954617359451467,0.012814757148842258,0.07587362549230203,-0.2124394431150918,-0.10013790522843229,-0.06440788008850491,-0.054936212796714956,0.051789269199887925,-0.08253691120927913,-0.028518655001925852,-0.050833539383583946,0.17526415852690014,0.00889837256925216,-0.0677766235682927,0.1008573374450751,0.05596668981706696,0.13214607902528436,0.040909219805273095,0.020260847890215372,0.1532127685929114,-0.02998036534478162,-0.0779715316550575,-0.02612419693098181,-0.11759060257530807
emb_dim_0389,-0.34123360657868795,0.342567141773797,-0.23056286857836042,-0.27444252136805797,-0.20943468317672492,0.10562322564374153,0.024586345483290223,0.16567254300846426,-0.12676880748442687,-0.17131564599740587,0.13683827038583252,-0.13206029650796414,0.0753048944662124,-0.08538989452385222,0.10079216353763162,0.06041445860662199,0.031478777255447586,0.03369740155122787,0.17856116266442282,-0.07283479671665427,-0.007202776748385403,-0.04064447065025059,-0.15362103416887124,0.012474555439575506,-0.038002521922316956,0.12170606026201035,-0.17806525823231584,-0.08960610980947291,-0.013589648376122625,0.13502156090784587,0.022202961478488298,-0.04759422159525054,0.1778522220840376,0.15103538409786482,0.030184145463274394,-0.010422302948225834,0.027582482327545756,0.06732207532453048,0.0318512212673324
emb_dim_0390,0.5562827314105321,0.1613269026497752,-0.14886952341702075,0.2995772884730394,0.20998512204676079,-0.005791878306828611,0.11450582597384797,-0.04219037742616917,0.030185087212870346,0.02771422652823054,0.05949736568304476,0.1183911419471532,0.03219919612188427,-0.11072012937410831,-0.05742627338994577,0.05755316797425797,-0.02762245158506125,0.00267801433590409,0.14584095230083965,-0.02508303642224685,0.20642465154048947,-0.060634976695796976,0.06403489914186718,-0.09542021901342637,0.004021600847915899,0.00866748495450197,-0.02410459773170615,-0.02652917779661017,0.2720154923008732,0.0485742474834202,0.031247786925613,-0.18529801725993728,-0.07561445849302907,-0.14651265203151745,-0.15872230471006507,0.015619207933700401,0.1426921106225634,0.0350123616770901,0.017976297283501492
emb_dim_0391,-0.046797100922939545,-0.2502819074496335,-0.3270081063674463,0.0842877768323644,-0.20788197319999457,-0.02609277004904493,0.008276063791569041,0.21266057226306226,0.09796069811935293,0.03138631311349341,0.26129784729632183,-0.07642246361942737,-0.16879203249135732,-0.158460215453891,0.062006954930299535,0.21539420254941627,0.028112209905265223,-0.08064622452833166,0.04272264457086624,0.03377175821408566,0.14483631562204793,-0.0650177127347282,-0.01615904680076597,-0.09168353368635374,-0.0888240124944748,0.07364860352712406,-0.0821099848880628,-0.06812707536634761,0.1723794612554079,0.16117512940430131,-0.08551772381974272,-0.09858250184283812,-0.049221530958952486,0.25183970470233286,0.09182671203378782,0.05730361361314112,0.0037714284554262387,-0.16779501050859436,0.006609418480062355
emb_dim_0392,0.331679304989057,-0.310319296900669,-0.21080098333475558,0.1932900663155421,0.2583006917647353,-0.04759708800291276,-0.0066088300773027705,-0.11103625144838707,0.07008038983848595,-0.04799643826591006,-0.07361336464235553,0.02939941351154712,0.07345107902833839,0.01284746964754674,-0.05183098510917815,-0.004086113402664944,-0.15000550546727093,-0.0649604679791987,0.019908512916370972,-0.043600553815755526,0.1323518015792267,-0.12455865902590357,-0.047580089987620824,-0.24472900429341166,-0.1387427091420836,-0.09159004687597128,-0.031663618969988906,0.007640444611688086,-0.05896200243839157,-0.24078128223104522,0.007627508646406425,-0.2644151017937398,-0.12237353091708478,-0.15382035934684127,-0.0235151279564988,-0.0007327433098215189,-0.1842252156710571,0.12004206998139241,-0.21551365517012605
emb_dim_0393,0.6775064869520458,0.10463469552422423,0.215056847896791,0.06333111712389883,0.19340870739474167,0.15533319521011452,0.07019447077170382,0.12758973162181028,0.06582113901294545,0.05888799276191687,0.12478335909981512,-0.0027252503063903443,-0.02500794468783128,-0.19747236070969884,0.05234321394054957,0.09246145543156711,0.007723991123034997,-0.026829562170468148,0.05723241131699291,0.07165310757360195,0.011248728426241276,0.02033768193439308,0.044884003397680644,0.0970557634440396,-0.13337374753141087,0.13560167401570483,-0.09200480497030973,-0.19104349553771227,0.055443590054535814,0.04853421736954366,0.014436976852648529,0.08779673288413786,0.04712564382488066,-0.030961534689819402,0.0744147849206386,-0.1089975687648124,-0.01968193580570842,-0.08774591530676422,-0.00278376466143542
emb_dim_0394,0.39954234011541134,-0.24547173629774824,-0.1193439537811561,-0.4615571918610816,0.3341817178016195,-0.018135213364545964,-0.013422067984448305,0.061815289345135555,-0.19692650342501786,0.14540822295166472,-0.0012848686373911756,-0.050894403566320606,-0.008621845027979122,0.15714117391520005,-0.06577167860585022,0.09217073110409939,0.0805558678471545,0.06145549566312384,-0.07602096728545188,0.05277908025676097,0.039720541268173294,-0.018230645132253538,-0.016882792343867675,-0.02945559152413494,0.02495712314629681,0.033597990840386574,-0.1738918642125173,0.002321702166233455,0.030637609877317295,0.0727534467833182,0.06780126179347153,0.0883885375163178,-0.03978290966596266,0.026273805458680452,-0.12819713871176994,-0.008116939475562161,-0.08963426950446915,-0.021204859532735265,-0.1058048746273636
emb_dim_0395,0.6662256982842145,-0.3631247406872386,-0.17203024458018518,-0.007427071053573126,0.02121216094801921,-0.07464273455567877,-0.0861246947230816,-0.1353308348301753,-0.013795172891175772,0.0721747974774088,0.07205883224539802,0.2077128851170782,-0.0530084839851697,0.18270726818307947,0.10131934148105519,-0.023100575730632077,0.003508947923759261,0.05228336742438928,-0.02893997171492183,-0.06531060768874729,-0.027701717826314032,-0.0012928285194729098,0.14865150276514166,-0.02339110673441248,-0.029170389778448717,0.0008757137160586524,-0.028269409821205297,0.08056861609177562,0.08416995030813278,-0.20590491493623034,-0.15226731075222627,-0.003570850235327079,-0.02487805592543233,-0.061193496319457655,-0.02119575177002242,-0.05282704678373187,-0.0005786164132619473,-0.05803624034207962,0.07403956330001553
emb_dim_0396,0.3217077849000002,-0.013641187859720235,0.12083006890122536,0.11919383516002464,-0.7312454523996259,0.09074730027702282,0.1306012207354583,0.005220234328735402,-0.07268602764802065,0.01093228465876074,0.08061102460007702,0.037906232442253086,-0.027095316895729672,0.04819305474409936,0.08657909813664946,0.04981807217122904,0.07551840121630937,0.04286517880680736,-0.08825973952100798,-0.0400322611401856,-0.008126996487386979,0.054468428150494484,-0.0761689561761941,0.10223100278955892,0.012294681552851388,0.02913840294935104,0.05171293309039133,0.06677864874932264,0.012011163873872499,0.02447051443983077,0.027057090862615176,0.17814211522506976,0.06737459157238876,0.03496983858159513,0.0655600854452673,-0.010578253995295741,-0.09410650187256825,0.04960381627181649,0.02225898342732711
emb_dim_0397,-0.7854881997042623,-0.04906502710832471,0.04141241631050022,-0.11228537627500722,-0.028053745615349446,-0.09045559808852462,-0.00858044609146411,0.02424278406458245,-0.06230725264494618,-0.04009697613580735,-0.005590018868477837,-0.016962534729217146,0.07215945622637428,0.16277556452211256,-0.07427398527284401,0.013160992932931624,-0.21059917400386108,-0.020704701367503575,-0.031802368927550013,0.10019155555539083,-0.004836477670331578,-0.056381530625624225,0.007782892074153092,-0.03572831319116274,0.0021036725087865953,-0.02325981516100961,-0.06894244565144862,0.01817794149147648,-0.05955632165650175,0.09241563325189404,-0.13308346771603272,-0.10969734423236885,-0.0010608930108454366,-0.08335475101482534,-0.06218845423727005,0.03189159648490976,0.04789035312808738,-0.045436267292724056,-0.02998459958740786
emb_dim_0398,0.17499059093601255,-0.4531581113030105,-0.6812186917351547,-0.1570561083098925,-0.1324619740849098,0.0040918678589280865,0.057017870663267835,0.16593060748933877,0.04208889268956037,0.04347906605614839,-0.032851374392682986,-0.11106353290932341,0.003501144135937046,-0.042350702400602645,0.008777538320378463,0.03302986663366493,0.0400841293707814,-0.07691806768816244,0.0868084376904289,0.002199409003304723,0.15464101540862737,-0.004294506347796258,-0.036984329098533136,-0.05280614065339814,0.07435296721132822,-0.049526787843838516,0.05171576047099979,0.05569291105649951,-0.045206452336768385,0.03897773607748519,-0.027022478502582884,0.07697306087770948,0.08538464964810624,0.0757598210695837,0.05110338650742644,-0.053006617104107444,0.014349980128094129,-0.004066068445930421,0.05341317696224694
emb_dim_0399,-0.055760644084341345,0.04646574158350279,-0.17376398912017033,-0.16748492837948747,0.7708175432381187,-0.0002429854691197576,0.02384443468785675,0.08049459954598409,0.05570822547813913,0.006460199445333274,-0.005451668746434149,-0.03527389049534667,0.08833211371634075,-0.016662224695242037,0.018144609878698793,0.21495502193657226,-0.011117697815366909,-0.051217951047917716,-0.07527733273502106,-0.09547098858618745,-0.0030170235496305266,0.011141694761028787,-0.05490499979452721,0.1861468570302557,0.02239902331126162,0.03853623562683182,0.013249463285139797,-0.026485228422032284,0.1336185120283255,0.09040658933344282,0.08989618236583813,-0.03518327200369163,-0.013892323677995226,0.008695579934858446,0.12465665319620592,0.03942517279368416,-0.07006265247859024,-0.07780645323639203,0.042968994090437945
emb_dim_0400,0.5621279606278897,0.48612662741686663,0.09836026976015974,-0.27532221949420127,0.067171059184365,-0.003987940531883617,0.08837543153672281,-0.0700252687053329,0.09688411130026807,-0.005764367817027115,-0.02689575222283506,-0.06891239638301488,-0.059264279398887766,-0.07447658796359093,-0.0662183923389446,0.07777597783686536,0.06610677653173784,0.0804583497219247,-0.008581707340092325,-0.15620901125093886,-0.12449003347719152,-0.11723153363430441,-0.09509274154781122,-0.10484066865145472,-0.05091341397295505,0.09417232151647162,-0.0784423932082732,-0.0648413559174898,0.02056036689491762,0.08871880330363877,-0.16415538726919568,0.14420061187220393,0.009840743282567128,0.03927030457018526,0.06423121222587863,-0.0015736835528757703,-0.009280066429666464,0.0656157483723562,-0.0026264949010245007
emb_dim_0401,0.5127136076927247,-0.45059086757659056,-0.44295209284750753,-0.08197984841902434,-0.018279012809056923,-0.10999810370885829,-0.004101138437130854,0.039109001159910235,0.046896759515100826,0.13837253380386405,-0.06076025655366269,0.06635541477679102,0.056536576900686086,-0.052663019105734725,-0.0769932564626367,-0.07025268801906097,-0.013036602189282688,0.05462083311794963,0.18937451505637534,-0.031234067852064156,0.03782443678854698,-0.029209849036908153,-0.08656431258208813,0.00695637822406059,-0.08186456801360083,-0.05285876417688718,0.024626179423956906,0.027128754667763183,0.09777525655361012,-0.12453358292314314,-0.031274463798771496,0.05737760557880154,0.0716266002091362,0.03814262870821396,-0.08584354571112625,-0.09045871628090053,0.06031650497089489,0.07727433022384611,-0.007855334800316423
emb_dim_0402,-0.5810984282229811,0.20547513889900532,-0.3648933473707793,-0.011691380109360716,-0.3106688125700203,-0.24015364587225826,0.007690125941661287,0.09486733062588118,0.014959450495611277,-0.03634768075187254,-0.09045011819335858,-0.20835674558738784,0.023901150154185986,-0.011234738382981606,0.0004648559746205099,0.09165731393864078,-0.11582123350649992,0.019204806681125435,0.035577009984011636,-0.08447646784607538,-0.07504209830855069,-0.11745460826460578,-0.0518915073727415,0.010964262712677286,0.05431546054269796,0.07760692323373065,-0.05311966149590083,0.015405159749114439,0.009496328252487998,0.18183438066334812,-0.07127942657264466,0.03105795702849455,0.07249427431505734,0.061956947205822115,0.10282826283345017,-0.021249053574272425,-0.14146579601488343,0.01311966411150114,-0.03999677041702756
emb_dim_0403,-0.7934678405527521,-0.10276569681112736,-0.07903738180868797,0.03667728407167792,-0.16555813718074572,-0.09481793747315312,0.025831809866055704,0.17430244938398556,-0.21253949163037125,-0.015324404038736283,0.011723758130951584,0.039249026213265904,0.011289036114408155,-0.03900320032160518,0.024202069184018155,0.12046089855672096,-0.07254585892383064,0.03240067530210968,0.01241881886729777,-0.004318783089895667,-0.04303564646428479,-0.09780348105498764,0.02242527533850595,0.007614139228462243,-0.029109471625525175,0.11158509829309632,0.02194738899585049,0.019795971646494156,0.048374689145514294,0.09637206283194355,-0.05426126509794784,0.00381031288165306,0.05121339262304534,0.16788953664110243,-0.029194636568366638,0.10841142972391031,0.016305763405243014,-0.01700533525287275,0.0485710103684886
emb_dim_0404,-0.007124964099631923,0.2705314410700962,0.4092847041006795,0.05576107114323596,-0.07401813068949882,0.02144265671073413,0.17587488446282562,0.09498615774703144,-0.22609450695099031,-0.02024217048825495,-0.14152682677273531,-0.06551851988319403,0.11430562213162432,0.13392504055474258,0.15543914464262748,-0.05805524870071706,-0.1403046133533854,0.009105742220595613,-0.07343493514488329,0.011713660155362838,0.027682331717942217,0.04860122266948123,-0.0209201013047484,0.06957711234239822,-0.02612726743489862,0.0030444349304378907,-0.028595390155846282,0.14965758147572758,-0.18079626657457248,-0.22451454903607881,0.11004682483233862,-0.06045996060328344,-0.05746708934955744,0.05914914915127566,-0.4347868689329529,-0.07569547363652984,-0.03207972787837899,0.0368892067237454,-0.02732021767056125
emb_dim_0405,-0.22277093892184757,-0.3852858441176525,-0.1529340270553049,0.06919950682040903,-0.12262528183189456,-0.03776001409374922,-0.030429947163364,-0.05065839963789127,0.09267256712808383,0.2719997449677932,-0.019211180965780335,-0.38028245013057055,0.2527876280544501,-0.03493379172071738,-0.15412032555508243,-0.11150905911384759,-0.13180948355047334,0.09613980870912608,0.17990735190711138,0.01990891675887333,0.01730804584074376,-0.0319796221073946,-0.07643996699010495,-0.05168936366188373,-0.10755052444909073,-0.049025967145052134,0.10458237450374255,-0.03281690661587919,0.1441530017408304,0.04918384205301066,-0.003951738195957285,0.009412218622514363,0.0030089385366661434,-0.03710038639855465,0.04313896820796989,0.02740041051674964,0.005035949549651921,-0.09626049793452059,0.20509297214946307
emb_dim_0406,0.21718595036719082,-0.6203419661722012,-0.3016404806527479,-0.10677809089644426,0.003990231801847334,-0.21662575746577148,-0.007933361342288583,-0.023219735431085377,0.09827330585506978,0.1228537266380929,-0.040289185648171764,-0.19294743969819206,-0.008484206424734532,-0.2000348525862326,-0.20798841654486652,0.0887596250277553,-0.051358106856449835,-0.004734859246368385,-0.01103340698910586,0.07118841664361784,-0.007572395049796705,-0.0474075617116772,-0.015331973006532856,-0.0804777646359267,-0.05016956789025856,-0.00545248656991524,-0.03071025174462517,0.03842684330413291,-0.10632615945654787,0.11550365250475565,0.016553276629652763,-0.01781495811851335,0.01471044931730964,0.02395486846018508,-0.02398000922440337,0.04811742750492773,0.052087443673489504,-0.0037436717086222295,0.1445770394264066
emb_dim_0407,0.34019335141734053,0.054424062253379396,-0.048903811008696264,-0.056571962803480806,0.06316986750539345,-0.1243661358814836,-0.14551295056467065,-0.0007545738911073558,0.0034117112514140966,0.0496980983916002,-0.03174970324677929,-0.006980612052618546,0.05080243694269463,-0.16581189252086898,-0.033162221726386075,-0.013885313564612202,0.03441049422069695,0.10363740260188509,-0.10653981497164375,0.00020548769993778185,-0.06798868738219625,-0.027691733747356537,0.00670484994458954,-0.7005129386664677,-0.04891496953308896,0.003725662419101361,-0.018303531950560715,-0.07382410292355342,0.055215122830778694,-0.033283280205854346,-0.07629076786755587,0.006179487074097698,0.10472990203689335,-0.010461991930879587,0.04291433324524971,-0.001958786759512661,-0.05746681160081894,-0.005148722830780486,0.0007102989409757061
emb_dim_0408,-0.24511850099218954,-0.10014251744039952,0.028251526267234196,-0.3878185612402901,0.2160296131191872,-0.00660442273582817,0.3008283876920772,-0.11066083399481326,0.01680050773542428,-0.02101782944163271,-0.12147583769883431,0.1310580059858309,-0.12681666714449064,-0.058486809796038014,-0.13023929652882318,0.10243266396853178,-0.047895796065585056,-0.0462071413559171,0.08891450721383258,0.16308322612468917,-0.12764885109842358,-0.020127091076505794,-0.08450490685603683,-0.10899632508213027,-0.049274094591780344,-0.07557366528960467,0.15208847113135676,0.07330255017177723,-0.13046601257231272,-0.09537108652708175,-0.17153845264463546,0.14831058079978363,-0.02800398646466444,-0.01911808732774443,-0.026659104604455187,-0.01568882498582744,-0.06330996293207349,-0.06315874340519122,0.20576284015303434
emb_dim_0409,-0.5633007504383714,-0.34135506718865083,-0.04758191401017966,-0.16339362841095853,0.04016683052702915,-0.08860886776901873,-0.0605783116280276,0.15681778238281185,0.09562076671601376,0.07151430122291719,0.10526421574483635,0.011055177044569544,-0.01721303252231857,-0.008502348206382926,-0.04406225872160853,0.030624175827210158,0.018354574940588616,0.007477026464286251,0.0009008053413469809,0.04704165256071868,0.021858247509870973,0.07095074756918421,0.11489074751526723,-0.031692345424574025,0.0629191475222816,0.044390634949383015,-0.10386461185230443,0.10382139876356633,-0.0060725632194334085,0.1318424846363512,-0.08751958297867063,-0.007464236299528139,-0.0012274702549978415,-0.3529931117458276,0.006217400287369632,0.04993042065846511,-0.13499892916438175,-0.049341708215320024,0.033301421598996545
emb_dim_0410,0.30243726477902266,0.3951805569674142,-0.005979570078795711,0.0809631377450204,-0.047924738278663774,0.37550198746504426,0.11183871493345734,0.16329466368111265,0.09265363147407053,-0.20092607780310506,0.02624541579048137,-0.25218721049382953,0.1309999061156465,0.11841668779689674,0.16184322707398882,-0.14790262117789618,0.1170321017949533,0.01118148616685158,0.13825224215554754,0.03312429376186814,0.03656864790005257,-0.15667567443239186,-0.04105883301022416,0.057064624073929926,-0.005972452069329203,-0.07000671904090498,0.05956334089693302,0.167639855729155,0.100035933204466,0.01763313913400056,0.017818757228656223,-0.009173734847993118,0.010955367908851541,-0.09923690364468125,0.1139265029814168,0.10216947417267977,-0.013408200171633041,0.007963714996032831,-0.16772828595839556
emb_dim_0411,-0.1316567228122778,-0.12656766197516522,-0.1111864694112703,-0.06329056960123187,0.11989815285266225,-0.11642747366350213,-0.08853468816936846,-0.05307835017994443,-0.15808897492545967,0.11757737296288917,-0.02470046469429796,0.05916790060671466,-0.22494789763649056,0.3983348496690158,-0.0683932741819614,-0.007175630655816918,0.018947384518207943,0.3657152851577089,-0.08415755857765717,0.02121345934300497,-0.0240436509412027,0.08561919167613762,-0.06909922812202474,0.03586303752101513,-0.046949579383536846,0.143797294113941,0.08594087152299575,-0.18253887638332952,-0.015794734398989502,-0.159452947742942,-0.16777871838070238,-0.05810202408681921,0.07966737307767269,0.08563425216692003,0.014443196996546682,0.08120663368171255,0.01747802445838732,-0.034806461100162195,-0.08200104366857593
emb_dim_0412,-0.21561350340907304,-0.02632652714164607,-0.38069800292663364,-0.04027590658890667,-0.43990935945695264,-0.04895372711339971,0.08033076939501527,0.14312761664079457,-0.028831699556454593,-0.044064839731745915,0.13433554140196746,-0.018217674722140857,0.04687087631941898,0.09673809469976505,-0.08052421803986551,0.03527168663289328,0.06988182987300218,-0.01988835965742947,0.010986605937013927,-0.08419946906447777,-0.014840360728511576,0.11436525005969822,-0.027280267974081365,-0.0707260121358743,0.05169102269986908,-0.15658320698120842,-0.23788030308021207,-0.07143064079214131,-0.0013904530686979087,-0.2892308479333705,-0.03490766542935228,-0.1017419449569371,-0.0648599441088988,0.07976672616632811,-0.016343315380886934,0.08463078683758316,-0.07166369581980545,0.027735412109388256,0.1409776573959163
emb_dim_0413,-0.033476698007741376,-0.02124340232710726,-0.20862785562296937,-0.44494201097539815,0.1139757529242171,0.11663343155127856,0.01462399573893198,-0.024803553716032448,-0.04925924410858504,0.20547388878210796,-0.03410962435937212,0.03135793596222801,0.08885427268108657,0.12514335103450708,-0.07080706018468558,0.057098566569175425,0.04164935180916798,-0.10018564756684276,0.17794799041427498,0.11551994465059856,-0.10951015821225649,-0.1210614521215668,0.06766501173519067,0.06250237727902681,0.5282431175793362,-0.041283292533903095,-0.045944548198848606,0.04534608155038511,0.0005397766889658948,0.05892286285388155,0.12942338072770565,0.07115327910441158,-0.01654049885802431,0.06729139341263493,-0.08474560168374821,0.012992592230968103,0.03833072611234068,0.15077390918948191,-0.03262606860601236
emb_dim_0414,-0.303925664440873,0.2157429152853708,-0.15901082680135872,-0.08578558716421258,-0.4437957154121365,0.17920302627726076,-0.10964517037152087,0.1400145670399845,-0.1517031500775122,0.20049422208589784,-0.02963282592189324,-0.11346857005626801,0.06367564961484408,0.0275241791433671,0.005229183273451249,-0.02367380022816461,0.028603552302161876,0.11893016672056235,0.17568650009331707,-0.023641404445866668,0.15885478866843092,-0.05513783407608729,-0.004238251455746359,0.008025777515098587,-0.034325085733245685,0.12511240567092932,0.19959985705867872,0.0833642981163181,-0.21815876235090426,-0.09020161417059115,-0.13265850956081934,0.08777995655052896,0.08065051790996655,0.0986052590436529,-0.059780130050710346,-0.009259575079827682,0.011682474213854583,-0.08562479230832673,0.13049439599537463
emb_dim_0415,0.37363341371185865,0.24804688948323408,-0.39382813284773954,-0.15969770417977397,0.18835730263795405,-0.16501443596310236,-0.08155099192033766,-0.07300014828497473,0.007867609616076217,0.03205203074018455,0.0019340647621248074,0.07924167291216774,0.20589161691014543,-0.05101080146310153,0.1227037727219878,0.188060408634871,0.05755093151610749,0.0767058534252602,0.06329571552034613,-0.06425336315264647,-0.042700668325892276,-0.047385791089722046,0.014612770176746039,-0.116902252049271,-0.13879840635638283,-0.037406304519297766,-0.1536349717077882,0.05808875819396082,0.050843071705437295,-0.0064958918678995545,0.033771188034068436,-0.1581798521776573,0.08378872265479861,0.051227398078815364,0.14565888179901193,0.1037189285344938,-0.18313082393999566,0.0992438993992906,-0.005052265809846065
emb_dim_0416,-0.15597144705105742,-0.5701570253303204,0.02703906024809442,-0.0017293022889567436,-0.2885057789629085,0.07222051970696157,0.02464632316242648,0.013313325746981939,-0.01370554173482909,0.12902488568087714,-0.24235164064410228,-0.1660275607469306,0.12385455799383674,0.13114556028223295,-0.011969338578770937,0.23014430079210316,-0.15939081518180692,0.18159066840867447,0.04035773368097724,0.06877261918949246,0.02307349773120449,-0.0071900437561994174,-0.1682276911602692,0.15569015844796508,0.04446862550405064,0.006181794218813344,0.08606895551149556,0.055960622770513835,-0.08294446810037188,0.05716671059964549,-0.08992094122417012,-0.009381934530084415,0.010269614610499958,-0.01738530701327536,0.07761791167632007,-0.07360208343933686,0.014452829354324953,0.011602961020462488,0.05706039894253509
emb_dim_0417,0.23274698542061054,0.001638645724164443,0.43022063531815224,0.31324534535501164,-0.19626688745116855,-0.2735485439482409,-0.04654389834782616,-0.04653608637834074,0.23822393473698347,-0.15307118164862793,-0.16996370524502016,0.04515117450321561,0.09835002905622989,0.08187006185355035,-0.13042764764082496,0.0811109965720929,-0.019438820096238017,-0.05685122895343077,-0.02891542424712622,-0.04680711466645408,0.04435539305345342,0.049320631942701684,-0.002362747891071535,0.09672990943449143,-0.01058944574936422,0.013669555267397196,-0.006754803494177866,-0.2151828867126031,-0.05980724023119971,0.19730796674061177,0.0706971963999271,-0.17911481565727477,-0.028294166004709433,-0.06772946592875277,-0.016535905688503154,0.04535856785318525,0.14562474861768696,-0.04110876900130958,0.030638119513884742
emb_dim_0418,-0.016516137985412575,-0.024843706191997918,-0.5388870753532042,-0.496484098480182,-0.004613189842933749,0.07299477661055329,-0.06902168811385494,-0.006627099508450551,0.09838070688184872,0.11500828819972439,0.04315958301310707,-0.12288120677004773,-0.09222075045214125,-0.15683425706141096,-0.08124515676340731,-0.012101873026285504,0.09250526897907699,-0.009065803669525519,0.1893147412819006,-0.027134762002506422,-0.10467840646820632,-0.05397724474334369,-0.03598536544087074,-0.11593732108818203,-0.13304574743355435,-0.027081290168565537,-0.014260894086167968,-0.07839143483371666,-0.009032911355766645,0.008996427183366074,-0.11832343558031014,0.005461442792251355,-0.000616051196638217,-0.09028127556695376,-0.028029179656150705,0.06094864616789362,0.12586745081135933,-0.0702970894759427,-0.0002547736657280207
emb_dim_0419,-0.09997025826548037,-0.03732480893828508,-0.3335939791300454,-0.1732504094536856,-0.15635242986446665,-0.0024773493327141516,0.049426740384112974,-0.017559885352427602,0.03995763587880363,-0.006282258253441818,-0.08045235837110182,0.04254986565055124,0.0177131389436942,0.1509992585238487,-0.09199702572703126,0.12769870135774355,-0.04759365198925052,0.012829498253235956,0.11473391579065753,0.00047551425156925936,0.6196673066440603,-0.03613476021259815,-0.018103562316135798,0.09864732700533915,-0.036142716788003994,-0.037217889448743435,-0.015021396960718254,-0.10699637937705896,-0.00430330356275709,-0.06648194812859015,-0.015307777942012987,-0.20938154216721896,-0.005805340519676098,0.08235760153168024,0.0066626543534245245,0.04706436251202054,-0.05208213153106576,0.030038547433318154,0.08061490813995435
emb_dim_0420,-0.3929712718924265,-0.5288724743619426,0.5585890702653279,-0.08240888243570912,-0.009421023412143195,0.03656931814190645,-0.019324158607918477,0.09502689378748144,-0.0799902180362254,-0.026140638429148055,-0.008439805323689192,-0.09799236981704072,0.018450536135338154,-0.07758380390034486,-0.030590334765745512,-0.019049021771782228,0.04892176241243592,-0.0016981126691396138,0.06249513540010106,-0.0545398593268222,0.05458260984166067,-0.011277244239664749,-0.08620103942443923,-0.14906651493400466,-0.10529716335505752,-0.02367867770075339,-0.05023061782520653,0.08115124175955124,0.016720896237020236,-0.08033430680427407,0.0636776200180206,-0.07266293579486831,0.028525025418871763,-0.045163848239047,0.05247663826754893,0.030846686897708912,0.02886938678413224,0.03797401678427534,-0.038553239932737675
emb_dim_0421,0.2001502648286083,0.25191634214902947,-0.06158062197897262,0.034375461282706375,0.16607958321439165,0.16511808585296625,-0.04585030014758517,-0.00489862387609178,0.09248524938866487,0.010296800363513992,0.0878623576507328,-0.05932816581719293,0.08732509693922402,0.1502459065230645,-0.08094886114602362,-0.01711467669773799,-0.007447147411795579,0.09939337784327024,0.049464252993832,0.009468323893175281,0.07218244575059911,-0.06661262850459411,-0.016837431469773127,-0.03812981679198612,0.042331513319387865,-0.00025184312225484955,0.007469280232454652,0.01399815288082995,0.036118112897856415,-0.044687127809545826,0.014583215720179352,-0.21121845510919127,-0.009197736760032332,0.0018336824415661767,-0.047104764030238895,0.017375103423460665,0.029411771996963768,0.6057706254562699,-0.013902118857573387
emb_dim_0422,-0.14986547039611112,-0.6743506523263517,-0.3329326609195656,-0.19951713290736486,0.16168256590612937,0.010520258610366732,-0.029262439921611268,0.016448710618747708,0.06773090215439112,-0.09036546661042091,0.0034341246181080853,0.018230223634961008,0.12606715662817417,-0.04702350490500294,0.009977356307277736,-0.1509777229543368,0.009318262431457355,0.17197924046069848,0.05327079605544626,-0.01186438920956642,-0.12367630132591756,0.018384555882028798,0.047231940746851185,-0.050680626636239505,0.13641904315946185,0.03421087697584099,0.004513159428277959,-0.009412140574371222,-0.1445285467199953,-0.013172177307242017,0.05961176523580911,0.12795017682755278,-0.1391386053064055,-0.009920140063432793,0.013905959970071954,0.07025337314558484,-0.0276175727510767,-0.09930089667282595,-0.053945597973112026
emb_dim_0423,0.35053133760494243,-0.06119852739344411,-0.3879987489442048,-0.11360024781358688,-0.6395520938343559,-0.07027417247873234,0.06351784707699282,0.13111492059165428,-0.05411579500089981,-0.041657344690227485,0.04551095135996983,-0.11417581582485999,0.19286956242812314,0.042655852345837304,0.07907931487264991,0.08120378032734965,-0.04840902823977953,0.12604021886338562,-0.06888919948161808,0.011886766507799733,0.12324333468998992,0.04907566547964731,-0.021806512708032674,0.09000414601226446,0.002228059222139849,0.04742115237720599,0.012318532098645646,-0.09491188146455311,0.03417961960224177,0.009312702277987875,0.16080009094122205,-0.034146712726461366,0.05504390889360073,0.02777803163597786,-0.009205977890166278,0.02002277900786061,-0.08017426392534921,-0.001341678421426397,0.08469708461182572
emb_dim_0424,-0.46804890233624363,0.11037277003313335,-0.22680897803691447,-0.1262244173405044,-0.28401101597911516,0.14481933374636924,-0.09522564059631694,0.3115643944755262,-0.043320472431047675,-0.1294694586361981,-0.027386034041580645,-0.07759637795692174,0.12088989798189832,-0.030253714803715286,-0.0390480295224941,-0.020009942793499998,-0.08036401702462583,0.021754434757812992,0.036923833789411255,-0.24064711550086623,0.13376190469575033,0.08794141492372089,-0.015298980204550696,0.0032505677534476465,0.013229833099577403,-0.02559253171581416,0.09704563978271136,0.08897057271904758,-0.07308068791233653,0.12358891335812354,0.1505607074237403,0.0018092521696063029,-0.14939768785653407,0.04607720946732889,0.14282973980490432,0.016989488765086755,-0.193957074797535,-0.03514952148608452,0.02759880101067377
emb_dim_0425,-0.5925186219580897,0.02575283375651409,0.000852433425161834,-0.18846570008744534,-0.027473604189656976,0.005051310354819817,0.14324683729101376,-0.0036346681939122185,0.007526766078800727,-0.12399233379758888,-0.1587111522233941,0.16129107625792566,0.05330359507261524,0.05429806238578582,0.059690697407273174,-0.08697105391130554,-0.0589420535989946,0.12394909524352184,0.1734560166785866,-0.21760920979513226,-0.10971005406201007,0.07600081311845718,-0.06162005323395052,0.06464602634462609,-0.03517712051505834,0.0023909839818105497,-0.14562770254220317,-0.17706913996113186,0.015658381873011006,-0.04895778487304452,0.06556712389852323,0.050856814783429884,0.0949028018690722,-0.05587124928084484,-0.027936720756313965,-0.024851092813551738,-0.0635023414387874,0.12980917448469312,-0.0790748078216871
emb_dim_0426,0.41824041941293194,-0.16292110388768474,-0.4487200082079647,0.01049583955348856,0.17134316580934172,-0.022224937293828496,-0.0004569195425246628,-0.0020557894420111405,-0.10081499328848634,0.050981954929332926,0.1211101444363606,0.03541730082275373,-0.1666438890254944,0.08687389458739968,0.049028435819012915,0.025624630123249753,-0.09380695880969338,0.08808779528860779,-0.1099500024041043,0.04259728874191033,0.28516053395700497,-0.1695751205549033,-0.057252297607592664,0.10064232777958187,-0.012687841833848029,0.028156373900932823,0.09327314455269196,-0.21668318370417622,0.10367628692755786,-0.005412581779886707,-0.11489475952939199,-0.12951578858568105,0.02985381730139486,-0.01658156510847167,-0.027188324554030575,-0.04000196359602455,-0.06853074650306212,0.11455067571262527,-0.04692856781126022
emb_dim_0427,0.04601345505320135,-0.2515563998605338,0.06476024017975823,-0.22172553196681502,-0.5463942672775788,0.0022814471033158513,-0.03494285069513584,0.08925291272902107,0.02527774551316643,-0.07628441110942978,-0.034038995442212186,0.0779363589257431,-0.0648811521695045,-0.42100786858524336,-0.018524932502841686,0.10298949219881037,-0.04943516628197984,-0.12818473862406907,0.007188912182001997,0.05309616299904991,-0.10627139889710241,-0.08054405948313417,-0.009275870428601441,0.016916321377061706,0.002466720062048487,-0.10263406870245993,0.0031545218114637577,0.11589789826236992,0.08042006322208727,-0.053692997006825595,0.04449867307060389,0.046069606891849905,0.16724681498245528,-0.02010182586386579,0.1905255493732906,-0.05243589438539528,-0.0512904238909046,-0.025692414713822775,-0.0023965381033080007
emb_dim_0428,0.5415558884460988,0.043321725208023,0.6093101555778692,0.11895889503771409,0.003474594481719571,-0.026378190682024155,0.008748761465639009,0.013485457528859315,0.018706519445098976,0.15343530082505277,0.04875720023800551,-0.20590602284078527,0.07939544247058235,-0.05809939734318303,-0.07756854395240331,0.04090323707002339,-0.03726640520394508,0.03984345472368067,-0.0760352780095512,-0.051472397987194704,-0.09529046326598033,0.020230844585193683,0.002872287633600498,-0.019301432052055263,0.03354278771467734,0.1444109854783515,0.008046872588023975,0.14551796094107383,0.08176908668390061,-0.02649233427511695,0.13657131876826417,-0.01932072907680632,-0.08519541434746303,-0.005714361433237998,0.09571337232552594,-0.026187665201037918,-0.004286496180628112,-0.1289743889609572,0.06388662353282251
emb_dim_0429,0.5204683408143596,0.26933684019835896,0.26320822189793935,0.0923334135889131,0.2492312946399167,-0.06220687082551112,0.10757753545871458,-0.06882756319321563,0.06277873787917614,0.032260944037378295,0.11933598355358961,-0.1360322768325021,0.16180460783411962,-0.00903749162856222,-0.19383823845103845,0.037977844466210005,-0.001818641349677425,0.014380179100108569,0.025997321290147965,0.035377486550632116,0.042611908323469484,0.029273261945173303,0.08368077137148339,-0.07507384530832423,0.05231564637122141,0.03963659747293418,-0.03646757736558556,-0.13064307630953845,0.10521601458078042,-0.1952338229297261,-0.05031155019311814,0.08096380816729123,-0.10586212193285717,-0.00766515294435132,-0.046314567028320874,0.021676085013458957,0.1995917460746512,0.09267119613623999,-0.12648450628250996
emb_dim_0430,-0.6450707294381268,-0.11941433867767988,0.03370638758731988,-0.3895734571475229,-0.23144853867513185,-0.06673485226372383,0.10265975851754612,0.050007465275751575,-0.02959972971887693,-0.15202790629436272,-0.13505051789385783,-0.04554809297667151,0.2207896249520482,0.0798311195560873,0.0957541084708933,0.15755429086811273,-0.010708761315911608,-0.17490211801503272,-0.05068643427784278,-0.008011963486497842,0.044700676798616654,0.0347782031253205,-0.026754769769060813,0.06829269925962123,0.07394910354118227,-0.05485053487898723,-0.02503818292824647,0.10605827545625401,0.027316379587553653,0.03852434169383693,-7.754258328451128e-06,-0.04261268784990125,-0.04342048462042659,-0.07762726660751218,0.05348756196581039,-0.03969804032249517,0.030473385585086533,-0.010148284389020282,0.018620493595258407
emb_dim_0431,-0.4898405297429136,0.4674897172044839,0.37510473914236425,0.0052299712222675055,0.10429908619828868,-0.11555656410406334,0.20096423449323644,-0.169010276423067,-0.07466211004812617,0.20960796072476948,-0.14552642583641218,-0.030240032884783323,-0.006477527191445817,-0.09500495990794114,-0.0026740486932242524,-0.09135268374890378,0.06028553791960671,0.10003550818490232,-0.09828658272647113,-0.03555558659935574,-0.04134998756419161,0.08378718726977137,0.05402002646724326,0.06942244717459241,0.05358826594098461,0.009949416738766903,-0.01846548740279423,0.088477671845432,-0.09626166125463222,-0.029029912839056236,-0.09378887461858969,-0.05735674825313559,-0.015370988456590757,0.08957657360315863,-0.0013771090994754815,-0.04341141104137013,-0.007123136504305207,0.017024674191190633,0.07909187355162367
emb_dim_0432,-0.5499582186836303,-0.40625805121189573,-0.4438875371779847,-0.1475970897749841,0.06008455494544623,0.05489978580098224,-0.07197601174697042,-0.05426183824947904,0.11747976739441064,-0.017257075970502245,0.004144584043217478,-0.17386289093951832,-0.058215702476681126,0.1425049061547087,-0.0006369075364022733,0.14502814616698406,-0.026835950057881214,0.05762755472636341,0.007956813508951482,0.02204128256986403,0.06266803202792043,0.087513981906331,0.027218505256632813,-0.02637712617354594,0.015331538607989428,0.013286203181602056,-0.01653402014890517,-0.15438607498758383,0.02636516905825095,0.1405268535719757,-0.11725367778599714,0.06582052649029824,0.04509331774683882,-0.03081025765241476,0.01911840467174935,0.0827074837049896,0.15922766536911362,0.12818048643234786,-0.007118432597800578
emb_dim_0433,-0.422372087080557,-0.4059180288385158,-0.11366671976168957,0.09065102291254983,0.10185352871226089,-0.03483712833353094,-0.07500938101782806,-0.3285284716578368,-0.014844527085804332,-0.018702608381611415,-0.13116389746984364,0.08682230942290886,-0.13168263621177667,0.026041383259193022,-0.08278334347458462,-0.01912138516272648,0.014794245440805357,-0.14487435684056996,-0.0498310925248255,-0.0826548151396984,0.13559763561205604,-0.009984919906364756,0.14932118843350234,0.11603881387779953,0.021366343721463763,0.2402083380516988,-0.020513417651602205,-0.042022075046315256,0.2355614544506278,0.121500486972953,-0.0757064253871056,-0.16649173365104103,0.05536845347711505,-0.12464493325015674,0.12067111175814499,-0.018194356972198806,0.10559467107492038,-0.05473793856265617,-0.07551098726068098
emb_dim_0434,0.28345973903350463,0.1600598062913419,-0.24677256084824747,-0.17817014515787097,0.41891412805006384,-0.06497745896045158,0.011424222343433559,-0.30708775419501666,-0.39242450452147537,0.05576650448548951,-0.05307219674895909,0.11344130556482507,-0.038318147320178804,0.04104789663668307,0.02252201615456024,-0.05172739278971322,0.10271150411877844,0.05684480947264176,-0.09035081869641223,-0.06252531809316962,0.0280797378558822,-0.09112225332279886,-0.02716866252790929,-0.19151905085986576,-0.1392351028031711,0.00361181724401587,0.11197610048718847,-0.019621858455886942,-0.023211323212798302,-0.08886423211221316,-0.09582153443118259,-0.13726299152859225,0.13323837943090863,-0.12560799866196126,-0.11990229977252186,-0.027309416321976865,-0.06502054347260883,-0.00021737585328569038,-0.06795099874127374
emb_dim_0435,0.028585968939992233,0.10460109060150959,0.38760649139334313,0.15518214764103866,-0.23528703876317003,-0.048673807284292506,-0.012120851639720875,-0.004968006837690565,0.02195770669669166,0.027812676883271888,-0.06333074816275623,-0.023988940692645212,0.0737652438125654,0.1522726947892752,0.13091160753707315,0.1083188946659258,-0.05949640599640398,-0.07188305622944323,0.07695971364906137,-0.06837687969692803,-0.02175240937263911,0.013272390125933582,-0.047202734830816453,0.02553404843117362,0.5253268590396049,0.036732128213737204,0.11521077358031877,0.10063954755011773,-0.04395534100533177,0.06058909067532809,0.041763262376092056,0.14418035579409166,0.045481048216385836,-0.04127213781834167,0.005219477965927732,-0.048833240768343014,0.0441861412544967,-0.17670532966675606,0.07164230937772081
emb_dim_0436,0.4520806226715195,-0.0638997767118295,0.3915677080507231,0.3087732771552843,-0.14493267275303023,-0.08867779750882268,-0.022105292482727825,0.031171031542989343,0.03236652541237085,0.09159810126568509,-0.02349235807275095,0.1342422300969691,0.0385063549728651,-0.0630972517014106,0.07528603704898278,-0.010673348393891018,-0.026946141273479576,-0.012550165829663298,0.10070727621991768,-0.020225658096388797,-0.04670173415200887,0.13627009208670418,0.2186418430386108,0.004881317838927534,-0.12364759833831214,0.02155972799423046,-0.13058146733929676,0.03744684296845591,0.28847849135834713,0.03759313222097792,0.08493559214663765,-0.25911317644595333,0.012110657673066266,-0.02663192494842634,0.09935292781040453,0.010390717880732682,-0.1352658021832769,-0.12266318585045506,-0.008990884573463559
emb_dim_0437,0.30320826205588036,-0.2836813847622108,-0.1333714420981483,0.09837009291873447,0.38502560798319035,-0.12777103781240898,0.10091835314415634,0.22908486444113363,0.00030643521043468745,-0.08033414968115699,-0.138857386461754,0.07967345828921384,-0.026766562508247386,0.014475735937619104,0.1428065651726373,-0.1795439413909329,0.10953057481704438,0.09244018263962218,0.07653602962296459,0.03084521592450227,-0.046531056631368396,-0.016407135719676134,-0.01431160547852993,0.014572842540061696,-0.1399562099421775,0.10787938792508305,0.10419699140220649,0.08793726833183864,0.05909136749284066,0.08756793998403202,-0.03468925522126038,0.18309107060188595,-0.1617822927113106,-0.0744419474610356,0.2135180213322024,0.025041285473572993,-0.13285144283292913,-0.03292734812406605,0.11861435994177155
emb_dim_0438,-0.5110327063218714,0.5148953001578233,-0.03401011717619716,-0.028804782070279235,0.0818666593137496,0.1574229762024952,0.10757106625140238,-0.00449611431438145,0.007855715954521739,-0.18665779241140013,0.07567492965147592,0.010010041055672932,-0.03418053358625111,-0.13607880940150124,0.08435244122467404,-0.06628140374011599,-0.011203647216544054,-0.05334275587592594,0.010366156937561766,0.0784149756321713,0.04666653832221282,-0.06896362053951273,0.23024727950432283,0.09643846046291203,-0.03454546632803573,0.04117899686278988,-0.0040766430668315815,-0.13670249325119038,-0.01675599942529552,0.005959387614750871,0.014879760908529835,-0.15420337880481957,-0.09392475704594568,-0.09322572596892832,0.002960566723049299,-0.03507594602853322,0.0542199928207322,-0.19260237613328013,-0.09037860997368487
emb_dim_0439,0.14100172680120807,0.20852412508836268,0.149105368209445,0.15424761001791262,0.4922007968814692,-0.03437713433980375,-0.03169620316052418,0.03688592996343339,0.0636083001268144,0.06003623544821336,-0.007428015174569213,-0.21048608774476632,-0.03529086439106512,-0.06530219231874124,-0.08547951167336255,0.009980243810112194,-0.02937091245797731,0.08073149664019783,-0.11009928423131701,0.04895856290781036,-0.016337597094109483,0.0030091023278640697,0.009723527224341187,-0.14575409530359032,-0.030048504546435657,-0.11127557722917333,-0.04223497603698626,-0.005394166948600777,0.11860927511999553,0.040036034637884604,-0.058798622057980136,-0.31504599587661614,0.2828574081372391,-0.21707859693173626,0.16002562166290002,-0.014909205875808608,0.014845982839805413,0.03912966636026287,-0.06742528508183161
emb_dim_0440,0.3583839624192934,0.22858440629324808,0.37979756228863754,0.1998742375313258,-0.2480900127617235,0.0952806943991243,0.07975537008217815,0.002002208865029157,-0.032628574317179505,0.01555445484000656,0.17529371435109517,0.3091657567536782,0.043672460383704835,0.08052802464288922,0.12761734646519954,-0.027123190784460495,-0.07895387680756037,0.17909705012587912,-0.02148466696746204,0.056205335678258306,0.06438055823738412,0.0727550936667456,-0.007807464141815555,0.09234234558858313,-0.04924707196563641,0.039510075359222845,0.04139767437356887,0.14354022294171873,0.19406340290743482,-0.3433096831669209,0.02847673936172218,-0.0966929704175087,0.018093129720317014,-0.056933228268244374,-0.0351205814082304,0.009514675113952768,0.00844659198280677,-0.02673466401692744,-0.03786547940539119
emb_dim_0441,-0.6891195147018254,-0.25926541852275325,-0.008618217616982369,-0.07833562561796145,0.0334099764101375,-0.10152982757629858,0.044986584093163196,-0.04802940534357574,-0.1519163735097611,0.15407459702857176,0.05416752834859091,-0.03823704970433932,-0.032758763915311656,-0.02535595915699756,-0.043536036086828614,-0.011828131578996983,-0.08049929503678173,0.07401563802894061,0.0465012059636618,0.009668185994189088,0.07548478846754839,0.06039383854504557,0.004255230212109439,0.092571109512891,0.0548161560210423,0.13962897010661698,-0.004894359066106832,0.1561348546403213,0.16654520908907774,0.1511215375420846,0.15132963548999995,-0.1318513753075413,0.0895004416187436,-0.1349405353574241,-0.03716358725703636,0.01856117063809914,0.05776313072454601,-0.06331135124857991,0.05713567446858265
emb_dim_0442,-0.2814911417793762,-0.5828893716441766,-0.04811497659075315,0.05659156782237968,-0.21170835792956622,-0.27290478664831713,0.11472999567527536,-0.03898059157736243,-0.24923590134581255,-0.04191983652142094,-0.08803722573029282,-0.017145107772675038,0.13710858687957722,-0.109085818701301,-0.09441870658426754,0.013274837042883361,-0.1300583993324305,0.09778511208710661,-0.18462116624955444,-0.05816616484347879,-0.11210474714940608,0.029387305949162047,-0.037303189624718895,-0.20566376755791438,0.04831297918120673,0.14760498596294186,-0.09757875237068596,0.020623669088765204,-0.1040293358682799,-0.0002563268139224052,0.03397841213996894,-0.0011656480539998053,-0.03196322064577829,-0.09883407290628006,-0.0014376400802932133,-0.0575500099284243,0.012797377146435971,-0.008168150419342574,-0.02486705513547799
emb_dim_0443,-0.12603035903342755,-0.2668750705482607,0.2196813412821657,0.12224565286741522,0.04639956103356209,-0.11076939417151932,0.0064600098074430465,-0.19654782709670823,0.6268669792618572,-0.005531638170460859,-0.03582495669792566,0.06692540700145339,0.0015260372201565205,-0.053846311713862643,0.09004158559401657,0.08363505805186101,0.07169260185201182,-0.09415436517762563,0.16712672447734478,0.006540742998226982,0.014473978547108317,-0.0190183416022899,0.01090525042520473,-0.005173859702770112,-0.11582564317761097,-0.0004438971520149167,-0.06876092525690465,0.06765771123494466,0.015453472494045514,-0.0496979757706906,-0.018402796558216274,0.05211007619343706,0.059775552156362516,-0.024123703451058052,-0.061927142929374936,0.03164639232506132,-0.07943464694733952,0.007333689924156973,0.027638808288408864
emb_dim_0444,0.5092002746834192,0.345136559505598,0.0767657220626766,0.11743558949918839,0.2854252737767357,-0.09436402012191927,0.2011181611416329,-0.04024790120046469,0.0015767617852705015,-0.07575233346293037,-0.04301437873773013,-0.11907581392275969,0.07360939829868417,-0.15167337360793381,-0.08825928160235341,-0.009020635185920636,-0.12318239898541725,-0.11892222731111672,0.010878630203863149,-0.1011631721341812,-0.044922654499446955,-0.10015700526485569,0.04315234928663792,-0.1860642887093583,-0.11192797931554442,-0.04862546674850768,-0.09646112314452428,-0.010778293075659324,0.07271913774658706,0.13225607389105887,0.06675187506537887,-0.046517426786537634,0.13648191862586045,0.00883246841716378,0.06847122791366629,-0.037650055516519655,-0.023430859155904846,-0.07338734197700893,-0.11853675932060082
emb_dim_0445,-0.49464372226974507,0.054083501405453524,0.1539767206727051,-0.2473497003211353,0.1753634619921751,-0.020255207441321386,0.1905833482295544,0.146557097152686,-0.07795744412419628,-0.05073039595940161,-0.17622415129122265,-0.06918991552851114,-0.05547292372220746,0.14389489874016392,-0.06812903954195954,-0.016655054087116424,0.024366625555274156,-0.06874589207908738,0.0689527678541256,0.05787069341967603,-0.3073813447884181,-0.10090759216106011,0.023858793554087876,0.03337166351161296,0.03932184092691819,-0.25100860186364815,-0.05068048833480554,-0.009547808345383928,-0.12251579106553658,0.15241469703625285,0.05053935987761568,-0.0691832525895751,0.011727076538479812,-0.10512193204488457,0.046612952941083606,0.018853166887034714,-0.025129534408079215,-0.03564744917847974,0.07711377169479378
emb_dim_0446,0.5840135188385381,-0.14270370059350196,0.16552796541592332,0.06025305695978042,-0.1160063853849765,0.18577197968398193,-0.007723834165836682,0.18620455297710864,0.05699442455453196,-0.1088464103047949,-0.03801729523287322,0.1164306339269642,0.014298715393232063,0.004795780955169727,-0.07923779894665495,-0.25754947015702095,0.0034887799848642674,0.04786268204198038,0.013517212419463917,-0.007614141479336314,-0.14676767728942433,-0.009902642136016437,-0.039429915176803054,0.056992457753146444,0.0458971347926006,-0.1425275843528382,-0.0655189261580747,-0.03067821339177694,0.018578166395739032,-0.046562066011035436,0.06284464941022987,-0.05845030840518245,-0.15094559201262978,-0.12082921629970678,-0.042458075153719195,-0.051464750835784605,0.10688793695459221,-0.047107694733894465,0.01099278134150585
emb_dim_0447,0.17991357952881454,-0.2553990758604465,0.0028598878561095897,0.5563377351825425,-0.020316753323925456,0.10977051031743355,-0.10267126209231102,-0.29849890290023057,0.033759901715659096,-0.005704612141917562,-0.04758393260461642,-0.08789623089085959,0.05487782884260516,0.06281714740930887,0.0027859003917559194,-0.370895589326765,-0.10651088956301885,-0.04032022177760948,0.03934734293231378,0.03405478515082446,0.03181274834662684,-0.09054128540777792,-0.1444559379212809,0.12352207245149688,-0.11127062090025293,-0.053765374481210534,-0.047193940351468684,0.016066263020017818,-0.004292876655780854,-0.17693349520928234,-0.030354605573629522,-0.0748543735906605,0.01277936819642389,-0.10387788570489709,-0.04957087943797023,-0.10644584742865279,0.03591370922509871,-0.04674803375078204,-0.046747662121077456
emb_dim_0448,-0.0605600991549391,0.4716300060924447,-0.3133157746820214,-0.24785870154183665,-0.03364114485037165,0.15303408279807637,-0.026513982250027587,0.1266591262979987,0.029417890002947956,-0.06793468013709003,0.19938490406824314,-0.016919801061316887,-0.10732849492473676,-0.1192323628726252,0.1437133118729699,-0.28843662536800424,-0.17366922566493306,0.022356795241546882,-0.11283935301336505,-0.044734773142737556,0.02426514064845648,-0.09141310321024881,-0.050557490767963204,0.10098921444779403,-0.044403834511800175,0.010800042666146386,0.05015648243728635,0.041519123779300476,0.03317848324990902,-0.004571961298053234,0.05372253667123338,0.2196129972968113,0.1536850269076622,0.04522074069166348,-0.0762634448523351,0.06725996202586927,-0.10364418529049996,0.09021701012579053,-0.06537552425980207
emb_dim_0449,-0.7265707602750061,0.10902269707432043,0.027174029588040858,-0.07230535508622302,-0.07407805813618389,0.08269429392466791,0.06319985586081735,-0.11579074853633639,0.20655114676933087,0.06040382077818955,0.05597275302085887,-0.031011488827021663,-0.035420728243263866,0.15027139499710299,-0.02064813033127632,-0.010780889259589596,0.057446599582372755,-0.030051960073637918,-0.013287922583894529,0.1875777048271198,0.11424377156838195,-0.058816023843140525,-0.09400107726436574,-0.015553423915560189,0.0745752763505613,0.14910042234515242,0.13750443489409547,-0.08354202526954249,0.10915167138040716,0.04467687003532584,-0.11179983486735957,-0.0007184471211211184,0.07668991120694824,-0.17719762650330995,-0.06790118510301006,-0.03666044543686337,0.11698228693271748,-0.004419132950498111,-0.03446246900324712
emb_dim_0450,-0.09187514080395251,0.0922993824269025,-0.010014378032594359,-0.13144183557253253,0.07361514469309334,-0.1465435850924657,-0.09111513819370406,0.05195339021694137,-0.002277980874733569,0.08095883713932847,0.006801765909039589,0.017107517220582916,-0.01459899656396596,-0.7917125142199255,-0.05378365062054442,-0.06031832798964046,0.045531863858045606,0.008453866848439025,-0.11675199627849026,0.01813326889104597,-0.06524302907883728,-0.004251566400171698,-0.06105827297189054,-0.1134981757235684,-0.07889799743848763,0.0653259772590938,-0.03277664642487041,-0.03313658987205955,-0.036908110242831436,-0.049725261938858276,0.09820243188946347,-0.015581108636311652,-0.0019958599304413125,-0.041956975417643344,0.01364415675481569,0.013528297667304397,0.03678623097843157,-0.06639123917816948,0.05397032089503247
emb_dim_0451,0.42483216458618184,0.36482122409586953,-0.06803152393792143,0.03391875884071186,-0.18939021596776287,-0.07846182492427205,0.12322999770610749,0.0476661957126306,0.05941294459434657,0.23445281077199454,0.09736710534659368,-0.08206931554015956,-0.04429894794945083,-0.047164923434860034,-0.08757007205860438,-0.01555541495376948,-0.05315571587364113,-0.030241410985551182,-0.05076716595853415,-0.18187530140020877,0.13212266688169555,0.02504923119596256,0.060170975317507376,0.003908385785535356,-0.029280619236867048,-0.00700136640711838,0.07499328858956059,-0.01856181395269019,0.06263936571234877,-0.005257486359443731,0.16096681208668284,0.021666276200032763,-0.05272797377825012,0.28729013981644325,0.10917968702467265,0.001893055066361056,-0.2748388691526258,0.008477811206318825,0.01352867798204223
emb_dim_0452,-0.17592964553796223,-0.10602673169009401,-0.008476854463193784,-0.4880268987596658,-0.3056191020407659,-0.1511645090078848,-0.08022120309896094,-0.08086461756875261,0.029960109338301684,-0.16790010557523993,-0.04679750351526603,-0.1570245077423313,-0.08997324391644926,-0.06601384275344904,-0.009057994059661352,-0.020539684837349706,0.11216589372404756,-0.05420040556520377,0.10885537854383055,0.004936968107570288,0.04691814777539011,0.11995754363735198,-0.0002908142784103053,-0.004188820145694578,0.13494956644718786,-0.00978082184538634,0.1004783258047437,-0.08198678420755899,-0.2631449569572808,0.01948769627982438,-0.14044390168756185,0.19893037781069572,0.11090602102021664,0.02723732079843591,-0.20234483692472896,-0.01210736042331832,0.14842167864582953,-0.0689831016077368,0.11829676613660448
emb_dim_0453,0.2837450295064801,-0.7492266759564629,-0.025085193869897694,-0.03348185163502577,0.008654471241249304,-0.017006312794110686,0.05052895186577149,-0.021806460471047107,0.04926814849714115,-0.014162187328368301,0.1683084465657253,-0.00896753027697168,-0.11344240372018857,-0.14253179003928823,-0.05618502429296621,-0.028891868245655504,0.135246806317953,-0.24459331104812454,-0.057291766980489656,-0.03947820490714574,0.021690066279487576,-0.034445240316924204,0.09731107640709832,-0.005456519672945521,-0.1063244126003352,0.03536782914782642,-0.1809504552888964,-0.026311689899249563,0.035048592522814045,0.02111166904562007,-0.04028539636678994,0.051113002610367914,0.0820152873338682,-0.08698822293776179,0.012740227890864323,-0.052785423763993616,-0.04461561477818296,-0.02849264855810624,0.0051020374114973035
emb_dim_0454,0.43758946974534424,-0.16511115687482028,-0.5268152857534555,0.05843721461691373,-0.10421923902882836,0.034931642877053255,0.03252430473660836,-0.09563269429567656,-0.044392455914877525,0.05648345715586817,-0.055844907883364665,-0.06581186567428135,-0.10681533260110884,0.14311587246256569,-0.024073647239011346,0.01837790957941811,0.08971107117868425,0.02632748338038284,-0.00558063652355627,-0.08591406974321475,0.03858067675904733,-0.017164616385432596,0.0817205452309083,-0.015304519195699777,-0.11315658128256444,-0.005867997477058966,0.00406989535861874,-0.06995391983864332,0.012118154614911747,-0.017549046944529863,-0.04848687290153907,-0.13323895018849033,-0.13354966682034092,-0.10370893226318284,-0.032309147625676285,-0.08656195581913609,0.20804939550828805,-0.06609560349509473,0.06045054721919402
emb_dim_0455,0.12843324922280952,0.43588501678009817,0.3389371364444583,0.2474945514449998,-0.11407865107877177,-0.023368910500042982,0.10815528425560815,-0.053348654443176935,-0.0025149937208867766,0.005241853198616018,-0.1148508288999296,0.14771629456425517,0.08110138687572721,-0.2333739305763021,-0.06712022838934054,-0.06746120684660192,0.021442437966379756,-0.03819912126814551,0.20564092607588016,0.09640875808646229,-0.014110553154271052,0.039990622160066595,0.06589853382511915,0.11903066592002885,-0.13137044884744523,-0.0598847144442546,-0.2553912634755911,-0.2486848332714393,0.08085807459144766,-0.014523816765137062,0.04831425732167731,-0.003805184290499951,0.06617817137282683,-0.038569186694471416,0.07176527502847267,-0.02767889812706374,-0.050180833416064594,-0.027536407342687298,-0.19091073540700415
emb_dim_0456,-0.5349311548982344,-0.4911887744325668,-0.37845919311087417,-0.1496428934449939,-0.07422839343464309,-0.11720451004682432,0.0834351400014219,-0.02856355445023488,-0.10752067541777922,0.01158913288285993,-0.05772310462680174,0.017645303215662055,-0.015293768778060176,-0.005490580301394718,-0.007624413267184908,-0.03501730496931511,0.0009372285554576253,0.09064156755794903,-0.11963349871918949,0.011983871511683996,0.04103041616270425,0.15799516822082366,-0.046813968589159344,0.15785154557218445,0.02210366263050202,0.0888887890190004,0.08079975810887909,-0.0561679056516142,0.005966624984490588,-0.03383276811471437,-0.01507585616888519,-0.039196648688696385,-0.04164422346671248,0.11644822904769281,0.028097277189006616,-0.0558208432528192,-0.08150073129892461,0.018799422428146452,-0.02072781087460686
emb_dim_0457,-0.3973875759249685,-0.4223362696404523,0.012894671115038583,-0.17985672734572886,-0.10635107625351252,-0.04403505841215154,-0.08309633222537231,0.14333834388971423,-0.1163682364941803,-0.035766689527324494,0.008094601777357626,0.12578603787711154,0.13862790612591955,0.14377230886190354,-0.12464086746466851,-0.30688163678386204,-0.04947872315483776,-0.027628143956150028,0.07172690876519347,0.08151091236526474,0.07246884262001635,-0.029506555595047727,-0.06572484605495263,0.09143737637779405,0.28823108702546735,-0.024226724492710714,0.13769863971221383,0.17862451217655126,0.036833205087377696,0.07879913726131035,0.04544959391136609,-0.08792513569476068,-0.08983322372337302,0.06055866349377923,0.013606278921053016,-0.092366490504465,0.01872483977667735,0.04366353195465107,0.07150711568272634
emb_dim_0458,0.10940538850222123,-0.5211998634496425,0.3953140703383208,0.1991436122589242,-0.06559756292293688,0.04381875332038277,0.07805325442297124,-0.007800964383543579,0.0732649725706566,-0.23075409463729374,0.02025125409006813,0.05737325503280054,-0.052034308518349365,0.0175617500095233,-0.015197356713386517,-0.08178652996574352,0.08070425295062586,-0.10528636175257983,-0.0028578451213749838,-0.15154336578260275,0.11478772623309626,0.07913393573754046,0.12831566783272433,0.05182500220664932,-0.049113464712053856,-0.05861102175828332,0.10254799836203995,0.14665334366652966,-0.005579691331002362,-0.03917976745154109,0.23205396239752224,0.1925967416845682,-0.12493793978703234,0.08207755937901082,0.016688133843252722,-0.008843222461958573,-0.12660427796994708,-0.130649993104652,-0.14930033261533468
emb_dim_0459,-0.15232957373980618,-0.42962137425492075,-0.5628192018760814,-0.10766473960581964,-0.2605022747989693,-0.04781510968917216,0.0377251156244652,0.04789250869539,-0.15495610500160975,-0.024664051135438677,-0.08530958694009459,0.01897123305161712,-0.10259924518973482,0.25258545127198806,0.0442340888756626,-0.03147381647161538,-0.04091350049485323,-0.03561736132934324,-0.0012577945816937667,0.1314885125984853,-0.0806513984152055,0.10363152276694056,0.015213049179427247,-0.010194219294341455,0.042512292079468855,-0.06376008613004415,-0.040601182627245304,0.17960076361626423,-0.011412011825259763,0.061800803857694875,0.004324609318190266,-0.03140856796112972,0.06860254302069539,0.0029947585865341872,-0.07422636897656312,-0.0011830312892839878,-0.004348163681984218,-0.015444604961463253,0.08166079965367239
emb_dim_0460,0.0029810682912837856,0.15051394482626898,-0.3177977185674052,0.024034846795789683,0.2394705464568909,-0.15931128398253921,0.19430417725420612,-0.10341072931531196,-0.12164655457828497,-0.19142083015370148,0.08013838937227226,0.18501338286957886,-0.03541247672859737,0.030792916027364538,-0.11817728514868875,0.4643530453299849,0.015561666056856641,-0.0641010736038343,-0.031366345569767695,-0.14080411944982907,-0.012033087723342425,0.06259795939188882,0.005122430411484203,-0.11046313278263609,-0.07424152693612558,-0.002467583330241328,-0.033250967089029415,0.03097271446902475,0.03559344540988804,0.07648460891739041,0.0103579921489188,-0.028797829862452783,-0.13028724512970985,0.02100193670281665,-0.19506770764274464,0.014175512130720977,0.023524319349313944,-0.1485249933735164,-0.056258377918067974
emb_dim_0461,-0.2633465661121276,0.26249087093107104,-0.3585183478361254,-0.49276354361939445,0.2595065315167453,-0.0023973405365886958,0.10326928802403082,-0.018412687163327016,-0.09150278464090895,-0.04896829928211982,-0.012633682276129793,-0.03734939091752001,0.10465642575277234,0.2193639529760947,0.07556631497444435,0.172783058758884,0.017868582071556102,-0.16026210453845957,0.038431020168764776,-0.02389979409566266,0.08254085077633522,0.00396888905437506,-0.04218706368589452,0.02741346909338385,0.06319355087442777,-0.04023880903562397,0.008254927213267394,-0.04045012224993583,0.12041288190900741,0.10317170809077016,-0.009856346099922834,0.049767707499951824,0.065434736109389,-0.11787221179826946,-0.035973663341029645,-0.05551425209401623,0.08317978051613018,0.02667618531652686,0.22989478882139247
emb_dim_0462,-0.1576510544892489,-0.44411100868516357,-0.1502085474655892,-0.18687377794936114,-0.4097102882658639,0.10874240298669582,0.027551777169294082,0.06558485992262501,-0.028128006532418322,-0.09217190170596115,-0.11548364723031054,-0.15766522979972133,0.22647611179324595,0.1444456755681565,0.15068796328835088,0.018203001686413617,-0.15941365628096268,0.026306235774437647,0.020321776361080252,0.03346112080548886,-0.05585366786486487,0.05082440455681917,-0.1277417571719067,0.1241278212853894,0.11510441511102316,-0.0006171566612813471,0.24166858735855065,0.09043779706994165,-0.06564369240125972,-0.009503805632844205,0.08907051849918453,0.0644470256957407,-0.010528465059772734,0.17557428975018785,0.002826309558448177,0.022941161663608975,0.05459470040864839,0.028678838486226252,0.00031878804214276136
emb_dim_0463,0.2672647368930975,-0.5474203345332954,0.07444080586049577,0.028446436636899313,-0.11629981051774864,0.038322325741364176,-0.12714529523382878,-0.19910086716632333,-0.02649723290199677,-0.169266519192719,0.03257550822583589,0.050335879910672766,-0.21192549045155412,-0.15089007454584769,-0.035520108215658444,0.08519339363147287,0.026018730633800388,0.026474351088465846,-0.17036198041697506,0.016933618945956165,-0.010224488111276235,0.2460601343204239,0.10876523571063006,-0.006806283247510041,-0.17058108891359924,0.138038588133737,-0.10206992926750633,-0.07333787338399385,-0.1533871897628873,0.03675683233978528,0.008256842172456483,-0.023479481843420375,-0.019342145096378587,0.0009328779680864225,0.054131632009507394,-0.061105148104497506,0.16763556990255357,-0.011111845370687462,0.034560565055447086
emb_dim_0464,0.45686601887710737,0.35712698226937983,0.33814315832568836,-0.152115460314085,-0.0650337520843027,0.132881130092667,0.02476254563958751,0.03522758252688539,0.02141611756788877,-0.04511003198871828,0.1459846617187236,0.05054171230028211,0.20353884388485213,0.06682614454158449,0.25089375231962047,0.12245169291944162,0.010388346833539003,-0.028740621768223465,-0.013176432021623476,-0.004493260381690956,0.02354561431857772,0.09986353128774243,0.058599435882451215,-0.009850117079090224,-0.049041032338890594,0.006068019545633199,0.1467758792605319,0.02012795997437035,0.0736032462921466,-0.15021031332204737,-0.11482260142514049,0.08999516752205915,0.013196703396674496,-0.05541048171323774,-0.07985363239482744,-0.015332049349314907,-0.07888411081918055,0.08481907941554753,0.07691573255454705
emb_dim_0465,0.12643525423450233,-0.012883522341850678,-0.3065627114946595,0.49147963323117727,0.08620884466197642,-0.035719345886093525,0.3555378503086266,0.04968482570041603,-0.05886902294431078,-0.044468336538323903,-0.11864800894725326,-0.0026861537984219763,0.18488006929276798,0.07306849836370329,0.020322120426490838,0.031048490999341254,0.03124900136987251,0.025748181452240386,-0.014475960034241384,-0.0665722413510575,0.025503341082765203,0.05411930161745263,0.006571205158573762,0.03863621118335834,0.06438804298747809,-0.09312466133574573,0.09191661995560893,0.014537681533153947,-0.07737219168783617,0.1478022252457227,0.09950146273689278,-0.11734241429435945,0.011997052024367284,-0.0015254696172759868,-0.018687718931073228,0.1170675641728658,0.12363106626095659,0.079197090468379,0.044078589116047
emb_dim_0466,0.5801491329257545,0.33715156980654987,0.1812281743820853,0.24593325083780296,0.31794776032264416,-0.025809075765198444,-0.032179643446951955,0.007564256657831718,-0.0864607754704141,-0.022310508466433805,0.03372963271659626,0.19681120817177403,0.0945276754847345,-0.04120641961130101,0.03314830242139011,-0.32338158201916917,0.03793608266050191,-0.019384415831481334,0.0424727914490192,0.06955242000908811,-0.01691401297528153,-0.09924034225197793,-0.03588199402550823,-0.07069203590116442,-0.06950794041459597,-0.06495704478394523,0.0004503093664399757,0.08833403693422467,-0.030266772099995842,0.03970405174989249,0.10584586721377695,-0.10880254986540887,-0.06331372349999988,-0.019534738977685602,-0.06242310471522792,0.0027134237747120436,-0.09441331822778673,0.025988712944289897,-0.07807178999328758
emb_dim_0467,-0.4293004092886924,0.1873915209479863,-0.23590368336294945,0.35731327509026445,0.15529104570143087,0.06509703877551815,-0.026393138382784526,0.1053279442038848,0.16348833570649116,0.1118110487911942,0.002517981901890024,-0.2140242707866879,-0.06913129780410794,-0.1330394351222739,-0.04005286682150771,0.08805557590728777,-0.057971792395166775,0.036815450698714176,0.03503569365325424,-0.047120387483262305,-0.18963529673561647,0.01443048898009739,-0.07215836058391394,0.006911840234136054,-0.2911222422676264,-0.17134089819250287,-0.02236909003290962,-0.06807390389088233,0.0366103452622159,-0.08775079546371507,0.056627405586159855,0.10486916191937266,-0.0738894586046871,0.03633580384764519,0.0014512480804507305,-0.0627605771552416,-0.07355031910117925,-0.0005908973616629016,0.1264595348859864
emb_dim_0468,-0.4892427918788089,0.14691719807591935,0.09867901158244713,0.1424564197277872,0.047385248656997815,0.05828176152672622,0.3743683695530505,-0.05083473006214325,-0.14839328875303232,0.08633290865336543,0.26775899785542234,-0.18860825505469184,0.2518279165581613,-0.09127926550339009,0.10758372398212757,0.022164565357451822,-0.07964014988391684,0.08066090732997219,0.03887167696689627,0.06078680354355566,0.01265543971748666,-0.03975772285526111,-0.0173422357585595,0.10491092982610187,-0.0015969886031186541,0.044494226871674016,-0.04846054902034823,-0.035506675054343406,0.15936493489768883,0.09729732820482562,0.11069635328027493,0.06245920478266757,0.030871730456723215,-0.05527529937291804,0.14546275822029273,0.03650817811921557,0.007587847571580972,-0.018989728930140334,-0.09366044825227585
emb_dim_0469,0.1363611623199577,0.21952782585662417,0.34861521426796993,0.29278927480257977,-0.21112571549018003,0.15957722614275013,0.008052192435470161,0.19021941421270352,-0.2515968748789179,-0.10109238946492477,0.023965030739518105,0.11894305689985062,-0.11842033896930335,-0.07136206658265482,-0.006121430857559513,-0.3819984568554369,-0.037241713976836247,-0.02586805442095386,0.09928390201546415,0.036861992533341166,0.08156890344385018,0.06412783693922262,-0.07173952278289364,0.09806979062684602,0.01150862657187796,0.02579967198465605,0.03365556007426911,-0.11272688474416946,0.02623295769993652,-0.08988591132171708,0.11445719001019983,0.08469630487858142,0.02246012304094105,-0.003238334327383215,-0.1407693285879754,0.046174787156079325,0.0938939337378538,0.02305921389126264,0.04232479910295728
emb_dim_0470,-0.075277958679985,-0.5051620344182071,0.5033560331152174,0.04749800037709324,-0.34931074559291336,0.15741721500650369,0.018569572744373947,0.05495545360738619,0.09041055270484444,-0.029535691129791666,-0.015979936327981045,0.03483807231137505,-0.04664424655414984,0.11866618190388104,0.0833126959350619,-0.11627185127260475,0.02878240459553687,-0.007579153513664574,-0.046754981672817456,-0.030362988335710047,-0.04146608718745185,0.15928151858315262,0.10052910503331171,0.0602155545564451,-0.01267095188811955,-0.009865782454630065,0.010574023750509712,0.14620381093250717,-0.09211579011620995,-0.05363347678536716,-0.0893041466427703,0.07925039596326439,-0.06409511939087725,0.14250722135189375,-0.030507665053304836,0.013625951107345536,0.0322501291751693,-0.08246621499290231,0.12794825617895927
emb_dim_0471,0.0980580805286656,-0.13918817972798384,0.7404841352910718,0.21226804132605764,-0.010589501532981346,-0.06417763418223503,0.10304030330354692,0.025191634168702442,-0.08834332839930349,0.15691909079054586,0.007104100155153724,0.037273013139701175,-0.034781537307878946,0.027711202359585855,-0.18435907848895433,0.12605683932044828,-0.05933145078668452,0.048237823158161136,-0.005659385432317067,-0.009504538376942576,-0.06081445602251705,0.029534090491427623,0.026996572985549208,-0.05717282017213854,-0.12369163116449232,-0.0846522358379375,0.00020810588917316442,-0.029429685306672365,0.03736043960874913,-0.07921876111421665,0.07791660649248154,0.11419958901156597,-0.1318722312703353,-0.13423884845201325,-0.0018236710629237084,0.027762739857135912,0.023710215420556867,0.02843307861443893,0.04897182839777985
emb_dim_0472,-0.37413858631201413,-0.10961012480021652,-0.41864421725778916,0.19934036225740354,-0.04240658021987162,0.09023027428994031,0.07808856526057202,0.1874458604326585,-0.11592459982376302,-0.015057125375167457,-0.004275772160216602,-0.062480425373565004,0.4342900015497573,-0.10076027130033674,0.06125707958967692,0.0555358323914143,-0.09289048279924501,-0.04402190232491601,-0.0682740167507931,0.007973380328888124,-0.01890458716422583,-0.04210128735673523,-0.0849577998674553,0.0764825075754708,0.0483290480567518,-0.06037978177436758,0.010714524283255797,-0.18055039794442154,-0.04902498277030486,0.035446252671635974,0.005570731900821248,0.00854065186053501,0.06048047212869039,-0.037226221989103137,-0.010826558358638383,0.009627963999007387,-0.047632432782742574,-0.01347192349925263,0.06885423648614997
emb_dim_0473,-0.7186018525638569,0.05766893219612921,-0.3627455999747614,0.14998252759988714,0.04129034789704281,0.013025911645678104,0.03343874806947981,-0.058513906480395374,0.015184730070682642,0.01933282031397675,0.06847578834765239,0.00308135982805883,-0.01814972343446613,0.09245169405579393,-0.036685426665684306,-0.05878044823345559,-0.07055041789154017,-0.015399473921009378,0.10162822906523399,-0.1849567478655464,0.09778020939234199,0.063808451314398,0.0475445628459562,0.10455008965473435,-0.1306583459468464,0.047015516870633836,0.10469396872016536,-0.09355659726977517,0.018124408303708147,-0.12773324312042442,0.05267557110784937,-0.08076504828748926,-0.027167685170205114,0.08196377109732933,-0.012934904792405055,0.05904675999672602,-0.012163206993154232,-0.06349885447574798,0.019159940644606948
emb_dim_0474,0.14443446671310994,-0.24825224360767714,-0.438375971298444,-0.3697306948349994,0.1338674067452982,0.32057233433586757,0.03434554855241832,-0.006275584203103753,-0.07506311831883877,0.03877183344521583,0.017122809642854675,0.2675058973074528,0.020652787049880435,0.17650783474681261,-0.1406099197940515,-0.13920682909041945,0.08535700112798261,-0.0910941596565077,-0.006820172998165907,0.0025878880555787838,-0.07437673901752077,0.062378975035108176,0.02869970592385424,-0.017764602086510786,-0.012598843473767255,-0.10090898107692144,-0.08814893986585166,0.03938171751303047,-0.11800152263564959,-0.21846450306899778,0.01669797932572226,0.09783075012196783,-0.04185607426878628,9.651150359780306e-05,-0.12350980534680589,-0.05245738041344648,0.10358838423269168,0.10115575363616038,-0.04765200383345215
emb_dim_0475,0.16627572015695533,0.013333104886293757,-0.4620760759512219,-0.32355529303820446,0.10382502431715904,-0.10988780039629671,-0.007779285413805115,0.12948994030834726,-0.06122260459001012,0.16200891759789526,-0.14579865742718995,0.02350583531913469,0.3153675532433433,0.10151246038351608,-0.0926511661661834,0.09410103870727757,0.0636819112139008,-0.14810376693092092,0.10765899247889243,0.04774495498178123,-0.04519315328226019,-0.07017541488264659,0.018381542662859258,-0.05213319782933074,0.004514565374272367,0.040817634504103556,0.07279343219607465,0.12140669238865281,0.21687414731530538,0.08989629801296588,0.01649462661645379,0.05620649226908841,-0.06758104020615269,-0.15578201472022993,0.06679942975887351,-0.0512431697760991,-0.03674692661154107,0.04724857250720319,-0.04325527724959594
emb_dim_0476,0.24205967942922757,-0.014837767633791939,-0.17803351638724255,-0.4399163636142657,-0.23992365131969912,-0.22373009077963305,-0.04390735047891788,-0.004631586631612717,-0.09494896150151519,0.0641922751206693,-0.04716190169321131,0.03254421454189072,-0.1460458285403091,-0.12669269407562592,-0.1567301976377476,0.24663728590886386,0.23743515710754634,-0.1059385300858113,0.005511754289062293,-0.027746815167752077,-0.05653405503266374,0.01301066736405561,0.07374835716121886,-0.10509169050238633,-0.11124319801661152,0.018958452251061252,-0.06362170426179858,-0.0690682817011302,-0.06972937816072852,0.28551102739937834,0.08913458468974009,0.09016631529294272,0.05355693828039455,-0.08726572978155261,0.0025277669505393997,0.0008929707787798002,0.06376803181597254,0.04443140533370724,0.04131138951822342
emb_dim_0477,-0.595222828496723,-0.08845419593067237,-0.19478281539451273,0.1736770313755522,-0.06770622644901814,0.1553684491704292,-0.1417641365748709,0.04123112714792649,-0.03126411265866213,0.09232473609874273,0.024921187119174803,0.1897155984919695,-0.1636359929830519,0.02513380884044582,0.09525978471024603,0.08251361730099216,0.04375035605679237,0.23845255070002988,0.0639476698700269,0.040404304074257574,0.08004698350461749,0.02251402093418712,-0.049365026504239615,-0.008168565912468619,-0.0926995586909628,0.06654589673956478,-0.022010657230858283,0.14423216936585154,0.014485789226252828,0.015464513405375087,0.20497664423762996,-0.014227852988486502,-0.12076735316300612,-0.020215102469233834,-0.12014251876542037,0.07098611247975983,-0.2660479288759752,0.04016739522850924,0.08004948504464642
emb_dim_0478,0.49161804610569565,0.047390085784430054,-0.28852030532962325,-0.05477214203941388,-0.12573601139338103,0.17880059130837028,-0.05539862365344709,-0.019008593888823665,-0.2300771794017674,0.03369106816194399,0.028554376049531014,0.0847570316067961,0.07035735573714415,0.042309237397843646,-0.126422201904323,-0.16190254490028202,0.04400399413467655,-0.1676456164634733,0.12860114960738767,0.03484073419343736,0.09991324989482472,0.0007754924201309387,-0.0956070648718677,-0.0526053043186214,0.028796080209953057,-0.08995219790640988,-0.0070828002282900095,0.09162075659500647,-0.08413753019602364,0.058333504534251464,0.1815738582879855,-0.0990957420082655,0.17820331073947843,0.08380967152708595,-0.11829519682426658,-0.11347380426423584,-0.05371559556481669,0.19247646056823342,0.11929052442662301
emb_dim_0479,0.5736459238928099,-0.23388244993730462,-0.005431976635201537,0.017425921414763654,-0.2367576225509048,0.08537152557075742,-0.13828768254431167,-0.0929887229756818,0.20611157994737783,-0.049330262997461155,-0.08758789175697335,0.21887774028968837,-0.2052368668633156,0.08774035408422136,0.03205446985700321,0.20386992789066644,0.038222302163315756,0.0846650903440775,-0.18719142295563135,-0.017780010172626922,-0.039323637437300704,-0.014933473091257336,-0.11352992626848905,0.12185091906143779,0.03809937431728226,0.09766203048677384,0.1194897838557817,0.004826033054738696,-0.014263141369414912,0.0396365540005867,0.08769407670229462,-0.04971392135743732,-0.06976966924312518,0.10405355514866454,0.04061554243797714,0.09094442114879525,0.055406449125826096,-0.11882894651934485,0.20168304206578505
emb_dim_0480,0.03763044380219385,0.11162232095289751,-0.012769633792482794,-0.11314811513924437,-0.19328797354810054,0.089323267077242,0.0031134324475695216,0.19255619419623285,0.10639317144348423,0.2513384778134986,0.4439588614817659,-0.2923914299847632,0.015504216173365684,-0.13655391452059706,-0.08794558815904172,0.1127127584725791,-0.039489745984933496,0.21372434467135262,0.058711880323495697,-0.030223183028285236,0.15664585015887464,0.07897601881307943,0.05184336506001819,0.1518085495365896,-0.10626736585883176,-0.024872434828457662,0.1823185202627459,-0.01274569582649605,-0.18919024539335336,0.020721531672651713,-0.003510327122485212,0.025174022644641626,0.11996367891103178,0.07507315889729645,0.07686224536386381,0.10301764111303079,0.07860204427674283,-0.03216757900977903,0.16072261653726883
emb_dim_0481,-0.30319101643945456,0.08679734875235312,0.4745454490246508,0.4521553193801634,0.05469703728077612,-0.13318828774381464,-0.010074575826698262,-0.043091237913695145,-0.04641477168194986,-0.008115829055917543,-0.10157550784419338,-0.14863576743828144,0.019677694434592417,-0.019579771516246767,-0.0006630109101785255,-0.08651105378963381,0.16913906927639755,-0.015187866098072822,-0.037659806498138895,0.09604521715086105,-0.002737053045443058,-0.06017838595235841,0.04911756893108803,-0.011590944893727605,0.014403353672894408,-0.057521005556743415,0.005060000372440426,0.1829706084456565,0.01670217368135906,0.17298710934136888,-0.059126891101437026,0.06860501483082526,-0.028500028552708265,-0.11296927135145034,0.09953866073897982,-0.22564218480696582,-0.021213726097672372,0.022200815876030067,0.02565955357973197
emb_dim_0482,0.5826423762082016,0.24970625812755387,0.017157036113815468,-0.07652481334349373,0.19129548938325888,0.04945340936247632,0.12113653490027186,0.05659219738899536,-0.0977574420739035,-0.08999106060265466,-0.2321076469838257,0.11873162175642048,0.012478714370219784,0.08256557742672459,0.038851306443294834,-0.06665695471846808,0.01859172447029783,0.10874818788522964,-0.07483398191704826,-0.042220291980049875,-0.07351519867167818,-0.03525401790718863,0.080688738284711,-0.06426604987174699,0.14747193984725102,-0.05652769208415782,0.10102765700674651,0.1319709568333954,-0.012573542424251597,0.09592250430027596,0.024223694737203157,-0.03575267958082593,0.20524623361091693,0.08587805194037855,0.04150750492490736,0.021581987942884778,0.030445532570233354,0.03690987365645091,0.039821309235361896
emb_dim_0483,0.41831888450429167,0.1526921411752575,0.12224060030402029,0.023668485052540923,0.14552279783476307,-0.1266430198033153,0.09005897082980896,0.0506536688321881,-0.11200047897757373,-0.016616604509331574,0.03856881139068336,-0.001321642118235868,0.08952179730462632,-0.0009145088272679512,-0.028313142016047416,0.2135061506285586,-0.1959749827249673,-0.2679229212847582,0.030468606300214956,-0.009365285012209406,0.06199558535263123,-0.31151492427118893,0.009182256854500897,0.05448325835527933,-0.04064053027394641,0.048037460742876854,-0.040889319644163126,-0.013368833757677221,0.03254312120563327,0.14966161372709927,0.2209730409542763,-0.0837980090109947,0.03417382016416269,-0.18236059343235075,-0.05070054450072715,-0.05344969753352635,0.09347911722604282,0.14007267909433066,0.14625532581708406
emb_dim_0484,-0.06005463203902316,-0.40388244937786605,0.11839093302090507,-0.11750944915606192,-0.20194411721937094,-0.0608872251744267,0.2759128890041337,0.04132369582899061,-0.14318545295808763,-0.018321668264241475,0.07365944143005895,0.030674426112772078,0.016902645279726417,0.07367001172592011,0.20624073699372247,0.140038525676501,-0.14575734603339113,-0.04687588557445425,-0.2330013912150732,0.014000020026098374,0.25472771189885457,0.06869195684854552,0.1570103937231598,0.11208771166556335,-0.07728253928453097,0.1274524428994807,-0.08434392415702638,0.08734007771218609,0.09034653051761717,0.06606759252203417,-0.0852759115572914,-0.13703759841094365,-0.002093987572854881,0.0850065800204251,0.07031029778315702,-0.15814385966466366,-0.08694511587470038,-0.0429398263690393,-0.12472279722526475
emb_dim_0485,-0.8324981693785526,0.017040712577267577,-0.016153302216746667,-0.02269598736238546,-0.0462929932501112,-0.07767708311811435,-0.07018560013401479,0.06258081662775125,0.10107887499491225,-0.018632574888942623,0.020444643381651462,0.00961029246623258,-0.03520303139878112,-0.1378428468418613,-0.026345343335973062,-0.08483569677364212,-0.021448399192192373,-0.0340670440676655,-0.005508573110459611,-0.0322987671818959,-0.13974294256723108,0.03778313013937017,0.03286514183847953,-0.064437141902984,-0.04413197702436104,0.06603033273053004,0.12050072974037701,-0.11433515947518474,-0.08052383975850509,-0.11379574825093039,-0.1235307017281483,0.11862365622333686,-0.05282046121296495,0.0036796215597507662,-0.057582289637506334,-0.015149941763747262,-0.007788817067407897,-0.06864135718732117,-0.01580982858735955
emb_dim_0486,0.45927186316313157,-0.6056588148883745,-0.125189470752799,-0.1618575076943576,-0.07241802906180986,0.06363886011271881,-0.032938453720105364,-0.013322073616291175,0.07636603603038526,-0.030904266218716378,0.1760898329100019,0.07539008396605643,-0.06361048999314575,0.14081234227169698,0.02991905387024265,0.19694757053696185,-0.032967392457939615,0.08418473895500429,-0.09089227844428042,0.09450911433796591,0.013045880935987905,0.08161443770886516,-0.01105318822022265,0.0948910057828276,0.04693109202466449,0.05137084344175598,0.0010258895767813207,-0.05128015602734305,-0.03255456788951877,-0.041993694708212,0.003336774032337699,0.11948331535015529,-0.05361110798832423,0.12547152424589292,0.035491441836108896,0.007475101467854345,-0.004354151810895835,0.11770022913044811,-0.017694924923875175
emb_dim_0487,0.6406695185596257,0.0961356719936206,0.07658698770726499,-0.10840799585721485,0.17223844602601654,-0.047862943287815665,-0.05578447968508359,-0.07668703419369731,-0.04742430135766308,0.04358799535403872,-0.040938152619238374,0.01031907656264209,0.051806781590194854,-0.026730514702890486,0.1714880969073829,-0.04427143079903761,-0.16365610890840424,0.006114232802713906,-0.17105031152437564,0.0943525466345491,-0.028489697067402068,0.06252515646995933,-0.009156395228118844,0.07197455566272666,0.03457877559776071,-0.008181798186355083,0.12772149221632698,0.1284037188834692,0.006200579950170279,-0.031553092148082974,0.1329577939158102,0.1794586371478391,0.050232524493058206,0.08846763478640336,-0.05044295532554641,0.13532140306550056,-0.15059433016637502,0.03360786002011916,0.033806527498933994
emb_dim_0488,0.10137403447902381,-0.474768516698234,-0.24777748487653908,-0.19336149759546611,-0.19734839869382398,0.1021219195621946,-0.07935558451571859,-0.06889440195872121,-0.05753052877267985,0.289234492884169,-0.11810551178204373,0.03190790156376832,0.1866376724501136,0.10709374568795646,0.07315126979026201,0.07073454598129758,-0.05650854761965658,0.16300106229845335,-0.09851068942161015,-0.0523753628189382,0.14972669972794425,0.026766606133848167,0.12477717195755303,-0.1810091550596184,0.10044093091725874,0.059347372242922095,0.016358320802546945,-0.0527822459290449,-0.026572617462200812,0.09346267094938247,0.04199472004207203,-0.17759639996292564,0.0172008174629909,-0.1862540147020181,0.04379909597853229,0.12477094954046591,-0.05636057142488377,0.06017199570186417,-0.14942005095501895
emb_dim_0489,-0.3840698269683887,-0.14537377132047732,-0.3083595666440534,-0.17632967784058096,0.0210163260777595,0.20105833594666445,-0.02480572750881748,-0.14183672591421548,-0.052530569641632975,-0.034930841113134395,0.14195383698095823,0.044584841972686216,-0.32230504479383437,-0.03421445835125574,-0.028542616535602215,0.0606260448835828,-0.1545274837854294,-0.00805712916619694,0.05674088537225836,-0.13854240080559233,0.07156741093501784,0.18074564266327195,-0.07586040642525972,0.17112067930138172,-0.19473695645260813,0.0814531590999497,-0.024664383166114905,-0.07144383113083745,-0.052276369954058356,0.050100140114814215,0.005113814620852191,-0.0853926704511267,-0.0027614784490814655,0.03458040702657587,0.08377048441455649,0.048441391166664356,-0.20716644154139585,-0.12230761293838538,0.0631479988889492
emb_dim_0490,0.294612771058943,0.19975979960068085,0.015075228878676777,0.16036292033328278,-0.45613692339468725,0.30262425062838094,-0.02214273472827203,0.15352911404777883,0.17704428090928553,0.08335761726638206,-0.05908244320674162,-0.09416146839225424,0.006921033901339373,-0.02220036119917409,0.017705987825960404,-0.008565094762108889,0.13579322247684256,-0.141056763234321,-0.18620369216863195,-0.09810933792767194,-0.012899756483087917,-0.12194668572752752,-0.03130529187269957,-0.0010148138169542452,-0.01802836011084942,-0.06503242982248382,-0.14004760956380102,-0.06976651601223267,-0.15523243816382992,-0.05087454841991275,-0.0026135271992543136,-0.009334252907605624,-0.04827979884598349,0.14072343856629876,0.09718117772091883,0.016196031660825217,-0.19722470322095878,-0.12507412830154563,0.07574770312011388
emb_dim_0491,0.18476044029958164,0.0011427172177539211,0.4387761150352838,-0.15471748790465253,0.07738860586247973,0.07210608993987412,0.17034205213766668,0.004716396797234909,-0.4069219929999135,-0.1203148957497765,-0.05925706042157313,0.0735988154595687,0.14041081149008477,0.1481075536648697,0.28241114024170744,-0.014246477015334774,0.21518530709132686,-0.031205029527764657,-0.08491365318897523,-0.04176199002814793,-0.050666283698309875,0.02250438211451335,0.010211416571479419,0.07090224239332824,0.1403408499696881,-0.04281036301224141,0.0222578082689922,0.011019095936853511,-0.05284475431785975,0.1578835701311178,0.11698044374253222,-0.06735062246930319,-0.06357226764469967,0.0774086086075105,-0.09154515838069974,0.1293570053629662,0.055715697123649016,-0.12295571039830948,0.0926774701737961
emb_dim_0492,-0.19949672585433895,0.165596192154551,-0.10261341701842559,0.09631065968630449,0.3245204756676483,0.036690055080637135,0.1894421122359287,-0.05644908838954748,-0.010896225815053335,-0.09337889686641007,-0.051428923334223345,0.04055491832885147,0.05955141200654204,0.0689637699177629,0.013533315047638593,-0.07260636730574908,-0.007067656287810256,-0.055739228896090294,0.062378162388811616,0.017023485423854182,-0.03157486906076546,-0.00322757553958852,0.01653524255663366,-0.026319759453028297,-0.04326925682132578,0.011077379222124848,0.016286007806620147,0.016083188226332604,0.11356980320364345,-0.03456176162043097,0.00554531274944855,0.04896959586294609,0.029904949464854946,-0.10746259752053984,0.017954231938939386,-0.02753655910462036,-0.02771699652883267,-0.013977150053174887,-0.6587758051466155
emb_dim_0493,0.6064905806810426,0.12758085643041128,0.0056276315749760825,0.40870434800702427,-0.09599397582021921,0.03138780567921882,-0.11497525194082024,0.08043223054063058,-0.011250368667433189,-0.048867693446528346,-0.0021774687346335516,-0.011643800848312486,-0.11106325290741222,-0.054458600260939787,-0.06471948375788177,-0.015034901956647277,0.1574775804573126,-0.11935229835219631,0.029373832658390626,0.08149940961291449,-0.1433709424700708,0.01250108915022931,-0.08235558316108818,-0.13964779982566158,0.033877031722667865,0.05122139396836489,-0.018628944085699657,-0.0678784875895385,0.04049080378353531,0.1614258668268943,0.03493694075748568,0.026486059685110412,-0.005111913368243667,-0.028344782334453367,-0.04055573148580068,0.1350876541140214,-0.01504443721534145,0.08366870087323153,0.07193060415735783
emb_dim_0494,0.21076118617757453,-0.0130781900150478,0.16446994916089264,0.10404152073466635,-0.04811237310491362,0.07484507885063922,-0.0679434141581864,0.16225500926096492,0.05236098764426661,-0.064735546435228,0.6904235204007099,-0.027636513275896498,-0.009649396559691183,0.07640966519389762,0.006887633888945572,-0.035499784178332626,0.0429517717072615,-0.07027046616773247,-0.15774005256506657,-0.00459944977829441,-0.05562736225047913,0.07286750987591588,-0.008921872824227102,-0.006227245162272511,-0.01929535549439305,0.013342147548526261,-0.0172366264428339,0.00047761352012613313,0.04965183132629825,0.001514594612584571,0.03464409091597488,0.23422347761594395,-0.015223155889802508,-0.012526900989051265,0.0016781988392622696,-0.04504696983560594,-0.0792581314923572,0.09778783133795813,-0.0012574952457101015
emb_dim_0495,-0.633909964682602,0.3332070117792085,-0.31397383456324074,-0.07031278505131265,0.2992980694560781,0.03204704889472861,-0.08673004310309992,-0.016866604002843694,0.030139830296504647,-0.009432055627633773,0.001772905184333204,0.06116827323623842,-0.02364839648190992,-0.019669441981108114,0.12811019067808566,0.001158445084739857,0.0691740950275553,-0.0350305736754065,0.05503777461570485,-0.0002548357831724231,-0.014514293711198964,-0.004259747738643521,0.07531692680985441,-0.025851716033519857,0.0597265106561016,0.012417830459281338,0.04921282332250195,-0.15770475267869255,0.06899779749235226,-0.04434783055117843,0.055962195436863996,0.09672243618994214,0.06994944269876616,0.057526680064605824,-0.0012127983099966791,-0.057963439544981586,0.09611072725525273,0.17714102140656018,-0.11577867838458882
emb_dim_0496,-0.401887486492629,-0.27720590449917165,-0.15721605594127067,-0.5531426988080573,0.10098591918326595,0.17853196079263056,-0.13082427300764315,-0.03755422684632991,0.13783465261419847,-0.08390124440808439,0.025073693618113048,0.07014063748962578,0.004881271939695315,0.0807951832100796,-0.11469155322384499,0.15530955499689195,0.07564008196451788,-0.10941951462356944,0.05460762739805949,0.06618268654555441,-0.07643589050575054,0.11940359707253015,-0.010872433659725457,-0.00931614356071252,-0.08248147877917357,-0.09116120686178067,-0.06974244530365327,-0.016889241481264815,-0.0553517806214418,-0.019362057088657313,-0.052539839140951894,-0.07384240280918325,-0.11378463152187487,-0.13671141110450508,0.12891395586693882,-0.02253454248151021,0.08248447493235504,0.11880875058681191,-0.03823460447815124
emb_dim_0497,-0.6289103483751067,0.010930426693045949,0.11379106828724192,-0.2259563235519171,0.12817937788850822,-0.10924873714399556,0.032638847624506494,-0.174831525185139,-0.28833479551896807,-0.1563396465658288,-0.02023380033880752,0.07012125793918582,-0.07103462764874596,0.02918603504514816,0.16549899282469008,0.0401676034818038,0.016833014422741443,0.06884411021524196,-0.02797361910145105,0.010935881189977412,0.004921312938236923,0.031084619029429165,0.05544900615416769,0.08137490156214754,0.0607587376272007,-0.10203131113378253,-0.06187676623925225,0.13631857466445158,0.05900603043478913,-0.0684224109307227,-0.01924948724960257,-0.03160290281894148,-0.012639142150169513,-0.07324201524142021,-0.015639612806173847,0.002699950471984777,-0.01223163837296278,-0.05694815327328708,0.007126319815174438
emb_dim_0498,0.017247469213163547,-0.3252856944137585,0.007518048001692803,0.05987826422761776,-0.3726397999519859,0.0059348768671094836,0.23558627268226998,0.016984637462258183,0.2458723686348995,-0.009456446438680407,0.0295854685399755,-0.024269165132156382,-0.09521783071235396,0.14917927487527913,-0.025135562772963475,0.1530548270646647,-0.035111540842784235,-0.3203855867356443,0.015960801156346908,0.12026217177895122,-0.08477314583396747,0.100965635630125,-0.0002599184893542897,0.18221417534385356,0.02198547754928518,-0.15239543568295275,0.02305547450189645,-0.14489252120523052,0.05399109888669677,-0.141716507955592,0.03870351317655901,-0.014396156891385133,-0.17956074771707592,0.012254035838173033,-0.05243469963578684,-0.12538038570736287,-0.09875012156358634,-0.15921621165003058,0.07096117774767026
emb_dim_0499,-0.33569808313765914,-0.2942062282084592,0.32760292239275274,-0.19161510079716287,0.0030147448975034546,-0.24363310765209786,0.037974573040159436,-0.21551118472194733,0.08224938532292819,0.048074179634541844,-0.0027658749680965914,0.059033712272897707,0.20756369335528868,0.0027382653694786904,-0.10214288348157376,0.10071718012259069,0.20337201917779202,-0.11551381705744942,0.021841735579587507,0.08849539644804566,-0.23505317418687582,-0.042242227483777,-0.13267390846807195,-0.10528239571898876,-7.892322287722076e-05,-0.03472755936853374,-0.1391641255616886,0.01199472286941591,0.0023055772055662845,-0.039797878881953255,-0.028214971927691502,-0.09457763237626683,-0.043227241706711064,0.06341939974499239,0.14117263937539895,0.039047216166152234,-0.021752937470863955,0.0017172760784890677,-0.03730678918465807
emb_dim_0500,0.5718864445175029,0.27803697702309227,0.22952069073673484,0.13624186889054085,-0.12221906025041342,0.11630481073453723,-0.13789308658088328,-0.04538527131406875,0.02659128258623446,0.18514461671770477,-0.05799636413701525,-0.04245386089632212,-0.0468458936740305,-0.026951757920338427,-0.10431178441366906,0.10001733187383621,-0.17741885081348335,0.2203909352613307,0.1587666762247966,0.002944950126082321,0.056935127516617695,0.08195231685286328,-0.182452677710701,-0.09156715399321985,0.17479526508781382,-0.01247941462702802,-0.05035750423116454,-0.05259372684328782,0.008542115631377162,-0.021308426481053962,-0.007075383468659762,0.03833067309362792,0.036823356872531014,0.037267843644640156,-0.13380916086727546,-0.007285568060073037,0.15929904538191364,0.1677569337589983,0.03782002483779619
emb_dim_0501,0.21440282263990426,-0.034720108401759604,0.16492256590350576,0.3116538692031377,-0.06811955681046428,-0.047966864340649396,0.09672591501171603,0.023542666679233902,-0.099085767887745,0.0033482027731290046,-0.1616829781181756,-0.07395141852225248,-0.020053462892966934,-0.007359548395647308,0.04333171312353048,-0.5408314253130775,0.04289814245168713,-0.0004104686155712276,0.07627459134515918,-0.12890882906040385,-0.12859780914205143,0.09621687530796474,0.09116902562437311,0.0557939384615591,0.11883555930556464,0.013726577118875042,-0.06469139350131269,0.04137920970482287,-0.09204384699066986,0.06702074037431528,0.04509975838706635,-0.07453874413613047,0.0004283404775576075,0.004421364258934408,-0.07983834817518672,0.08911607960456143,0.20097624149178817,-0.12999931208323054,0.03715907510042066
emb_dim_0502,0.1269709665440819,-0.08960701411172001,-0.3652594637046834,-0.003252078489647355,0.3040986747942972,-0.1332197648682794,-0.1387828490380326,-0.08431311979071095,0.004942304390192081,-0.07130751266663275,-0.005293859576542931,-0.1514784102722247,-0.0069425060466994926,0.04167900551392151,0.07622917930686259,-0.25731671353126495,-0.03247310493750678,0.06809755119155575,-0.04111916621022144,-0.13602697518034057,0.016874816915274107,0.2001403814635252,0.03130078139919465,0.05717719815424475,-0.00897011881364599,-0.033458504893853436,0.07801780589564397,0.01161197151523287,-0.015355502023107063,-0.42590886984673465,0.13189660885812246,-0.10670487276477118,-0.05822624604842144,-0.021781364166199788,0.0007239607003295741,0.08699057635914752,-0.04482246924481631,-0.04616603690857601,-0.020647738677263206
emb_dim_0503,0.17911878367500852,-0.46880007121163814,0.4450435884848684,0.03920825868297057,-0.31370347716618635,-0.09603886029900172,-0.11616708129489002,0.008562288941388267,-0.09420935968913331,0.008496641912953297,0.038211244904472724,-0.05886726883888576,-0.0031845846831086598,0.017254063030425912,-0.019396649592226735,0.13014791142277524,-0.0811149642858228,0.11288765933265636,0.03234333844302379,-0.0034730294251488717,0.09504779769926099,0.019722174800537902,0.06296805641898094,0.207838006129601,0.0313717045347249,0.16509465849318244,0.09909423466325375,-0.021448134975614413,-0.066281697306094,0.0586479113301924,-0.09089425771560665,0.11612039907147709,0.13045880813618962,0.0666361635919977,-0.011483107975026021,0.05276877507946576,0.11577884281397974,-0.08594744826564696,0.20009188632989028
emb_dim_0504,-0.6198404604641388,-0.06482338108131487,-0.2961982492603757,-0.010787517358266965,0.23280447922752287,0.17442148672010765,-0.03788504859958983,0.05752553585841189,-0.0351525553076726,0.14361147778798244,0.10040181903518643,0.002164963742928406,0.10337198908876079,0.108233955436126,0.09474558935873312,0.12254467150678784,0.051848427289680574,-0.027814422302208656,-0.10811780089268322,0.08285804177352242,0.03401659505422214,-0.016870385389408417,0.17439858284058346,0.20208261468129476,0.008088728843830904,0.08171968481652342,-0.0036116167072693314,0.03152169375157061,-0.0245821847494408,0.004918524037598546,-0.024251625371753266,0.06293422210593692,-0.11469850368194026,-0.10842186288607836,0.02597792696528459,-0.1472814758340007,-0.07439476962330874,0.00977557770913812,-0.010930892801171212
emb_dim_0505,0.15516490474247782,-0.02804764876047825,-0.2263167319307048,0.0988690852644262,-0.3009607077773628,0.36771697286327654,-0.01974407153281755,0.1330406488418954,0.01943692348580844,-0.11689338374434256,0.11490732457365625,-0.02414064299350056,0.10578576920804789,0.11552264458845955,-0.05932315079893747,-0.2925627295841668,-0.08958719983144635,0.017525384440600377,0.21668046725068846,0.10148143806799331,0.09195675130556136,-0.07371540913800563,-0.03298816984784814,0.11396979462135488,0.0556144776623163,-0.060533065007517026,0.10682462780190045,-0.07220729670231008,-0.06102814868410871,-0.27787115848666494,-0.04992252539186622,-0.007145376586180516,-0.12502559597864368,-0.14000582020667515,-0.0856704110453378,0.012764615558577238,-0.05192028908835122,-0.018466758170945057,0.027903960080528457
emb_dim_0506,-0.6131163777770609,0.0381273043355312,-0.2289191597142072,0.10544167106341482,-0.12711698444050534,0.0754090601934264,0.026775500797530983,0.1351533980637829,0.1779484853418886,0.016220996287509674,0.11317027642694019,-0.10547697239177489,-0.0009512459730077438,-0.05042668442308745,0.10769568483696262,-0.017697961651498288,0.07817174457000299,-0.1583409748721109,0.09211698698783795,-0.047674414660771415,0.04782362375711356,0.07236568705501457,0.022871776040032012,-0.044621485766672936,0.07314961651257629,-0.10268176885788326,0.16033377618575337,0.035984798874453806,-0.027428366806459343,-0.150376370089305,0.08640083763410786,0.04076066872982257,-0.1535027864592347,0.1710192102460094,-0.18390864679276825,-0.039451818811203604,-0.04791652268195917,0.16839569448364738,-0.04960597742991701
emb_dim_0507,-0.1374139582340351,-0.053999632386727364,0.24691023956077746,0.059039456279235646,-0.0021064463373349288,0.036470387480443164,0.030512493086133338,-0.7366787623742974,0.11387484551642897,-0.1410786091134901,-0.10944199097390396,-0.056141820689226,0.06282687980932844,-0.0069855564214319306,0.0718536056772264,-0.0946006575688439,-0.014833925630238167,-0.07860653427709602,-0.0358192432462426,-0.040241636817139395,-0.08548175733112298,0.016481808297830757,0.01481654423751594,0.09245735076076292,0.1002874061966659,0.035496885283126084,0.003683935014701166,0.07075572856396724,0.010295648000988027,0.026941196483655706,-0.006100285303433341,-0.026638495580957253,0.05308507761121601,0.0124852090454849,0.032231608805594274,0.03196853708120633,0.002585472717500491,0.05523359172700364,0.0025625145011411044
emb_dim_0508,0.39910463500192395,-0.5044858960092788,0.2708089415352555,0.03560288790265417,-0.0017562485233231704,0.2532330218639517,-0.0887013257153311,0.04877097723487804,0.027133961602552856,0.016848256203701707,0.1187654634476604,0.008925058219332314,-0.13437234277139648,0.25030973556296654,-0.02645910478913264,-0.07524815315776472,0.0229823804849226,-0.0659053680535985,0.10427146350655661,0.0661134936341968,-0.019762269648026333,-0.07946553987855208,-0.01905136319504989,0.06267068807650562,0.16327971758773085,0.04658647026952692,0.04611883385095193,0.06572682156115547,-0.1651601627089379,-0.00263660695438544,-0.031079321548962723,0.18974873628711542,-0.058529270982137616,0.05840417954733564,-0.0038307159372365724,-0.027149544020934432,-0.04214275406338053,0.17839388429373698,0.0008606021709732816
emb_dim_0509,0.08012393118740416,-0.30388400860404324,0.024191157295415426,-0.1335032538844583,0.3141784896795504,-0.06311126492666327,0.04890832964158056,-0.009109787432020722,0.01328688946062029,-0.10948309195127207,-0.22742659547216576,-0.06477563381505941,-0.18443988951986326,0.1164821564790117,-0.12071728520025536,0.283917084673809,-0.04520098698209512,-0.006126505686955395,0.08411811656472465,-0.017782958285558117,-0.170223465634106,0.012571054827079832,-0.07711298914634952,0.1752382118659777,0.053442255133226216,-0.037309183259370444,0.13777127385618027,0.1621579245550801,-0.2099958787994245,0.12295025000815125,-0.2804046000736983,0.15658882640121718,0.0022976983493882743,0.03599725348637954,0.16461806039136884,-0.007145918866640033,-0.06467032317613709,0.07670065015323337,0.11345396303364366
emb_dim_0510,-0.6050443418108155,0.376742703024961,0.01875562494327196,-0.10898485394286941,-0.23987002002534258,-0.09054917858834777,0.009870335404685463,0.1813785235429613,0.09992379616643635,0.0012727721026999934,-0.12544067360516192,-0.030617797541556125,0.10144944230335345,0.06513757294900337,-0.0751668471804293,-0.013433755940512259,-0.03767122770482462,-0.13199623820448408,0.19106317418595173,-0.017123502287363968,-0.08624370986516809,-0.06498642522260113,0.012940538573893552,-0.031719973292320805,0.020278885633084547,-0.09774226700848543,0.07072005608963396,0.0414393792236222,0.10250733625160499,0.20944032047682073,-0.055559207226965834,-0.11414460692466329,0.012332536368843856,0.03521750420955515,-0.07588577506119455,-0.05355480767967187,-0.0851003894136866,0.04404584599133695,-0.03316157069693778
emb_dim_0511,-0.504311014121869,0.011503543737937747,7.800935559670523e-05,-0.21830417821434678,-0.24590322842637966,0.1330469692169768,0.061301656654521156,-0.016170429103933445,-0.12283012792352291,-0.1162525566118369,-0.11185524647070068,-0.22466168247672078,0.12865857843653034,0.07964847295147226,0.12032200624336091,0.06997127843509918,0.005967378756390259,-0.015592842986682823,0.030010162978883793,-0.07339990673481701,-0.029519004301294102,0.15796021122451603,0.0015414925650137114,0.03239395066948218,0.026523070274149532,-0.13024484020188526,0.07191920039881589,0.2955399057719714,-0.18967096934855174,0.0896134878137009,0.07596391767776112,0.024279084303185403,-0.0720242893126423,0.023285270965949397,-0.009213789058168978,-0.06992206020506368,-0.04329980998457636,-0.16092757466267682,0.2365314218692232
