date,s5p_n_tiles_available_day,s5p_no2_mean,s5p_so2_mean,s5p_o3_mean,s5p_no2_available_pct,s5p_so2_available_pct,s5p_o3_available_pct
2020-01-01,1,1.6030024e-06,3.838398e-05,0.1039275,1.0,1.0,1.0
2020-01-02,1,1.5435455e-05,0.0004448488,0.105476424,1.0,1.0,1.0
2020-01-03,1,2.3542352e-05,7.012479e-05,0.10774526,1.0,1.0,1.0
2020-01-04,1,2.8372366e-05,3.6024212e-05,0.10784378,1.0,1.0,1.0
2020-01-05,1,8.954058e-07,5.2704887e-05,0.10682325,1.0,1.0,1.0
2020-01-06,1,1.1667826e-05,0.0001177878,0.107429855,1.0,1.0,1.0
2020-01-07,1,2.1933089e-05,7.755449e-05,0.106122755,1.0,1.0,1.0
2020-01-08,1,4.1897776e-05,0.00017088988,0.108357705,1.0,1.0,1.0
2020-01-09,1,3.203185e-05,-1.1029776e-05,0.10707943,1.0,1.0,1.0
2020-01-10,1,1.2424993e-05,5.7780482e-05,0.1066577,1.0,1.0,1.0
2020-01-11,1,1.4676724e-06,1.9795577e-06,0.106209844,1.0,1.0,1.0
2020-01-12,1,1.5801397e-05,-7.820621e-05,0.10631471,1.0,1.0,1.0
2020-01-13,1,3.1171392e-05,7.2870826e-05,0.10728068,1.0,1.0,1.0
2020-01-14,1,2.699806e-05,0.00022380525,0.10845175,1.0,1.0,1.0
2020-01-15,1,0.0,0.0,0.0,1.0,1.0,1.0
2020-01-16,1,2.6601117e-05,-0.00014020008,0.10735809,1.0,1.0,1.0
2020-01-17,1,3.8052825e-05,-0.00010359165,0.1054654,1.0,1.0,1.0
2020-01-18,1,3.448963e-05,0.00025188545,0.10550283,1.0,1.0,1.0
2020-01-19,1,2.373734e-05,6.7151675e-05,0.105098344,1.0,1.0,1.0
2020-01-20,1,0.0,0.0,0.10593412,1.0,1.0,1.0
2020-01-21,1,0.0,0.0,0.105320536,1.0,1.0,1.0
2020-01-22,1,0.0,0.0,0.10454998,1.0,1.0,1.0
2020-01-23,1,5.113733e-06,7.3361603e-06,0.10532454,1.0,1.0,1.0
2020-01-24,1,0.0,0.0,0.10775759,1.0,1.0,1.0
2020-01-25,1,0.0,0.0,0.10645121,1.0,1.0,1.0
2020-01-26,1,1.1758908e-06,0.00019442617,0.10714613,1.0,1.0,1.0
2020-01-27,1,2.0067407e-06,-1.1684262e-05,0.10718148,1.0,1.0,1.0
2020-01-28,1,1.7187424e-05,-0.00010004248,0.10851974,1.0,1.0,1.0
2020-01-29,1,2.0682264e-05,-9.355924e-06,0.108882606,1.0,1.0,1.0
2020-01-30,1,2.9206278e-05,0.00012943285,0.10982906,1.0,1.0,1.0
2020-01-31,1,0.0,0.0,0.0,1.0,1.0,1.0
2020-02-01,1,7.969946e-06,3.635348e-05,0.10826145,1.0,1.0,1.0
2020-02-02,1,0.0,0.0,0.10713537,1.0,1.0,1.0
2020-02-03,1,1.5694326e-05,3.494438e-05,0.10910721,1.0,1.0,1.0
2020-02-04,1,2.7002416e-05,0.00012846754,0.11024112,1.0,1.0,1.0
2020-02-05,1,2.4667295e-05,0.00011038864,0.109471254,1.0,1.0,1.0
2020-02-06,1,1.0704446e-05,-9.3618255e-05,0.11051557,1.0,1.0,1.0
2020-02-07,1,1.68914e-05,4.5819444e-05,0.110157475,1.0,1.0,1.0
2020-02-08,1,1.0674584e-05,-1.608741e-05,0.11030639,1.0,1.0,1.0
2020-02-09,1,1.3042023e-05,1.1555971e-05,0.10982314,1.0,1.0,1.0
2020-02-10,1,2.1941345e-05,0.00023819684,0.11070284,1.0,1.0,1.0
2020-02-11,1,1.7060773e-05,-1.7685223e-05,0.11147829,1.0,1.0,1.0
2020-02-12,1,2.2788417e-05,-9.412732e-05,0.11225987,1.0,1.0,1.0
2020-02-13,1,3.1327356e-05,-2.3151993e-06,0.11097861,1.0,1.0,1.0
2020-02-14,1,3.2932778e-05,0.0002883759,0.1102689,1.0,1.0,1.0
2020-02-15,1,2.8337188e-05,5.793244e-05,0.11202105,1.0,1.0,1.0
2020-02-16,1,0.0,0.0,0.0,1.0,1.0,1.0
2020-02-17,1,2.1560378e-05,-4.805011e-05,0.11011984,1.0,1.0,1.0
2020-02-18,1,2.6731921e-05,-0.00010393439,0.108810425,1.0,1.0,1.0
2020-02-19,1,0.0,-4.1477847e-06,0.10990105,1.0,1.0,1.0
2020-02-20,1,0.0,0.0,0.10972218,1.0,1.0,1.0
2020-02-21,1,0.0,0.0,0.10975659,1.0,1.0,1.0
2020-02-22,1,0.0,0.0,0.110017635,1.0,1.0,1.0
2020-02-23,1,5.505297e-06,3.8186306e-05,0.10865195,1.0,1.0,1.0
2020-02-24,1,3.181465e-05,-7.628695e-05,0.11088745,1.0,1.0,1.0
2020-02-25,1,6.591002e-06,7.3571995e-05,0.1107581,1.0,1.0,1.0
2020-02-26,1,0.0,0.0,0.11110203,1.0,1.0,1.0
2020-02-27,1,0.0,-5.545346e-06,0.110964894,1.0,1.0,1.0
2020-02-28,1,3.9785778e-06,5.6946737e-05,0.11286606,1.0,1.0,1.0
2020-02-29,1,1.4294378e-05,6.2167695e-05,0.11429147,1.0,1.0,1.0
2020-03-01,1,2.4931756e-05,9.897942e-06,0.11402056,1.0,1.0,1.0
2020-03-02,1,2.2881346e-05,9.675645e-05,0.113927424,1.0,1.0,1.0
2020-03-03,1,0.0,0.0,0.0,1.0,1.0,1.0
2020-03-04,1,1.6258215e-05,-8.376412e-05,0.1125002,1.0,1.0,1.0
2020-03-05,1,8.7301605e-06,7.4311494e-05,0.11289556,1.0,1.0,1.0
2020-03-06,1,2.507646e-05,1.3389636e-05,0.11222576,1.0,1.0,1.0
2020-03-07,1,0.0,0.0,0.112021126,1.0,1.0,1.0
2020-03-08,1,6.72656e-06,0.000114675226,0.1142556,1.0,1.0,1.0
2020-03-09,1,8.447955e-06,7.543133e-07,0.11403816,1.0,1.0,1.0
2020-03-10,1,2.1653448e-05,0.0001162206,0.113698915,1.0,1.0,1.0
2020-03-11,1,1.2104631e-05,6.3700677e-06,0.112470075,1.0,1.0,1.0
2020-03-12,1,1.30187955e-05,-1.465042e-05,0.1128518,1.0,1.0,1.0
2020-03-13,1,2.0692476e-05,0.00024246315,0.112935156,1.0,1.0,1.0
2020-03-14,1,0.0,-4.7050326e-05,0.113132566,1.0,1.0,1.0
2020-03-15,1,1.2302504e-06,0.00011134088,0.11424355,1.0,1.0,1.0
2020-03-16,1,8.601489e-06,1.3441906e-05,0.11359543,1.0,1.0,1.0
2020-03-17,1,8.049706e-06,4.825205e-05,0.113799684,1.0,1.0,1.0
2020-03-18,1,2.5434954e-05,5.5164735e-05,0.11545947,1.0,1.0,1.0
2020-03-19,1,0.0,0.0,0.0,1.0,1.0,1.0
2020-03-20,1,0.0,-2.5005695e-05,0.11272126,1.0,1.0,1.0
2020-03-21,1,1.3957972e-05,3.429703e-05,0.11526233,1.0,1.0,1.0
2020-03-22,1,2.2616197e-05,0.00019233796,0.115877055,1.0,1.0,1.0
2020-03-23,1,2.3306518e-05,2.5506914e-05,0.11574626,1.0,1.0,1.0
2020-03-24,1,1.7009883e-05,0.00018288927,0.114712134,1.0,1.0,1.0
2020-03-25,1,0.0,-2.6236828e-05,0.11289376,1.0,1.0,1.0
2020-03-26,1,1.06053985e-05,2.352672e-05,0.11340769,1.0,1.0,1.0
2020-03-27,1,7.47824e-06,-5.487506e-05,0.11552022,1.0,1.0,1.0
2020-03-28,1,1.2881227e-05,0.00036489384,0.11629902,1.0,1.0,1.0
2020-03-29,1,0.0,3.5705285e-05,0.11525617,1.0,1.0,1.0
2020-03-30,1,0.0,0.0,0.11352283,1.0,1.0,1.0
2020-03-31,1,1.7817024e-06,-4.306898e-06,0.11532505,1.0,1.0,1.0
2020-04-01,1,4.0166747e-06,1.2744306e-05,0.1135948,1.0,1.0,1.0
2020-04-02,1,9.5553e-06,-1.0584561e-05,0.11496011,1.0,1.0,1.0
2020-04-03,1,1.5606647e-05,-1.3672976e-05,0.11472347,1.0,1.0,1.0
2020-04-04,1,0.0,0.0,0.0,1.0,1.0,1.0
2020-04-05,1,2.135559e-06,-9.9379315e-05,0.11157408,1.0,1.0,1.0
2020-04-06,1,4.215283e-06,0.00010875072,0.11236754,1.0,1.0,1.0
2020-04-07,1,2.0297264e-05,-8.2254664e-05,0.111865014,1.0,1.0,1.0
2020-04-08,1,1.7103326e-05,1.6478307e-05,0.113552205,1.0,1.0,1.0
2020-04-09,1,0.0,0.00013104141,0.112545565,1.0,1.0,1.0
2020-04-10,1,5.204181e-07,6.9888374e-05,0.11363181,1.0,1.0,1.0
2020-04-11,1,6.255222e-07,5.7049197e-05,0.113590606,1.0,1.0,1.0
2020-04-12,1,0.0,-3.1031336e-06,0.11484681,1.0,1.0,1.0
2020-04-13,1,1.6527423e-06,-1.4831275e-05,0.114382625,1.0,1.0,1.0
2020-04-14,1,5.7556247e-07,-3.925868e-05,0.11542678,1.0,1.0,1.0
2020-04-15,1,0.0,6.7105924e-05,0.114547074,1.0,1.0,1.0
2020-04-16,1,1.4685824e-05,9.096257e-05,0.11552288,1.0,1.0,1.0
2020-04-17,1,2.0828034e-05,5.306021e-05,0.11757227,1.0,1.0,1.0
2020-04-18,1,3.6407023e-06,2.1326747e-05,0.11627571,1.0,1.0,1.0
2020-04-19,1,1.3743101e-05,9.9293546e-05,0.1163053,1.0,1.0,1.0
2020-04-20,1,0.0,0.0,0.0,1.0,1.0,1.0
2020-04-21,1,0.0,0.0,0.11352081,1.0,1.0,1.0
2020-04-22,1,2.5922752e-06,4.936357e-05,0.1119342,1.0,1.0,1.0
2020-04-23,1,1.5010892e-05,-3.0896594e-05,0.11352504,1.0,1.0,1.0
2020-04-24,1,1.9979128e-05,6.153136e-05,0.11470027,1.0,1.0,1.0
2020-04-25,1,1.1963462e-05,0.00019075008,0.11416949,1.0,1.0,1.0
2020-04-26,1,7.5167245e-06,-7.515754e-05,0.112432696,1.0,1.0,1.0
2020-04-27,1,7.502912e-06,-7.512636e-05,0.1132103,1.0,1.0,1.0
2020-04-28,1,1.3723859e-05,-6.9991096e-05,0.11308531,1.0,1.0,1.0
2020-04-29,1,9.776676e-06,4.64613e-05,0.11282727,1.0,1.0,1.0
2020-04-30,1,0.0,0.0,0.11119942,1.0,1.0,1.0
2020-05-01,1,2.1774713e-06,-3.1814707e-05,0.110890105,1.0,1.0,1.0
2020-05-02,1,5.440604e-06,2.9709447e-05,0.11038341,1.0,1.0,1.0
2020-05-03,1,8.6551945e-06,-5.834727e-05,0.11212196,1.0,1.0,1.0
2020-05-04,1,0.0,4.359023e-06,0.11283195,1.0,1.0,1.0
2020-05-05,1,3.3458914e-06,2.2383054e-05,0.11368871,1.0,1.0,1.0
2020-05-06,1,0.0,0.0,0.0,1.0,1.0,1.0
2020-05-07,1,0.0,0.0,0.11274073,1.0,1.0,1.0
2020-05-08,1,1.0312963e-06,2.2341166e-05,0.11175246,1.0,1.0,1.0
2020-05-09,1,1.5684042e-05,7.806006e-05,0.11157564,1.0,1.0,1.0
2020-05-10,1,0.0,-6.4782325e-06,0.11078498,1.0,1.0,1.0
2020-05-11,1,0.0,-3.4493205e-05,0.11089336,1.0,1.0,1.0
2020-05-12,1,0.0,0.0,0.1112151,1.0,1.0,1.0
2020-05-13,1,0.0,0.0,0.1140966,1.0,1.0,1.0
2020-05-14,1,3.2261752e-05,0.0001020963,0.11491184,1.0,1.0,1.0
2020-05-15,1,1.915527e-05,-2.6991788e-06,0.112369604,1.0,1.0,1.0
2020-05-16,1,1.4623973e-05,8.7131346e-05,0.11165272,1.0,1.0,1.0
2020-05-17,1,4.7368007e-07,4.707833e-05,0.11069858,1.0,1.0,1.0
2020-05-18,1,1.3304577e-05,0.0,0.10917445,1.0,1.0,1.0
2020-05-19,1,0.0,-3.044437e-07,0.11032023,1.0,1.0,1.0
2020-05-20,1,3.0848965e-05,0.0001567778,0.11202607,1.0,1.0,1.0
2020-05-21,1,3.9271995e-06,-7.26437e-05,0.11195538,1.0,1.0,1.0
2020-05-22,1,0.0,0.0,0.0,1.0,1.0,1.0
2020-05-23,1,1.67116e-05,-0.00020453376,0.11258012,1.0,1.0,1.0
2020-05-24,1,7.1150016e-06,-4.553477e-05,0.11126695,1.0,1.0,1.0
2020-05-25,1,1.04702285e-05,-2.4694715e-05,0.11350197,1.0,1.0,1.0
2020-05-26,1,5.6873328e-06,7.7042365e-05,0.11388606,1.0,1.0,1.0
2020-05-27,1,0.0,0.0,0.11334441,1.0,1.0,1.0
2020-05-28,1,0.0,0.0,0.11343694,1.0,1.0,1.0
2020-05-29,1,6.246485e-06,-1.1537063e-05,0.11216145,1.0,1.0,1.0
2020-05-30,1,0.0,7.067736e-07,0.10827551,1.0,1.0,1.0
2020-05-31,1,1.5331343e-05,-2.2242148e-05,0.11084017,1.0,1.0,1.0
2020-06-01,1,2.912666e-07,-8.0626e-05,0.11042341,1.0,1.0,1.0
2020-06-02,1,0.0,0.0,0.11172538,1.0,1.0,1.0
2020-06-03,1,0.0,0.0,0.11210432,1.0,1.0,1.0
2020-06-04,1,7.858202e-06,3.5983885e-05,0.111611396,1.0,1.0,1.0
2020-06-05,1,0.0,-0.00010174901,0.1129954,1.0,1.0,1.0
2020-06-06,1,0.0,0.0,0.11369457,1.0,1.0,1.0
2020-06-07,1,0.0,0.0,0.004144845,1.0,1.0,1.0
2020-06-08,1,2.1073733e-05,-0.00011444094,0.11309154,1.0,1.0,1.0
2020-06-09,1,2.7282573e-05,-5.8715956e-05,0.11447304,1.0,1.0,1.0
2020-06-10,1,1.2762945e-05,2.2047248e-06,0.11324957,1.0,1.0,1.0
2020-06-11,1,1.4268357e-05,0.0010204841,0.11343826,1.0,1.0,1.0
2020-06-12,1,0.0,1.8309636e-06,0.113959804,1.0,1.0,1.0
2020-06-13,1,2.5799163e-06,-1.3665034e-05,0.11232209,1.0,1.0,1.0
2020-06-14,1,8.351646e-06,-4.1597148e-05,0.11302688,1.0,1.0,1.0
2020-06-15,1,1.0926087e-05,2.7205788e-05,0.11317434,1.0,1.0,1.0
2020-06-16,1,5.9830195e-06,-2.9085793e-06,0.11422946,1.0,1.0,1.0
2020-06-17,1,0.0,0.0,0.11321352,1.0,1.0,1.0
2020-06-18,1,0.0,0.00014056743,0.11273251,1.0,1.0,1.0
2020-06-19,1,0.0,-0.0001059188,0.11170592,1.0,1.0,1.0
2020-06-20,1,1.8413249e-06,-9.5729585e-05,0.11165533,1.0,1.0,1.0
2020-06-21,1,2.7670121e-05,0.00014289244,0.11403047,1.0,1.0,1.0
2020-06-22,1,2.5247368e-06,8.00729e-06,0.11368044,1.0,1.0,1.0
2020-06-23,1,0.0,2.9265518e-06,0.018592991,1.0,1.0,1.0
2020-06-24,1,0.0,0.0,0.1135795,1.0,1.0,1.0
2020-06-25,1,7.875053e-06,-0.00017602062,0.11565132,1.0,1.0,1.0
2020-06-26,1,2.3150065e-07,-7.118195e-06,0.11451707,1.0,1.0,1.0
2020-06-27,1,0.0,0.0,0.11670729,1.0,1.0,1.0
2020-06-28,1,0.0,0.0,0.11555188,1.0,1.0,1.0
2020-06-29,1,1.3133199e-05,9.969733e-06,0.11484715,1.0,1.0,1.0
2020-06-30,1,1.6584445e-06,-5.0916187e-05,0.11543927,1.0,1.0,1.0
2020-07-01,1,1.3092837e-05,1.3594891e-05,0.11737213,1.0,1.0,1.0
2020-07-02,1,0.0,0.0,0.11576554,1.0,1.0,1.0
2020-07-03,1,2.9351866e-06,5.6846122e-05,0.11575073,1.0,1.0,1.0
2020-07-04,1,1.8015375e-06,0.00011425322,0.11697459,1.0,1.0,1.0
2020-07-05,1,1.3483318e-06,-7.089078e-05,0.11662798,1.0,1.0,1.0
2020-07-06,1,1.51697095e-05,-2.65412e-05,0.116697684,1.0,1.0,1.0
2020-07-07,1,7.870182e-06,-3.23008e-06,0.11673786,1.0,1.0,1.0
2020-07-08,1,1.916401e-05,0.00030065744,0.11737977,1.0,1.0,1.0
2020-07-09,1,6.65072e-07,-0.00015123755,0.041536473,1.0,1.0,1.0
2020-07-10,1,0.0,0.0,0.117203854,1.0,1.0,1.0
2020-07-11,1,1.1665992e-06,-2.958043e-05,0.11772909,1.0,1.0,1.0
2020-07-12,1,2.387182e-05,9.4879855e-05,0.11870259,1.0,1.0,1.0
2020-07-13,1,1.887287e-05,-1.7038665e-05,0.119854115,1.0,1.0,1.0
2020-07-14,1,2.3459897e-05,0.00014860975,0.12072705,1.0,1.0,1.0
2020-07-15,1,5.451424e-06,-1.3293209e-05,0.12009341,1.0,1.0,1.0
2020-07-16,1,1.7991051e-06,-2.5533907e-05,0.119158305,1.0,1.0,1.0
2020-07-17,1,3.125698e-05,0.00013646457,0.12087685,1.0,1.0,1.0
2020-07-18,1,0.0,2.819022e-05,0.12223123,1.0,1.0,1.0
2020-07-19,1,1.5866828e-05,6.97264e-05,0.12197434,1.0,1.0,1.0
2020-07-20,1,0.0,0.0,0.119206525,1.0,1.0,1.0
2020-07-21,1,2.0029593e-06,-1.9700608e-06,0.12139355,1.0,1.0,1.0
2020-07-22,1,0.0,0.0,0.0,1.0,1.0,1.0
2020-07-23,1,1.967285e-06,0.0,0.11837519,1.0,1.0,1.0
2020-07-24,1,0.0,0.0,0.11904105,1.0,1.0,1.0
2020-07-25,1,0.0,0.0,0.06662214,1.0,1.0,1.0
2020-07-26,1,7.149672e-07,0.0,0.11854956,1.0,1.0,1.0
2020-07-27,1,6.11451e-08,0.0,0.117311895,1.0,1.0,1.0
2020-07-28,1,4.8477636e-06,0.0,0.11834886,1.0,1.0,1.0
2020-07-29,1,2.6029234e-06,5.9108365e-06,0.1177009,1.0,1.0,1.0
2020-07-30,1,2.1226926e-05,0.00018068471,0.11968699,1.0,1.0,1.0
2020-07-31,1,1.3267545e-05,9.076608e-05,0.12218905,1.0,1.0,1.0
2020-08-01,1,2.7417704e-05,0.0002070196,0.12147117,1.0,1.0,1.0
2020-08-02,1,2.078393e-05,-1.0711737e-05,0.12279055,1.0,1.0,1.0
2020-08-03,1,9.782312e-07,6.044671e-06,0.12403086,1.0,1.0,1.0
2020-08-04,1,3.3078493e-07,0.0,0.12274428,1.0,1.0,1.0
2020-08-05,1,0.0,0.0,0.11981986,1.0,1.0,1.0
2020-08-06,1,0.0,0.0,0.12259362,1.0,1.0,1.0
2020-08-07,1,6.050296e-06,-9.509116e-06,0.121819384,1.0,1.0,1.0
2020-08-08,1,3.4433597e-05,9.848636e-05,0.12255329,1.0,1.0,1.0
2020-08-09,1,1.5052699e-05,4.1940348e-05,0.12238736,1.0,1.0,1.0
2020-08-10,1,0.0,0.0,0.09486885,1.0,1.0,1.0
2020-08-11,1,1.2412093e-05,1.1017291e-05,0.12086431,1.0,1.0,1.0
2020-08-12,1,4.574483e-06,3.5282088e-07,0.12153051,1.0,1.0,1.0
2020-08-13,1,0.0,0.0,0.120022394,1.0,1.0,1.0
2020-08-14,1,2.1711357e-05,9.280989e-05,0.118513964,1.0,1.0,1.0
2020-08-15,1,0.0,0.0,0.12122127,1.0,1.0,1.0
2020-08-16,1,0.0,0.0,0.122208215,1.0,1.0,1.0
2020-08-17,1,0.0,0.0,0.120748125,1.0,1.0,1.0
2020-08-18,1,0.0,0.0,0.12051556,1.0,1.0,1.0
2020-08-19,1,0.0,0.0,0.12136606,1.0,1.0,1.0
2020-08-20,1,1.5745849e-05,0.0,0.12187818,1.0,1.0,1.0
2020-08-21,1,1.2028935e-06,0.0,0.121060796,1.0,1.0,1.0
2020-08-22,1,0.0,0.0,0.1216629,1.0,1.0,1.0
2020-08-23,1,1.3593687e-05,2.8753506e-05,0.12211107,1.0,1.0,1.0
2020-08-24,1,1.9336629e-05,6.1660714e-05,0.1216236,1.0,1.0,1.0
2020-08-25,1,0.0,0.0,0.12148866,1.0,1.0,1.0
2020-08-26,1,0.0,0.0,0.0,1.0,1.0,1.0
2020-08-27,1,2.3333153e-06,0.0,0.121458165,1.0,1.0,1.0
2020-08-28,1,7.112397e-06,-3.8657265e-05,0.1232666,1.0,1.0,1.0
2020-08-29,1,3.8285857e-06,-3.65944e-07,0.12223774,1.0,1.0,1.0
2020-08-30,1,0.0,0.0,0.12148711,1.0,1.0,1.0
2020-08-31,1,2.0178275e-05,4.7234123e-05,0.12282708,1.0,1.0,1.0
2020-09-01,1,1.824088e-05,1.3583941e-05,0.121238224,1.0,1.0,1.0
2020-09-02,1,0.0,0.0,0.1201688,1.0,1.0,1.0
2020-09-03,1,4.029061e-05,0.00021176304,0.12129362,1.0,1.0,1.0
2020-09-04,1,3.194856e-06,0.0,0.121985674,1.0,1.0,1.0
2020-09-05,1,3.0327623e-05,-0.00012978981,0.1248536,1.0,1.0,1.0
2020-09-06,1,0.0,0.0,0.11972146,1.0,1.0,1.0
2020-09-07,1,0.0,0.0,0.12156047,1.0,1.0,1.0
2020-09-08,1,1.6656601e-06,0.0,0.12067744,1.0,1.0,1.0
2020-09-09,1,3.2717933e-05,0.00020238053,0.121975414,1.0,1.0,1.0
2020-09-10,1,2.910546e-05,0.00027454796,0.12500356,1.0,1.0,1.0
2020-09-11,1,3.801831e-06,0.0,0.115628496,1.0,1.0,1.0
2020-09-12,1,4.0839882e-07,0.0,0.120939136,1.0,1.0,1.0
2020-09-13,1,4.0258656e-06,0.0,0.123285525,1.0,1.0,1.0
2020-09-14,1,2.0382478e-05,3.1801705e-05,0.12196878,1.0,1.0,1.0
2020-09-15,1,4.534708e-06,0.0,0.12032564,1.0,1.0,1.0
2020-09-16,1,0.0,0.0,0.12146949,1.0,1.0,1.0
2020-09-17,1,8.063062e-07,0.0,0.11836271,1.0,1.0,1.0
2020-09-18,1,5.8501287e-06,-9.994331e-06,0.1176573,1.0,1.0,1.0
2020-09-19,1,2.7120464e-05,-5.3841544e-05,0.117803335,1.0,1.0,1.0
2020-09-20,1,2.7481388e-05,0.00010934131,0.12215989,1.0,1.0,1.0
2020-09-21,1,1.9908091e-05,-1.03202465e-05,0.1223493,1.0,1.0,1.0
2020-09-22,1,4.2983897e-06,0.0,0.120307595,1.0,1.0,1.0
2020-09-23,1,1.6035314e-05,0.0,0.12030494,1.0,1.0,1.0
2020-09-24,1,2.0338934e-05,-4.528682e-05,0.11878933,1.0,1.0,1.0
2020-09-25,1,1.0733691e-05,-4.8071934e-06,0.12057726,1.0,1.0,1.0
2020-09-26,1,0.0,0.0,0.1211866,1.0,1.0,1.0
2020-09-27,1,0.0,0.0,0.11544212,1.0,1.0,1.0
2020-09-28,1,4.8283428e-06,1.4955853e-06,0.12108808,1.0,1.0,1.0
2020-09-29,1,0.0,0.0,0.12171827,1.0,1.0,1.0
2020-09-30,1,0.0,0.0,0.11939709,1.0,1.0,1.0
2020-10-01,1,3.077423e-05,5.035763e-06,0.12204808,1.0,1.0,1.0
2020-10-02,1,2.130606e-06,0.0,0.120292544,1.0,1.0,1.0
2020-10-03,1,6.366576e-07,0.0,0.119652934,1.0,1.0,1.0
2020-10-04,1,1.1603952e-06,-4.3926348e-06,0.11699545,1.0,1.0,1.0
2020-10-05,1,6.7723465e-07,0.0,0.12185111,1.0,1.0,1.0
2020-10-06,1,1.279427e-06,0.0,0.12143932,1.0,1.0,1.0
2020-10-07,1,0.0,0.0,0.12040438,1.0,1.0,1.0
2020-10-08,1,0.0,0.0,0.121159,1.0,1.0,1.0
2020-10-09,1,1.0826186e-05,-9.359164e-06,0.12103867,1.0,1.0,1.0
2020-10-10,1,3.6563e-05,0.00015550682,0.12163925,1.0,1.0,1.0
2020-10-11,1,2.0990281e-05,7.514916e-05,0.12188649,1.0,1.0,1.0
2020-10-12,1,2.7430482e-05,-2.0886308e-05,0.12472374,1.0,1.0,1.0
2020-10-13,1,0.0,0.0,0.09640558,1.0,1.0,1.0
2020-10-14,1,2.0777237e-05,1.8958901e-05,0.12052846,1.0,1.0,1.0
2020-10-15,1,3.191673e-05,-1.3806749e-05,0.118776485,1.0,1.0,1.0
2020-10-16,1,4.2048237e-06,1.1550191e-05,0.117719725,1.0,1.0,1.0
2020-10-17,1,0.0,0.0,0.11935548,1.0,1.0,1.0
2020-10-18,1,1.8268914e-06,0.0,0.11793993,1.0,1.0,1.0
2020-10-19,1,4.352526e-06,0.0,0.11786356,1.0,1.0,1.0
2020-10-20,1,1.1007718e-05,-3.1741056e-06,0.11668063,1.0,1.0,1.0
2020-10-21,1,2.1356089e-05,2.7317661e-05,0.118263334,1.0,1.0,1.0
2020-10-22,1,0.0,0.0,0.0,1.0,1.0,1.0
2020-10-23,1,1.9513742e-05,0.00012300706,0.11938679,1.0,1.0,1.0
2020-10-24,1,0.0,0.0,0.118519455,1.0,1.0,1.0
2020-10-25,1,1.0030283e-05,-9.933325e-06,0.11814738,1.0,1.0,1.0
2020-10-26,1,3.291934e-05,4.663449e-06,0.118475474,1.0,1.0,1.0
2020-10-27,1,9.488919e-06,1.7415723e-05,0.118520625,1.0,1.0,1.0
2020-10-28,1,0.0,0.0,0.11867593,1.0,1.0,1.0
2020-10-29,1,0.0,0.0,0.061842386,1.0,1.0,1.0
2020-10-30,1,1.1960112e-05,9.0295835e-08,0.11829659,1.0,1.0,1.0
2020-10-31,1,0.0,0.0,0.11828822,1.0,1.0,1.0
2020-11-01,1,1.3151953e-06,0.0,0.11834861,1.0,1.0,1.0
2020-11-02,1,1.8309778e-05,6.762641e-06,0.11726963,1.0,1.0,1.0
2020-11-03,1,2.155001e-05,0.00025690222,0.117961794,1.0,1.0,1.0
2020-11-04,1,1.6087142e-05,-1.3938764e-05,0.116584,1.0,1.0,1.0
2020-11-05,1,7.772556e-06,2.3002587e-05,0.116886675,1.0,1.0,1.0
2020-11-06,1,3.6085482e-06,0.0,0.11576701,1.0,1.0,1.0
2020-11-07,1,2.9666906e-05,0.00011895828,0.11650735,1.0,1.0,1.0
2020-11-08,1,6.8451754e-06,1.0839698e-05,0.11578346,1.0,1.0,1.0
2020-11-09,1,0.0,0.0,0.113702305,1.0,1.0,1.0
2020-11-10,1,0.0,0.0,0.113692254,1.0,1.0,1.0
2020-11-11,1,2.9066907e-05,9.3765055e-05,0.115037225,1.0,1.0,1.0
2020-11-12,1,9.640306e-06,0.00014390495,0.113737226,1.0,1.0,1.0
2020-11-13,1,7.0146075e-07,9.860304e-06,0.115484,1.0,1.0,1.0
2020-11-14,1,0.0,0.0,0.0357938,1.0,1.0,1.0
2020-11-15,1,8.8292e-06,1.4381542e-05,0.11553801,1.0,1.0,1.0
2020-11-16,1,1.8271408e-05,6.986895e-05,0.114876375,1.0,1.0,1.0
2020-11-17,1,0.0,0.0,0.1154432,1.0,1.0,1.0
2020-11-18,1,1.229698e-07,5.4560614e-06,0.113778494,1.0,1.0,1.0
2020-11-19,1,0.0,0.0,0.11434039,1.0,1.0,1.0
2020-11-20,1,0.0,0.0,0.11440126,1.0,1.0,1.0
2020-11-21,1,0.0,0.0,0.11557402,1.0,1.0,1.0
2020-11-22,1,1.9386594e-05,0.000107486485,0.114474855,1.0,1.0,1.0
2020-11-23,1,3.634725e-06,1.3471656e-05,0.11435255,1.0,1.0,1.0
2020-11-24,1,0.0,0.0,0.11240013,1.0,1.0,1.0
2020-11-25,1,0.0,0.0,0.11272184,1.0,1.0,1.0
2020-11-26,1,4.25676e-06,0.0,0.11244273,1.0,1.0,1.0
2020-11-27,1,2.0802345e-06,3.3275703e-06,0.11230053,1.0,1.0,1.0
2020-11-28,1,9.415669e-06,5.1818915e-05,0.11306851,1.0,1.0,1.0
2020-11-29,1,2.9327448e-06,1.176215e-05,0.113064446,1.0,1.0,1.0
2020-11-30,1,1.0018372e-06,5.4798597e-06,0.014679467,1.0,1.0,1.0
2020-12-01,1,1.6586689e-06,7.154872e-07,0.11246005,1.0,1.0,1.0
2020-12-02,1,2.0935699e-05,-3.105736e-05,0.111238115,1.0,1.0,1.0
2020-12-03,1,3.143647e-05,-5.779647e-06,0.11100801,1.0,1.0,1.0
2020-12-04,1,4.0006563e-07,0.0,0.111859486,1.0,1.0,1.0
2020-12-05,1,0.0,0.0,0.11305295,1.0,1.0,1.0
2020-12-06,1,9.907716e-07,0.0,0.11157492,1.0,1.0,1.0
2020-12-07,1,0.0,0.0,0.11213094,1.0,1.0,1.0
2020-12-08,1,2.3584599e-07,-9.0696955e-07,0.111777,1.0,1.0,1.0
2020-12-09,1,4.112311e-06,0.0,0.111640185,1.0,1.0,1.0
2020-12-10,1,1.6510181e-05,0.000106605316,0.111545905,1.0,1.0,1.0
2020-12-11,1,5.314472e-06,0.0,0.10990349,1.0,1.0,1.0
2020-12-12,1,4.861525e-06,-1.3720912e-05,0.111615546,1.0,1.0,1.0
2020-12-13,1,1.8290899e-05,4.687151e-06,0.11262759,1.0,1.0,1.0
2020-12-14,1,1.1658913e-05,7.637994e-06,0.111186616,1.0,1.0,1.0
2020-12-15,1,0.0,0.0,0.11130266,1.0,1.0,1.0
2020-12-16,1,0.0,0.0,0.0038777343,1.0,1.0,1.0
2020-12-17,1,0.0,0.0,0.10988742,1.0,1.0,1.0
2020-12-18,1,1.0091397e-05,-2.3125045e-05,0.10853553,1.0,1.0,1.0
2020-12-19,1,1.2463613e-05,0.00012700376,0.10948476,1.0,1.0,1.0
2020-12-20,1,1.6866665e-05,0.00032666928,0.11025156,1.0,1.0,1.0
2020-12-21,1,1.7748494e-05,0.00018219555,0.10772633,1.0,1.0,1.0
2020-12-22,1,0.0,0.0,0.11018802,1.0,1.0,1.0
2020-12-23,1,1.9040546e-05,-8.126123e-05,0.10878162,1.0,1.0,1.0
2020-12-24,1,2.6985655e-05,0.00014060109,0.110401504,1.0,1.0,1.0
2020-12-25,1,3.7947368e-07,-1.5734475e-06,0.11040879,1.0,1.0,1.0
2020-12-26,1,0.0,0.0,0.109315775,1.0,1.0,1.0
2020-12-27,1,4.440224e-07,0.0,0.10856028,1.0,1.0,1.0
2020-12-28,1,2.2792751e-06,-3.5828652e-05,0.10907274,1.0,1.0,1.0
2020-12-29,1,3.324805e-05,-3.1146086e-05,0.11003948,1.0,1.0,1.0
2020-12-30,1,1.5748476e-05,-6.049154e-07,0.10799842,1.0,1.0,1.0
2020-12-31,1,3.412481e-05,6.3154366e-05,0.11019379,1.0,1.0,1.0
2021-01-01,1,0.0,0.0,0.00045963796,1.0,1.0,1.0
2021-01-02,1,0.0,0.0,0.109040044,1.0,1.0,1.0
2021-01-03,1,1.5300791e-05,-4.4590666e-05,0.10897934,1.0,1.0,1.0
2021-01-04,1,7.238202e-06,2.5545248e-06,0.110735595,1.0,1.0,1.0
2021-01-05,1,2.6881348e-06,0.0,0.10808612,1.0,1.0,1.0
2021-01-06,1,0.0,0.0,0.0,1.0,1.0,1.0
2021-01-07,1,1.2869802e-05,-1.294142e-05,0.10940796,1.0,1.0,1.0
2021-01-08,1,2.3583283e-07,0.0,0.11038287,1.0,1.0,1.0
2021-01-09,1,1.6863556e-05,1.4966732e-05,0.109549925,1.0,1.0,1.0
2021-01-10,1,1.541992e-05,5.096874e-05,0.109339975,1.0,1.0,1.0
2021-01-11,1,5.22717e-06,2.1436339e-05,0.10980707,1.0,1.0,1.0
2021-01-12,1,5.2902277e-07,0.0,0.10840967,1.0,1.0,1.0
2021-01-13,1,2.2789982e-05,-0.00013527629,0.11071534,1.0,1.0,1.0
2021-01-14,1,1.1953557e-05,-1.9754123e-05,0.112115115,1.0,1.0,1.0
2021-01-15,1,1.8025423e-05,3.8429184e-06,0.11023129,1.0,1.0,1.0
2021-01-16,1,7.96736e-06,4.2233056e-05,0.1118238,1.0,1.0,1.0
2021-01-17,1,0.0,0.0,0.0,1.0,1.0,1.0
2021-01-18,1,2.2350125e-05,-2.032001e-06,0.11052713,1.0,1.0,1.0
2021-01-19,1,1.8985584e-05,-3.7679984e-05,0.110182814,1.0,1.0,1.0
2021-01-20,1,9.276036e-06,-1.3497159e-05,0.109467745,1.0,1.0,1.0
2021-01-21,1,6.063026e-06,0.0,0.10940921,1.0,1.0,1.0
2021-01-22,1,0.0,0.0,0.109809645,1.0,1.0,1.0
2021-01-23,1,0.0,0.0,0.108095124,1.0,1.0,1.0
2021-01-24,1,9.579971e-06,1.3049959e-05,0.10730473,1.0,1.0,1.0
2021-01-25,1,9.927224e-06,1.9626082e-06,0.10770851,1.0,1.0,1.0
2021-01-26,1,9.67824e-06,6.5881477e-07,0.10850586,1.0,1.0,1.0
2021-01-27,1,2.2237335e-05,5.167408e-05,0.109249815,1.0,1.0,1.0
2021-01-28,1,0.0,0.0,0.10796108,1.0,1.0,1.0
2021-01-29,1,2.3643583e-05,-9.678724e-05,0.10991317,1.0,1.0,1.0
2021-01-30,1,8.544206e-06,4.3947666e-06,0.10817575,1.0,1.0,1.0
2021-01-31,1,3.375008e-05,6.0550366e-05,0.108748205,1.0,1.0,1.0
2021-02-01,1,1.721953e-05,5.4482236e-05,0.10899456,1.0,1.0,1.0
2021-02-02,1,0.0,0.0,0.0,1.0,1.0,1.0
2021-02-03,1,2.1676844e-05,-8.231283e-05,0.10872425,1.0,1.0,1.0
2021-02-04,1,3.0457348e-05,-5.191341e-05,0.108256266,1.0,1.0,1.0
2021-02-05,1,1.4907912e-05,-2.7448701e-05,0.10815967,1.0,1.0,1.0
2021-02-06,1,3.8957216e-07,-6.754256e-07,0.10749019,1.0,1.0,1.0
2021-02-07,1,0.0,0.0,0.10888092,1.0,1.0,1.0
2021-02-08,1,0.0,0.0,0.109830864,1.0,1.0,1.0
2021-02-09,1,2.3421906e-05,3.268447e-05,0.10860671,1.0,1.0,1.0
2021-02-10,1,3.798986e-06,-8.66818e-06,0.10984347,1.0,1.0,1.0
2021-02-11,1,2.8591463e-05,5.2634674e-05,0.110568866,1.0,1.0,1.0
2021-02-12,1,2.3829973e-05,3.7567247e-06,0.10926535,1.0,1.0,1.0
2021-02-13,1,0.0,0.0,0.10916289,1.0,1.0,1.0
2021-02-14,1,2.398906e-06,9.143572e-06,0.10908957,1.0,1.0,1.0
2021-02-15,1,1.9347557e-05,2.4147006e-05,0.10964813,1.0,1.0,1.0
2021-02-16,1,2.9558672e-05,9.430696e-06,0.11014728,1.0,1.0,1.0
2021-02-17,1,2.9831342e-06,0.0,0.11067467,1.0,1.0,1.0
2021-02-18,1,0.0,0.0,0.0,1.0,1.0,1.0
2021-02-19,1,0.0,0.0,0.11013205,1.0,1.0,1.0
2021-02-20,1,2.7652686e-05,2.4241348e-05,0.111982584,1.0,1.0,1.0
2021-02-21,1,9.70131e-06,-3.150383e-06,0.110989615,1.0,1.0,1.0
2021-02-22,1,3.7582215e-06,-9.741655e-06,0.11036273,1.0,1.0,1.0
2021-02-23,1,1.6964017e-05,0.0002368213,0.11089941,1.0,1.0,1.0
2021-02-24,1,0.0,0.0,0.11051025,1.0,1.0,1.0
2021-02-25,1,8.755445e-07,0.0,0.11171729,1.0,1.0,1.0
2021-02-26,1,1.6582759e-05,2.9313424e-05,0.1118726,1.0,1.0,1.0
2021-02-27,1,3.0944684e-05,0.00016244277,0.11331274,1.0,1.0,1.0
2021-02-28,1,5.609191e-08,6.770247e-07,0.11229522,1.0,1.0,1.0
2021-03-01,1,0.0,0.0,0.11203594,1.0,1.0,1.0
2021-03-02,1,1.7327046e-06,-1.5082087e-06,0.11203035,1.0,1.0,1.0
2021-03-03,1,-2.0222002e-08,-4.711049e-06,0.112278566,1.0,1.0,1.0
2021-03-04,1,2.2053751e-05,6.6166467e-06,0.11317501,1.0,1.0,1.0
2021-03-05,1,0.0,0.0,0.112741336,1.0,1.0,1.0
2021-03-06,1,0.0,0.0,0.0,1.0,1.0,1.0
2021-03-07,1,0.0,0.0,0.11417659,1.0,1.0,1.0
2021-03-08,1,0.0,0.0,0.11295187,1.0,1.0,1.0
2021-03-09,1,2.602105e-05,-2.4935567e-05,0.11447207,1.0,1.0,1.0
2021-03-10,1,0.0,0.0,0.115028866,1.0,1.0,1.0
2021-03-11,1,0.0,0.0,0.115172334,1.0,1.0,1.0
2021-03-12,1,1.3205789e-06,-8.042184e-06,0.11345381,1.0,1.0,1.0
2021-03-13,1,0.0,0.0,0.11377023,1.0,1.0,1.0
2021-03-14,1,2.294522e-05,1.7372697e-05,0.11488131,1.0,1.0,1.0
2021-03-15,1,1.085321e-06,-1.8152002e-06,0.11275104,1.0,1.0,1.0
2021-03-16,1,0.0,0.0,0.11330751,1.0,1.0,1.0
2021-03-17,1,0.0,0.0,0.11434064,1.0,1.0,1.0
2021-03-18,1,9.788397e-06,-8.179794e-06,0.11490228,1.0,1.0,1.0
2021-03-19,1,1.4753294e-05,-1.7475932e-05,0.11620786,1.0,1.0,1.0
2021-03-20,1,0.0,0.0,0.114969134,1.0,1.0,1.0
2021-03-21,1,2.2509503e-05,0.00010622558,0.11676251,1.0,1.0,1.0
2021-03-22,1,0.0,0.0,0.0006467597,1.0,1.0,1.0
2021-03-23,1,1.7927754e-05,-2.172063e-06,0.115319535,1.0,1.0,1.0
2021-03-24,1,1.0048931e-05,-4.006456e-06,0.117386706,1.0,1.0,1.0
2021-03-25,1,3.1042313e-05,0.00013365883,0.11666014,1.0,1.0,1.0
2021-03-26,1,6.6856314e-06,-7.0733535e-05,0.11674106,1.0,1.0,1.0
2021-03-27,1,8.8024635e-06,0.0,0.11600275,1.0,1.0,1.0
2021-03-28,1,0.0,0.0,0.11594702,1.0,1.0,1.0
2021-03-29,1,2.5982754e-07,0.0,0.11352849,1.0,1.0,1.0
2021-03-30,1,3.4263496e-05,-8.931742e-05,0.113139525,1.0,1.0,1.0
2021-03-31,1,1.3496091e-05,1.4710675e-05,0.1144103,1.0,1.0,1.0
2021-04-01,1,0.0,0.0,0.11566746,1.0,1.0,1.0
2021-04-02,1,0.0,0.0,0.11498731,1.0,1.0,1.0
2021-04-03,1,6.24413e-06,-3.778615e-05,0.11603318,1.0,1.0,1.0
2021-04-04,1,2.5501266e-05,-7.065042e-05,0.11522363,1.0,1.0,1.0
2021-04-05,1,2.1387512e-05,5.9431923e-06,0.11604637,1.0,1.0,1.0
2021-04-06,1,0.0,0.0,0.11502382,1.0,1.0,1.0
2021-04-07,1,0.0,0.0,0.0041981163,1.0,1.0,1.0
2021-04-08,1,0.0,0.0,0.11542562,1.0,1.0,1.0
2021-04-09,1,2.3808298e-06,3.5769795e-06,0.11491847,1.0,1.0,1.0
2021-04-10,1,6.7943733e-06,-1.5870417e-05,0.11336604,1.0,1.0,1.0
2021-04-11,1,7.240566e-06,-5.6565455e-06,0.11476338,1.0,1.0,1.0
2021-04-12,1,0.0,0.0,0.11572964,1.0,1.0,1.0
2021-04-13,1,9.941339e-07,0.0,0.113782085,1.0,1.0,1.0
2021-04-14,1,0.0,0.0,0.11497869,1.0,1.0,1.0
2021-04-15,1,2.94735e-06,1.3118919e-05,0.1148354,1.0,1.0,1.0
2021-04-16,1,0.0,0.0,0.115023956,1.0,1.0,1.0
2021-04-17,1,1.794947e-05,9.851512e-05,0.11576895,1.0,1.0,1.0
2021-04-18,1,6.1630436e-07,0.0,0.11470869,1.0,1.0,1.0
2021-04-19,1,1.5443458e-05,-8.229591e-06,0.11684211,1.0,1.0,1.0
2021-04-20,1,1.5214952e-05,1.3204624e-05,0.115718,1.0,1.0,1.0
2021-04-21,1,1.6610638e-05,0.0002595058,0.11646125,1.0,1.0,1.0
2021-04-22,1,3.6867634e-05,0.0002600789,0.117502496,1.0,1.0,1.0
2021-04-23,1,0.0,0.0,0.015241772,1.0,1.0,1.0
2021-04-24,1,8.531805e-06,-3.200694e-05,0.11824091,1.0,1.0,1.0
2021-04-25,1,3.0447889e-05,1.3231577e-05,0.11685345,1.0,1.0,1.0
2021-04-26,1,0.0,0.0,0.11608701,1.0,1.0,1.0
2021-04-27,1,0.0,0.0,0.11504538,1.0,1.0,1.0
2021-04-28,1,0.0,0.0,0.11454971,1.0,1.0,1.0
2021-04-29,1,0.0,0.0,0.111529864,1.0,1.0,1.0
2021-04-30,1,0.0,0.0,0.11267055,1.0,1.0,1.0
2021-05-01,1,6.10179e-06,2.1080383e-05,0.11330997,1.0,1.0,1.0
2021-05-02,1,1.1038912e-07,0.0,0.11377294,1.0,1.0,1.0
2021-05-03,1,3.4833957e-07,3.78944e-06,0.114280514,1.0,1.0,1.0
2021-05-04,1,1.968075e-06,-2.7508995e-07,0.11398544,1.0,1.0,1.0
2021-05-05,1,1.9235902e-06,2.2487251e-05,0.11309147,1.0,1.0,1.0
2021-05-06,1,7.660585e-06,-5.3567357e-05,0.11407236,1.0,1.0,1.0
2021-05-07,1,1.5500162e-05,4.838942e-05,0.11534224,1.0,1.0,1.0
2021-05-08,1,3.2457123e-07,0.0,0.114050604,1.0,1.0,1.0
2021-05-09,1,0.0,0.0,0.03442581,1.0,1.0,1.0
2021-05-10,1,0.0,0.0,0.1118961,1.0,1.0,1.0
2021-05-11,1,1.3830318e-07,-7.206791e-06,0.11216989,1.0,1.0,1.0
2021-05-12,1,2.8584611e-06,-8.365231e-06,0.11154054,1.0,1.0,1.0
2021-05-13,1,1.1691367e-05,-5.0415645e-05,0.11337487,1.0,1.0,1.0
2021-05-14,1,2.3622413e-06,0.0,0.112401865,1.0,1.0,1.0
2021-05-15,1,0.0,0.0,0.1104006,1.0,1.0,1.0
2021-05-16,1,0.0,0.0,0.11016315,1.0,1.0,1.0
2021-05-17,1,0.0,0.0,0.11022154,1.0,1.0,1.0
2021-05-18,1,0.0,0.0,0.11239206,1.0,1.0,1.0
2021-05-19,1,1.0759366e-05,1.5577559e-06,0.1146147,1.0,1.0,1.0
2021-05-20,1,9.954782e-06,1.8379089e-05,0.11298059,1.0,1.0,1.0
2021-05-21,1,9.982971e-06,-6.604472e-06,0.11303937,1.0,1.0,1.0
2021-05-22,1,7.6237857e-06,-2.4288502e-05,0.11383482,1.0,1.0,1.0
2021-05-23,1,0.0,0.0,0.113490686,1.0,1.0,1.0
2021-05-24,1,0.0,0.0,0.1121839,1.0,1.0,1.0
2021-05-25,1,0.0,0.0,0.055587534,1.0,1.0,1.0
2021-05-26,1,4.639914e-06,-4.4790242e-05,0.10948484,1.0,1.0,1.0
2021-05-27,1,3.2492366e-08,-5.071882e-07,0.10972374,1.0,1.0,1.0
2021-05-28,1,4.6909395e-06,3.0741165e-05,0.11224133,1.0,1.0,1.0
2021-05-29,1,8.299391e-06,9.608546e-05,0.11307417,1.0,1.0,1.0
2021-05-30,1,2.2773843e-06,0.0,0.113744475,1.0,1.0,1.0
2021-05-31,1,2.3802959e-06,-7.935316e-06,0.11174816,1.0,1.0,1.0
2021-06-01,1,3.2387395e-06,9.705966e-06,0.11169766,1.0,1.0,1.0
2021-06-02,1,1.8545557e-05,0.00011625507,0.1120908,1.0,1.0,1.0
2021-06-03,1,1.1198591e-05,-4.605774e-05,0.11406947,1.0,1.0,1.0
2021-06-04,1,1.6027876e-05,3.120584e-05,0.11315857,1.0,1.0,1.0
2021-06-05,1,1.1320698e-06,-3.5151556e-06,0.11190163,1.0,1.0,1.0
2021-06-06,1,3.432576e-06,2.5964632e-06,0.11195585,1.0,1.0,1.0
2021-06-07,1,0.0,0.0,0.11007646,1.0,1.0,1.0
2021-06-08,1,0.0,0.0,0.11040587,1.0,1.0,1.0
2021-06-09,1,0.0,-1.1949428e-06,0.11150381,1.0,1.0,1.0
2021-06-10,1,0.0,0.0,0.08509255,1.0,1.0,1.0
2021-06-11,1,1.1990801e-08,2.56484e-07,0.11333027,1.0,1.0,1.0
2021-06-12,1,2.3742932e-05,7.0360016e-05,0.11473306,1.0,1.0,1.0
2021-06-13,1,0.0,0.0,0.1132776,1.0,1.0,1.0
2021-06-14,1,1.3526604e-05,0.00013382007,0.114174634,1.0,1.0,1.0
2021-06-15,1,0.0,0.0,0.11439805,1.0,1.0,1.0
2021-06-16,1,1.5988715e-05,7.1490904e-05,0.1137659,1.0,1.0,1.0
2021-06-17,1,8.747415e-06,1.1823492e-05,0.11447662,1.0,1.0,1.0
2021-06-18,1,3.2839614e-06,0.0,0.11253769,1.0,1.0,1.0
2021-06-19,1,3.2678898e-05,0.00010880582,0.11547807,1.0,1.0,1.0
2021-06-20,1,0.0,0.0,0.11400065,1.0,1.0,1.0
2021-06-21,1,0.0,0.0,0.11484213,1.0,1.0,1.0
2021-06-22,1,1.1463792e-05,-3.2028907e-05,0.115988515,1.0,1.0,1.0
2021-06-23,1,9.19426e-07,0.0,0.11576076,1.0,1.0,1.0
2021-06-24,1,9.0663025e-06,-2.409669e-05,0.11558444,1.0,1.0,1.0
2021-06-25,1,0.0,0.0,0.11472465,1.0,1.0,1.0
2021-06-26,1,0.0,0.0,0.106720455,1.0,1.0,1.0
2021-06-27,1,6.2136355e-06,1.3236306e-05,0.11545009,1.0,1.0,1.0
2021-06-28,1,2.7243024e-05,0.00023183734,0.11581625,1.0,1.0,1.0
2021-06-29,1,4.3388198e-05,0.0002185409,0.1203601,1.0,1.0,1.0
2021-06-30,1,0.0,0.0,0.11721172,1.0,1.0,1.0
2021-07-01,1,0.0,0.0,0.11795283,1.0,1.0,1.0
2021-07-02,1,1.754325e-05,-4.3798507e-05,0.11826569,1.0,1.0,1.0
2021-07-03,1,1.7156312e-05,4.152444e-05,0.116043806,1.0,1.0,1.0
2021-07-04,1,9.080429e-06,3.1645384e-06,0.1155345,1.0,1.0,1.0
2021-07-05,1,0.0,0.0,0.11623801,1.0,1.0,1.0
2021-07-06,1,3.1648487e-05,-5.177691e-05,0.11733758,1.0,1.0,1.0
2021-07-07,1,4.621619e-06,0.0,0.11748447,1.0,1.0,1.0
2021-07-08,1,0.0,0.0,0.11718506,1.0,1.0,1.0
2021-07-09,1,0.0,0.0,0.11538941,1.0,1.0,1.0
2021-07-10,1,2.2869479e-05,-3.6425925e-05,0.11523414,1.0,1.0,1.0
2021-07-11,1,1.6093403e-05,2.7069993e-06,0.11816572,1.0,1.0,1.0
2021-07-12,1,0.0,0.0,0.10606308,1.0,1.0,1.0
2021-07-13,1,0.0,0.0,0.115192994,1.0,1.0,1.0
2021-07-14,1,1.6395808e-05,-1.7687762e-05,0.117177725,1.0,1.0,1.0
2021-07-15,1,2.7190945e-05,7.022457e-05,0.11560556,1.0,1.0,1.0
2021-07-16,1,1.8506853e-05,5.7032925e-05,0.11580065,1.0,1.0,1.0
2021-07-17,1,0.0,0.0,0.115375705,1.0,1.0,1.0
2021-07-18,1,2.6780963e-06,0.0,0.117501065,1.0,1.0,1.0
2021-07-19,1,3.5181594e-05,0.00011634139,0.117348514,1.0,1.0,1.0
2021-07-20,1,2.1573285e-05,8.603138e-05,0.11729397,1.0,1.0,1.0
2021-07-21,1,5.036122e-08,0.0,0.11697652,1.0,1.0,1.0
2021-07-22,1,1.5736423e-05,0.0002595718,0.11722169,1.0,1.0,1.0
2021-07-23,1,0.0,0.0,0.11712681,1.0,1.0,1.0
2021-07-24,1,0.0,0.0,0.117419384,1.0,1.0,1.0
2021-07-25,1,0.0,0.0,0.11773388,1.0,1.0,1.0
2021-07-26,1,1.16782e-07,0.0,0.11563732,1.0,1.0,1.0
2021-07-27,1,1.8975672e-05,-5.1461288e-05,0.117873676,1.0,1.0,1.0
2021-07-28,1,1.9148853e-05,0.0,0.1056857,1.0,1.0,1.0
2021-07-29,1,1.8010309e-05,6.3624815e-05,0.119175635,1.0,1.0,1.0
2021-07-30,1,3.0214221e-06,0.0,0.11606812,1.0,1.0,1.0
2021-07-31,1,4.7115947e-05,6.3339554e-05,0.11917146,1.0,1.0,1.0
2021-08-01,1,0.0,0.0,0.11688569,1.0,1.0,1.0
2021-08-02,1,2.514888e-05,1.8799643e-05,0.11593844,1.0,1.0,1.0
2021-08-03,1,0.0,0.0,0.114374675,1.0,1.0,1.0
2021-08-04,1,2.9542363e-05,0.00014859893,0.116420195,1.0,1.0,1.0
2021-08-05,1,5.9510958e-06,0.0,0.11608596,1.0,1.0,1.0
2021-08-06,1,0.0,0.0,0.11675786,1.0,1.0,1.0
2021-08-07,1,5.0104234e-07,0.0,0.1190056,1.0,1.0,1.0
2021-08-08,1,2.5740956e-06,0.0,0.1178299,1.0,1.0,1.0
2021-08-09,1,2.9045503e-05,-2.4716064e-06,0.11857378,1.0,1.0,1.0
2021-08-10,1,3.0256144e-05,8.080202e-05,0.11814471,1.0,1.0,1.0
2021-08-11,1,8.725884e-06,3.104384e-05,0.120419554,1.0,1.0,1.0
2021-08-12,1,8.360509e-06,0.0,0.119825505,1.0,1.0,1.0
2021-08-13,1,1.9413621e-06,0.0,0.10835034,1.0,1.0,1.0
2021-08-14,1,3.0764713e-08,0.0,0.11879525,1.0,1.0,1.0
2021-08-15,1,5.9323233e-06,4.0050645e-06,0.11949206,1.0,1.0,1.0
2021-08-16,1,0.0,0.0,0.11876378,1.0,1.0,1.0
2021-08-17,1,1.2472116e-05,-5.8151154e-06,0.1192733,1.0,1.0,1.0
2021-08-18,1,0.0,0.0,0.120595284,1.0,1.0,1.0
2021-08-19,1,0.0,0.0,0.1192961,1.0,1.0,1.0
2021-08-20,1,1.7995797e-05,-6.246737e-05,0.1199938,1.0,1.0,1.0
2021-08-21,1,8.574605e-06,0.0,0.11902649,1.0,1.0,1.0
2021-08-22,1,0.0,0.0,0.12129965,1.0,1.0,1.0
2021-08-23,1,0.0,0.0,0.12287139,1.0,1.0,1.0
2021-08-24,1,0.0,0.0,0.12111903,1.0,1.0,1.0
2021-08-25,1,1.8227554e-06,0.0,0.119651675,1.0,1.0,1.0
2021-08-26,1,1.9230325e-05,-1.7557038e-06,0.119722575,1.0,1.0,1.0
2021-08-27,1,1.198735e-05,-3.4993118e-05,0.12243631,1.0,1.0,1.0
2021-08-28,1,2.5528272e-05,9.623118e-05,0.12074129,1.0,1.0,1.0
2021-08-29,1,0.0,0.0,0.111360945,1.0,1.0,1.0
2021-08-30,1,0.0,0.0,0.120085314,1.0,1.0,1.0
2021-08-31,1,4.1948206e-06,0.0,0.11933413,1.0,1.0,1.0
2021-09-01,1,4.3542525e-05,-4.0064282e-05,0.11997967,1.0,1.0,1.0
2021-09-02,1,2.9079121e-05,4.1365405e-05,0.12319986,1.0,1.0,1.0
2021-09-03,1,0.0,0.0,0.12186837,1.0,1.0,1.0
2021-09-04,1,0.0,0.0,0.121222384,1.0,1.0,1.0
2021-09-05,1,0.0,0.0,0.11844898,1.0,1.0,1.0
2021-09-06,1,1.6291771e-05,-5.8084916e-06,0.118079975,1.0,1.0,1.0
2021-09-07,1,5.8625174e-05,6.251052e-05,0.12006628,1.0,1.0,1.0
2021-09-08,1,1.2366782e-05,-2.461546e-07,0.12046927,1.0,1.0,1.0
2021-09-09,1,7.610693e-06,-1.2086026e-05,0.120401435,1.0,1.0,1.0
2021-09-10,1,1.777279e-05,5.429418e-06,0.12111263,1.0,1.0,1.0
2021-09-11,1,2.6049179e-06,0.0,0.12094648,1.0,1.0,1.0
2021-09-12,1,1.2996828e-05,0.0,0.11836778,1.0,1.0,1.0
2021-09-13,1,3.5228542e-05,1.5063043e-05,0.12473376,1.0,1.0,1.0
2021-09-14,1,1.4921753e-06,0.0,0.118863806,1.0,1.0,1.0
2021-09-15,1,2.09648e-05,-3.2428798e-05,0.12163276,1.0,1.0,1.0
2021-09-16,1,1.8885057e-05,-2.3059727e-05,0.12250423,1.0,1.0,1.0
2021-09-17,1,3.034849e-05,1.6036687e-06,0.12574536,1.0,1.0,1.0
2021-09-18,1,4.695803e-05,4.667663e-05,0.124856815,1.0,1.0,1.0
2021-09-19,1,0.0,0.0,0.121837124,1.0,1.0,1.0
2021-09-20,1,1.2019284e-06,0.0,0.12007492,1.0,1.0,1.0
2021-09-21,1,1.5737312e-07,0.0,0.11853572,1.0,1.0,1.0
2021-09-22,1,2.975034e-05,-2.9963394e-05,0.11993247,1.0,1.0,1.0
2021-09-23,1,7.60887e-06,0.0,0.117757104,1.0,1.0,1.0
2021-09-24,1,1.7482806e-05,-2.1039921e-05,0.12052808,1.0,1.0,1.0
2021-09-25,1,2.5927986e-05,-0.00012413408,0.12005896,1.0,1.0,1.0
2021-09-26,1,2.3639677e-05,-5.8952108e-05,0.12040739,1.0,1.0,1.0
2021-09-27,1,3.2708045e-05,6.343278e-05,0.12277351,1.0,1.0,1.0
2021-09-28,1,0.0,0.0,0.1204586,1.0,1.0,1.0
2021-09-29,1,2.7305516e-05,0.00024519803,0.12187162,1.0,1.0,1.0
2021-09-30,1,0.0,0.0,0.11516329,1.0,1.0,1.0
2021-10-01,1,1.4176543e-05,-1.597065e-06,0.12109133,1.0,1.0,1.0
2021-10-02,1,6.563871e-06,3.2746306e-07,0.120894834,1.0,1.0,1.0
2021-10-03,1,2.1198424e-05,5.1981096e-05,0.12073512,1.0,1.0,1.0
2021-10-04,1,7.965641e-06,3.0379533e-05,0.118840724,1.0,1.0,1.0
2021-10-05,1,0.0,0.0,0.11897238,1.0,1.0,1.0
2021-10-06,1,3.1922673e-06,0.0,0.11767959,1.0,1.0,1.0
2021-10-07,1,2.1213946e-05,3.6347727e-05,0.11925489,1.0,1.0,1.0
2021-10-08,1,9.654978e-06,2.3753566e-06,0.118487164,1.0,1.0,1.0
2021-10-09,1,1.2053596e-05,0.0,0.11670264,1.0,1.0,1.0
2021-10-10,1,4.4123094e-06,1.5859347e-05,0.11904712,1.0,1.0,1.0
2021-10-11,1,0.0,0.0,0.11643037,1.0,1.0,1.0
2021-10-12,1,1.859243e-05,2.4358953e-05,0.11701135,1.0,1.0,1.0
2021-10-13,1,4.4050223e-05,0.00011732949,0.11756406,1.0,1.0,1.0
2021-10-14,1,2.0708218e-05,3.58293e-05,0.11759516,1.0,1.0,1.0
2021-10-15,1,2.5503188e-05,4.538623e-05,0.11884317,1.0,1.0,1.0
2021-10-16,1,5.0362173e-06,0.0,0.111729555,1.0,1.0,1.0
2021-10-17,1,1.467358e-06,0.0,0.117197156,1.0,1.0,1.0
2021-10-18,1,3.5319626e-08,0.0,0.11872753,1.0,1.0,1.0
2021-10-19,1,0.0,0.0,0.1208457,1.0,1.0,1.0
2021-10-20,1,1.2005966e-05,2.0058667e-05,0.117442034,1.0,1.0,1.0
2021-10-21,1,0.0,0.0,0.11516902,1.0,1.0,1.0
2021-10-22,1,8.443365e-07,0.0,0.114740625,1.0,1.0,1.0
2021-10-23,1,0.0,0.0,0.116743825,1.0,1.0,1.0
2021-10-24,1,2.6587772e-05,0.000116414165,0.11758395,1.0,1.0,1.0
2021-10-25,1,2.3803816e-06,-2.2074569e-06,0.115270935,1.0,1.0,1.0
2021-10-26,1,0.0,0.0,0.115461044,1.0,1.0,1.0
2021-10-27,1,3.6327244e-06,-5.0521153e-06,0.113993324,1.0,1.0,1.0
2021-10-28,1,7.1738186e-06,-3.440089e-06,0.11359899,1.0,1.0,1.0
2021-10-29,1,4.4438053e-05,7.61608e-05,0.11341014,1.0,1.0,1.0
2021-10-30,1,1.5839056e-05,9.180513e-05,0.114555195,1.0,1.0,1.0
2021-10-31,1,3.7443836e-08,-2.2816537e-06,0.11241947,1.0,1.0,1.0
2021-11-01,1,5.0792796e-06,0.0,0.106366456,1.0,1.0,1.0
2021-11-02,1,1.544833e-05,1.394205e-05,0.11529302,1.0,1.0,1.0
2021-11-03,1,1.44028245e-05,-2.067615e-05,0.112565786,1.0,1.0,1.0
2021-11-04,1,1.3676697e-05,6.4843836e-05,0.111327656,1.0,1.0,1.0
2021-11-05,1,3.435531e-05,0.00014350962,0.11361632,1.0,1.0,1.0
2021-11-06,1,0.0,0.0,0.11326411,1.0,1.0,1.0
2021-11-07,1,9.306629e-07,0.0,0.11270325,1.0,1.0,1.0
2021-11-08,1,6.4381325e-06,0.0,0.11226495,1.0,1.0,1.0
2021-11-09,1,2.0316369e-08,0.0,0.10955063,1.0,1.0,1.0
2021-11-10,1,1.4521199e-06,0.0,0.111432955,1.0,1.0,1.0
2021-11-11,1,3.2485674e-05,0.00022233324,0.11081172,1.0,1.0,1.0
2021-11-12,1,4.153838e-07,0.0,0.1112633,1.0,1.0,1.0
2021-11-13,1,0.0,0.0,0.11101516,1.0,1.0,1.0
2021-11-14,1,4.5873103e-06,1.5077508e-05,0.1098326,1.0,1.0,1.0
2021-11-15,1,3.2370644e-06,1.5286823e-05,0.11185386,1.0,1.0,1.0
2021-11-16,1,4.431863e-06,1.8501414e-05,0.11192005,1.0,1.0,1.0
2021-11-17,1,1.8887851e-05,0.0,0.10904149,1.0,1.0,1.0
2021-11-18,1,2.6792248e-05,-3.2608827e-05,0.11131373,1.0,1.0,1.0
2021-11-19,1,0.0,0.0,0.11137239,1.0,1.0,1.0
2021-11-20,1,4.016964e-05,8.769191e-05,0.11067619,1.0,1.0,1.0
2021-11-21,1,1.48301815e-05,1.5262785e-05,0.11099412,1.0,1.0,1.0
2021-11-22,1,1.5395071e-06,-2.6994656e-05,0.11001085,1.0,1.0,1.0
2021-11-23,1,0.0,0.0,0.11009458,1.0,1.0,1.0
2021-11-24,1,8.14598e-06,6.5762897e-06,0.109191805,1.0,1.0,1.0
2021-11-25,1,1.1314647e-06,0.0,0.10935965,1.0,1.0,1.0
2021-11-26,1,9.464246e-06,-6.4620594e-06,0.11024277,1.0,1.0,1.0
2021-11-27,1,1.0785102e-05,0.00014147084,0.11063269,1.0,1.0,1.0
2021-11-28,1,3.3462443e-06,0.0,0.11046756,1.0,1.0,1.0
2021-11-29,1,0.0,0.0,0.10996409,1.0,1.0,1.0
2021-11-30,1,2.7231376e-06,-1.4109786e-06,0.109364696,1.0,1.0,1.0
2021-12-01,1,7.843161e-06,2.353862e-06,0.109570995,1.0,1.0,1.0
2021-12-02,1,3.8208465e-05,1.5373476e-05,0.1100513,1.0,1.0,1.0
2021-12-03,1,0.0,0.0,0.087363,1.0,1.0,1.0
2021-12-04,1,4.758015e-06,0.0,0.10727773,1.0,1.0,1.0
2021-12-05,1,7.308561e-06,0.0,0.108742245,1.0,1.0,1.0
2021-12-06,1,6.044891e-06,1.9987854e-05,0.10837716,1.0,1.0,1.0
2021-12-07,1,2.5605685e-05,6.5251814e-05,0.10815858,1.0,1.0,1.0
2021-12-08,1,1.705692e-05,9.456327e-05,0.108165905,1.0,1.0,1.0
2021-12-09,1,0.0,0.0,0.10729059,1.0,1.0,1.0
2021-12-10,1,0.0,0.0,0.10816376,1.0,1.0,1.0
2021-12-11,1,0.0,0.0,0.0,1.0,1.0,1.0
2021-12-12,1,0.0,0.0,0.10483911,1.0,1.0,1.0
2021-12-13,1,4.9322694e-05,0.00016132441,0.10555676,1.0,1.0,1.0
2021-12-14,1,1.3511551e-05,0.0,0.106935225,1.0,1.0,1.0
2021-12-15,1,2.929042e-06,0.0,0.107049055,1.0,1.0,1.0
2021-12-16,1,1.780849e-05,7.026552e-06,0.10562717,1.0,1.0,1.0
2021-12-17,1,3.382508e-06,0.0,0.1055193,1.0,1.0,1.0
2021-12-18,1,0.0,0.0,0.10496553,1.0,1.0,1.0
2021-12-19,1,0.0,0.0,0.054389585,1.0,1.0,1.0
2021-12-20,1,2.1352815e-05,-5.150249e-06,0.10666562,1.0,1.0,1.0
2021-12-21,1,4.9103062e-05,-1.5964006e-05,0.10568042,1.0,1.0,1.0
2021-12-22,1,1.5386004e-05,1.0496314e-06,0.108086,1.0,1.0,1.0
2021-12-23,1,2.3936449e-05,3.013946e-05,0.10637793,1.0,1.0,1.0
2021-12-24,1,1.9317573e-05,-1.0718294e-05,0.1072291,1.0,1.0,1.0
2021-12-25,1,5.1974553e-06,0.0,0.10566903,1.0,1.0,1.0
2021-12-26,1,1.5982667e-05,6.0524526e-06,0.10675199,1.0,1.0,1.0
2021-12-27,1,1.8874358e-05,4.00035e-05,0.10554721,1.0,1.0,1.0
2021-12-28,1,1.8552526e-05,4.0803665e-05,0.10470242,1.0,1.0,1.0
2021-12-29,1,0.0,0.0,0.10610103,1.0,1.0,1.0
2021-12-30,1,1.5236401e-05,7.0630875e-07,0.106071845,1.0,1.0,1.0
2021-12-31,1,0.0,0.0,0.106371485,1.0,1.0,1.0
2022-01-01,1,0.0,0.0,0.10581093,1.0,1.0,1.0
2022-01-02,1,1.4706325e-05,2.3876863e-05,0.107571654,1.0,1.0,1.0
2022-01-03,1,9.887273e-06,6.442508e-05,0.10830766,1.0,1.0,1.0
2022-01-04,1,0.0,0.0,0.030183334,1.0,1.0,1.0
2022-01-05,1,0.0,0.0,0.10934925,1.0,1.0,1.0
2022-01-06,1,1.405018e-07,0.0,0.107694514,1.0,1.0,1.0
2022-01-07,1,9.859563e-07,-9.576556e-08,0.10806456,1.0,1.0,1.0
2022-01-08,1,2.7914544e-05,0.0002836494,0.10866786,1.0,1.0,1.0
2022-01-09,1,1.7575314e-05,0.0001070414,0.10794514,1.0,1.0,1.0
2022-01-10,1,4.249873e-07,0.0,0.10681308,1.0,1.0,1.0
2022-01-11,1,2.6811156e-06,0.0,0.10632913,1.0,1.0,1.0
2022-01-12,1,3.3519154e-05,2.815805e-05,0.10902519,1.0,1.0,1.0
2022-01-13,1,0.0,0.0,0.10869222,1.0,1.0,1.0
2022-01-14,1,1.3387458e-05,0.0,0.110375874,1.0,1.0,1.0
2022-01-15,1,0.0,0.0,0.10898953,1.0,1.0,1.0
2022-01-16,1,1.3313944e-05,0.0,0.10869143,1.0,1.0,1.0
2022-01-17,1,1.261854e-06,0.0,0.10842079,1.0,1.0,1.0
2022-01-18,1,3.4947767e-05,9.2231574e-05,0.11047828,1.0,1.0,1.0
2022-01-19,1,4.3916578e-05,0.000112058144,0.11072821,1.0,1.0,1.0
2022-01-20,1,0.0,0.0,0.01051035,1.0,1.0,1.0
2022-01-21,1,8.651983e-06,0.0,0.10800311,1.0,1.0,1.0
2022-01-22,1,2.087348e-06,0.0,0.10796501,1.0,1.0,1.0
2022-01-23,1,1.8461933e-05,4.7426285e-05,0.10907499,1.0,1.0,1.0
2022-01-24,1,1.597466e-05,1.3813238e-05,0.10890775,1.0,1.0,1.0
2022-01-25,1,0.0,0.0,0.10895885,1.0,1.0,1.0
2022-01-26,1,8.408289e-07,0.0,0.108831145,1.0,1.0,1.0
2022-01-27,1,0.0,0.0,0.107272685,1.0,1.0,1.0
2022-01-28,1,1.816427e-05,-1.1613797e-05,0.108874366,1.0,1.0,1.0
2022-01-29,1,2.5492154e-05,8.239437e-05,0.11042949,1.0,1.0,1.0
2022-01-30,1,0.0,0.0,0.10840758,1.0,1.0,1.0
2022-01-31,1,0.0,0.0,0.107971705,1.0,1.0,1.0
2022-02-01,1,7.3444066e-06,-8.7112185e-06,0.110261105,1.0,1.0,1.0
2022-02-02,1,1.2161969e-05,4.2068564e-06,0.11241734,1.0,1.0,1.0
2022-02-03,1,1.11834215e-05,2.8109702e-05,0.11098728,1.0,1.0,1.0
2022-02-04,1,7.09874e-06,0.0,0.11050783,1.0,1.0,1.0
2022-02-05,1,0.0,0.0,0.0020192843,1.0,1.0,1.0
2022-02-06,1,5.3029356e-07,0.0,0.11126939,1.0,1.0,1.0
2022-02-07,1,5.0760427e-06,-3.2401786e-06,0.11219005,1.0,1.0,1.0
2022-02-08,1,0.0,0.0,0.11129366,1.0,1.0,1.0
2022-02-09,1,0.0,0.0,0.1113432,1.0,1.0,1.0
2022-02-10,1,0.0,0.0,0.11191901,1.0,1.0,1.0
2022-02-11,1,0.0,0.0,0.11123022,1.0,1.0,1.0
2022-02-12,1,2.0314172e-05,8.604286e-05,0.11199355,1.0,1.0,1.0
2022-02-13,1,0.0,0.0,0.10945394,1.0,1.0,1.0
2022-02-14,1,0.0,0.0,0.11277794,1.0,1.0,1.0
2022-02-15,1,1.1330336e-07,0.0,0.11115351,1.0,1.0,1.0
2022-02-16,1,8.091133e-06,0.0,0.11310093,1.0,1.0,1.0
2022-02-17,1,1.9124627e-05,-2.868319e-05,0.11346673,1.0,1.0,1.0
2022-02-18,1,0.0,0.0,0.111652076,1.0,1.0,1.0
2022-02-19,1,6.606127e-06,1.0166187e-05,0.111528955,1.0,1.0,1.0
2022-02-20,1,0.0,0.0,0.11148132,1.0,1.0,1.0
2022-02-21,1,0.0,0.0,0.0,1.0,1.0,1.0
2022-02-22,1,4.512146e-06,0.0,0.11340772,1.0,1.0,1.0
2022-02-23,1,1.2470024e-05,1.2342298e-06,0.113846265,1.0,1.0,1.0
2022-02-24,1,7.838081e-06,-7.7079854e-08,0.113872014,1.0,1.0,1.0
2022-02-25,1,1.024438e-05,6.640997e-06,0.113835566,1.0,1.0,1.0
2022-02-26,1,0.0,0.0,0.11154182,1.0,1.0,1.0
2022-02-27,1,0.0,0.0,0.11079625,1.0,1.0,1.0
2022-02-28,1,4.691654e-06,0.0,0.110095486,1.0,1.0,1.0
2022-03-01,1,6.5972336e-07,-2.9371984e-06,0.11010526,1.0,1.0,1.0
2022-03-02,1,0.0,0.0,0.10903968,1.0,1.0,1.0
2022-03-03,1,8.050236e-06,2.2725422e-05,0.109877795,1.0,1.0,1.0
2022-03-04,1,0.0,0.0,0.11014585,1.0,1.0,1.0
2022-03-05,1,0.0,0.0,0.109828435,1.0,1.0,1.0
2022-03-06,1,0.0,0.0,0.10981774,1.0,1.0,1.0
2022-03-07,1,0.0,0.0,0.10935969,1.0,1.0,1.0
2022-03-08,1,2.3378554e-05,5.982699e-05,0.11299831,1.0,1.0,1.0
2022-03-09,1,0.0,0.0,0.0,1.0,1.0,1.0
2022-03-10,1,1.6656792e-06,0.0,0.11241184,1.0,1.0,1.0
2022-03-11,1,1.2341381e-05,4.038108e-06,0.11099641,1.0,1.0,1.0
2022-03-12,1,3.346497e-05,-9.236224e-06,0.111447215,1.0,1.0,1.0
2022-03-13,1,2.2642114e-05,7.594886e-05,0.112169795,1.0,1.0,1.0
2022-03-14,1,2.3773939e-05,0.00013354167,0.1112005,1.0,1.0,1.0
2022-03-15,1,8.655774e-06,0.0,0.11088018,1.0,1.0,1.0
2022-03-16,1,8.13996e-06,0.0,0.11036066,1.0,1.0,1.0
2022-03-17,1,1.6967733e-05,9.185813e-06,0.111998215,1.0,1.0,1.0
2022-03-18,1,1.4928445e-05,-2.5929736e-05,0.11300962,1.0,1.0,1.0
2022-03-19,1,0.0,0.0,0.111128405,1.0,1.0,1.0
2022-03-20,1,0.0,0.0,0.109981835,1.0,1.0,1.0
2022-03-21,1,2.2430886e-06,0.0,0.10986437,1.0,1.0,1.0
2022-03-22,1,0.0,0.0,0.111184046,1.0,1.0,1.0
2022-03-23,1,4.4349827e-06,0.0,0.110919274,1.0,1.0,1.0
2022-03-24,1,1.5189834e-05,-1.7025612e-05,0.11097827,1.0,1.0,1.0
2022-03-25,1,0.0,0.0,0.0,1.0,1.0,1.0
2022-03-26,1,0.0,0.0,0.11088041,1.0,1.0,1.0
2022-03-27,1,0.0,0.0,0.11066122,1.0,1.0,1.0
2022-03-28,1,2.9543118e-05,3.3346238e-05,0.11089749,1.0,1.0,1.0
2022-03-29,1,2.3462204e-05,-1.3763427e-06,0.111087225,1.0,1.0,1.0
2022-03-30,1,1.5111707e-05,6.6143046e-05,0.11057228,1.0,1.0,1.0
2022-03-31,1,0.0,0.0,0.11115799,1.0,1.0,1.0
2022-04-01,1,1.1089006e-05,7.275171e-06,0.11022938,1.0,1.0,1.0
2022-04-02,1,3.3194083e-05,1.302067e-05,0.11220916,1.0,1.0,1.0
2022-04-03,1,1.124994e-05,-4.828474e-05,0.111608185,1.0,1.0,1.0
2022-04-04,1,1.771022e-05,0.0,0.112019606,1.0,1.0,1.0
2022-04-05,1,1.9695684e-05,1.1073751e-05,0.10960774,1.0,1.0,1.0
2022-04-06,1,2.5756208e-07,-2.6087762e-06,0.10954027,1.0,1.0,1.0
2022-04-07,1,3.378482e-06,8.7209935e-07,0.10788166,1.0,1.0,1.0
2022-04-08,1,8.743617e-06,-2.8209664e-05,0.10797684,1.0,1.0,1.0
2022-04-09,1,2.3270672e-05,-2.7007558e-05,0.11099657,1.0,1.0,1.0
2022-04-10,1,0.0,0.0,0.0015711915,1.0,1.0,1.0
2022-04-11,1,4.259532e-06,1.6552157e-07,0.11298252,1.0,1.0,1.0
2022-04-12,1,0.0,0.0,0.112423904,1.0,1.0,1.0
2022-04-13,1,0.0,0.0,0.11314515,1.0,1.0,1.0
2022-04-14,1,0.0,0.0,0.11262749,1.0,1.0,1.0
2022-04-15,1,7.185378e-06,0.0,0.11181018,1.0,1.0,1.0
2022-04-16,1,0.0,0.0,0.11121562,1.0,1.0,1.0
2022-04-17,1,1.0173911e-05,2.9607102e-06,0.10987986,1.0,1.0,1.0
2022-04-18,1,1.4784244e-05,-2.6546744e-05,0.11002713,1.0,1.0,1.0
2022-04-19,1,0.0,0.0,0.10914876,1.0,1.0,1.0
2022-04-20,1,0.0,0.0,0.110853516,1.0,1.0,1.0
2022-04-21,1,2.3019745e-06,0.0,0.11200517,1.0,1.0,1.0
2022-04-22,1,6.3216035e-06,3.439236e-06,0.11169711,1.0,1.0,1.0
2022-04-23,1,1.3085684e-05,-3.2731263e-05,0.11044412,1.0,1.0,1.0
2022-04-24,1,2.5445668e-05,-8.500252e-06,0.11180392,1.0,1.0,1.0
2022-04-25,1,0.0,0.0,0.11312789,1.0,1.0,1.0
2022-04-26,1,0.0,0.0,0.012997574,1.0,1.0,1.0
2022-04-27,1,2.3574587e-07,-8.3459315e-07,0.11173314,1.0,1.0,1.0
2022-04-28,1,0.0,0.0,0.112414576,1.0,1.0,1.0
2022-04-29,1,5.18622e-05,7.078237e-05,0.11165631,1.0,1.0,1.0
2022-04-30,1,0.0,0.0,0.111332424,1.0,1.0,1.0
2022-05-02,1,1.5022031e-05,1.325684e-05,0.11332195,1.0,1.0,1.0
2022-05-03,1,3.433467e-05,-4.8358476e-07,0.113724895,1.0,1.0,1.0
2022-05-04,1,4.9346806e-08,0.0,0.11257453,1.0,1.0,1.0
2022-05-05,1,0.0,0.0,0.11210965,1.0,1.0,1.0
2022-05-06,1,9.106819e-06,0.0,0.11068083,1.0,1.0,1.0
2022-05-07,1,0.0,0.0,0.112606026,1.0,1.0,1.0
2022-05-08,1,2.2814602e-05,0.00019038156,0.112813294,1.0,1.0,1.0
2022-05-09,1,0.0,0.0,0.112143256,1.0,1.0,1.0
2022-05-10,1,6.507991e-05,0.00019563733,0.113283105,1.0,1.0,1.0
2022-05-11,1,1.3128502e-05,-1.8186567e-05,0.1132375,1.0,1.0,1.0
2022-05-12,1,0.0,0.0,0.042414505,1.0,1.0,1.0
2022-05-13,1,1.7041549e-07,0.0,0.113258615,1.0,1.0,1.0
2022-05-14,1,0.0,0.0,0.11234702,1.0,1.0,1.0
2022-05-15,1,2.1897335e-05,0.0002027233,0.113677144,1.0,1.0,1.0
2022-05-16,1,0.0,0.0,0.11255253,1.0,1.0,1.0
2022-05-17,1,0.0,0.0,0.11148708,1.0,1.0,1.0
2022-05-18,1,0.0,0.0,0.11304486,1.0,1.0,1.0
2022-05-19,1,3.7724103e-06,0.0,0.112419136,1.0,1.0,1.0
2022-05-20,1,4.423383e-06,-9.6367585e-06,0.11061618,1.0,1.0,1.0
2022-05-21,1,3.3239707e-05,-1.0791227e-05,0.114741065,1.0,1.0,1.0
2022-05-22,1,2.5122672e-05,0.0005182558,0.116722226,1.0,1.0,1.0
2022-05-23,1,0.0,0.0,0.11704708,1.0,1.0,1.0
2022-05-24,1,2.0040654e-05,4.606301e-05,0.11631492,1.0,1.0,1.0
2022-05-25,1,1.4298131e-06,0.0,0.11551706,1.0,1.0,1.0
2022-05-26,1,0.0,0.0,0.11594597,1.0,1.0,1.0
2022-05-27,1,2.8551103e-05,0.00013152589,0.116166,1.0,1.0,1.0
2022-05-28,1,0.0,0.0,0.084010445,1.0,1.0,1.0
2022-05-29,1,2.0954012e-07,0.0,0.116595946,1.0,1.0,1.0
2022-05-30,1,0.0,0.0,0.117879145,1.0,1.0,1.0
2022-05-31,1,0.0,0.0,0.11765638,1.0,1.0,1.0
2022-06-01,1,3.359364e-05,-3.741425e-05,0.115430415,1.0,1.0,1.0
2022-06-02,1,0.0,0.0,0.11326451,1.0,1.0,1.0
2022-06-03,1,0.0,0.0,0.11257171,1.0,1.0,1.0
2022-06-04,1,1.3335642e-05,6.034823e-05,0.11481817,1.0,1.0,1.0
2022-06-05,1,3.441049e-05,0.00016258185,0.11620503,1.0,1.0,1.0
2022-06-06,1,1.6990207e-05,4.647485e-05,0.117395766,1.0,1.0,1.0
2022-06-07,1,0.0,0.0,0.11594551,1.0,1.0,1.0
2022-06-08,1,0.0,0.0,0.117128536,1.0,1.0,1.0
2022-06-09,1,3.5846435e-06,-3.3209722e-06,0.11748614,1.0,1.0,1.0
2022-06-10,1,2.536063e-05,2.2584596e-05,0.11747663,1.0,1.0,1.0
2022-06-11,1,2.868319e-06,-3.6433077e-05,0.117423646,1.0,1.0,1.0
2022-06-12,1,1.631696e-05,9.729089e-05,0.11789341,1.0,1.0,1.0
2022-06-13,1,0.0,0.0,0.11127228,1.0,1.0,1.0
2022-06-14,1,0.0,0.0,0.11653868,1.0,1.0,1.0
2022-06-15,1,1.5830194e-05,-2.0606152e-05,0.116587356,1.0,1.0,1.0
2022-06-16,1,1.2935841e-06,-3.7770242e-06,0.117362134,1.0,1.0,1.0
2022-06-17,1,0.0,0.0,0.11753287,1.0,1.0,1.0
2022-06-18,1,0.0,0.0,0.11876901,1.0,1.0,1.0
2022-06-19,1,9.848084e-07,0.0,0.119174615,1.0,1.0,1.0
2022-06-20,1,0.0,0.0,0.117496975,1.0,1.0,1.0
2022-06-21,1,1.27280255e-05,2.6541381e-06,0.117394954,1.0,1.0,1.0
2022-06-22,1,1.4561412e-08,8.1214625e-07,0.11899902,1.0,1.0,1.0
2022-06-23,1,2.096589e-07,0.0,0.118774645,1.0,1.0,1.0
2022-06-24,1,0.0,0.0,0.1189124,1.0,1.0,1.0
2022-06-25,1,8.4198797e-07,0.0,0.119256794,1.0,1.0,1.0
2022-06-26,1,2.5648774e-06,-8.603393e-06,0.11874223,1.0,1.0,1.0
2022-06-27,1,2.6663838e-05,0.00029855504,0.12136684,1.0,1.0,1.0
2022-06-28,1,1.3304341e-05,7.972426e-06,0.12005839,1.0,1.0,1.0
2022-06-29,1,2.1944581e-06,0.0,0.1004464,1.0,1.0,1.0
2022-06-30,1,2.1785338e-05,2.6577347e-05,0.12011297,1.0,1.0,1.0
2022-07-01,1,2.8678569e-05,0.00013337508,0.12079307,1.0,1.0,1.0
2022-07-02,1,3.0568433e-06,0.0,0.11905398,1.0,1.0,1.0
2022-07-03,1,1.6346843e-05,-6.4812506e-05,0.1190501,1.0,1.0,1.0
2022-07-04,1,1.2552848e-06,0.0,0.11931029,1.0,1.0,1.0
2022-07-05,1,0.0,0.0,0.11879588,1.0,1.0,1.0
2022-07-06,1,4.251304e-05,0.00016752233,0.12086766,1.0,1.0,1.0
2022-07-07,1,0.0,0.0,0.121374756,1.0,1.0,1.0
2022-07-08,1,0.0,0.0,0.120463856,1.0,1.0,1.0
2022-07-09,1,0.0,0.0,0.12101192,1.0,1.0,1.0
2022-07-10,1,0.0,0.0,0.12013277,1.0,1.0,1.0
2022-07-11,1,4.990928e-06,0.0,0.11920008,1.0,1.0,1.0
2022-07-12,1,0.0,0.0,0.1196688,1.0,1.0,1.0
2022-07-13,1,9.250124e-07,-2.8950678e-06,0.12132773,1.0,1.0,1.0
2022-07-14,1,1.1406546e-06,0.0,0.11979341,1.0,1.0,1.0
2022-07-15,1,0.0,0.0,0.08783226,1.0,1.0,1.0
2022-07-16,1,2.7680844e-05,8.805497e-05,0.12177202,1.0,1.0,1.0
2022-07-17,1,0.0,0.0,0.11978528,1.0,1.0,1.0
2022-07-18,1,0.0,0.0,0.12146719,1.0,1.0,1.0
2022-07-19,1,5.3493263e-06,5.8312988e-05,0.12242059,1.0,1.0,1.0
2022-07-20,1,0.0,0.0,0.12162995,1.0,1.0,1.0
2022-07-21,1,0.0,0.0,0.12194768,1.0,1.0,1.0
2022-07-22,1,0.0,0.0,0.12107678,1.0,1.0,1.0
2022-07-23,1,0.0,0.0,0.12146559,1.0,1.0,1.0
2022-07-24,1,8.328364e-06,6.649769e-05,0.12439937,1.0,1.0,1.0
2022-07-25,1,0.0,0.0,0.12140153,1.0,1.0,1.0
2022-07-26,1,0.0,0.0,0.11952352,1.0,1.0,1.0
2022-07-27,1,4.096265e-06,0.0,0.120668314,1.0,1.0,1.0
2022-07-28,1,8.329355e-06,-3.1913256e-05,0.12171019,1.0,1.0,1.0
2022-07-29,1,4.3726384e-05,0.00022600763,0.12376741,1.0,1.0,1.0
2022-07-30,1,3.151857e-05,0.0006413685,0.12613153,1.0,1.0,1.0
2022-07-31,1,0.0,0.0,0.08034166,1.0,1.0,1.0
2022-08-01,1,1.3770192e-05,6.910856e-05,0.124264926,1.0,1.0,1.0
2022-08-02,1,3.1888405e-06,5.8637474e-06,0.122232534,1.0,1.0,1.0
2022-08-03,1,8.454805e-06,-2.7600796e-05,0.12235944,1.0,1.0,1.0
2022-08-04,1,0.0,0.0,0.1226881,1.0,1.0,1.0
2022-08-05,1,0.0,0.0,0.123900734,1.0,1.0,1.0
2022-08-06,1,0.0,0.0,0.123039275,1.0,1.0,1.0
2022-08-07,1,7.217601e-07,0.0,0.12315751,1.0,1.0,1.0
2022-08-08,1,3.25039e-05,7.951797e-05,0.12632214,1.0,1.0,1.0
2022-08-09,1,0.0,0.0,0.12755091,1.0,1.0,1.0
2022-08-10,1,0.0,-1.887117e-05,0.12736842,1.0,1.0,1.0
2022-08-11,1,5.3531403e-06,-2.5590616e-05,0.12603256,1.0,1.0,1.0
2022-08-12,1,5.17336e-06,-2.9816048e-05,0.12603956,1.0,1.0,1.0
2022-08-13,1,0.0,0.0,0.12475581,1.0,1.0,1.0
2022-08-14,1,4.8419706e-06,3.1936735e-05,0.12352619,1.0,1.0,1.0
2022-08-15,1,0.0,0.0,0.12379133,1.0,1.0,1.0
2022-08-16,1,1.3342858e-06,0.0,0.0763993,1.0,1.0,1.0
2022-08-17,1,9.652198e-06,-1.643139e-05,0.12756354,1.0,1.0,1.0
2022-08-18,1,1.3667117e-05,-1.5897775e-05,0.12873851,1.0,1.0,1.0
2022-08-19,1,3.753475e-05,8.800896e-05,0.12928024,1.0,1.0,1.0
2022-08-20,1,0.0,0.0,0.12730144,1.0,1.0,1.0
2022-08-21,1,0.0,3.1830383e-05,0.12674198,1.0,1.0,1.0
2022-08-22,1,0.0,0.0,0.1264402,1.0,1.0,1.0
2022-08-23,1,5.1380295e-05,4.7268903e-05,0.12624398,1.0,1.0,1.0
2022-08-24,1,3.6012992e-05,0.00016727806,0.12580639,1.0,1.0,1.0
2022-08-25,1,0.0,0.0,0.12574409,1.0,1.0,1.0
2022-08-26,1,0.0,2.721414e-06,0.126648,1.0,1.0,1.0
2022-08-27,1,0.0,0.0,0.12827453,1.0,1.0,1.0
2022-08-28,1,0.0,0.0,0.1261012,1.0,1.0,1.0
2022-08-29,1,1.9066356e-05,3.1341754e-06,0.12789823,1.0,1.0,1.0
2022-08-30,1,2.7766331e-05,7.330196e-05,0.12826613,1.0,1.0,1.0
2022-08-31,1,0.0,0.0,0.12804009,1.0,1.0,1.0
2022-09-01,1,0.0,0.0,0.07982005,1.0,1.0,1.0
2022-09-02,1,1.3499205e-05,0.0,0.12781689,1.0,1.0,1.0
2022-09-03,1,3.882633e-05,-4.3335163e-05,0.12714028,1.0,1.0,1.0
2022-09-04,1,2.1894326e-05,1.4076753e-05,0.12766533,1.0,1.0,1.0
2022-09-05,1,3.1725854e-06,4.5490044e-05,0.12792887,1.0,1.0,1.0
2022-09-06,1,0.0,0.0,0.12655477,1.0,1.0,1.0
2022-09-07,1,3.4340853e-06,0.0,0.12784801,1.0,1.0,1.0
2022-09-08,1,4.4249206e-05,-7.5866833e-06,0.12769566,1.0,1.0,1.0
2022-09-09,1,0.0,0.0,0.12525648,1.0,1.0,1.0
2022-09-10,1,0.0,0.0,0.12730685,1.0,1.0,1.0
2022-09-11,1,0.0,0.0,0.12727469,1.0,1.0,1.0
2022-09-12,1,4.1145877e-06,0.0,0.12811024,1.0,1.0,1.0
2022-09-13,1,7.265533e-06,1.4016513e-05,0.1274425,1.0,1.0,1.0
2022-09-14,1,8.122945e-06,2.5200556e-05,0.12699357,1.0,1.0,1.0
2022-09-15,1,3.8695034e-06,-2.7401e-05,0.12873095,1.0,1.0,1.0
2022-09-16,1,0.0,0.0,0.1271733,1.0,1.0,1.0
2022-09-17,1,0.0,0.0,0.087193616,1.0,1.0,1.0
2022-09-18,1,0.0,0.0,0.1264708,1.0,1.0,1.0
2022-09-19,1,0.0,0.0,0.12645918,1.0,1.0,1.0
2022-09-20,1,2.675683e-05,-7.097486e-06,0.12702762,1.0,1.0,1.0
2022-09-21,1,0.0,0.0,0.12784176,1.0,1.0,1.0
2022-09-22,1,2.3630066e-05,0.00028534787,0.1277333,1.0,1.0,1.0
2022-09-23,1,2.43304e-05,2.9618768e-05,0.12886085,1.0,1.0,1.0
2022-09-24,1,1.6061981e-06,0.0,0.1278869,1.0,1.0,1.0
2022-09-25,1,4.3152428e-05,0.00016946842,0.12764613,1.0,1.0,1.0
2022-09-26,1,3.7881277e-05,0.00010846297,0.12916641,1.0,1.0,1.0
2022-09-27,1,4.4141936e-05,8.3596926e-05,0.13033992,1.0,1.0,1.0
2022-09-28,1,0.0,0.0,0.12940788,1.0,1.0,1.0
2022-09-29,1,7.066607e-06,5.200633e-06,0.13009973,1.0,1.0,1.0
2022-09-30,1,1.9249066e-05,-8.622852e-06,0.12746608,1.0,1.0,1.0
2022-10-01,1,4.34532e-05,0.0001983071,0.1272853,1.0,1.0,1.0
2022-10-02,1,1.970675e-05,-2.2400509e-05,0.1286559,1.0,1.0,1.0
2022-10-03,1,9.863767e-06,0.0,0.10544509,1.0,1.0,1.0
2022-10-04,1,0.0,0.0,0.12644914,1.0,1.0,1.0
2022-10-05,1,2.775285e-05,3.352911e-06,0.12701389,1.0,1.0,1.0
2022-10-06,1,3.6150283e-05,0.00026587787,0.12744904,1.0,1.0,1.0
2022-10-07,1,2.7286485e-05,5.7273875e-05,0.12624927,1.0,1.0,1.0
2022-10-08,1,0.0,0.0,0.12498772,1.0,1.0,1.0
2022-10-09,1,0.0,0.0,0.12426025,1.0,1.0,1.0
2022-10-10,1,7.348966e-06,-4.5008364e-06,0.12423671,1.0,1.0,1.0
2022-10-11,1,1.6886163e-06,8.687777e-06,0.12508719,1.0,1.0,1.0
2022-10-12,1,0.0,0.0,0.12721762,1.0,1.0,1.0
2022-10-13,1,0.0,3.5730957e-07,0.12518673,1.0,1.0,1.0
2022-10-14,1,0.0,0.0,0.124407366,1.0,1.0,1.0
2022-10-15,1,2.0585367e-06,0.0,0.124649376,1.0,1.0,1.0
2022-10-16,1,8.0628575e-07,0.0,0.12244948,1.0,1.0,1.0
2022-10-17,1,3.0636436e-06,-1.710528e-05,0.12210188,1.0,1.0,1.0
2022-10-18,1,0.0,1.3489247e-06,0.12337552,1.0,1.0,1.0
2022-10-19,1,0.0,0.0,0.12101103,1.0,1.0,1.0
2022-10-20,1,4.891961e-07,-6.3447436e-07,0.122870795,1.0,1.0,1.0
2022-10-21,1,1.25017505e-05,-3.2546275e-05,0.12172687,1.0,1.0,1.0
2022-10-22,1,5.772999e-06,6.5868203e-06,0.121457174,1.0,1.0,1.0
2022-10-23,1,2.6493422e-05,0.0002753585,0.12338571,1.0,1.0,1.0
2022-10-24,1,0.0,0.0,0.12337859,1.0,1.0,1.0
2022-10-25,1,2.2560977e-05,7.376221e-05,0.12233752,1.0,1.0,1.0
2022-10-26,1,0.0,0.0,0.12014203,1.0,1.0,1.0
2022-10-27,1,2.7927399e-05,6.1517094e-05,0.12143756,1.0,1.0,1.0
2022-10-28,1,0.0,0.0,0.12026564,1.0,1.0,1.0
2022-10-29,1,0.0,0.0,0.119885996,1.0,1.0,1.0
2022-10-30,1,5.6915787e-06,5.3735537e-05,0.12257813,1.0,1.0,1.0
2022-10-31,1,2.7772521e-05,-3.1145466e-06,0.12307647,1.0,1.0,1.0
2022-11-01,1,2.9949437e-05,8.8282e-05,0.12346101,1.0,1.0,1.0
2022-11-02,1,0.0,0.0,0.12166119,1.0,1.0,1.0
2022-11-03,1,0.0,0.0,0.12185302,1.0,1.0,1.0
2022-11-04,1,0.0,0.0,0.07668463,1.0,1.0,1.0
2022-11-05,1,0.0,0.0,0.12207429,1.0,1.0,1.0
2022-11-06,1,2.2161756e-05,7.495396e-05,0.12358556,1.0,1.0,1.0
2022-11-07,1,1.0720982e-05,4.192597e-05,0.12400064,1.0,1.0,1.0
2022-11-08,1,1.7050675e-07,1.4828851e-05,0.12222179,1.0,1.0,1.0
2022-11-09,1,0.0,0.0,0.12257324,1.0,1.0,1.0
2022-11-10,1,1.0510293e-05,1.7059921e-05,0.12204703,1.0,1.0,1.0
2022-11-11,1,2.4076342e-06,-3.1189262e-07,0.122354925,1.0,1.0,1.0
2022-11-12,1,0.0,0.0,0.120021515,1.0,1.0,1.0
2022-11-13,1,3.2741256e-05,8.613022e-05,0.12154331,1.0,1.0,1.0
2022-11-14,1,5.5095356e-06,9.3311326e-05,0.12088281,1.0,1.0,1.0
2022-11-15,1,0.0,0.0,0.12127709,1.0,1.0,1.0
2022-11-16,1,0.0,0.0,0.12109235,1.0,1.0,1.0
2022-11-17,1,9.238356e-06,-1.5627873e-05,0.119280785,1.0,1.0,1.0
2022-11-18,1,2.4061224e-05,0.00022480638,0.119596265,1.0,1.0,1.0
2022-11-19,1,1.046384e-05,0.00019403975,0.12111055,1.0,1.0,1.0
2022-11-20,1,0.0,0.0,0.039789815,1.0,1.0,1.0
2022-11-21,1,1.9429375e-05,7.66383e-05,0.12081046,1.0,1.0,1.0
2022-11-22,1,1.429757e-05,-1.15750154e-07,0.11909566,1.0,1.0,1.0
2022-11-23,1,3.460968e-06,0.0,0.11886299,1.0,1.0,1.0
2022-11-24,1,2.2718797e-05,0.00018626993,0.11868229,1.0,1.0,1.0
2022-11-25,1,2.2485618e-05,0.0004091351,0.1201943,1.0,1.0,1.0
2022-11-26,1,4.559893e-06,0.0,0.119997844,1.0,1.0,1.0
2022-11-27,1,0.0,0.0,0.11876978,1.0,1.0,1.0
2022-11-28,1,1.3021385e-06,3.4153331e-06,0.118184015,1.0,1.0,1.0
2022-11-29,1,1.9539091e-05,0.0006579156,0.11830346,1.0,1.0,1.0
2022-11-30,1,0.0,1.859651e-06,0.117818296,1.0,1.0,1.0
2022-12-01,1,0.0,0.0,0.11741243,1.0,1.0,1.0
2022-12-02,1,7.918656e-06,-2.0841699e-05,0.11881085,1.0,1.0,1.0
2022-12-03,1,2.919807e-06,9.9245835e-06,0.11839313,1.0,1.0,1.0
2022-12-04,1,0.0,0.0,0.11649206,1.0,1.0,1.0
2022-12-05,1,3.3850898e-05,0.00018917734,0.116920866,1.0,1.0,1.0
2022-12-06,1,0.0,0.0,0.011323132,1.0,1.0,1.0
2022-12-07,1,2.5267339e-06,0.0,0.11545965,1.0,1.0,1.0
2022-12-08,1,1.6863647e-05,3.8176415e-05,0.11585345,1.0,1.0,1.0
2022-12-09,1,2.6231273e-05,4.5879202e-05,0.11643168,1.0,1.0,1.0
2022-12-10,1,0.0,-2.4866651e-08,0.11810182,1.0,1.0,1.0
2022-12-11,1,5.8695055e-06,4.50662e-05,0.11801252,1.0,1.0,1.0
2022-12-12,1,2.6347847e-05,4.460267e-06,0.11913207,1.0,1.0,1.0
2022-12-13,1,0.0,0.0,0.11845465,1.0,1.0,1.0
2022-12-14,1,1.9615265e-05,-2.4569845e-05,0.11948902,1.0,1.0,1.0
2022-12-15,1,1.2800708e-05,2.4140598e-05,0.1196391,1.0,1.0,1.0
2022-12-16,1,3.9362672e-05,-0.00010577055,0.1204409,1.0,1.0,1.0
2022-12-17,1,2.1018318e-06,0.0,0.11735298,1.0,1.0,1.0
2022-12-18,1,1.6679021e-05,-3.8832855e-05,0.11864489,1.0,1.0,1.0
2022-12-19,1,2.4449118e-05,1.7395949e-05,0.11910902,1.0,1.0,1.0
2022-12-20,1,3.5746027e-05,1.0608543e-05,0.1188833,1.0,1.0,1.0
2022-12-21,1,1.9956302e-05,0.00011201385,0.11659859,1.0,1.0,1.0
2022-12-22,1,0.0,0.0,0.0018248035,1.0,1.0,1.0
2022-12-23,1,1.4454918e-05,3.5450845e-05,0.115986034,1.0,1.0,1.0
2022-12-24,1,0.0,0.0,0.117819734,1.0,1.0,1.0
2022-12-25,1,9.503017e-06,2.5793037e-05,0.118571065,1.0,1.0,1.0
2022-12-26,1,0.0,0.0,0.11711286,1.0,1.0,1.0
2022-12-27,1,1.2290496e-06,0.000103653256,0.117070645,1.0,1.0,1.0
2022-12-28,1,7.188426e-06,-1.2844264e-05,0.11720275,1.0,1.0,1.0
2022-12-29,1,2.1302129e-05,0.00012095716,0.117480725,1.0,1.0,1.0
2022-12-30,1,2.456893e-05,8.7430184e-05,0.11661581,1.0,1.0,1.0
2022-12-31,1,0.0,0.0,0.117594115,1.0,1.0,1.0
2023-01-01,1,0.0,0.0,0.116204865,1.0,1.0,1.0
2023-01-02,1,0.0,0.0,0.117199875,1.0,1.0,1.0
2023-01-03,1,1.0737433e-06,-1.8174367e-06,0.11575138,1.0,1.0,1.0
2023-01-04,1,1.3641226e-05,2.6088996e-05,0.11634728,1.0,1.0,1.0
2023-01-05,1,1.5549991e-05,6.011695e-05,0.11631163,1.0,1.0,1.0
2023-01-06,1,1.5238715e-05,0.00022435488,0.117650434,1.0,1.0,1.0
2023-01-07,1,0.0,0.0,0.00016410915,1.0,1.0,1.0
2023-01-08,1,1.6532722e-05,-1.4300458e-05,0.11667333,1.0,1.0,1.0
2023-01-09,1,9.82712e-06,-4.5367768e-05,0.11435149,1.0,1.0,1.0
2023-01-10,1,1.009401e-05,7.3335477e-06,0.11408042,1.0,1.0,1.0
2023-01-11,1,0.0,0.0,0.11438296,1.0,1.0,1.0
2023-01-12,1,0.0,0.0,0.11365632,1.0,1.0,1.0
2023-01-13,1,3.7088012e-06,0.0,0.115431316,1.0,1.0,1.0
2023-01-14,1,0.0,0.0,0.114783965,1.0,1.0,1.0
2023-01-15,1,2.0487703e-05,-1.7389884e-05,0.116793744,1.0,1.0,1.0
2023-01-16,1,1.2558328e-05,0.0001021138,0.1160319,1.0,1.0,1.0
2023-01-17,1,1.5447163e-06,0.0,0.11635359,1.0,1.0,1.0
2023-01-18,1,0.0,0.0,0.114358574,1.0,1.0,1.0
2023-01-19,1,0.0,0.0,0.11365679,1.0,1.0,1.0
2023-01-20,1,2.1292257e-05,-3.2106105e-05,0.11484141,1.0,1.0,1.0
2023-01-21,1,1.3161214e-05,-6.021936e-06,0.11469071,1.0,1.0,1.0
2023-01-22,1,0.0,0.0,0.11460713,1.0,1.0,1.0
2023-01-23,1,0.0,0.0,0.0019608357,1.0,1.0,1.0
2023-01-24,1,0.0,0.0,0.11343795,1.0,1.0,1.0
2023-01-25,1,1.705387e-05,-2.4215198e-05,0.115191296,1.0,1.0,1.0
2023-01-26,1,3.8971055e-05,4.7415815e-05,0.11606989,1.0,1.0,1.0
2023-01-27,1,3.0782867e-05,9.219884e-05,0.11651015,1.0,1.0,1.0
2023-01-28,1,4.7546026e-05,-1.0420788e-05,0.11549708,1.0,1.0,1.0
2023-01-29,1,1.105055e-05,1.1852394e-06,0.11514919,1.0,1.0,1.0
2023-01-30,1,2.3155688e-05,2.4095285e-05,0.113761485,1.0,1.0,1.0
2023-01-31,1,1.5190298e-05,2.0884845e-05,0.11562997,1.0,1.0,1.0
2023-02-01,1,2.3839513e-05,0.00012871962,0.115899876,1.0,1.0,1.0
2023-02-02,1,2.9777784e-08,5.127875e-05,0.11512636,1.0,1.0,1.0
2023-02-03,1,1.8646468e-05,1.0076036e-05,0.11545098,1.0,1.0,1.0
2023-02-04,1,7.676627e-06,-8.297643e-06,0.11581787,1.0,1.0,1.0
2023-02-05,1,2.738852e-05,-2.3110133e-05,0.11574552,1.0,1.0,1.0
2023-02-06,1,3.5041867e-05,8.8502056e-05,0.11519108,1.0,1.0,1.0
2023-02-07,1,2.7278893e-05,4.0305084e-05,0.11335596,1.0,1.0,1.0
2023-02-08,1,0.0,0.0,0.016853418,1.0,1.0,1.0
2023-02-09,1,5.5988576e-06,0.0,0.11374722,1.0,1.0,1.0
2023-02-10,1,2.6585267e-05,-3.8117214e-05,0.11339773,1.0,1.0,1.0
2023-02-11,1,1.777856e-05,-8.1769045e-05,0.1117858,1.0,1.0,1.0
2023-02-12,1,0.0,0.0,0.11139448,1.0,1.0,1.0
2023-02-13,1,0.0,0.0,0.11323017,1.0,1.0,1.0
2023-02-14,1,8.319349e-06,0.0,0.113646,1.0,1.0,1.0
2023-02-15,1,3.874883e-06,3.144305e-05,0.1138461,1.0,1.0,1.0
2023-02-16,1,1.0372123e-05,-5.6822473e-06,0.11378811,1.0,1.0,1.0
2023-02-17,1,1.857044e-05,0.00024124567,0.11438553,1.0,1.0,1.0
2023-02-18,1,0.0,0.0,0.11423025,1.0,1.0,1.0
2023-02-19,1,3.110669e-07,0.0,0.11417964,1.0,1.0,1.0
2023-02-20,1,0.0,0.0,0.113754414,1.0,1.0,1.0
2023-02-21,1,4.121395e-06,3.7687266e-06,0.115637854,1.0,1.0,1.0
2023-02-22,1,0.0,0.0,0.113082655,1.0,1.0,1.0
2023-02-23,1,3.404087e-05,0.00015804562,0.11533875,1.0,1.0,1.0
2023-02-24,1,0.0,0.0,0.057766005,1.0,1.0,1.0
2023-02-25,1,1.823007e-05,-1.7138214e-05,0.114990614,1.0,1.0,1.0
2023-02-26,1,5.5751348e-06,2.6738873e-05,0.11401421,1.0,1.0,1.0
2023-02-27,1,3.8355123e-05,9.126241e-05,0.113462046,1.0,1.0,1.0
2023-02-28,1,3.932242e-05,0.00012673825,0.114611164,1.0,1.0,1.0
2023-03-01,1,0.0,0.0,0.11429601,1.0,1.0,1.0
2023-03-02,1,1.7193743e-05,-1.9131932e-05,0.11366806,1.0,1.0,1.0
2023-03-03,1,1.7675302e-06,0.0,0.111960754,1.0,1.0,1.0
2023-03-04,1,0.0,0.0,0.111463994,1.0,1.0,1.0
2023-03-05,1,0.0,0.0,0.111876816,1.0,1.0,1.0
2023-03-06,1,0.0,0.0,0.1136452,1.0,1.0,1.0
2023-03-07,1,0.0,0.0,0.114554375,1.0,1.0,1.0
2023-03-08,1,1.6853634e-06,0.0,0.11412951,1.0,1.0,1.0
2023-03-09,1,4.8499046e-06,0.0,0.11296029,1.0,1.0,1.0
2023-03-10,1,1.0636038e-06,-2.1922685e-06,0.11519309,1.0,1.0,1.0
2023-03-11,1,0.0,0.0,0.11519016,1.0,1.0,1.0
2023-03-12,1,0.0,0.0,0.11347713,1.0,1.0,1.0
2023-03-13,1,0.0,0.0,0.11560596,1.0,1.0,1.0
2023-03-14,1,2.8833933e-06,2.9207574e-06,0.11626174,1.0,1.0,1.0
2023-03-15,1,1.3983786e-06,2.3897135e-05,0.11519544,1.0,1.0,1.0
2023-03-16,1,0.0,0.0,0.11553904,1.0,1.0,1.0
2023-03-17,1,5.2133773e-06,-3.0306963e-05,0.11602611,1.0,1.0,1.0
2023-03-18,1,0.0,0.0,0.11701619,1.0,1.0,1.0
2023-03-19,1,6.658225e-06,0.00018037982,0.117999,1.0,1.0,1.0
2023-03-20,1,9.323597e-06,5.559922e-05,0.117264,1.0,1.0,1.0
2023-03-21,1,2.5495312e-05,0.00031220313,0.11871828,1.0,1.0,1.0
2023-03-22,1,3.3442342e-07,-5.3331038e-05,0.11832979,1.0,1.0,1.0
2023-03-23,1,0.0,0.0,0.11816729,1.0,1.0,1.0
2023-03-24,1,0.0,0.0,0.116604134,1.0,1.0,1.0
2023-03-25,1,2.6260514e-05,-8.568511e-06,0.11728954,1.0,1.0,1.0
2023-03-26,1,5.4771212e-06,-7.787566e-05,0.117589906,1.0,1.0,1.0
2023-03-27,1,0.0,0.0,0.11866664,1.0,1.0,1.0
2023-03-28,1,-3.964703e-07,0.0,0.09657085,1.0,1.0,1.0
2023-03-29,1,0.0,0.0,0.11693881,1.0,1.0,1.0
2023-03-30,1,3.222339e-05,-5.8448986e-05,0.11885343,1.0,1.0,1.0
2023-03-31,1,8.899381e-06,0.00012306534,0.11872487,1.0,1.0,1.0
2023-04-01,1,9.319099e-06,0.00010290801,0.11867726,1.0,1.0,1.0
2023-04-02,1,0.0,0.0,0.11948871,1.0,1.0,1.0
2023-04-03,1,1.9487345e-05,-9.123352e-06,0.11938816,1.0,1.0,1.0
2023-04-04,1,2.5092975e-06,0.0,0.11899068,1.0,1.0,1.0
2023-04-05,1,2.9789904e-05,0.00020606606,0.119699925,1.0,1.0,1.0
2023-04-06,1,0.0,0.0,0.12024698,1.0,1.0,1.0
2023-04-07,1,9.289266e-06,0.00012541671,0.11979126,1.0,1.0,1.0
2023-04-08,1,3.455466e-07,0.0,0.11941637,1.0,1.0,1.0
2023-04-09,1,1.6570526e-05,1.06454345e-05,0.119127296,1.0,1.0,1.0
2023-04-10,1,1.856367e-05,-4.3425796e-05,0.1184307,1.0,1.0,1.0
2023-04-11,1,0.0,0.0,0.11884404,1.0,1.0,1.0
2023-04-12,1,2.5662393e-06,-1.442885e-05,0.11682987,1.0,1.0,1.0
2023-04-13,1,0.0,0.0,0.058612052,1.0,1.0,1.0
2023-04-14,1,0.0,0.0,0.1185763,1.0,1.0,1.0
2023-04-15,1,3.7008565e-06,5.9389063e-06,0.11785851,1.0,1.0,1.0
2023-04-16,1,0.0,0.0,0.11823198,1.0,1.0,1.0
2023-04-17,1,1.0209724e-05,-4.086317e-05,0.11941801,1.0,1.0,1.0
2023-04-18,1,2.3082584e-05,9.7614764e-05,0.119033724,1.0,1.0,1.0
2023-04-19,1,1.2530919e-05,7.2134494e-06,0.1193815,1.0,1.0,1.0
2023-04-20,1,0.0,0.0,0.12037221,1.0,1.0,1.0
2023-04-21,1,2.0272435e-06,0.0,0.119824015,1.0,1.0,1.0
2023-04-22,1,1.0563459e-05,3.972354e-05,0.11927121,1.0,1.0,1.0
2023-04-23,1,0.0,0.0,0.11821261,1.0,1.0,1.0
2023-04-24,1,0.0,0.0,0.11648162,1.0,1.0,1.0
2023-04-25,1,8.313828e-07,6.897152e-07,0.115769066,1.0,1.0,1.0
2023-04-26,1,0.0,0.0,0.117517255,1.0,1.0,1.0
2023-04-27,1,1.7427406e-05,-1.5094595e-05,0.11595454,1.0,1.0,1.0
2023-04-28,1,0.0,0.0,0.115971476,1.0,1.0,1.0
2023-04-29,1,0.0,0.0,0.0,1.0,1.0,1.0
2023-04-30,1,0.0,0.0,0.114232294,1.0,1.0,1.0
2023-05-01,1,1.1540592e-05,-3.7028873e-05,0.115940325,1.0,1.0,1.0
2023-05-02,1,4.2285075e-05,0.00017316533,0.117321484,1.0,1.0,1.0
2023-05-03,1,0.0,0.0,0.0,1.0,1.0,1.0
2023-05-04,1,2.6582617e-05,6.936633e-05,0.11853661,1.0,1.0,1.0
2023-05-05,1,0.0,0.0,0.116436005,1.0,1.0,1.0
2023-05-06,1,0.0,0.0,0.11606163,1.0,1.0,1.0
2023-05-07,1,3.7331884e-05,0.00011596061,0.116116494,1.0,1.0,1.0
2023-05-08,1,0.0,0.0,0.11737955,1.0,1.0,1.0
2023-05-09,1,1.40968e-06,-2.0507646e-06,0.11609477,1.0,1.0,1.0
2023-05-10,1,0.0,0.0,0.11586391,1.0,1.0,1.0
2023-05-11,1,1.4331579e-06,3.9422535e-05,0.11714821,1.0,1.0,1.0
2023-05-12,1,4.0043604e-05,5.8993013e-05,0.11858072,1.0,1.0,1.0
2023-05-13,1,1.367963e-05,-1.7846573e-05,0.117895015,1.0,1.0,1.0
2023-05-14,1,0.0,0.0,0.11856167,1.0,1.0,1.0
2023-05-15,1,0.0,0.0,0.0,1.0,1.0,1.0
2023-05-16,1,0.0,0.0,0.11546227,1.0,1.0,1.0
2023-05-17,1,1.749271e-05,4.6100635e-05,0.11629746,1.0,1.0,1.0
2023-05-18,1,0.0,0.0,0.0,1.0,1.0,1.0
2023-05-19,1,0.0,0.0,0.116601124,1.0,1.0,1.0
2023-05-20,1,0.0,0.0,0.11630256,1.0,1.0,1.0
2023-05-21,1,0.0,0.0,0.11699342,1.0,1.0,1.0
2023-05-22,1,8.617913e-06,-1.7088243e-05,0.11614557,1.0,1.0,1.0
2023-05-23,1,1.7229397e-05,1.0557691e-05,0.11551095,1.0,1.0,1.0
2023-05-24,1,1.755187e-05,-4.1652274e-06,0.117812045,1.0,1.0,1.0
2023-05-25,1,2.3023016e-05,0.00019061529,0.11762356,1.0,1.0,1.0
2023-05-26,1,0.0,0.0,0.11694211,1.0,1.0,1.0
2023-05-27,1,0.0,-3.74726e-05,0.11471891,1.0,1.0,1.0
2023-05-28,1,0.0,-3.059048e-07,0.11402825,1.0,1.0,1.0
2023-05-29,1,0.0,-1.9146852e-05,0.11506764,1.0,1.0,1.0
2023-05-30,1,4.495363e-06,5.0974155e-05,0.11694452,1.0,1.0,1.0
2023-05-31,1,0.0,0.0,0.0,1.0,1.0,1.0
2023-06-01,1,0.0,0.0,0.114450194,1.0,1.0,1.0
2023-06-02,1,1.1604749e-05,-1.9465191e-05,0.11599415,1.0,1.0,1.0
2023-06-03,1,0.0,8.2286286e-05,0.1176181,1.0,1.0,1.0
2023-06-04,1,3.4853315e-06,1.1914001e-05,0.11858778,1.0,1.0,1.0
2023-06-05,1,1.8966928e-05,6.459616e-05,0.11726491,1.0,1.0,1.0
2023-06-06,1,0.0,0.0,0.11654708,1.0,1.0,1.0
2023-06-07,1,7.1192203e-06,5.922456e-07,0.115753524,1.0,1.0,1.0
2023-06-08,1,2.6613343e-05,2.1386695e-05,0.0,1.0,1.0,1.0
2023-06-09,1,8.33494e-06,-2.6046651e-05,0.11506751,1.0,1.0,1.0
2023-06-10,1,4.4509875e-06,-4.2750216e-05,0.11551253,1.0,1.0,1.0
2023-06-11,1,-1.7093875e-07,0.0,0.115971096,1.0,1.0,1.0
2023-06-12,1,2.6078036e-05,2.3968245e-05,0.11781277,1.0,1.0,1.0
2023-06-13,1,2.746799e-05,2.5011283e-05,0.11709988,1.0,1.0,1.0
2023-06-14,1,0.0,0.0,0.11644742,1.0,1.0,1.0
2023-06-15,1,1.0178213e-05,0.00026868406,0.11638586,1.0,1.0,1.0
2023-06-16,1,0.0,0.0,0.0,1.0,1.0,1.0
2023-06-17,1,0.0,0.0,0.11542657,1.0,1.0,1.0
2023-06-18,1,7.904328e-06,6.227496e-05,0.11640813,1.0,1.0,1.0
2023-06-19,1,3.4593715e-05,1.4520699e-05,0.11775098,1.0,1.0,1.0
2023-06-20,1,3.96811e-05,7.900375e-06,0.11613883,1.0,1.0,1.0
2023-06-21,1,0.0,0.0,0.11726786,1.0,1.0,1.0
2023-06-22,1,0.0,0.0,0.11586824,1.0,1.0,1.0
2023-06-23,1,6.3709217e-06,-6.5227985e-05,0.11688144,1.0,1.0,1.0
2023-06-24,1,4.944409e-06,8.456213e-05,0.116246365,1.0,1.0,1.0
2023-06-25,1,1.8196234e-08,-5.6008757e-06,0.11745442,1.0,1.0,1.0
2023-06-26,1,3.9638257e-06,1.1140436e-05,0.11889266,1.0,1.0,1.0
2023-06-27,1,0.0,0.0,0.11700082,1.0,1.0,1.0
2023-06-28,1,9.608917e-06,2.0448224e-06,0.11662488,1.0,1.0,1.0
2023-06-29,1,4.1117022e-05,0.00014203056,0.11789668,1.0,1.0,1.0
2023-06-30,1,3.827498e-05,0.00016238228,0.115972914,1.0,1.0,1.0
2023-07-01,1,5.988782e-06,0.00016414486,0.1158295,1.0,1.0,1.0
2023-07-02,1,0.0,0.0,0.0,1.0,1.0,1.0
2023-07-03,1,0.0,0.0,0.11730215,1.0,1.0,1.0
2023-07-04,1,8.954963e-06,5.24305e-05,0.11599865,1.0,1.0,1.0
2023-07-05,1,3.8303e-06,-8.0850884e-07,0.11673228,1.0,1.0,1.0
2023-07-06,1,0.0,-1.1688396e-06,0.11595326,1.0,1.0,1.0
2023-07-07,1,0.0,0.0,0.116680175,1.0,1.0,1.0
2023-07-08,1,0.0,0.0,0.11447562,1.0,1.0,1.0
2023-07-09,1,1.501916e-06,1.7567481e-07,0.11448233,1.0,1.0,1.0
2023-07-10,1,2.1358894e-05,3.3916376e-06,0.116598755,1.0,1.0,1.0
2023-07-11,1,7.394667e-06,6.777754e-05,0.11670936,1.0,1.0,1.0
2023-07-12,1,1.8128674e-05,0.0001401155,0.11768787,1.0,1.0,1.0
2023-07-13,1,2.3543931e-05,0.0,0.11633636,1.0,1.0,1.0
2023-07-14,1,4.0917786e-07,-6.1630993e-07,0.11799236,1.0,1.0,1.0
2023-07-15,1,2.2016962e-05,3.514369e-05,0.11703365,1.0,1.0,1.0
2023-07-16,1,1.7366729e-05,-9.593639e-06,0.11741396,1.0,1.0,1.0
2023-07-17,1,1.2948249e-07,2.8108054e-06,0.11561791,1.0,1.0,1.0
2023-07-18,1,0.0,0.0,0.00016315785,1.0,1.0,1.0
2023-07-19,1,3.1662705e-05,0.0002674314,0.11757727,1.0,1.0,1.0
2023-07-20,1,2.5505053e-05,0.00021025896,0.11770658,1.0,1.0,1.0
2023-07-21,1,0.0,0.0,0.11772262,1.0,1.0,1.0
2023-07-22,1,0.0,-5.559008e-06,0.11985085,1.0,1.0,1.0
2023-07-23,1,2.116751e-05,0.00040579058,0.120005585,1.0,1.0,1.0
2023-07-24,1,2.4956957e-05,4.2770524e-05,0.11965792,1.0,1.0,1.0
2023-07-25,1,0.0,0.0,0.11909318,1.0,1.0,1.0
2023-07-26,1,2.3688306e-06,-1.093075e-05,0.118548654,1.0,1.0,1.0
2023-07-27,1,2.2978493e-05,9.087777e-05,0.118603684,1.0,1.0,1.0
2023-07-28,1,3.546495e-05,0.00014700231,0.118704766,1.0,1.0,1.0
2023-07-29,1,0.0,0.0,0.11776189,1.0,1.0,1.0
2023-07-30,1,0.0,0.0,0.11866684,1.0,1.0,1.0
2023-07-31,1,1.8893292e-05,-1.09086795e-05,0.11798567,1.0,1.0,1.0
2023-08-01,1,1.2287163e-05,1.0105163e-05,0.11852969,1.0,1.0,1.0
2023-08-02,1,4.441893e-06,0.00014248525,0.1210653,1.0,1.0,1.0
2023-08-03,1,0.0,0.0,0.023908865,1.0,1.0,1.0
2023-08-04,1,4.5607536e-05,5.971673e-05,0.123267755,1.0,1.0,1.0
2023-08-05,1,3.9503753e-05,-2.0370268e-05,0.12165835,1.0,1.0,1.0
2023-08-06,1,0.0,0.0,0.12089859,1.0,1.0,1.0
2023-08-07,1,0.0,0.0,0.12133313,1.0,1.0,1.0
2023-08-08,1,1.7663691e-05,4.4424072e-05,0.1225662,1.0,1.0,1.0
2023-08-09,1,1.2267792e-05,1.6866556e-05,0.119391814,1.0,1.0,1.0
2023-08-10,1,3.490648e-05,2.3848883e-05,0.12098454,1.0,1.0,1.0
2023-08-11,1,1.9527053e-05,7.082155e-05,0.12045341,1.0,1.0,1.0
2023-08-12,1,8.356312e-06,2.4411402e-05,0.12124524,1.0,1.0,1.0
2023-08-13,1,0.0,0.0,0.12195802,1.0,1.0,1.0
2023-08-14,1,7.358696e-07,0.0,0.12020477,1.0,1.0,1.0
2023-08-15,1,0.0,0.0,0.11920531,1.0,1.0,1.0
2023-08-16,1,1.4323983e-05,-1.7265398e-05,0.12209765,1.0,1.0,1.0
2023-08-17,1,4.0844134e-05,5.470029e-05,0.12321493,1.0,1.0,1.0
2023-08-18,1,0.0,4.4730732e-05,0.12259617,1.0,1.0,1.0
2023-08-19,1,0.0,0.0,0.072280966,1.0,1.0,1.0
2023-08-20,1,1.8351527e-06,0.0,0.12158961,1.0,1.0,1.0
2023-08-21,1,1.7106767e-06,-4.03697e-06,0.12127702,1.0,1.0,1.0
2023-08-22,1,1.7020117e-05,1.9331832e-05,0.12057872,1.0,1.0,1.0
2023-08-23,1,1.2365348e-05,0.00017834605,0.12264389,1.0,1.0,1.0
2023-08-24,1,9.261172e-06,5.759173e-05,0.12204247,1.0,1.0,1.0
2023-08-25,1,7.007514e-06,0.0,0.123584166,1.0,1.0,1.0
2023-08-26,1,5.8310914e-05,0.00039934256,0.12417409,1.0,1.0,1.0
2023-08-27,1,4.240835e-05,0.00019321204,0.12374469,1.0,1.0,1.0
2023-08-28,1,3.717001e-05,3.1890344e-05,0.12366149,1.0,1.0,1.0
2023-08-29,1,3.8395094e-05,-8.756392e-05,0.12472657,1.0,1.0,1.0
2023-08-30,1,0.0,0.0,0.12313788,1.0,1.0,1.0
2023-08-31,1,1.3293958e-05,-9.611661e-06,0.12339137,1.0,1.0,1.0
2023-09-01,1,5.7485762e-05,0.00020657344,0.12522554,1.0,1.0,1.0
2023-09-02,1,1.8862022e-05,-1.32617515e-05,0.1265822,1.0,1.0,1.0
2023-09-03,1,0.0,-9.482416e-06,0.12505363,1.0,1.0,1.0
2023-09-04,1,0.0,0.0,0.09694362,1.0,1.0,1.0
2023-09-05,1,3.7261314e-05,8.536413e-05,0.12682897,1.0,1.0,1.0
2023-09-06,1,5.0538263e-05,0.00020435429,0.1274653,1.0,1.0,1.0
2023-09-07,1,9.300811e-06,2.29259e-05,0.12746787,1.0,1.0,1.0
2023-09-08,1,3.9761544e-06,-1.3039571e-06,0.12542641,1.0,1.0,1.0
2023-09-09,1,0.0,0.0,0.122886896,1.0,1.0,1.0
2023-09-10,1,7.6087935e-07,0.0,0.12394174,1.0,1.0,1.0
2023-09-11,1,3.7461698e-05,-6.9121984e-06,0.12248437,1.0,1.0,1.0
2023-09-12,1,4.1422885e-05,7.570491e-05,0.12397457,1.0,1.0,1.0
2023-09-13,1,1.5665984e-05,6.923123e-05,0.12533125,1.0,1.0,1.0
2023-09-14,1,0.0,0.0,0.12130386,1.0,1.0,1.0
2023-09-15,1,1.7327598e-05,-8.764268e-05,0.12379105,1.0,1.0,1.0
2023-09-16,1,2.979573e-05,-3.7535836e-05,0.12546736,1.0,1.0,1.0
2023-09-17,1,0.0,0.0,0.12430293,1.0,1.0,1.0
2023-09-18,1,0.0,0.0,0.12514502,1.0,1.0,1.0
2023-09-19,1,8.930097e-06,0.00015754258,0.12528414,1.0,1.0,1.0
2023-09-20,1,1.4083935e-07,0.0,0.035696667,1.0,1.0,1.0
2023-09-21,1,4.859738e-05,0.00017484925,0.12587352,1.0,1.0,1.0
2023-09-22,1,3.418854e-05,8.1359256e-05,0.12434701,1.0,1.0,1.0
2023-09-23,1,4.0713676e-05,6.9588554e-05,0.12461432,1.0,1.0,1.0
2023-09-24,1,2.9469335e-05,7.3058174e-05,0.12259837,1.0,1.0,1.0
2023-09-25,1,1.2355043e-06,0.00013785837,0.121165864,1.0,1.0,1.0
2023-09-26,1,2.5590966e-06,0.0,0.12209883,1.0,1.0,1.0
2023-09-27,1,4.115099e-05,-8.31085e-05,0.121835455,1.0,1.0,1.0
2023-09-28,1,1.0504599e-06,0.0,0.12041916,1.0,1.0,1.0
2023-09-29,1,6.303065e-05,6.600579e-07,0.123206764,1.0,1.0,1.0
2023-09-30,1,0.0,3.3347194e-05,0.12197417,1.0,1.0,1.0
2023-10-01,1,2.0666394e-06,0.0,0.12198083,1.0,1.0,1.0
2023-10-02,1,4.3690026e-05,1.5531738e-05,0.12396089,1.0,1.0,1.0
2023-10-03,1,3.0858107e-05,-1.6289672e-06,0.12404022,1.0,1.0,1.0
2023-10-04,1,1.0647504e-05,-1.3026726e-05,0.12241822,1.0,1.0,1.0
2023-10-05,1,0.0,0.0,0.124448106,1.0,1.0,1.0
2023-10-06,1,0.0,0.0,0.0018859381,1.0,1.0,1.0
2023-10-07,1,0.0,0.0,0.12060565,1.0,1.0,1.0
2023-10-08,1,3.6653314e-06,-9.939792e-06,0.12009255,1.0,1.0,1.0
2023-10-09,1,4.127635e-05,2.843797e-05,0.12162852,1.0,1.0,1.0
2023-10-10,1,3.4453635e-05,0.00013030332,0.12056195,1.0,1.0,1.0
2023-10-11,1,0.0,5.1172065e-05,0.11794228,1.0,1.0,1.0
2023-10-12,1,1.6042939e-05,3.4503153e-06,0.11828857,1.0,1.0,1.0
2023-10-13,1,1.5360565e-05,-1.6237958e-05,0.11811861,1.0,1.0,1.0
2023-10-14,1,0.0,0.0019298898,0.018596306,1.0,1.0,1.0
2023-10-15,1,2.1157071e-05,5.9327464e-05,0.11993097,1.0,1.0,1.0
2023-10-16,1,3.3718235e-05,5.2080322e-05,0.121274665,1.0,1.0,1.0
2023-10-17,1,3.891816e-05,-1.4692293e-05,0.1194424,1.0,1.0,1.0
2023-10-18,1,4.0042898e-05,1.4277448e-05,0.11910023,1.0,1.0,1.0
2023-10-19,1,5.9590213e-05,7.516912e-05,0.119489305,1.0,1.0,1.0
2023-10-20,1,0.0,0.0,0.11721187,1.0,1.0,1.0
2023-10-21,1,1.0275693e-06,5.4490672e-05,0.118939884,1.0,1.0,1.0
2023-10-22,1,0.0,0.0,0.0,1.0,1.0,1.0
2023-10-23,1,1.2812902e-05,1.4128303e-05,0.117907144,1.0,1.0,1.0
2023-10-24,1,2.3832902e-06,9.862186e-06,0.11641714,1.0,1.0,1.0
2023-10-25,1,2.765111e-05,3.49342e-05,0.11847777,1.0,1.0,1.0
2023-10-26,1,1.9881627e-05,5.5175617e-05,0.1168717,1.0,1.0,1.0
2023-10-27,1,0.0,6.8218555e-06,0.11434022,1.0,1.0,1.0
2023-10-28,1,0.0,0.0,0.113694906,1.0,1.0,1.0
2023-10-29,1,0.0,0.0,0.11404266,1.0,1.0,1.0
2023-10-30,1,2.4810683e-05,0.00030361835,0.114901945,1.0,1.0,1.0
2023-10-31,1,0.0,0.0,0.116871156,1.0,1.0,1.0
2023-11-01,1,0.0,7.978089e-05,0.1183993,1.0,1.0,1.0
2023-11-02,1,1.9780175e-06,-2.2504851e-07,0.11430094,1.0,1.0,1.0
2023-11-03,1,1.6819362e-06,-1.8878934e-05,0.1141078,1.0,1.0,1.0
2023-11-04,1,3.0257586e-05,6.942691e-05,0.11458588,1.0,1.0,1.0
2023-11-05,1,6.812555e-06,1.7036033e-05,0.114974014,1.0,1.0,1.0
2023-11-06,1,0.0,3.684037e-05,0.115713425,1.0,1.0,1.0
2023-11-07,1,0.0,0.0,0.0,1.0,1.0,1.0
2023-11-08,1,5.7327507e-06,-1.4349701e-05,0.11602518,1.0,1.0,1.0
2023-11-09,1,2.2312599e-05,-1.569058e-05,0.11531056,1.0,1.0,1.0
2023-11-10,1,1.4983171e-05,9.808605e-05,0.11425654,1.0,1.0,1.0
2023-11-11,1,6.375621e-06,0.00012868115,0.11620869,1.0,1.0,1.0
2023-11-12,1,0.0,0.0,0.11347341,1.0,1.0,1.0
2023-11-13,1,6.6989182e-06,-1.2667715e-07,0.11212793,1.0,1.0,1.0
2023-11-14,1,2.1969188e-06,-5.441841e-06,0.113909446,1.0,1.0,1.0
2023-11-15,1,1.3689383e-06,0.0,0.114381276,1.0,1.0,1.0
2023-11-16,1,4.2177362e-05,1.3890117e-05,0.116144545,1.0,1.0,1.0
2023-11-17,1,1.2456371e-07,9.632175e-06,0.112541504,1.0,1.0,1.0
2023-11-18,1,0.0,0.0,0.11200968,1.0,1.0,1.0
2023-11-19,1,1.6201078e-05,-1.2558955e-06,0.1119007,1.0,1.0,1.0
2023-11-20,1,9.954837e-06,1.4985483e-05,0.112770565,1.0,1.0,1.0
2023-11-21,1,4.8908796e-06,5.083515e-05,0.1136985,1.0,1.0,1.0
2023-11-22,1,1.9684178e-06,3.0785235e-05,0.112393565,1.0,1.0,1.0
2023-11-23,1,0.0,0.0,0.008272747,1.0,1.0,1.0
2023-11-24,1,1.3099444e-05,0.0,0.113785006,1.0,1.0,1.0
2023-11-25,1,0.0,0.0,0.1134484,1.0,1.0,1.0
2023-11-26,1,3.217637e-05,2.0554671e-05,0.11248858,1.0,1.0,1.0
2023-11-27,1,4.5510653e-05,1.1633313e-05,0.11395126,1.0,1.0,1.0
2023-11-28,1,0.0,0.0,0.11187802,1.0,1.0,1.0
2023-11-29,1,0.0,0.0,0.11052634,1.0,1.0,1.0
2023-11-30,1,2.8070728e-05,-4.908625e-05,0.11201078,1.0,1.0,1.0
2023-12-01,1,3.9649993e-05,-2.736321e-05,0.11201536,1.0,1.0,1.0
2023-12-02,1,3.238841e-05,6.9927e-05,0.10972696,1.0,1.0,1.0
2023-12-03,1,1.3624886e-05,0.0007991774,0.108493246,1.0,1.0,1.0
2023-12-04,1,4.2393253e-06,1.3917855e-06,0.108687535,1.0,1.0,1.0
2023-12-05,1,1.0382074e-05,-4.5291068e-05,0.10966699,1.0,1.0,1.0
2023-12-06,1,0.0,0.0,0.10872541,1.0,1.0,1.0
2023-12-07,1,1.661585e-05,3.9491737e-05,0.110047735,1.0,1.0,1.0
2023-12-08,1,2.9766874e-05,0.00015662677,0.10952279,1.0,1.0,1.0
2023-12-09,1,0.0,0.0,0.048401453,1.0,1.0,1.0
2023-12-10,1,0.0,0.0,0.109274685,1.0,1.0,1.0
2023-12-11,1,3.720308e-05,2.6832522e-05,0.10940265,1.0,1.0,1.0
2023-12-12,1,2.2747487e-05,6.2077364e-05,0.10787069,1.0,1.0,1.0
2023-12-13,1,2.4184844e-06,5.069273e-05,0.106618345,1.0,1.0,1.0
2023-12-14,1,9.8221186e-08,7.707709e-05,0.10691687,1.0,1.0,1.0
2023-12-15,1,0.0,0.0,0.107249916,1.0,1.0,1.0
2023-12-16,1,1.1852131e-06,0.0,0.10467783,1.0,1.0,1.0
2023-12-17,1,1.1142856e-05,-4.1306075e-06,0.10312006,1.0,1.0,1.0
2023-12-18,1,3.1274416e-05,0.00016494241,0.106200315,1.0,1.0,1.0
2023-12-19,1,0.0,0.0,0.105950326,1.0,1.0,1.0
2023-12-20,1,0.0,0.0,0.0,1.0,1.0,1.0
2023-12-21,1,2.8798386e-05,1.874048e-05,0.104463235,1.0,1.0,1.0
2023-12-22,1,5.0734016e-06,2.4250088e-05,0.10505146,1.0,1.0,1.0
2023-12-23,1,0.0,0.0,0.10584519,1.0,1.0,1.0
2023-12-24,1,2.3396951e-05,0.00014265058,0.105268225,1.0,1.0,1.0
2023-12-25,1,0.0,0.0,0.07587872,1.0,1.0,1.0
2023-12-26,1,0.0,0.0,0.10589677,1.0,1.0,1.0
2023-12-27,1,1.0250926e-05,-8.07399e-06,0.10341056,1.0,1.0,1.0
2023-12-28,1,2.0138974e-05,-4.0415383e-05,0.10339079,1.0,1.0,1.0
2023-12-29,1,-3.9427974e-08,-1.7449496e-06,0.10565419,1.0,1.0,1.0
2023-12-30,1,0.0,0.0,0.10478632,1.0,1.0,1.0
2023-12-31,1,2.5035897e-06,2.3922183e-05,0.10356261,1.0,1.0,1.0
2024-01-01,1,1.4687678e-05,-6.8660056e-06,0.10341039,1.0,1.0,1.0
2024-01-02,1,3.2117298e-06,4.0395666e-06,0.10601515,1.0,1.0,1.0
2024-01-03,1,3.0475818e-05,7.276115e-05,0.106534466,1.0,1.0,1.0
2024-01-04,1,1.9816369e-05,2.224034e-05,0.10714161,1.0,1.0,1.0
2024-01-05,1,1.4118541e-05,0.0,0.10620762,1.0,1.0,1.0
2024-01-06,1,9.65303e-06,-7.911376e-05,0.10748754,1.0,1.0,1.0
2024-01-07,1,2.1039765e-05,3.1989042e-05,0.107229255,1.0,1.0,1.0
2024-01-08,1,1.9912859e-05,2.656902e-05,0.10800527,1.0,1.0,1.0
2024-01-09,1,1.6564572e-05,6.371189e-05,0.10721361,1.0,1.0,1.0
2024-01-10,1,2.6419189e-06,0.0,0.06512127,1.0,1.0,1.0
2024-01-11,1,1.0630154e-05,1.1379485e-05,0.10789474,1.0,1.0,1.0
2024-01-12,1,1.5389292e-05,-5.24767e-06,0.10674693,1.0,1.0,1.0
2024-01-13,1,2.7886615e-05,2.6344105e-06,0.10665801,1.0,1.0,1.0
2024-01-14,1,2.8280423e-05,0.00013218277,0.106580146,1.0,1.0,1.0
2024-01-15,1,3.0790325e-05,0.00043737746,0.105855204,1.0,1.0,1.0
2024-01-16,1,0.0,0.0,0.1059257,1.0,1.0,1.0
2024-01-17,1,1.891866e-05,-0.00012991627,0.10567932,1.0,1.0,1.0
2024-01-18,1,2.0265565e-05,-3.7585258e-05,0.1070683,1.0,1.0,1.0
2024-01-19,1,2.2098993e-05,6.8356064e-07,0.10714236,1.0,1.0,1.0
2024-01-20,1,0.0,0.0,0.10574043,1.0,1.0,1.0
2024-01-21,1,0.0,0.0,0.10507835,1.0,1.0,1.0
2024-01-22,1,1.8273695e-05,-1.616524e-05,0.10648379,1.0,1.0,1.0
2024-01-23,1,3.8571565e-05,9.564279e-06,0.106885694,1.0,1.0,1.0
2024-01-24,1,3.8087088e-05,9.0428475e-05,0.10682264,1.0,1.0,1.0
2024-01-25,1,0.0,0.0,0.0,1.0,1.0,1.0
2024-01-26,1,1.3441284e-05,1.1105363e-05,0.065408945,1.0,1.0,1.0
2024-01-27,1,1.907993e-05,-6.658508e-05,0.10680318,1.0,1.0,1.0
2024-01-28,1,2.3541648e-05,9.71143e-05,0.10858613,1.0,1.0,1.0
2024-01-29,1,3.3080643e-05,0.00014311161,0.10872255,1.0,1.0,1.0
2024-01-30,1,3.5967834e-05,0.00012294158,0.10616868,1.0,1.0,1.0
2024-01-31,1,2.1562808e-05,-3.2297663e-05,0.10737842,1.0,1.0,1.0
2024-02-01,1,3.183178e-05,1.7351736e-05,0.10574341,1.0,1.0,1.0
2024-02-02,1,0.0,0.0,0.105940916,1.0,1.0,1.0
2024-02-03,1,6.2872946e-06,-5.683631e-07,0.10523419,1.0,1.0,1.0
2024-02-04,1,1.9432606e-05,0.00010994278,0.105416,1.0,1.0,1.0
2024-02-05,1,0.0,0.0,0.10504751,1.0,1.0,1.0
2024-02-06,1,0.0,0.0,0.103987,1.0,1.0,1.0
2024-02-07,1,1.5684544e-05,1.4804329e-05,0.105788305,1.0,1.0,1.0
2024-02-08,1,3.648142e-05,7.1881615e-05,0.105651505,1.0,1.0,1.0
2024-02-09,1,3.21511e-05,5.020802e-05,0.10449751,1.0,1.0,1.0
2024-02-10,1,0.0,0.0,0.10490234,1.0,1.0,1.0
2024-02-11,1,0.0,0.0,0.08092513,1.0,1.0,1.0
2024-02-12,1,0.0,0.0,0.106862046,1.0,1.0,1.0
2024-02-13,1,4.007665e-06,1.5921265e-05,0.1066836,1.0,1.0,1.0
2024-02-14,1,3.167878e-05,8.611071e-05,0.10681802,1.0,1.0,1.0
2024-02-15,1,3.0563006e-05,0.00014160515,0.10673576,1.0,1.0,1.0
2024-02-16,1,1.5875403e-05,6.763745e-05,0.104546405,1.0,1.0,1.0
2024-02-17,1,1.372106e-05,-6.462596e-05,0.104197845,1.0,1.0,1.0
2024-02-18,1,2.0812915e-05,-7.175991e-05,0.103708714,1.0,1.0,1.0
2024-02-19,1,2.808105e-05,1.950289e-05,0.10544353,1.0,1.0,1.0
2024-02-20,1,2.8971343e-05,0.000112471695,0.105995715,1.0,1.0,1.0
2024-02-21,1,0.0,0.0,0.10574364,1.0,1.0,1.0
2024-02-22,1,3.5873774e-07,7.3992046e-06,0.10692784,1.0,1.0,1.0
2024-02-23,1,2.7755217e-05,0.00030487322,0.10912591,1.0,1.0,1.0
2024-02-24,1,1.2393981e-05,2.6870921e-05,0.10889836,1.0,1.0,1.0
2024-02-25,1,2.7362355e-05,9.243981e-05,0.108530134,1.0,1.0,1.0
2024-02-26,1,0.0,0.0,0.107697256,1.0,1.0,1.0
2024-02-27,1,0.0,0.0,0.09308929,1.0,1.0,1.0
2024-02-28,1,2.4268807e-05,-6.8028094e-05,0.10978781,1.0,1.0,1.0
2024-02-29,1,5.936003e-07,-1.4184685e-06,0.109536454,1.0,1.0,1.0
2024-03-01,1,2.7997032e-05,-6.930408e-05,0.109046385,1.0,1.0,1.0
2024-03-02,1,4.4255899e-07,0.0,0.10877061,1.0,1.0,1.0
2024-03-03,1,0.0,0.0,0.109427564,1.0,1.0,1.0
2024-03-04,1,7.187692e-06,1.3016828e-05,0.10906033,1.0,1.0,1.0
2024-03-05,1,2.0867958e-05,0.00010107976,0.10951037,1.0,1.0,1.0
2024-03-06,1,3.8901344e-05,-1.1565402e-05,0.10989378,1.0,1.0,1.0
2024-03-07,1,1.4673972e-05,-6.954745e-05,0.11022275,1.0,1.0,1.0
2024-03-08,1,3.195449e-05,0.00019723218,0.10960329,1.0,1.0,1.0
2024-03-09,1,1.5297705e-06,0.0,0.1083056,1.0,1.0,1.0
2024-03-10,1,2.3024606e-05,-3.4190376e-05,0.10946522,1.0,1.0,1.0
2024-03-11,1,2.7885071e-05,6.5838744e-06,0.10923015,1.0,1.0,1.0
2024-03-12,1,3.3555494e-05,-3.099309e-05,0.10985973,1.0,1.0,1.0
2024-03-13,1,3.4821554e-05,0.00013429765,0.11151253,1.0,1.0,1.0
2024-03-14,1,8.859154e-06,2.6909835e-05,0.065849416,1.0,1.0,1.0
2024-03-15,1,2.3813345e-05,-7.1820454e-05,0.110334136,1.0,1.0,1.0
2024-03-16,1,4.284547e-05,-0.00010196398,0.11105638,1.0,1.0,1.0
2024-03-17,1,3.1962307e-05,0.00020667058,0.11145259,1.0,1.0,1.0
2024-03-18,1,3.3530374e-05,6.817382e-05,0.11065372,1.0,1.0,1.0
2024-03-19,1,2.0337668e-08,0.0,0.11239261,1.0,1.0,1.0
2024-03-20,1,1.6771891e-06,9.241483e-06,0.11153351,1.0,1.0,1.0
2024-03-21,1,0.0,0.0,0.111483246,1.0,1.0,1.0
2024-03-22,1,1.091396e-05,4.728404e-05,0.110813975,1.0,1.0,1.0
2024-03-23,1,1.7526037e-05,0.00023826417,0.11231192,1.0,1.0,1.0
2024-03-24,1,2.5913325e-05,0.0002885715,0.111458935,1.0,1.0,1.0
2024-03-25,1,0.0,0.0,0.11118542,1.0,1.0,1.0
2024-03-26,1,3.3227147e-06,0.0,0.112330996,1.0,1.0,1.0
2024-03-27,1,0.0,0.0,0.11207737,1.0,1.0,1.0
2024-03-28,1,2.9164043e-05,0.000120981436,0.11166736,1.0,1.0,1.0
2024-03-29,1,0.0,0.0,0.11344482,1.0,1.0,1.0
2024-03-30,1,5.5121666e-07,0.0,0.031433474,1.0,1.0,1.0
2024-03-31,1,6.5438057e-06,-8.135772e-06,0.1141837,1.0,1.0,1.0
2024-04-01,1,2.2384791e-05,-3.290689e-05,0.112475,1.0,1.0,1.0
2024-04-02,1,2.1384208e-06,-7.952677e-06,0.11250142,1.0,1.0,1.0
2024-04-03,1,0.0,0.0,0.11306749,1.0,1.0,1.0
2024-04-04,1,0.0,0.0,0.11234774,1.0,1.0,1.0
2024-04-05,1,0.0,0.0,0.11220779,1.0,1.0,1.0
2024-04-06,1,6.2986364e-06,4.756027e-05,0.1121014,1.0,1.0,1.0
2024-04-07,1,2.858862e-05,0.00012005134,0.11157425,1.0,1.0,1.0
2024-04-08,1,1.0549345e-06,-2.177107e-05,0.11312792,1.0,1.0,1.0
2024-04-09,1,3.3496086e-05,0.00014553084,0.1129714,1.0,1.0,1.0
2024-04-10,1,2.3592194e-05,6.745622e-05,0.11405733,1.0,1.0,1.0
2024-04-11,1,1.9633308e-05,3.0760588e-05,0.11536972,1.0,1.0,1.0
2024-04-12,1,4.158175e-05,3.4190364e-06,0.11592821,1.0,1.0,1.0
2024-04-13,1,8.54853e-06,-5.55368e-06,0.117809296,1.0,1.0,1.0
2024-04-14,1,4.207425e-06,4.7545505e-05,0.1174044,1.0,1.0,1.0
2024-04-15,1,0.0,0.0,0.011263842,1.0,1.0,1.0
2024-04-16,1,2.2214603e-05,1.2606664e-05,0.11547637,1.0,1.0,1.0
2024-04-17,1,0.0,0.0,0.11528178,1.0,1.0,1.0
2024-04-18,1,3.0114667e-05,5.3868698e-05,0.11426167,1.0,1.0,1.0
2024-04-19,1,5.1732786e-06,-1.7315368e-05,0.11261512,1.0,1.0,1.0
2024-04-20,1,1.8732308e-05,5.9746875e-05,0.1131338,1.0,1.0,1.0
2024-04-21,1,0.0,0.0,0.0,1.0,1.0,1.0
2024-04-22,1,1.8031282e-05,3.8676985e-06,0.11547831,1.0,1.0,1.0
2024-04-23,1,1.1332838e-05,1.0649449e-05,0.11373409,1.0,1.0,1.0
2024-04-24,1,1.6709648e-06,-3.275879e-05,0.114061534,1.0,1.0,1.0
2024-04-25,1,0.0,0.0,0.1130874,1.0,1.0,1.0
2024-04-26,1,3.9219984e-07,0.0,0.112094484,1.0,1.0,1.0
2024-04-27,1,2.293591e-06,1.3842345e-05,0.112242185,1.0,1.0,1.0
2024-04-28,1,3.0547928e-06,-2.53314e-05,0.11192895,1.0,1.0,1.0
2024-04-29,1,6.513782e-06,-4.8722835e-05,0.11246388,1.0,1.0,1.0
2024-04-30,1,0.0,0.0,0.11313082,1.0,1.0,1.0
2024-05-01,1,0.0,0.0,0.012011091,1.0,1.0,1.0
2024-05-02,1,0.0,0.0,0.113190345,1.0,1.0,1.0
2024-05-03,1,9.487723e-06,-1.9215465e-06,0.11390782,1.0,1.0,1.0
2024-05-04,1,1.5719775e-06,-6.50033e-07,0.11202751,1.0,1.0,1.0
2024-05-05,1,1.9315361e-05,0.00013963188,0.1104385,1.0,1.0,1.0
2024-05-06,1,0.0,0.0,0.112184264,1.0,1.0,1.0
2024-05-07,1,1.7705105e-06,1.1126926e-06,0.11165825,1.0,1.0,1.0
2024-05-08,1,0.0,0.0,0.1119867,1.0,1.0,1.0
2024-05-09,1,0.0,0.0,0.11133633,1.0,1.0,1.0
2024-05-10,1,3.6224043e-05,0.00018481244,0.11291983,1.0,1.0,1.0
2024-05-11,1,1.3208284e-05,0.00010543071,0.11443529,1.0,1.0,1.0
2024-05-12,1,5.4505466e-07,0.0,0.11279455,1.0,1.0,1.0
2024-05-13,1,1.08458535e-05,0.0001350531,0.112986445,1.0,1.0,1.0
2024-05-14,1,4.5939423e-06,0.0,0.11318811,1.0,1.0,1.0
2024-05-15,1,0.0,0.0,0.1143087,1.0,1.0,1.0
2024-05-16,1,0.0,0.0,0.115362026,1.0,1.0,1.0
2024-05-17,1,0.0,0.0,0.034216877,1.0,1.0,1.0
2024-05-18,1,0.0,0.0,0.11533474,1.0,1.0,1.0
2024-05-19,1,2.783762e-06,-1.9451069e-07,0.11537863,1.0,1.0,1.0
2024-05-20,1,0.0,0.0,0.11681726,1.0,1.0,1.0
2024-05-21,1,2.5720823e-05,0.00016877022,0.11464489,1.0,1.0,1.0
2024-05-22,1,0.0,0.0,0.11370698,1.0,1.0,1.0
2024-05-23,1,0.0,0.0,0.114299,1.0,1.0,1.0
2024-05-24,1,1.8992237e-06,1.144466e-06,0.114466265,1.0,1.0,1.0
2024-05-25,1,0.0,0.0,0.11616718,1.0,1.0,1.0
2024-05-26,1,2.855256e-05,3.6510533e-05,0.11706375,1.0,1.0,1.0
2024-05-27,1,0.0,0.0,0.114919245,1.0,1.0,1.0
2024-05-28,1,5.4204986e-07,1.09043185e-05,0.115821026,1.0,1.0,1.0
2024-05-29,1,0.0,0.0,0.11339643,1.0,1.0,1.0
2024-05-30,1,3.2354087e-06,-3.9029215e-05,0.11327527,1.0,1.0,1.0
2024-05-31,1,3.1111354e-05,9.55161e-05,0.11462917,1.0,1.0,1.0
2024-06-01,1,3.8624763e-05,9.2464776e-05,0.117246285,1.0,1.0,1.0
2024-06-02,1,0.0,0.0,0.08207625,1.0,1.0,1.0
2024-06-03,1,0.0,0.0,0.11649083,1.0,1.0,1.0
2024-06-04,1,0.0,0.0,0.11470932,1.0,1.0,1.0
2024-06-05,1,0.0,0.0,0.115760915,1.0,1.0,1.0
2024-06-06,1,0.0,0.0,0.11676785,1.0,1.0,1.0
2024-06-07,1,0.0,0.0,0.11886682,1.0,1.0,1.0
2024-06-08,1,0.0,-4.9075193e-06,0.118129656,1.0,1.0,1.0
2024-06-09,1,1.8025537e-05,5.0015984e-05,0.117128134,1.0,1.0,1.0
2024-06-10,1,5.804962e-06,-1.5067632e-05,0.11776594,1.0,1.0,1.0
2024-06-11,1,0.0,0.0,0.11854467,1.0,1.0,1.0
2024-06-12,1,0.0,0.0,0.119384,1.0,1.0,1.0
2024-06-13,1,7.517897e-08,0.0,0.11813199,1.0,1.0,1.0
2024-06-14,1,1.1326915e-06,0.0,0.11940572,1.0,1.0,1.0
2024-06-15,1,2.833181e-08,-9.714648e-07,0.1167569,1.0,1.0,1.0
2024-06-16,1,2.0767854e-06,0.0,0.11850383,1.0,1.0,1.0
2024-06-17,1,3.4581994e-05,0.00013735703,0.12153409,1.0,1.0,1.0
2024-06-18,1,0.0,0.0,0.059517276,1.0,1.0,1.0
2024-06-19,1,0.0,0.0,0.12251573,1.0,1.0,1.0
2024-06-20,1,1.4821754e-06,1.9620404e-07,0.1211977,1.0,1.0,1.0
2024-06-21,1,1.0142716e-05,3.4799605e-06,0.11762908,1.0,1.0,1.0
2024-06-22,1,2.4917523e-05,0.000118382406,0.119296126,1.0,1.0,1.0
2024-06-23,1,0.0,0.0,0.12055373,1.0,1.0,1.0
2024-06-24,1,1.849502e-05,0.00011448133,0.11987752,1.0,1.0,1.0
2024-06-25,1,1.8004495e-05,-3.741954e-05,0.11932033,1.0,1.0,1.0
2024-06-26,1,9.348899e-06,2.0953523e-05,0.11903914,1.0,1.0,1.0
2024-06-27,1,0.0,0.0,0.119708315,1.0,1.0,1.0
2024-06-28,1,0.0,0.0,0.12099347,1.0,1.0,1.0
2024-06-29,1,1.4534629e-05,2.2133017e-06,0.122804984,1.0,1.0,1.0
2024-06-30,1,0.0,0.0,0.12181836,1.0,1.0,1.0
2024-07-01,1,1.3391805e-05,0.000100350786,0.121841505,1.0,1.0,1.0
2024-07-02,1,1.7725002e-05,4.440429e-05,0.12240378,1.0,1.0,1.0
2024-07-03,1,0.0,0.0,0.122285284,1.0,1.0,1.0
2024-07-04,1,0.0,0.0,0.025601335,1.0,1.0,1.0
2024-07-05,1,0.0,0.0,0.12260712,1.0,1.0,1.0
2024-07-06,1,2.8738958e-05,0.000114455754,0.1248961,1.0,1.0,1.0
2024-07-07,1,2.2112054e-06,0.0,0.12248527,1.0,1.0,1.0
2024-07-08,1,3.9074686e-05,-9.82811e-05,0.12347194,1.0,1.0,1.0
2024-07-09,1,0.0,0.0,0.12364239,1.0,1.0,1.0
2024-07-10,1,2.1831313e-05,-2.9728513e-05,0.1248184,1.0,1.0,1.0
2024-07-11,1,2.390739e-05,7.030257e-05,0.1244089,1.0,1.0,1.0
2024-07-12,1,3.391586e-05,8.1475366e-05,0.12540719,1.0,1.0,1.0
2024-07-13,1,2.462323e-06,-8.285117e-06,0.12496411,1.0,1.0,1.0
2024-07-14,1,0.0,0.0,0.12325028,1.0,1.0,1.0
2024-07-15,1,1.6144491e-05,0.00044214955,0.12468648,1.0,1.0,1.0
2024-07-16,1,3.722609e-05,0.00021626272,0.12451844,1.0,1.0,1.0
2024-07-17,1,4.022024e-05,-2.5231095e-05,0.12293257,1.0,1.0,1.0
2024-07-18,1,0.0,0.0,0.12244313,1.0,1.0,1.0
2024-07-19,1,2.934487e-06,9.95361e-05,0.12462914,1.0,1.0,1.0
2024-07-20,1,0.0,0.0,0.008474102,1.0,1.0,1.0
2024-07-21,1,1.2813281e-07,0.0,0.12392467,1.0,1.0,1.0
2024-07-22,1,2.9944526e-05,7.980669e-05,0.1254145,1.0,1.0,1.0
2024-07-23,1,0.0,0.0,0.12347061,1.0,1.0,1.0
2024-07-24,1,6.165051e-06,4.5797096e-05,0.12321346,1.0,1.0,1.0
2024-07-25,1,0.0,0.0,0.1238711,1.0,1.0,1.0
2024-07-26,1,0.0,0.0,0.12416281,1.0,1.0,1.0
2024-07-27,1,0.0,0.0,0.12349642,1.0,1.0,1.0
2024-07-28,1,3.170704e-05,9.27501e-05,0.12391704,1.0,1.0,1.0
2024-07-29,1,3.075071e-05,-2.015509e-05,0.12356267,1.0,1.0,1.0
2024-07-30,1,3.704773e-06,1.3355215e-05,0.122227386,1.0,1.0,1.0
2024-07-31,1,5.840216e-06,1.1289841e-05,0.122296154,1.0,1.0,1.0
2024-08-01,1,1.7662916e-06,-5.2770824e-06,0.12194919,1.0,1.0,1.0
2024-08-02,1,4.7159563e-05,0.0001474617,0.12465668,1.0,1.0,1.0
2024-08-03,1,0.0,0.0,0.12236458,1.0,1.0,1.0
2024-08-04,1,6.434851e-06,-3.99966e-06,0.12422292,1.0,1.0,1.0
2024-08-05,1,0.0,0.0,0.007852227,1.0,1.0,1.0
2024-08-06,1,4.8291513e-06,0.0,0.1226307,1.0,1.0,1.0
2024-08-07,1,2.3833009e-05,5.5802375e-05,0.12452027,1.0,1.0,1.0
2024-08-08,1,9.55143e-06,-2.1697631e-05,0.12590759,1.0,1.0,1.0
2024-08-09,1,0.0,0.0,0.12379324,1.0,1.0,1.0
2024-08-10,1,0.0,0.0,0.12439765,1.0,1.0,1.0
2024-08-11,1,2.3170232e-05,1.0195929e-05,0.12591892,1.0,1.0,1.0
2024-08-12,1,0.0,0.0,0.12469182,1.0,1.0,1.0
2024-08-13,1,4.3129934e-05,0.00028696077,0.124669865,1.0,1.0,1.0
2024-08-14,1,1.8783427e-05,-1.3267577e-05,0.12588093,1.0,1.0,1.0
2024-08-15,1,4.680016e-05,-0.0002459609,0.12999362,1.0,1.0,1.0
2024-08-16,1,8.541728e-06,0.0,0.12784901,1.0,1.0,1.0
2024-08-17,1,3.4525518e-05,5.572658e-05,0.12875083,1.0,1.0,1.0
2024-08-18,1,4.3759566e-05,0.00012072796,0.12845917,1.0,1.0,1.0
2024-08-19,1,0.0,0.0,0.12903647,1.0,1.0,1.0
2024-08-20,1,4.475872e-06,5.698998e-05,0.12874506,1.0,1.0,1.0
2024-08-21,1,0.0,0.0,0.030805547,1.0,1.0,1.0
2024-08-22,1,0.0,0.0,0.12917364,1.0,1.0,1.0
2024-08-23,1,0.0,0.0,0.12782402,1.0,1.0,1.0
2024-08-24,1,9.633319e-06,1.41059545e-05,0.12778865,1.0,1.0,1.0
2024-08-25,1,2.5994918e-08,0.0,0.12691553,1.0,1.0,1.0
2024-08-26,1,0.0,0.0,0.12671174,1.0,1.0,1.0
2024-08-27,1,3.0806725e-05,0.000103054335,0.12706386,1.0,1.0,1.0
2024-08-28,1,3.953476e-05,8.714466e-05,0.12658535,1.0,1.0,1.0
2024-08-29,1,2.3877383e-06,-4.524121e-06,0.12700382,1.0,1.0,1.0
2024-08-30,1,5.39452e-05,-0.00015214668,0.1283036,1.0,1.0,1.0
2024-08-31,1,3.7559046e-05,-6.0631926e-05,0.12771086,1.0,1.0,1.0
2024-09-01,1,1.694431e-05,0.0,0.12545322,1.0,1.0,1.0
2024-09-02,1,2.4722554e-05,-1.4208095e-05,0.12525561,1.0,1.0,1.0
2024-09-03,1,3.546052e-05,-0.000112910304,0.12427484,1.0,1.0,1.0
2024-09-04,1,7.046635e-05,0.00014878859,0.1273547,1.0,1.0,1.0
2024-09-05,1,0.0,0.0,0.12854964,1.0,1.0,1.0
2024-09-06,1,1.400542e-05,-2.0915031e-05,0.07034398,1.0,1.0,1.0
2024-09-07,1,4.0287356e-05,0.00014218471,0.12927572,1.0,1.0,1.0
2024-09-08,1,0.0,0.0,0.12817557,1.0,1.0,1.0
2024-09-09,1,2.4480372e-05,-1.5495605e-05,0.12896071,1.0,1.0,1.0
2024-09-10,1,9.755413e-06,5.2776257e-05,0.12749846,1.0,1.0,1.0
2024-09-11,1,2.0294852e-05,8.686253e-05,0.12715028,1.0,1.0,1.0
2024-09-12,1,0.0,0.0,0.1290139,1.0,1.0,1.0
2024-09-13,1,4.8299218e-05,-0.00013234321,0.12841226,1.0,1.0,1.0
2024-09-14,1,4.6946752e-05,6.1802246e-05,0.12818936,1.0,1.0,1.0
2024-09-15,1,4.0416166e-05,-0.00013896872,0.12810268,1.0,1.0,1.0
2024-09-16,1,5.485906e-06,0.0,0.12806778,1.0,1.0,1.0
2024-09-17,1,3.0833027e-05,0.00016790218,0.1292423,1.0,1.0,1.0
2024-09-18,1,3.502726e-05,0.00010268483,0.12865952,1.0,1.0,1.0
2024-09-19,1,7.992633e-05,5.9441743e-05,0.12744527,1.0,1.0,1.0
2024-09-20,1,9.363056e-06,2.634824e-05,0.12971184,1.0,1.0,1.0
2024-09-21,1,0.0,0.0,0.12721062,1.0,1.0,1.0
2024-09-22,1,0.0,0.0,0.018600179,1.0,1.0,1.0
2024-09-23,1,4.5000066e-05,0.00018229148,0.12731251,1.0,1.0,1.0
2024-09-24,1,5.2998686e-05,9.2043614e-05,0.12813088,1.0,1.0,1.0
2024-09-25,1,0.0,0.0,0.12576434,1.0,1.0,1.0
2024-09-26,1,1.0875116e-05,0.00012382411,0.12858795,1.0,1.0,1.0
2024-09-27,1,0.0,0.0,0.12883143,1.0,1.0,1.0
2024-09-28,1,0.0,0.0,0.12822548,1.0,1.0,1.0
2024-09-29,1,3.4227312e-05,0.00016095872,0.12669888,1.0,1.0,1.0
2024-09-30,1,2.1405363e-05,-1.3281438e-05,0.12626861,1.0,1.0,1.0
2024-10-01,1,4.9803068e-05,-0.00010089284,0.13079157,1.0,1.0,1.0
2024-10-02,1,1.8191318e-05,-6.5807053e-06,0.12842281,1.0,1.0,1.0
2024-10-03,1,5.7513167e-05,0.000118940916,0.12817265,1.0,1.0,1.0
2024-10-04,1,0.0,0.0,0.12645368,1.0,1.0,1.0
2024-10-05,1,2.6884967e-05,-3.5186942e-05,0.12659027,1.0,1.0,1.0
2024-10-06,1,3.4037374e-05,5.446915e-05,0.12658489,1.0,1.0,1.0
2024-10-07,1,0.0,0.0,0.12488466,1.0,1.0,1.0
2024-10-08,1,0.0,0.0,0.0051208753,1.0,1.0,1.0
2024-10-09,1,9.8273495e-06,-2.549161e-06,0.12456028,1.0,1.0,1.0
2024-10-10,1,0.0,0.0,0.123474605,1.0,1.0,1.0
2024-10-11,1,1.1073765e-05,-2.171119e-06,0.124130905,1.0,1.0,1.0
2024-10-12,1,2.8556083e-06,-6.5322283e-06,0.124272324,1.0,1.0,1.0
2024-10-13,1,9.01874e-06,9.525307e-05,0.12301349,1.0,1.0,1.0
2024-10-14,1,1.783571e-05,1.01919895e-05,0.123888575,1.0,1.0,1.0
2024-10-15,1,4.4061668e-05,3.0078294e-05,0.120628536,1.0,1.0,1.0
2024-10-16,1,4.109221e-05,0.00013550735,0.12272104,1.0,1.0,1.0
2024-10-17,1,7.624759e-05,1.0585501e-05,0.12440956,1.0,1.0,1.0
2024-10-18,1,2.2895463e-05,3.290431e-05,0.12444327,1.0,1.0,1.0
2024-10-19,1,1.4145853e-06,-4.864198e-07,0.12194145,1.0,1.0,1.0
2024-10-20,1,1.377925e-05,4.8718815e-05,0.12188391,1.0,1.0,1.0
2024-10-21,1,3.170512e-05,8.257955e-05,0.12162616,1.0,1.0,1.0
2024-10-22,1,2.007916e-05,0.00032751955,0.12189688,1.0,1.0,1.0
2024-10-23,1,5.197173e-07,0.0,0.1208627,1.0,1.0,1.0
2024-10-24,1,0.0,0.0,0.0256363,1.0,1.0,1.0
2024-10-25,1,2.872369e-05,-3.8514707e-05,0.12057791,1.0,1.0,1.0
2024-10-26,1,2.815527e-06,-3.1167365e-06,0.123046644,1.0,1.0,1.0
2024-10-27,1,0.0,7.0413266e-06,0.120950304,1.0,1.0,1.0
2024-10-28,1,0.0,6.106645e-06,0.12073015,1.0,1.0,1.0
2024-10-29,1,0.0,-3.6087553e-05,0.12103949,1.0,1.0,1.0
2024-10-30,1,0.0,0.0,0.12061582,1.0,1.0,1.0
2024-10-31,1,9.232035e-07,0.0,0.12121749,1.0,1.0,1.0
2024-11-01,1,0.0,0.0,0.12074629,1.0,1.0,1.0
2024-11-02,1,1.0534507e-05,1.926356e-05,0.120037034,1.0,1.0,1.0
2024-11-03,1,0.0,0.0,0.12056067,1.0,1.0,1.0
2024-11-04,1,4.8199503e-08,3.466962e-06,0.11793899,1.0,1.0,1.0
2024-11-05,1,3.675578e-05,8.9948044e-05,0.119184196,1.0,1.0,1.0
2024-11-06,1,2.8198972e-05,4.885496e-05,0.1214648,1.0,1.0,1.0
2024-11-07,1,8.489665e-06,4.5938363e-05,0.120900996,1.0,1.0,1.0
2024-11-08,1,0.0,0.0,0.119592644,1.0,1.0,1.0
2024-11-09,1,0.0,0.0,0.088919215,1.0,1.0,1.0
2024-11-10,1,1.3528672e-06,7.7492126e-07,0.119477734,1.0,1.0,1.0
2024-11-11,1,6.494186e-07,0.0,0.12077541,1.0,1.0,1.0
2024-11-12,1,8.3630375e-06,4.4471603e-06,0.120502636,1.0,1.0,1.0
2024-11-13,1,1.2303732e-05,0.00024726285,0.12199768,1.0,1.0,1.0
2024-11-14,1,0.0,0.0,0.118885756,1.0,1.0,1.0
2024-11-15,1,0.0,0.0,0.11893684,1.0,1.0,1.0
2024-11-16,1,0.0,0.0,0.11956838,1.0,1.0,1.0
2024-11-17,1,9.063966e-06,-3.0339234e-07,0.11801984,1.0,1.0,1.0
2024-11-18,1,3.499919e-05,8.771511e-05,0.11867365,1.0,1.0,1.0
2024-11-19,1,0.0,0.0,0.11672465,1.0,1.0,1.0
2024-11-20,1,0.0,0.0,0.118247844,1.0,1.0,1.0
2024-11-21,1,0.0,0.0,0.118670024,1.0,1.0,1.0
2024-11-22,1,3.0542386e-05,4.6751386e-05,0.11789618,1.0,1.0,1.0
2024-11-23,1,0.0,0.0,0.117080845,1.0,1.0,1.0
2024-11-24,1,3.392655e-06,8.5891415e-06,0.11810082,1.0,1.0,1.0
2024-11-25,1,0.0,0.0,0.053631086,1.0,1.0,1.0
2024-11-26,1,0.0,0.0,0.11669043,1.0,1.0,1.0
2024-11-27,1,9.883115e-06,-1.6298522e-05,0.118015446,1.0,1.0,1.0
2024-11-28,1,3.5540837e-05,-8.11832e-06,0.11824329,1.0,1.0,1.0
2024-11-29,1,5.0488816e-06,7.1628165e-06,0.117638595,1.0,1.0,1.0
2024-11-30,1,3.4933844e-05,7.6576674e-05,0.11795925,1.0,1.0,1.0
2024-12-01,1,0.0,0.0,0.11816069,1.0,1.0,1.0
2024-12-02,1,1.4775642e-06,-4.14287e-07,0.116578296,1.0,1.0,1.0
2024-12-03,1,9.277812e-06,6.172272e-06,0.11607959,1.0,1.0,1.0
2024-12-04,1,9.87322e-06,1.6544383e-05,0.11589628,1.0,1.0,1.0
2024-12-05,1,0.0,0.0,0.11568074,1.0,1.0,1.0
2024-12-06,1,0.0,0.0,0.11496895,1.0,1.0,1.0
2024-12-07,1,2.3083996e-05,-5.8056494e-06,0.11580463,1.0,1.0,1.0
2024-12-08,1,1.9800862e-05,5.494726e-05,0.11534207,1.0,1.0,1.0
2024-12-09,1,1.5731039e-05,1.7087255e-05,0.11715505,1.0,1.0,1.0
2024-12-10,1,0.0,0.0,0.116852224,1.0,1.0,1.0
2024-12-11,1,0.0,0.0,0.002598746,1.0,1.0,1.0
2024-12-12,1,9.997715e-06,1.8623949e-05,0.11549029,1.0,1.0,1.0
2024-12-13,1,8.3301046e-08,1.1809115e-06,0.113336466,1.0,1.0,1.0
2024-12-14,1,0.0,0.0,0.113395035,1.0,1.0,1.0
2024-12-15,1,5.724352e-07,1.0216286e-06,0.11395047,1.0,1.0,1.0
2024-12-16,1,2.4363653e-05,1.9699708e-05,0.11517846,1.0,1.0,1.0
2024-12-17,1,1.18301905e-05,4.612577e-06,0.11464521,1.0,1.0,1.0
2024-12-18,1,3.4239485e-05,7.5354214e-06,0.113512896,1.0,1.0,1.0
2024-12-19,1,2.0072182e-05,-2.6713176e-06,0.11463697,1.0,1.0,1.0
2024-12-20,1,0.0,0.0,0.11609149,1.0,1.0,1.0
2024-12-21,1,0.0,0.0,0.11425542,1.0,1.0,1.0
2024-12-22,1,0.0,0.0,0.11425118,1.0,1.0,1.0
2024-12-23,1,8.4603715e-07,0.0,0.112250626,1.0,1.0,1.0
2024-12-24,1,0.0,0.0,0.11086308,1.0,1.0,1.0
2024-12-25,1,1.8816287e-05,6.637691e-05,0.11441179,1.0,1.0,1.0
2024-12-26,1,1.2864192e-06,-1.8133018e-06,0.11420967,1.0,1.0,1.0
2024-12-27,1,0.0,0.0,0.0,1.0,1.0,1.0
2024-12-28,1,0.0,0.0,0.1135803,1.0,1.0,1.0
2024-12-29,1,3.1066331e-06,-1.9804722e-07,0.11374385,1.0,1.0,1.0
2024-12-30,1,6.4452314e-07,-2.971305e-06,0.11448462,1.0,1.0,1.0
2024-12-31,1,1.0870366e-05,1.3488984e-05,0.11552994,1.0,1.0,1.0
